Date,Open,High,Low,Close,Volume
1999-03-31,445.0811410388976,510.1428360744839,431.7730670543458,490.18072509765625,1322933
1999-04-01,542.6737384677674,544.1524135044643,468.73998663292167,476.1333618164063,483233
1999-04-05,493.87740484608986,496.8347545757072,428.81571079450913,444.341796875,324917
1999-04-06,445.82047527651247,477.2423164029665,414.0289654309237,467.2612609863281,353900
1999-04-07,473.9152956456946,480.5693325580367,436.2090864757564,440.6451110839844,156617
1999-04-08,440.6451030862742,444.3417901927027,417.7256430264177,428.8157043457031,147767
1999-04-09,425.85834565033787,449.5171426309122,400.72087385847766,437.687744140625,141933
1999-04-12,414.7683274374203,468.7399636280293,408.11429009885205,452.8442077636719,182833
1999-04-13,465.7826101853072,507.92484634493024,456.9105604674919,482.0480346679688,240033
1999-04-14,546.3704323583001,587.0339963362521,502.7495182728607,550.8064575195312,627933
1999-04-15,555.9817081743936,555.9817081743936,452.4744752695863,472.43658447265625,339117
1999-04-16,479.09067292806736,502.7494715911818,431.7730756018385,481.3086853027344,176683
1999-04-19,483.5266931330734,485.0053680356211,343.05257739104906,354.14263916015625,229150
1999-04-20,354.14267170847893,408.1143106118588,343.0526089201132,399.9815979003906,264100
1999-04-21,422.9010126510723,449.5171603004404,399.9815521752274,440.6451110839844,150483
1999-04-22,479.4603220039031,483.5266778574442,434.7304076149499,451.7351684570313,145683
1999-04-23,509.0338005586104,566.332449132746,485.0053350275213,520.4935302734375,741767
1999-04-26,617.7163646058266,718.2662456188636,595.9059124743222,714.1998901367188,1352367
1999-04-27,728.2473471032569,828.0578972138554,710.503249305817,767.0625610351562,1196750
1999-04-28,738.9677795220998,795.1574255888128,686.1051519724948,715.6786499023438,448867
1999-04-29,680.5600961836558,821.4038749158517,680.1904274730725,815.1195068359375,721900
1999-04-30,896.0769945105009,975.925439565892,798.4844505539116,960.3993530273438,845467
1999-05-03,901.621985142706,939.6978623340544,821.4038749434576,823.6218872070312,873317
1999-05-04,843.584048313881,887.2049587876049,772.6076516108726,792.5697631835938,692750
1999-05-05,835.0815852316217,899.0342697137246,710.5032345352708,894.2285766601562,1264033
1999-05-06,875.3755095108696,899.0343070652174,815.4891782014266,824.7308959960938,632083
1999-05-07,853.1953619003752,853.565030601372,766.6928858671483,772.7924194335938,569683
1999-05-10,757.0816040039062,780.0010666251183,715.6787037849426,757.0816040039062,449167
1999-05-11,795.5271025866997,797.005777498571,727.508056640625,727.508056640625,286467
1999-05-12,726.0293628753178,762.9962347121466,721.5933382548983,745.2521362304688,240517
1999-05-13,768.1716596815321,780.7403971354167,715.678697374132,718.6360473632812,187167
1999-05-14,709.7639338235294,795.5270758272059,703.8492343749999,785.5460205078125,792600
1999-05-17,777.7830437618596,782.588737473316,733.4227941176471,779.26171875,341400
1999-05-18,776.3042103160511,826.5791496508049,755.233096036044,805.1383666992188,418517
1999-05-19,808.8352025082237,853.1954512746711,797.0058028371711,842.8447265625,226583
1999-05-20,857.2617311841387,857.6313998909884,775.5649469703851,794.7877197265625,174400
1999-05-21,859.4798326170558,862.0675138335372,810.3138895039081,821.7736206054688,553733
1999-05-24,817.7071948625655,821.4038820002805,716.4179672891736,741.37060546875,314600
1999-05-25,715.678610581618,765.2142168925359,609.2140238835261,615.1287231445312,540600
1999-05-26,641.7449254154079,680.1904739425983,573.7258780211481,672.98193359375,691100
1999-05-27,666.8823992647966,692.0198732947335,645.071943856469,655.4226684570312,273617
1999-05-28,632.8728916056485,663.9250661937762,626.9581916841004,662.6312255859375,194833
1999-06-01,648.3989468040443,653.574308979219,576.6832138051933,588.1429443359375,353983
1999-06-02,569.2898505166288,625.1098293659866,527.1476148290342,549.5125732421875,748050
1999-06-03,552.2850671912728,567.0718159781877,496.8347592403417,497.5740966796875,448450
1999-06-04,499.7920759894032,545.630994201449,493.13803947475134,534.1712646484375,431817
1999-06-07,547.1096861890971,647.659574461688,541.9343242927138,600.3419799804688,738183
1999-06-08,620.3041090565048,656.5316434352518,601.0813357126798,616.607421875,560267
1999-06-09,630.6548438662575,643.9629179454986,608.4747204008556,621.04345703125,224783
1999-06-10,595.5362973015,615.8680765389813,591.4699414540037,604.7780151367188,290533
1999-06-11,615.1287710238406,628.4368453969525,561.8964735313929,565.9628295898438,268367
1999-06-14,555.9817668635671,555.9817668635671,452.4745230325839,454.6925354003906,534317
1999-06-15,450.25652186177166,498.6831264298276,442.1238096442356,463.9342651367188,544217
1999-06-16,502.7494786149365,532.3229773569915,495.35610392942266,523.450927734375,522133
1999-06-17,517.5361938905481,561.8964390811666,494.98640258531714,526.03857421875,439050
1999-06-18,540.4556643709222,563.0054561128007,538.2376520684425,555.9817504882812,257800
1999-06-21,566.3324473368148,646.1808863869139,563.3750977423666,628.8064575195312,484800
1999-06-22,645.0719153744051,706.4369227968414,625.479473245555,643.2235717773438,766100
1999-06-23,615.1287961527621,673.9061270351474,615.1287961527621,655.7923583984375,435500
1999-06-24,640.2662510591394,647.6596257826861,603.2993774414062,603.2993774414062,314117
1999-06-25,623.6311080175653,635.0908379218597,564.8537836697332,566.3324584960938,380433
1999-06-28,585.5552469407213,624.7401308900372,544.1523506923875,624.0007934570312,444450
1999-06-29,609.9534482734148,656.5317115961119,605.887091951592,635.8302612304688,384483
1999-06-30,628.4368173569328,703.8492354397648,616.6074184419788,683.5174560546875,437417
1999-07-01,691.28057470987,700.1526248665742,634.3515862043514,635.8302612304688,329517
1999-07-02,644.702204819752,671.3183508902922,644.702204819752,659.4889526367188,183617
1999-07-06,671.6881300381252,693.1289178984506,662.4464111328125,662.4464111328125,314250
1999-07-07,668.3611389710023,668.3611389710023,629.9155867293075,656.53173828125,274083
1999-07-08,667.6216312453681,687.5837398208109,647.6595226699252,654.6832275390625,294800
1999-07-09,662.8160384291903,668.3610694255304,641.0055831769191,644.7022705078125,116600
1999-07-12,646.5505755315062,650.616931352459,615.1287350968704,620.1192626953125,143467
1999-07-13,596.2756269235322,617.3467433120265,591.4699337121212,609.953369140625,145050
1999-07-14,612.9107346934952,626.9581459832134,610.6927223845923,616.607421875,103967
1999-07-15,617.3468609822843,624.0008990048478,591.4700464500927,598.1240844726562,107133
1999-07-16,592.9486505767264,600.3420252721968,573.7258763685034,576.1287231445312,160617
1999-07-19,624.00085,638.7876,576.68325,577.607421875,464333
1999-07-20,564.1145536976055,567.8112414675768,538.2377393078071,541.5647583007812,278400
1999-07-21,543.0434301351344,543.413098909903,511.62158427979983,521.7874755859375,303617
1999-07-22,514.9485182837042,520.4935489902767,490.9200518885565,494.2470703125,228600
1999-07-23,494.6167568708953,507.1854935925773,473.5456394257226,480.1996765136719,281617
1999-07-26,472.0669219263261,488.70201314534313,458.3891802573567,462.4555358886719,268383
1999-07-27,477.6119698098417,479.0906446389743,434.360731057712,435.6545715332031,352817
1999-07-28,455.43185532513786,505.7068003934973,443.6024564855239,502.74945068359375,578900
1999-07-29,479.83004940814857,485.00541203658776,458.3892613760433,476.1333618164063,333083
1999-07-30,482.0480016009486,483.5266764524853,443.60245546099566,446.9294738769531,208083
1999-08-02,445.4508454107469,478.3513642834079,431.773101609753,458.3892517089844,324467
1999-08-03,467.2612588717654,470.2186086114601,420.6830004715736,432.1427307128906,302050
1999-08-04,428.8156853441922,438.42707139501033,390.3701411409198,391.8488159179688,367850
1999-08-05,380.7587873535156,471.6972938476562,348.967276953125,462.0859069824219,801383
1999-08-06,453.9531725971639,498.6830861836922,433.9910624015231,439.90576171875,422067
1999-08-09,446.5598081316267,455.062188584464,411.81094888959615,414.0289611816406,222100
1999-08-10,404.4175883967702,444.71147974526014,390.3701767339939,424.3796997070313,432800
1999-08-11,446.5598081316267,450.9958327157157,408.1142617361886,414.0289611816406,410583
1999-08-12,402.9389334477643,420.68303326931726,395.9152272683996,398.13323974609375,820100
1999-08-13,415.1379367283412,417.7256175449916,385.93411036900113,393.3274841308594,321433
1999-08-16,395.5455577503552,416.9863449928977,394.806220259233,406.6356201171875,343200
1999-08-17,414.0289518984166,427.3370253522943,402.1995532727476,414.3986206054688,333700
1999-08-18,426.5977393915291,442.8631644636498,414.7683393390777,418.4650268554688,388700
1999-08-19,410.3322437831334,416.9862801688058,392.5881467546736,393.3274841308594,332800
1999-08-20,396.28486165965177,403.67823594434674,388.15214994648727,400.7208862304688,205217
1999-08-23,405.8962591194373,424.37969532706194,396.2848722914725,396.654541015625,272467
1999-08-24,395.5455727850443,411.0716606887564,388.8915351120249,399.9815979003906,309367
1999-08-25,402.9389138738353,412.1806320819507,380.0194527177088,385.5644836425781,336300
1999-08-26,406.6356507923435,442.8631905902069,405.15697569855314,429.55511474609375,855783
1999-08-27,442.8631194237949,449.51715627657313,414.7682971565091,434.73040771484375,395150
1999-08-30,435.4697424847147,435.4697424847147,393.3275093410326,395.3606872558594,280867
1999-08-31,402.1995359088303,411.0715844950545,390.3701377938647,402.9388732910156,258167
1999-09-01,414.7683627131781,416.986375348008,387.4128735502769,387.9673767089844,265400
1999-09-02,379.2800889915813,388.1521378568814,369.6687027208394,378.7255859375,194117
1999-09-03,405.1569012715543,405.1569012715543,384.4554537613288,392.5881652832031,203500
1999-09-07,405.15696307063655,414.0290133568549,395.5455752605667,401.0906066894531,395417
1999-09-08,395.9151580267744,397.7635014349293,371.1473563574991,374.1047058105469,406450
1999-09-09,372.9957402642858,377.8014336472747,324.5691377126293,343.97674560546875,905250
1999-09-10,362.64496975500606,366.7113251752967,334.18048181297195,342.682861328125,482400
1999-09-13,360.05736303436623,360.79670053546346,316.4364504696278,329.00518798828125,724033
1999-09-14,327.1568050384521,363.75400695800784,325.3084615071615,354.8819580078125,723450
1999-09-15,365.60235048929854,366.71135660807295,345.2705716451009,354.8819580078125,400317
1999-09-16,357.1000022303876,358.5786771878633,329.74451551708665,337.8772277832031,363567
1999-09-17,343.4222742498177,359.31803075438404,341.57393047021696,344.5312805175781,377867
1999-09-20,362.2753793331989,384.5479217871022,359.3180292978259,379.6498107910156,790233
1999-09-21,381.8677792756454,408.8535952360734,378.5407608695653,395.3606872558594,830033
1999-09-22,417.72565086058506,434.730411869069,415.5076385551306,423.6403503417969,920250
1999-09-23,433.99110803961406,440.64514547122656,384.4554960487212,384.8251647949219,542000
1999-09-24,386.67352545113647,408.1143136692683,373.73511876778105,387.7825317382813,447067
1999-09-27,366.7114220727848,377.06214769580697,355.62135890526105,365.04791259765625,647683
1999-09-28,365.60232923084266,369.6686847632383,354.8819373727088,363.0146484375,268150
1999-09-29,364.49335631113206,394.8061912173317,360.0573316907126,372.6260681152344,606083
1999-09-30,378.9104269456494,390.3701569313227,375.583408562712,381.49810791015625,262067
1999-10-01,378.5407702769535,385.19480725447806,368.9293835316402,373.7350769042969,190033
1999-10-04,382.6071552864224,384.4554990317674,362.275374087627,368.3749084472656,206133
1999-10-05,372.62606538408926,381.4981145599009,366.71136593354817,380.0194396972656,312383
1999-10-06,385.19481787403015,437.6877776994738,384.8251491428651,430.2944030761719,1042467
1999-10-07,456.9105263545595,459.1285386184166,426.9673607924889,428.8157043457031,832617
1999-10-08,437.68778138241527,451.7351932848914,433.9910940396584,436.2091064453125,424033
1999-10-11,443.60245152523646,453.2138379749499,438.4270895907754,449.5171508789063,255300
1999-10-12,447.6687861689815,469.4792390046296,446.5597800925926,449.1474609375,539150
1999-10-13,431.7730915637165,453.21387864479146,418.09534808096174,427.3370666503906,328383
1999-10-14,432.5123969486782,433.6214030947005,401.4602248600551,414.0289611816406,318333
1999-10-15,385.9341351052989,407.3749203889266,382.97678541100544,399.6118774414063,352850
1999-10-18,394.43656358441103,400.7209324512667,365.9720693051236,380.7588195800781,287200
1999-10-19,393.3275093410326,399.2422087296196,381.4981105638587,382.6071166992188,219550
1999-10-20,392.21847806658064,402.1995326450893,386.30377905709406,393.3274841308594,160600
1999-10-21,383.34648914683953,414.0289950284091,378.91046420010656,406.6356201171875,198000
1999-10-22,411.8109435463666,425.11901712596193,393.3275080191509,394.8061828613281,152017
1999-10-25,397.0242003559957,412.5502864034369,396.2848629251652,405.5265808105469,125933
1999-10-26,410.3322823225956,412.55029465947456,396.284870855696,400.3512268066406,145133
1999-10-27,398.8725386773156,401.4602196511258,381.4981092817328,394.8061828613281,144600
1999-10-28,405.1569228479656,407.37493519932303,385.9341491362008,401.4602355957031,222317
1999-10-29,389.6308759000786,390.00054466279215,354.8820122050052,356.3606872558594,988217
1999-11-01,360.7966350327191,362.2753097664597,337.1378392928686,346.0098876953125,605717
1999-11-02,350.4459728081842,355.99100402350354,323.0904854792753,327.89617919921875,599417
1999-11-03,337.1378760757618,338.616550970831,325.3084769152088,327.5264892578125,446283
1999-11-04,333.07150650024414,337.13786229547463,309.0430404375184,313.47906494140625,596300
1999-11-05,322.7207771355636,324.9387893495537,298.6923114840039,311.26104736328125,617483
1999-11-08,322.3511518100013,366.711402059084,320.50280804962284,365.2327270507813,801283
1999-11-09,384.0858132224413,384.4554819550904,341.57390896779185,352.6639709472656,624800
1999-11-10,346.7492827705715,360.05735758905826,332.7018704621688,340.0952453613281,335050
1999-11-11,339.35588012695314,339.72554884168835,325.3084689670139,332.70184326171875,214750
1999-11-12,333.8108546781224,343.05257269246687,329.74449875181085,334.9198608398437,186633
1999-11-15,360.7966667549205,366.7113662099192,348.9672678449232,354.5122985839844,503867
1999-11-16,366.7113955965909,408.11429509943184,361.5360331587358,406.6356201171875,1225283
1999-11-17,444.34181101729234,479.0906714462653,425.8583746189025,454.6925354003906,2259917
1999-11-18,443.6024859884511,443.9721547267748,411.0716370159647,425.1190490722656,1110067
1999-11-19,422.1616842083729,422.90102165882536,399.2422232443456,401.4602355957031,471167
1999-11-22,402.1995570722144,402.9388944933031,388.15214607153047,394.8061828613281,467117
1999-11-23,386.67351734457776,386.67351734457776,363.7540545574231,366.34173583984375,726800
1999-11-24,368.1900978713739,380.0194986061972,358.57870977433004,360.7967224121094,879667
1999-11-26,371.1473918682465,386.6734779822569,367.0810359812439,376.32275390625,795267
1999-11-29,385.9341821763122,395.5455698550326,378.9104757957088,380.7588195800781,648650
1999-11-30,382.9768200535928,383.3464887988183,365.23272028277,366.7113952636719,270017
1999-12-01,370.0384051450749,374.8440987183876,357.46966810718027,358.57867431640625,350300
1999-12-02,377.8014586171087,385.9341710335239,372.626096170299,384.8251647949219,950683
1999-12-03,397.3938550852766,399.2421985973011,365.2326779760496,365.9720153808594,742517
1999-12-06,366.711351314611,373.7350566321288,358.5786398943273,361.1663208007813,441767
1999-12-07,363.3843595923447,371.5170716076362,359.31800358469894,363.7540283203125,269700
1999-12-08,361.5359646124589,368.1900007709704,348.96722964638155,351.18524169921875,432200
1999-12-09,365.6023616255231,367.4507052131142,331.22317089632827,342.313232421875,646200
1999-12-10,347.48858106723435,359.13314522001934,341.5738818150261,345.27056884765625,448517
1999-12-13,348.9672504293508,351.1852626142831,337.13785210971173,343.05255126953125,331900
1999-12-14,338.9862157010484,339.35588442046065,319.39377357219826,321.6117858886719,531850
1999-12-15,320.8724704932304,332.7018703270822,310.52174563861,326.78717041015625,280133
1999-12-16,353.4033369887722,360.4270434770428,337.1379114369877,338.2469177246094,465533
1999-12-17,343.0525564283754,343.0525564283754,328.26580830646265,336.7681884765625,252967
1999-12-20,343.05260576520647,347.11896208354403,326.04784297943115,331.22320556640625,290450
1999-12-21,337.50750070672285,357.0999405067845,334.9198199784128,351.18524169921875,523617
1999-12-22,353.0336336503949,363.0146892614532,334.5501973336203,337.13787841796875,337433
1999-12-23,337.5075393676758,339.3558829567649,322.3511219371449,325.3084716796875,273100
1999-12-27,340.8345592981097,343.05257161458337,317.1757612557247,321.6117858886719,688283
1999-12-28,321.6117917715785,322.35112922392693,306.0857052722609,306.8250427246094,499000
1999-12-29,306.4554178169543,314.9577997346744,298.6923734572968,299.0620422363281,463233
1999-12-30,298.6923305899064,300.17100549381684,269.11883251169786,276.51220703125,959100
1999-12-31,278.36057951834084,292.0383237974625,276.8819044611385,280.2089233398437,410167
2000-01-03,310.52176275485897,313.47911287633383,283.90561166158534,303.1283874511719,847700
2000-01-04,303.8676823510064,338.61654140331126,303.1283449243616,319.3937683105469,972750
2000-01-05,326.787144888678,379.8346056256976,323.0904577293038,354.5122985839844,1605417
2000-01-06,363.014707548722,379.2801323268724,321.61180811342984,340.0952453613281,1175267
2000-01-07,353.03362667300297,359.31799489650143,329.005159936097,338.6165466308594,339417
2000-01-10,347.11898065382434,352.6640122936618,312.7397844868321,320.8724975585937,2018800
2000-01-11,317.91508673492973,337.1378594212278,306.82502556975777,312.3700561523437,842983
2000-01-12,317.1757561047095,320.50277452538825,301.6496701415419,302.3890075683594,283767
2000-01-13,314.12600695076634,314.588092868611,295.73498742055085,305.34637451171875,299467
2000-01-14,310.5217191256009,337.137866479224,309.0430442726219,336.3985290527344,789733
2000-01-18,329.7445134099459,350.8156314193258,328.26583846191926,350.0762939453125,572700
2000-01-19,348.9672915102602,371.8867534526714,344.9009353591873,369.299072265625,710433
2000-01-20,365.6023983305807,366.71140459447525,348.96730437216195,366.34173583984375,580500
2000-01-21,368.9293978233037,381.498134823296,363.75403552918925,375.58343505859375,825317
2000-01-24,378.1710964039792,381.12844613147854,351.92461757242245,354.5122985839844,401500
2000-01-25,353.7729723114953,374.1047523293973,331.223179928004,372.2564086914063,414783
2000-01-26,376.6923994532172,402.5692080515736,374.1047185933815,391.8488159179688,878317
2000-01-27,400.7209074083592,409.5929570188764,372.99575237549305,379.2801208496094,1031917
2000-01-28,378.9104509653535,379.64978843065177,343.0525838983884,352.6639709472656,568800
2000-01-31,353.4032747992153,354.1426121941928,334.180502529802,343.05255126953125,343917
2000-02-01,345.2705835733872,345.2705835733872,333.44118456444886,338.6165466308594,205517
2000-02-02,338.6165093885264,366.71132894477967,338.6165093885264,352.29425048828125,390067
2000-02-03,360.42696141245983,365.2326542312926,342.3131961722439,352.29425048828125,354067
2000-02-04,363.7539813118692,366.7113307534291,350.44590882484954,357.0999450683594,246950
2000-02-07,346.7492994253072,365.9720750864116,343.05261179817165,356.3606872558594,329717
2000-02-08,356.36067809073097,357.1000155971432,333.44121539194947,343.4222717285156,1567083
2000-02-09,345.6402282714844,351.18525867156166,334.1804987779913,345.6402282714844,529117
2000-02-10,345.64024827745226,346.0099169921875,331.2231684027778,332.70184326171875,307933
2000-02-11,334.18053632767186,334.9198737974233,316.4364370536361,318.6544494628906,235717
2000-02-14,324.9388043633823,329.3748289963295,318.65443613337374,321.6117858886719,228417
2000-02-15,326.7871384530697,326.7871384530697,309.0430404375184,313.47906494140625,221433
2000-02-16,312.7397367979588,317.17576143339085,308.3037121625268,313.1094055175781,193033
2000-02-17,320.1331096302379,329.7444962935014,312.73973527388137,325.3084716796875,281433
2000-02-18,324.5691503636977,325.3084878360524,301.6496887207031,301.6496887207031,290850
2000-02-22,302.01933482638617,307.5643654535536,286.8629177787952,296.47430419921875,242783
2000-02-23,296.8439871179052,314.21841724809394,296.10464966555674,306.8250427246094,313117
2000-02-24,334.1805048871146,340.0952040886564,315.3274011821999,335.6591796875,894867
2000-02-25,338.9862100454477,340.83455361167154,323.82979280241244,336.3985290527344,401167
2000-02-28,339.725567350808,340.0952360856837,316.4364370536361,318.6544494628906,229117
2000-02-29,320.1331223812849,337.1378840782123,307.5643854748604,330.853515625,465383
2000-03-01,349.7066440026737,382.9768321213213,348.967306488926,380.7588195800781,2040883
2000-03-02,387.4128050904174,424.3796758051519,387.4128050904174,422.9010009765625,1558650
2000-03-03,428.8156992594401,443.9721162160238,416.6166319529216,443.6024475097656,1235600
2000-03-06,446.5597993952487,550.0670376656705,445.82046197903134,533.4319458007812,2516400
2000-03-07,571.50787081817,572.2472082965893,452.474536792652,465.0432739257813,2291917
2000-03-08,500.9011224369591,531.9532953408001,468.0006059078895,517.9058837890625,1705367
2000-03-09,527.8869431834764,576.6832152424532,513.1001940746957,554.1334228515625,1778400
2000-03-10,555.9817372478506,578.9011971609933,546.3703508326616,558.9390869140625,684417
2000-03-13,508.6641973737785,589.9913219538885,487.2234099844768,567.4415283203125,749767
2000-03-14,575.9438121361196,616.6073675500946,561.1570647128559,561.5267333984375,833183
2000-03-15,559.6784493949976,561.1571242943239,520.4935645628511,526.4082641601562,423417
2000-03-16,530.8442945012661,545.2613749229578,490.92007179504265,520.1239013671875,490267
2000-03-17,514.20917040507,544.1523356119792,508.6641398111979,532.3229370117188,191567
2000-03-20,499.0528171137275,509.0338734560021,455.4319042104535,459.4982604980469,678683
2000-03-21,449.5171349158654,496.09539067195016,446.5597853440505,480.5693054199219,442467
2000-03-22,485.74475492280106,520.493618669181,485.74475492280106,514.5789184570312,367000
2000-03-23,510.14280666004527,530.4745851863514,502.7494326504794,520.4935302734375,340483
2000-03-24,528.6262971656757,544.5220529545736,517.9059037266516,535.2803344726562,344750
2000-03-27,539.3465900006502,552.2849934619406,535.2802346271018,544.1522827148438,217650
2000-03-28,533.8016088007166,543.4129951087629,505.7067872848895,514.2091674804688,236783
2000-03-29,514.5788341082172,519.3845272428484,483.52666308444543,483.8963317871094,393783
2000-03-30,472.43664240433,489.4414041810117,464.3039302502648,479.83001708984375,473467
2000-03-31,483.52668857574463,485.0053634643554,431.4033987522125,473.1759643554688,442117
2000-04-03,458.7588949404073,459.4982324020357,384.4554800467555,386.6734924316406,617133
2000-04-04,407.3749361766929,446.55982114468696,343.05257783300453,445.0811462402344,839733
2000-04-05,434.3607580216422,446.5598261192713,402.1995784915291,425.48870849609375,409817
2000-04-06,429.5550555904642,469.47927762468976,429.5550555904642,456.1712036132813,315733
2000-04-07,474.65465321475926,508.6641766538231,439.5361235765956,461.71624755859375,617167
2000-04-10,466.89158729828034,466.89158729828034,419.943660467812,431.0337219238281,387383
2000-04-11,415.5076707295794,418.0953519529843,366.7113962310879,384.8251647949219,741083
2000-04-12,392.5882466211141,393.3275841853723,354.1426932796867,355.6213684082031,509250
2000-04-13,363.75405705718686,385.19484497315926,357.83935694243587,367.4507446289063,736000
2000-04-14,351.92464935490057,366.7113993277956,306.82506193757087,346.2872009277344,1033517
2000-04-17,329.00516908423526,335.6592062117816,293.51697107065485,307.9340515136719,730683
2000-04-18,312.0004266500473,384.0858332812786,288.34162652492523,378.5408020019531,1059817
2000-04-19,375.5834461399045,385.1948335411225,337.1378965350324,384.8251647949219,581250
2000-04-20,389.6308363884633,409.2232788254543,380.0194495325808,401.4602355957031,406567
2000-04-24,372.6261020922951,390.3702021919282,332.70187686812056,365.2327270507813,538417
2000-04-25,385.1948164194851,409.59295258425095,368.19005485010285,381.8677978515625,501533
2000-04-26,390.37022134142615,390.7398901116358,360.7967197246514,377.8014831542969,529317
2000-04-27,354.8820135797642,399.9816028055259,351.9246634665995,384.0858459472656,372867
2000-04-28,384.8250975778452,396.2848267084054,370.4080189942371,374.1047058105469,484467
2000-05-01,381.8678250983284,389.63086897738447,372.99577495083577,375.953125,471267
2000-05-02,376.32275711187793,381.4981191939666,348.9672718208377,351.92462158203125,283417
2000-05-03,347.4885964695412,348.96727134813494,326.04781072993114,343.1449890136719,304650
2000-05-04,345.2705420501281,365.602319151581,334.18048181297195,342.682861328125,332667
2000-05-05,339.35585621365783,351.1852542516067,336.0288380154847,339.7255249023437,264800
2000-05-08,344.16159599842945,352.66397699516835,324.56915283203125,324.56915283203125,204667
2000-05-09,326.4174794238743,327.5264855827323,299.43166289166265,313.1094055175781,348650
2000-05-10,307.564365530303,317.17575195312503,296.1046355646307,304.9766845703125,316133
2000-05-11,309.78241136338977,312.73976135253906,290.5596364339193,292.77764892578125,292850
2000-05-12,297.21364561836674,306.08569474130303,291.6686149165315,293.8866271972656,253617
2000-05-15,304.60703070544844,306.0857056117856,266.9008205938516,298.3226623535156,520033
2000-05-16,306.8250524267296,338.52414669852726,306.8250524267296,319.7634582519531,852017
2000-05-17,313.10940442632074,314.9577480179755,294.9956372281038,299.80133056640625,522450
2000-05-18,300.1709882475307,304.60701270439074,275.0335163253237,278.36053466796875,534167
2000-05-19,275.033524326772,283.1662360676174,263.20412543099684,264.68280029296875,389450
2000-05-22,266.1614294897152,266.1614294897152,242.8723044093651,262.8344116210937,505200
2000-05-23,265.05249277750653,265.4221615261502,236.58799913194449,239.54534912109372,413433
2000-05-24,236.5879675460189,238.06664234318143,195.5547419247562,215.8865203857422,1009067
2000-05-25,237.69698094335092,247.308367420065,207.7538153812803,214.4078521728516,831933
2000-05-26,214.7775395535268,219.58323320962975,198.88178361410917,213.6685333251953,259833
2000-05-30,219.58323990159727,234.36999006332107,211.45052731264929,232.1519775390625,393217
2000-05-31,228.82492788346087,230.6732714043289,220.322547687468,225.49790954589844,287783
2000-06-01,228.8249405521217,250.635395305878,227.7159343782019,248.04771423339844,638033
2000-06-02,251.37473978022092,282.4269135177777,251.37473978022092,275.0335388183594,601767
2000-06-05,274.663893096301,304.6070631377551,268.0098553093112,289.8203125,514350
2000-06-06,291.29895971852835,291.29895971852835,260.616455078125,260.616455078125,309833
2000-06-07,259.5074317932129,273.5548426310221,257.2894195556641,266.1614685058594,342200
2000-06-08,273.18521298171726,276.14256305459105,261.72548144933126,269.488525390625,379233
2000-06-09,275.77283568659647,277.99084776986666,263.20410054806524,266.9007873535156,254267
2000-06-12,266.1614881243025,272.0761878603981,242.872357913426,248.4173889160156,310533
2000-06-13,249.15674643680967,261.72548438762794,243.24204622465987,257.2894592285156,246167
2000-06-14,258.7680888417488,267.6401376020373,254.33206446160452,255.44107055664065,184217
2000-06-15,263.5737859714798,270.96716005202626,249.1567065144143,252.8533935546875,279133
2000-06-16,256.1804079533313,260.2467636351302,249.1567026847696,255.44107055664065,178700
2000-06-19,255.44110942054093,264.6828282852494,253.5927656475993,263.5738220214844,151750
2000-06-20,271.33685146865025,280.20890110795216,266.5311579140284,275.0335388183594,625800
2000-06-21,271.3368303934733,272.81550521850585,260.24676920572915,266.1614685058594,181900
2000-06-22,269.85817029229526,277.9908822737069,260.24678340517244,268.00982666015625,307267
2000-06-23,263.9434403902747,264.68277775831467,231.41259619651527,247.308349609375,968700
2000-06-26,249.15671027334116,249.89604769254987,222.91023189143127,224.75857543945312,629400
2000-06-27,225.8675892353058,238.80599451065063,225.1282517910004,236.5879821777344,257050
2000-06-28,236.58796960050543,243.2420062455197,233.63061998049915,237.6969757080078,269817
2000-06-29,212.55953129766752,220.13774067436697,197.0334437941857,217.73489379882807,1322883
2000-06-30,215.88653597092247,226.23726029829547,209.9718363552808,224.66616821289065,407750
2000-07-03,227.34626412391663,236.5879821777344,218.8438835144043,236.5879821777344,106400
2000-07-05,231.4126366509332,232.1519741482205,218.8438991970486,219.58323669433597,158133
2000-07-06,219.21353575357276,226.9765783350652,212.9291679495074,225.12823486328125,214517
2000-07-07,224.38891073471297,225.1282481671173,218.84387999168047,222.1708984375,127150
2000-07-10,224.38891143286787,225.4979175849249,219.5832181072875,220.3225555419922,172133
2000-07-11,220.3225780780499,220.3225780780499,191.48841517521785,192.22775268554688,634233
2000-07-12,202.57846936677632,214.40786903782896,192.96708213404605,210.711181640625,787533
2000-07-13,215.8865371331936,230.3036175239377,208.49316257383765,227.3462677001953,568333
2000-07-14,232.89130233547013,240.65434574665247,226.60693385975108,233.26097106933597,875950
2000-07-17,237.32733920852155,241.02402673513404,230.67330166061907,234.0003204345703,458517
2000-07-18,234.00031962240897,238.80601339032572,220.32257582141509,229.1946258544922,468683
2000-07-19,226.5145159307516,238.06666382603677,221.80123958947524,235.10931396484372,237933
2000-07-20,237.32732740499205,241.76335221630032,233.6306400622352,239.91500854492188,268400
2000-07-21,239.54533798051145,247.6780500724424,233.6306382772889,236.9576568603516,403917
2000-07-24,230.67327366105044,231.04294236884056,180.39832940159076,184.0950164794922,2586733
2000-07-25,196.2941127319336,196.2941127319336,177.441005859375,184.8343811035156,1710217
2000-07-26,184.0950220766026,184.83435951466123,166.72059228222443,169.3082733154297,867600
2000-07-27,165.61159295550848,165.61159295550848,142.3224626961401,152.67318725585938,1140833
2000-07-28,155.63055046237244,156.7395567602041,136.7774433992347,144.91015625,948967
2000-07-31,150.8248329768105,150.8248329768105,133.8200723960917,139.73477172851562,974450
2000-08-01,148.97649286026345,157.47887334608495,145.279805692515,147.49781799316406,1063017
2000-08-02,149.7158492542334,152.673199362959,144.1708178003729,146.7584991455078,555367
2000-08-03,142.32247242277876,144.17081622047718,138.2561160678422,143.8011474609375,403267
2000-08-04,146.01915398823846,148.2371664538826,140.47412282412816,143.4314727783203,285817
2000-08-07,144.91013738458807,164.8722481467507,140.47411277077416,162.65423583984375,814500
2000-08-08,164.1329277583531,177.07133422579085,157.10922139031547,165.61160278320312,774417
2000-08-09,170.78696951517244,171.52630704554116,147.49783730855802,151.56419372558594,605400
2000-08-10,151.56418328536185,151.56418328536185,138.99544613486842,140.47412109375,624050
2000-08-11,136.03810437520346,146.38882970809937,135.29876685142517,141.9528045654297,373750
2000-08-14,144.91014693165553,150.4551780642444,136.03809711951337,145.27981567382812,550533
2000-08-15,142.6921208574267,155.26085689150054,142.32245215054218,150.0854949951172,496783
2000-08-16,150.45515495034593,161.1755468264148,147.8674741526741,148.6068115234375,507367
2000-08-17,147.86748602838802,152.30351060923965,144.54046759274928,149.34616088867188,417683
2000-08-18,152.30350214820663,156.73952648262042,148.23714650832733,156.36985778808594,372950
2000-08-21,158.58788782007554,158.58788782007554,147.8674944709329,150.82484436035156,359183
2000-08-22,153.04286193847656,153.04286193847656,145.6494869656033,146.38882446289062,179900
2000-08-23,147.49781990519904,153.04285072870277,144.91013885423064,150.45516967773438,410533
2000-08-24,153.41254203550278,165.61161164314518,153.0428732595136,160.43624877929688,785600
2000-08-25,159.88171649429034,161.9148943919056,154.5215202187592,156.73953247070312,469117
2000-08-28,157.47888776792576,161.91491277547297,154.89120651352323,157.8485565185547,269200
2000-08-29,157.848542508212,163.76324199329724,157.848542508212,162.65423583984375,402150
2000-08-30,160.8059156263197,171.5263100014077,159.69690931165542,164.1329345703125,575617
2000-08-31,168.1992673325813,168.56893605199355,153.41251855609062,160.80589294433594,575533
2000-09-01,160.06655843344078,161.91490206431192,151.56417773143357,153.4125213623047,430633
2000-09-05,154.89119264013567,175.22297210363794,151.56417418247165,171.1566162109375,776300
2000-09-06,173.0049599387429,174.11396609219636,158.21821122602984,162.65423583984375,401583
2000-09-07,163.0239082428346,163.39357696900885,146.75848429116857,153.4125213623047,948417
2000-09-08,154.52152489226998,158.21821209064964,150.45516897405236,152.3035125732422,342083
2000-09-11,159.69688213996167,162.65423180922022,154.89118892741652,156.73953247070312,529133
2000-09-12,164.13291071111504,168.568935324929,159.69688609730113,162.65423583984375,502333
2000-09-13,161.54524067104262,167.0902718153576,156.00020952672767,165.24192810058594,401583
2000-09-14,168.56893327501086,168.56893327501086,156.00019702204952,159.69688415527344,342600
2000-09-15,164.50261841550395,164.50261841550395,153.412554252661,154.5215606689453,301067
2000-09-18,154.52153172212488,159.69689402860752,148.60683194328757,150.82484436035156,328983
2000-09-19,151.93382969187266,154.1518418041628,147.8674741526741,148.6068115234375,264900
2000-09-20,150.4551779378255,150.8248466796875,134.5594220377604,138.6257781982422,709500
2000-09-21,134.92908787381822,135.2987566077191,121.9906821872877,127.53571319580078,1562700
2000-09-22,117.55466360909598,129.38406372070312,117.18499485560824,129.38406372070312,638433
2000-09-25,131.60206067379826,131.97172938355612,118.29398712251528,120.88166809082033,332250
2000-09-26,119.03333271598976,120.88167639170388,107.57360192656218,110.25370025634766,633267
2000-09-27,66.91003770606463,70.97639358875364,59.51666337390279,63.5830192565918,7213933
2000-09-28,62.47401701274672,73.56407920435855,61.365010793585526,70.237060546875,2622900
2000-09-29,70.237060546875,70.6067292865954,68.01904810855264,70.237060546875,1435633
2000-10-02,71.34607130905678,71.34607130905678,62.4740209908321,64.3223648071289,704083
2000-10-03,64.32235712944707,66.17070072512084,58.407657623291016,58.407657623291016,651983
2000-10-04,59.05457582473756,59.146993001302086,53.23229370117188,55.4503059387207,701633
2000-10-05,41.77256705171319,42.88157325662593,33.6398548823531,34.37919235229492,4629517
2000-10-06,33.36260241604923,34.009522684504475,27.35548563753621,32.900516510009766,2903367
2000-10-09,33.17776616720053,40.66355741941012,33.08534899124732,38.4455451965332,1477600
2000-10-10,40.663565358807965,42.14224046276462,38.44555270287299,40.10906219482422,986383
2000-10-11,39.18488890549232,39.92422643201105,31.60667925867541,32.16118240356445,963400
2000-10-12,34.65644135532609,34.74885853227362,29.94316533100174,30.68250274658203,679783
2000-10-13,30.867337708426,38.44554636738088,30.68250335089051,37.33654022216797,836833
2000-10-16,39.09246188661327,39.554547724516496,33.27018032903257,34.009517669677734,496117
2000-10-17,35.48819912997159,35.48819912997159,29.573499274976324,30.497671127319336,474067
2000-10-18,27.540319344936275,31.79150957938953,24.398135258601265,28.83415985107422,411833
2000-10-19,31.51425707630995,33.270183423670325,29.57349637659585,30.312833786010746,358867
2000-10-20,31.97634274265608,39.924219840541696,29.943164880406272,32.06875991821289,849500
2000-10-23,31.51425720850627,36.59720191955567,31.42184003194173,33.27018356323242,517083
2000-10-24,34.37918769968727,35.4881937545159,31.60667256261572,31.976341247558597,359067
2000-10-25,32.16117809520048,33.27018423641429,31.23700631085564,31.42184066772461,222883
2000-10-26,30.86734051174588,32.530849880642364,29.94316864013672,29.94316864013672,270800
2000-10-27,32.530846150716144,34.74885838826498,30.682502619425456,33.27018356323242,335883
2000-10-30,32.068761879138734,34.009522684504475,31.2370072482677,32.900516510009766,221550
2000-10-31,33.63984899935515,35.48819235096807,32.34600865322611,34.009517669677734,300867
2000-11-01,34.00952487521702,39.55455610487196,33.27018737792969,36.597206115722656,653633
2000-11-02,38.72279533839117,41.95739638097754,36.96686905813,40.47872161865234,1292367
2000-11-03,26.985816601885865,28.83416020475476,25.50714171959075,27.909988403320312,2372867
2000-11-06,28.37207442522049,28.464491605758667,25.876810550689697,26.61614799499512,681367
2000-11-07,26.89339966321514,26.985816844188385,25.137473224723426,25.32230758666992,479350
2000-11-08,25.69197491499094,25.69197491499094,19.03793824636019,19.2227725982666,1688717
2000-11-09,19.59244215141222,20.886282670845105,18.48343599189832,19.037939071655277,592183
2000-11-10,19.22277204567027,22.549790284343967,17.7440972729264,19.77727508544922,430533
2000-11-13,19.962113360969383,20.701450892857142,17.744100765306122,18.11376953125,402783
2000-11-14,19.22277492947049,20.70144992404514,17.744099934895836,18.298603057861328,522167
2000-11-15,18.760686549273405,18.853103724392977,16.265422821044922,16.265422821044922,900800
2000-11-16,17.744097622958098,18.483435023914684,15.526085420088334,16.265422821044922,793050
2000-11-17,16.080588788871303,16.819926204451594,14.786748311605798,15.341251373291016,432850
2000-11-20,14.786748641576525,15.710920431675056,14.41707992553711,14.41707992553711,647317
2000-11-21,14.786748112858954,16.63509162696632,13.308073301573058,13.677742004394531,375583
2000-11-22,13.77015904857688,16.265422768788795,13.123238824818232,13.492907524108888,389217
2000-11-24,14.417081197102863,16.265424940321182,14.417081197102863,14.97158432006836,348083
2000-11-27,16.63509249687195,17.004761219024658,14.417080163955688,14.786748886108398,440950
2000-11-28,14.601913761448216,14.97158246426969,13.308073301573058,13.677742004394531,199550
2000-11-29,13.308073369468133,16.265423007127715,12.938404664760682,15.156416893005373,411350
2000-11-30,14.601914525032043,14.971583247184752,12.56873655319214,14.786748886108398,241900
2000-12-01,14.786748641576525,15.156417357615936,13.585325314448433,14.41707992553711,179517
2000-12-04,13.5853259314352,14.04741184747041,12.014233816915484,12.383902549743652,284433
2000-12-05,12.845989241966835,14.23224707383376,11.829400165264424,12.01423454284668,633417
2000-12-06,12.56873669540673,12.56873669540673,10.350724337393778,10.535558700561523,472583
2000-12-07,11.27489554087321,11.45972989400228,9.981055068969727,11.09006118774414,411033
2000-12-08,11.82939891326122,15.341251715635645,11.82939891326122,14.41707992553711,593383
2000-12-11,15.710920691490172,16.26542377471924,12.938405275344849,13.30807399749756,561567
2000-12-12,13.58532541570529,14.047411314198667,12.938405157814564,13.123239517211914,358050
2000-12-13,13.30807375226702,13.677742467607771,12.93840503692627,12.93840503692627,453067
2000-12-14,13.215657075246174,13.677742986968068,11.829399340080492,12.199068069458008,474250
2000-12-15,13.123238760849524,13.308073109593884,10.720392227172852,10.720392227172852,639250
2000-12-18,11.4597318649292,12.199069404602051,9.241719245910645,9.241719245910645,516100
2000-12-19,10.350725446428571,10.53555982940051,8.687215999681122,9.056884765625,490433
2000-12-20,7.855460345745087,8.502380609512329,7.208540081977844,7.393374443054199,475483
2000-12-21,7.485791270325824,8.872048912978753,7.208539741795238,7.578208446502685,803217
2000-12-22,7.76304279885641,8.132711503563858,6.83887103708779,7.578208446502685,617800
2000-12-26,7.578208804130554,7.763043165206909,6.654036998748779,6.654036998748779,460783
2000-12-27,6.6540367126464846,9.241717656453451,6.2843680063883465,8.317545890808105,1131017
2000-12-28,8.317546503884452,8.50238087063744,7.393374670119513,7.763043403625488,598750
2000-12-29,7.578209036872501,8.50238087063744,7.208540303366525,7.763043403625488,983717
2001-01-02,8.132711537679036,9.056883303324382,7.763042831420899,8.317545890808105,396550
2001-01-03,8.502380042240537,11.09006092466157,8.317545693496179,10.720392227172852,460717
2001-01-04,10.905227984151534,12.199068592440698,8.317546767573203,11.459731101989746,531250
2001-01-05,11.829398970170455,11.829398970170455,9.796221022172409,10.165889739990234,343950
2001-01-08,9.981056785583496,10.350725555419922,8.87205047607422,9.241719245910645,304950
2001-01-09,9.426551785962335,10.720392227172852,9.426551785962335,10.720392227172852,357150
2001-01-10,12.199068069458008,13.123239892901797,11.27489624601422,12.199068069458008,750450
2001-01-11,12.383901710969855,16.080588788871303,12.199067357074783,15.341251373291016,1228733
2001-01-12,16.265424547697368,18.298602616159545,14.971583958675987,17.55926513671875,925850
2001-01-16,18.85310656683785,21.25595348221915,18.29860343251909,20.70145034790039,918950
2001-01-17,24.490550923570293,24.582968096866782,18.483434659298336,19.77727508544922,1325500
2001-01-18,19.407607646698647,19.592442005238635,14.04741124903902,17.37442970275879,891633
2001-01-19,17.74409879191538,18.11376751674695,16.265423892589098,16.450258255004883,435033
2001-01-22,16.81992872830095,16.81992872830095,14.78675053037446,16.080591201782227,304667
2001-01-23,16.08058990750994,16.26542427426293,14.971583706992014,15.526086807250977,330900
2001-01-24,15.710920455843905,17.004760963972224,14.97158302262772,15.89575481414795,464483
2001-01-25,16.080588788871303,16.080588788871303,15.156417019395942,15.341251373291016,587983
2001-01-26,15.526086807250977,15.618503990627472,15.156418073745002,15.526086807250977,306717
2001-01-29,15.526086807250977,16.08058990750994,14.971583706992014,15.526086807250977,451967
2001-01-30,16.265424547697368,18.113768246299344,16.080590177837173,17.55926513671875,543900
2001-01-31,18.11376697315889,18.48343568689683,15.526085976993336,15.710920333862305,660333
2001-02-01,16.63509285056984,17.189595945588835,15.34125229552552,16.819927215576172,202333
2001-02-02,16.819927374521892,17.374430474780855,15.526086807250977,15.526086807250977,229417
2001-02-05,15.988171295686202,16.265422821044922,15.341251069849188,16.265422821044922,200200
2001-02-06,16.265424547697368,17.55926513671875,16.265424547697368,17.55926513671875,276633
2001-02-07,17.374429680580317,17.374429680580317,15.710920455843905,15.89575481414795,138317
2001-02-08,16.819928850446427,19.03794144610969,16.63509446747449,18.11376953125,627450
2001-02-09,18.298600673675537,18.66826937415383,15.341251069849188,16.265422821044922,329517
2001-02-12,16.080589530173313,16.635092617420668,15.895755167757528,16.450258255004883,109983
2001-02-13,16.819926475076112,17.00476083194508,15.710920333862305,15.710920333862305,135700
2001-02-14,16.08058865477399,16.265423007127715,14.786748188297924,15.156416893005373,147633
2001-02-15,15.156419237454733,17.74410057067871,14.786750475565592,17.74410057067871,424917
2001-02-16,17.189596108027867,17.374430474780855,15.526086807250977,15.526086807250977,385383
2001-02-20,16.63509434667127,16.91234591911579,15.341253675263504,16.080591201782227,303817
2001-02-21,15.710921349463526,15.710921349463526,13.677743292474128,14.23224639892578,264933
2001-02-22,14.047412696251502,14.23224707383376,11.644565787682168,12.01423454284668,399067
2001-02-23,13.123239017114408,17.189594768896335,12.75357031240696,15.156416893005373,1106233
2001-02-26,16.45025582935499,17.374427505161453,14.971581148064656,17.004758834838867,496667
2001-02-27,17.004760222001508,17.004760222001508,15.526085420088334,16.265422821044922,174217
2001-02-28,16.450257889060087,16.635092247364135,14.97158302262772,15.89575481414795,202717
2001-03-01,15.156416893005373,15.710919950066543,14.6019138359442,15.156416893005373,347683
2001-03-02,15.156416893005373,15.52608559771282,14.786748188297924,15.156416893005373,178817
2001-03-05,15.526085727186087,15.71092008108116,15.156417019395942,15.341251373291016,122250
2001-03-06,15.526085420088334,16.45025717128407,15.15641671961004,16.265422821044922,188083
2001-03-07,16.26542427426293,16.635093007768905,15.156418073745002,15.526086807250977,120100
2001-03-08,15.71092008108116,16.080588788871303,14.97158266550087,15.341251373291016,115867
2001-03-09,14.786749505377436,15.34125261182909,13.123240186022477,14.23224639892578,242117
2001-03-12,14.047411314198667,14.23224567359602,12.938405157814564,13.123239517211914,157233
2001-03-13,13.123239190954912,14.04741096496582,12.568736126548366,14.04741096496582,171100
2001-03-14,13.492908109937396,13.492908109937396,12.93840503692627,12.93840503692627,94767
2001-03-15,14.41707941003748,14.41707941003748,13.12323895016232,13.677742004394531,110900
2001-03-16,14.047411974738626,14.232246342827292,12.568737030029297,12.568737030029297,168600
2001-03-19,12.19906931338103,12.938406847525334,12.014234929844951,12.753572463989258,221800
2001-03-20,12.66115421407363,13.308074502383962,12.38390266194063,12.568737030029297,174867
2001-03-21,12.56873632158552,13.123239394596643,12.19906760624477,12.93840503692627,142900
2001-03-22,13.03082295025096,13.123240134295294,12.014233925763298,12.568737030029297,304100
2001-03-23,12.938404598751584,13.677742004394531,12.56873589593011,13.677742004394531,155483
2001-03-26,13.308073876609264,13.862576954801316,12.938405157814564,13.123239517211914,68100
2001-03-27,13.308075614597486,13.308075614597486,12.19906931338103,12.753572463989258,194833
2001-03-28,12.568737030029297,12.753571398117964,12.199068293851964,12.568737030029297,104583
2001-03-29,12.38390207962251,13.123239517211914,12.19906772022516,13.123239517211914,192367
2001-03-30,12.938406202528212,15.156418694390192,12.938406202528212,14.97158432006836,314017
2001-04-02,16.265425701530614,19.962113360969383,15.895756935586736,18.11376953125,987900
2001-04-03,17.00476243760851,17.18959681193034,14.786749945746529,14.97158432006836,257483
2001-04-04,14.971583706992014,16.26542427426293,14.971583706992014,15.526086807250977,130933
2001-04-05,15.710921025538184,17.744099040607832,15.710921025538184,16.819927215576172,199817
2001-04-06,16.080589172451994,17.74409839718841,15.89575481414795,15.89575481414795,115467
2001-04-09,16.206277741291963,17.744099140321413,16.206277741291963,17.270923614501953,214200
2001-04-10,17.093483700172428,18.45386391662214,17.093483700172428,17.74410057067871,241750
2001-04-11,17.98068366343736,19.22277060508616,17.862390743412938,18.15812492370605,339567
2001-04-12,17.921542193236707,18.394717765542588,17.744100883563853,18.3355712890625,119050
2001-04-16,18.749600656036083,18.749600656036083,17.862395975074076,18.09898376464844,161317
2001-04-17,17.744098416748347,18.92703906329117,17.566657131743693,18.51301002502441,246133
2001-04-18,18.690450775001604,19.814245034169648,18.631304302487223,19.51850891113281,356417
2001-04-19,19.34106793427017,23.954531903326103,19.34106793427017,21.70694732666016,689033
2001-04-20,21.352065314246737,23.95453252544018,21.2929188449648,22.594152450561523,506533
2001-04-23,22.120979095890448,22.180125570947865,18.808746408954487,19.63680458068848,283533
2001-04-24,19.459362540633915,20.99718399569711,19.28192124192807,20.346567153930664,144517
2001-04-25,20.52400936447521,22.771596114217356,20.52400936447521,21.29292106628418,316650
2001-04-26,22.18012542665837,23.54050562552444,22.12097895198573,22.88988876342773,241717
2001-04-27,23.24476811306236,24.841737747192383,23.24476811306236,24.841737747192383,445767
2001-04-30,25.906384213489424,28.80458558413696,25.78808939743558,28.68629264831543,625967
2001-05-01,35.783935031329435,39.74678456934442,32.53085071220222,38.977874755859375,3198300
2001-05-02,44.005366341433,46.07551354799253,40.81143052400329,41.16630935668945,4128800
2001-05-03,36.02052283756761,37.26260814624086,33.71378975534739,34.36440658569336,1831433
2001-05-04,32.76743676318372,36.966871738018135,32.53084712945596,35.96137237548828,1088067
2001-05-07,35.66563773376657,35.84307901685712,30.16496735912108,31.3479061126709,948350
2001-05-08,35.369904774085306,35.48819771353362,30.224114902274213,30.697290420532227,1314450
2001-05-09,29.573501210291536,29.69179604243503,27.50335574952461,28.153972625732425,908017
2001-05-10,29.51435226045773,29.57349873145557,27.7990895596612,28.627147674560547,526067
2001-05-11,28.627144490039857,29.218612894687325,28.035674205160184,28.44970321655273,299033
2001-05-14,28.27226331091433,28.44970459298629,23.65879749797252,25.43320655822754,1201933
2001-05-15,25.788093303596916,29.514355190579224,24.25027174335469,26.024681091308597,1102150
2001-05-16,24.664298133756805,29.7509397116238,24.546003312773493,29.39605712890625,1188750
2001-05-17,29.573497359366964,29.9875263976074,27.503352168164813,29.51435089111328,899533
2001-05-18,29.277762926305677,30.69728943553054,28.213117104270864,29.21861457824707,257083
2001-05-21,29.573499125661773,34.42355117724716,29.51435265387553,34.36440658569336,1480800
2001-05-22,34.896728657059626,35.192462880838505,32.64914028331788,32.76743698120117,861433
2001-05-23,32.88573113436596,32.94487572502944,31.052173614501957,31.052173614501957,601650
2001-05-24,29.6326450245789,30.578997956025702,29.573498553936098,30.2241153717041,638300
2001-05-25,31.05217344205383,31.584497317857736,30.16496886261306,30.75643920898437,398867
2001-05-29,30.638140558819472,30.697287021995447,29.57349482049108,29.691789627075195,239183
2001-05-30,29.51434961239657,29.573496078087715,27.503350976575128,28.804584503173828,343933
2001-05-31,28.508849904007096,33.0631690649554,28.09482088937543,31.939376831054688,653517
2001-06-01,32.64914124050697,34.00952322233033,31.0521733769103,31.288761138916016,505867
2001-06-04,30.51984847322394,33.122315647775096,30.224114250745792,31.407054901123047,353550
2001-06-05,31.880232457310637,33.122317775701866,31.880232457310637,32.23511505126953,396333
2001-06-06,36.493698910067685,42.88157436408205,36.07966796076582,41.75778198242188,5239117
2001-06-07,40.160813993548174,48.145657357929785,39.21445915117201,45.543190002441406,4336700
2001-06-08,46.43039117792815,47.90906610411013,44.41939613627391,45.602333068847656,2103950
2001-06-11,43.70962797838082,44.4193930977451,41.40289510091146,44.36024475097656,1103533
2001-06-12,41.935220870630936,43.94621962774904,41.58033829461424,42.76327896118164,806200
2001-06-13,42.76328089169955,47.90906719485029,42.230957003643134,46.01636505126953,1469833
2001-06-14,45.543185489059645,47.317594531913485,43.23645260521028,46.78527069091797,965867
2001-06-15,45.60233146714223,50.09750443861735,44.41939457611716,47.790771484375,1439217
2001-06-18,48.737124311842905,50.27494759195231,46.430391271911205,46.96271514892578,827233
2001-06-19,48.32309597655098,49.269447005991374,43.35474743129184,45.18830490112305,912867
2001-06-20,43.059012904109785,44.36024650062425,41.99436518307175,43.532188415527344,1012067
2001-06-21,43.2364574844856,44.06451563265981,42.23095803595512,44.005367279052734,525217
2001-06-22,44.005365882436514,48.14565649190551,42.76328057982825,45.424896240234375,947900
2001-06-25,45.95721315104069,46.31209571568005,43.76877693653896,45.24745178222656,678450
2001-06-26,44.24195433264465,45.89807053165297,43.768778812994384,44.71512985229492,619283
2001-06-27,44.41939651992891,46.43039157895232,44.41939651992891,46.19380569458008,430667
2001-06-28,46.60783083288527,48.97371213586474,46.13465532438231,47.790771484375,557767
2001-06-29,48.1456581165077,53.82376845790378,47.79077551508325,53.52803421020508,1380817
2001-07-02,53.11400480295854,60.74396537388405,51.69447445639392,58.61467361450195,2060033
2001-07-03,57.96405667289223,57.96405667289223,54.11950409996292,55.89391326904297,578650
2001-07-05,53.58717928853232,53.64632387817799,47.79077259397737,49.56518173217773,1528933
2001-07-06,47.140153704777696,47.67247755089088,43.17730467337616,46.31209564208984,1536183
2001-07-09,50.80726922302336,51.753620233350254,45.60233114529618,46.1346549987793,2062700
2001-07-10,47.14015609201629,47.25844903254375,45.83892246481988,46.37124633789063,977767
2001-07-11,46.07551275239396,46.72612957511488,44.18280687509183,46.19380569458008,458667
2001-07-12,48.44139265451304,48.618833956288654,46.43039374136606,47.31760025024414,651250
2001-07-13,47.49503667675205,52.049354180416536,46.31209603982936,51.4578857421875,826650
2001-07-16,53.8237649769762,54.71097142315927,47.31759690651613,51.69447326660156,1527350
2001-07-17,49.269445479857424,54.41523515380255,49.21029713217526,53.29144287109375,834817
2001-07-18,51.51703006592126,54.29694224066317,50.274944847814965,52.2267951965332,619283
2001-07-19,53.409743911955566,53.82377112717351,47.55419197945424,49.80177688598633,800733
2001-07-20,48.91456492282211,50.27494689164378,47.5541867144652,49.56518173217773,493300
2001-07-23,49.44688605972188,50.80726795336155,49.21029643282015,49.97920989990234,332817
2001-07-24,49.03285991142735,49.624328350025856,46.726126984149786,46.903568267822266,474183
2001-07-25,47.376746506691575,49.32859697933904,43.76877979777387,48.91456604003906,483817
2001-07-26,49.15115456279904,50.27494689164378,47.73162424386695,49.56518173217773,297900
2001-07-27,49.26944702340276,50.03835676503671,46.90356944896569,47.61333084106445,258917
2001-07-30,48.14565775998724,50.27494959230141,47.96821646058898,50.21580123901367,822967
2001-07-31,51.457887154682986,53.76462014383837,49.50603674239223,52.46338653564453,2224583
2001-08-01,60.62567748109765,61.21714600111742,53.23230217852476,56.30794525146485,5628617
2001-08-02,55.2432936909825,55.59817625917807,52.64082653816784,52.818267822265625,2012133
2001-08-03,52.04935244527099,52.1676453768804,50.62982598456465,51.22129440307617,766633
2001-08-06,50.807271913010766,51.87191591587986,50.03835838600354,51.33959579467773,396117
2001-08-07,50.68897337655653,53.29144433930196,50.57068043839778,53.23229598999024,398733
2001-08-08,52.64082621141421,53.23229464775902,50.03835531428905,50.097503662109375,395633
2001-08-09,49.68347813461189,49.97921236246195,46.60783163566995,47.90906524658203,527500
2001-08-10,46.96271662530827,47.90906770721951,44.95171775589819,45.543190002441406,445400
2001-08-13,47.49504399077673,49.38774629294903,45.48404497436976,49.03286743164063,467533
2001-08-14,49.26944944826528,49.74262498644066,47.49504023999135,47.672481536865234,441950
2001-08-15,47.90906624561384,48.02736294759245,44.12365827298885,44.537689208984375,472467
2001-08-16,43.59133938658974,43.88707362895565,37.26260854972765,41.4620475769043,2534033
2001-08-17,39.56934071169142,40.51569176884183,37.9132244814458,38.622989654541016,638433
2001-08-20,39.15531452775932,40.515692796752425,38.44554933665688,39.037017822265625,328150
2001-08-21,39.983371740061024,40.633988563383895,37.26260774400913,37.55834197998047,345433
2001-08-22,38.32725756315519,38.622991814999104,33.181467291303946,34.305259704589844,730000
2001-08-23,33.772933838501416,34.54184736130992,30.519849735741797,31.052173614501957,519267
2001-08-24,32.23511402850158,35.31075681111869,31.46620239273111,34.24611282348633,689867
2001-08-27,34.541843844941,35.961370283328435,33.95037167526457,34.06866836547852,396433
2001-08-28,34.18695808430058,34.30525100293971,31.347901713712773,33.8912239074707,355000
2001-08-29,33.772936819987635,34.1278194371569,31.88023454237176,33.358909606933594,453817
2001-08-30,31.9393755281687,32.885726448590106,31.52534465019416,32.29425430297852,307317
2001-08-31,32.47170191667909,33.41805678251437,31.939381770198956,32.64914321899414,235667
2001-09-04,33.122314058669325,34.95587141471597,32.294256019179365,32.530845642089844,405967
2001-09-05,33.12231364960421,33.24061033983071,29.33690793327042,31.939376831054688,662383
2001-09-06,30.57899895196421,31.052174492982434,28.80458785279716,29.27776527404785,681700
2001-09-07,28.745439684176137,30.1649681037076,27.444206083035773,29.5734977722168,357267
2001-09-10,29.336910015666945,30.69729008588668,28.86373450256724,29.5734977722168,559017
2001-09-17,17.862390067743235,19.51850404706476,14.845893457858754,17.803241729736328,3415817
2001-09-18,17.80324440644702,18.03983215334954,12.006839906754598,13.899543762207031,3499767
2001-09-19,13.367221751275627,13.544662103204018,10.646459660467531,12.006840705871582,2789117
2001-09-20,12.006841035974343,14.786749673814226,11.947693623627949,13.544662475585938,1959617
2001-09-21,13.544661408858474,14.491013351056052,12.24342784088036,13.662955284118652,924450
2001-09-24,14.786747824856196,15.20077683916146,14.431866215501447,14.905041694641112,1450300
2001-09-25,14.964189913051309,15.555659294128418,14.786748628670097,15.555659294128418,1135550
2001-09-26,15.851394888764744,18.927039515047024,15.55565972007035,18.039833068847656,1375850
2001-09-27,18.927038179858418,20.701447186618537,16.856893085150116,19.991683959960938,984233
2001-09-28,21.056331693243965,24.1911228588373,20.22827357855017,22.416711807250977,917083
2001-10-01,21.58865446896544,21.58865446896544,18.39471671752308,21.17462539672852,668267
2001-10-02,19.814243436701705,22.18012282909169,19.04533183507623,21.70694732666016,689867
2001-10-03,26.024678115600626,26.08382458570749,23.30391604766418,23.717945098876957,1611900
2001-10-04,24.782590098766363,25.84723592476932,23.48135652034412,23.59965133666992,787433
2001-10-05,23.067327543732087,23.54050304980512,21.056330702805536,22.535005569458008,463017
2001-10-08,20.22827332891149,21.352065664884663,19.222773933444763,20.760595321655277,412433
2001-10-09,20.760595386120364,20.81974373678964,19.99168562974371,20.228273391723636,143417
2001-10-10,20.583154284681505,23.65879897929168,20.40571487173204,22.416711807250977,554417
2001-10-11,24.605149054520822,25.137472912833527,23.126474177295325,23.36306381225586,673650
2001-10-12,23.067330067678206,23.658800455102263,21.529508564561667,22.88988876342773,360833
2001-10-15,21.411212138941885,23.658798691519937,21.35206566867815,23.185623168945312,171083
2001-10-16,23.363064878500367,25.8472373566354,23.06732876141905,25.137474060058597,557217
2001-10-17,25.965530758922316,26.61614754858013,22.475857177819183,23.06732749938965,507550
2001-10-18,23.59965052628461,23.59965052628461,21.47035894739616,21.884387969970703,325067
2001-10-19,21.64779872147311,22.53500512828126,21.52950578738688,22.47585678100586,238417
2001-10-22,22.83073995394316,23.36306381225586,21.943535403654323,23.36306381225586,153983
2001-10-23,23.363063584250632,25.314913951884,22.771593263086253,23.59965133666992,473733
2001-10-24,23.83624015913928,25.137473795976156,22.65329946370626,23.48135757446289,529333
2001-10-25,22.94903393018865,23.777091981499687,22.475856557845017,23.244768142700195,385650
2001-10-26,22.47585836780191,25.78809083977658,22.416711896583053,25.669797897338867,1020517
2001-10-29,25.25576593448115,28.686290954458165,24.8417369230886,28.44970321655273,651300
2001-10-30,27.266764140029487,27.5033518908914,24.90088475117807,26.793588638305664,421600
2001-10-31,26.85273363540084,29.277761239337835,26.61614589749541,28.44970321655273,485333
2001-11-01,29.041177734923263,29.396060356607084,25.433210681913096,26.024681091308597,732017
2001-11-02,28.922880971646613,29.336910015666945,26.61614799499512,26.61614799499512,726100
2001-11-05,26.734441333220914,27.148470354318327,24.36856013824585,25.61064720153809,516400
2001-11-06,25.728942425441616,26.971029508626497,25.19661858397712,26.202117919921875,393333
2001-11-07,25.90638472534556,27.14847185740655,25.847236376033838,26.61614799499512,321217
2001-11-08,26.79358865088892,27.503351903807985,26.08382351773755,26.26126480102539,449800
2001-11-09,26.32041376936589,26.734442813386217,26.32041376936589,26.61614799499512,258150
2001-11-12,26.61614832041912,26.73444314025656,22.475857829594304,25.31491470336914,703183
2001-11-13,26.202117919921875,26.32041273365808,25.728942425441616,26.202117919921875,284183
2001-11-14,26.438705667162,26.793588228138333,25.610647611705414,26.202117919921875,799967
2001-11-15,25.84723492712741,27.0893219895613,25.84723492712741,26.67529296875,267150
2001-11-16,26.911883241616817,27.148472887374844,24.66429852900739,25.137474060058597,909317
2001-11-19,25.72894497644993,25.965532747147588,23.65879963255489,24.131975173950195,612500
2001-11-20,23.95453437459309,24.60515122761535,23.54050529719416,23.65880012512207,307983
2001-11-21,22.47585936677297,23.89538790074539,22.47585936677297,23.65880012512207,251367
2001-11-23,23.95453437459309,24.013682728673302,23.48135882334645,23.65880012512207,88383
2001-11-26,23.77709318643602,24.6642977491632,23.481357078705383,24.48685646057129,356500
2001-11-27,24.546002073415167,24.605148540804247,23.65879754164976,24.368560791015625,720200
2001-11-28,24.07282767998287,24.546003201302497,23.658798628770093,23.717945098876957,259700
2001-11-29,23.777091545376287,24.368559959550552,23.717943199773075,24.250267028808597,211533
2001-11-30,24.427708722064768,27.148470618584486,24.131972629698037,24.841737747192383,764617
2001-12-03,25.019178865700404,25.433207919280903,24.368562050107105,24.546003341674805,226717
2001-12-04,25.01917997802831,25.07832833133548,23.71794628899016,24.427711486816406,377733
2001-12-05,24.546003706128374,26.083825122161,24.25026946927948,25.137474060058597,520550
2001-12-06,25.433206785277417,25.906384168437608,24.42770931161375,25.19661903381348,298800
2001-12-07,25.196623315449333,27.20762236496825,24.90088904592367,26.91188621520996,491483
2001-12-10,26.497852277138584,28.56799742696948,26.497852277138584,28.09482192993164,391817
2001-12-11,28.272266669450666,33.713791191652994,28.272266669450666,32.94487762451172,1438350
2001-12-12,32.94486927696538,35.25160187298096,30.519843762310664,33.8912239074707,933917
2001-12-13,32.23511473326628,34.48269945888006,31.288761785455925,33.004024505615234,533133
2001-12-14,32.41255684790739,32.53084979422894,30.46070443127697,31.761940002441406,335950
2001-12-17,31.347909656620665,33.35890858535164,30.7564411530951,32.94487762451172,365350
2001-12-18,38.268105284616766,39.155311709640046,34.77843169347808,37.02602005004883,2618500
2001-12-19,35.606483459472656,36.84857223436978,35.488190543922826,35.606483459472656,453067
2001-12-20,34.068672613080565,35.36990628395325,31.761939512812635,32.23511505126953,984733
2001-12-21,32.175966917693486,33.12231800104566,30.87473323796801,31.99852561950684,384067
2001-12-24,32.29425735041105,32.412554046974954,30.51984826706357,31.11131858825684,135300
2001-12-26,31.466198852539165,34.12781228263265,31.347904044871104,32.116817474365234,228100
2001-12-27,32.58999577496519,35.07417002965165,32.35340613908161,34.12781524658203,352867
2001-12-28,34.89672916123834,35.48819761734147,34.12781565574659,34.71928787231445,336267
2001-12-31,34.30525671376814,34.837580576956825,33.832081199977544,34.42354965209961,244700
2002-01-02,34.5418457075783,34.896728276427986,32.94487414775471,34.60099029541016,229900
2002-01-03,34.7192880482816,35.60649073693289,33.713788659438336,35.01502227783203,231800
2002-01-04,34.719286351979136,36.49369540305303,33.41805279716064,34.7784309387207,542167
2002-01-07,35.07416891428682,35.84307862564378,33.89122829341604,34.7784309387207,293683
2002-01-08,34.30525969517856,34.48270099832924,32.53085042413683,32.94487762451172,335467
2002-01-09,32.8857370101756,34.06867792084787,32.530854360927364,33.24061965942383,269667
2002-01-10,32.76743485684059,34.48269549983402,31.70278720770168,34.06866836547852,350917
2002-01-11,34.48269523932755,35.13331198873129,32.82657919348811,33.77293014526367,221567
2002-01-14,33.29975466937589,34.30525396581158,32.64913791997214,33.77293014526367,288533
2002-01-15,33.65464030934235,35.19246356765524,33.122316439872726,35.01502227783203,229250
2002-01-16,34.00952409560729,34.89673057620039,33.06317302328458,33.29975891113281,169067
2002-01-17,33.832085176337564,34.06867484127212,32.826585681179694,33.358909606933594,120467
2002-01-18,33.063174177884264,34.30525953362461,32.53085027093911,32.64914321899414,219233
2002-01-22,33.53634679757012,35.488197191867044,33.29975716168654,34.12781524658203,619967
2002-01-23,34.36440378967144,34.896727633132976,33.12231482159452,34.7784309387207,377117
2002-01-24,34.837582785142416,35.48819962790203,33.95037629025889,34.18696594238281,182133
2002-01-25,34.246115110500085,35.192466220586624,34.009525452745926,34.305259704589844,119833
2002-01-28,35.07417199968137,38.03152193177734,34.9558752948628,37.38090133666992,848600
2002-01-29,39.21445169965406,40.160806362204205,34.60098635140485,35.36989974975586,1139317
2002-01-30,36.552839619144216,37.321749243600834,35.1924578708667,35.547340393066406,572550
2002-01-31,36.31625280165846,37.61748630917192,35.25160515343957,37.262603759765625,1030333
2002-02-01,39.62848984217899,40.75228221470108,36.19796437220345,37.38090133666992,1892733
2002-02-04,35.251608293778624,35.36990499442863,28.39055759559815,28.5679988861084,1946967
2002-02-05,27.030178655403255,27.08932512801956,23.54050480708983,24.131975173950195,1449600
2002-02-06,24.546004753767647,26.024679761587777,23.008183272099814,23.65880012512207,565483
2002-02-07,23.65879798793602,25.137472862182022,22.94903472518158,23.8953857421875,380667
2002-02-08,24.546003751346067,25.07832763493361,23.895386924894016,24.60515022277832,314950
2002-02-11,25.07832549294641,25.25576677232,24.60514812120609,24.841737747192383,240567
2002-02-12,24.605148540804247,24.900884638214247,23.954531758827464,24.368560791015625,239467
2002-02-13,24.36856345199203,24.66429958169556,23.06732974594752,23.65880012512207,280583
2002-02-14,23.658794599024507,24.250264840046533,23.363060418629527,23.42220687866211,206650
2002-02-15,23.540503870760087,23.954532923070985,22.12097730303621,23.185623168945312,207467
2002-02-19,22.7124466795014,22.83073961499313,21.58865251093612,21.70694732666016,236600
2002-02-20,22.061829180255856,23.008182115405475,21.94353623850741,22.94903564453125,155117
2002-02-21,23.24477040559716,25.55150350449273,22.71244839520796,23.836240768432617,431433
2002-02-22,24.368563228859934,26.49785507020534,23.54050508164422,25.255769729614254,672683
2002-02-25,26.379559435867236,26.379559435867236,24.36856074602807,25.43320655822754,511767
2002-02-26,25.965534614438823,26.438710189862185,25.314917728173555,26.024681091308597,334933
2002-02-27,26.142975925280734,26.497856666731955,25.788093303596916,26.024681091308597,209800
2002-02-28,26.37956236513901,26.37956236513901,23.48135882334645,23.65880012512207,370017
2002-03-01,23.836237785740128,25.019176483154297,23.77709132092747,25.019176483154297,288433
2002-03-04,25.610648644159244,26.85273577741696,25.078326661467287,26.083824157714844,619533
2002-03-05,26.083822674929536,27.56249748090692,25.669795534278823,27.207616806030277,668750
2002-03-06,27.14847185740655,30.756438435198408,26.379560238445265,29.5734977722168,1532033
2002-03-07,30.16496728155998,30.16496728155998,28.21311693304721,28.39055633544922,702417
2002-03-08,28.98202767005368,30.75643867856658,28.390557333882715,29.33691024780273,618900
2002-03-11,30.815584325921385,32.175964370609094,30.460701757640976,31.64364051818848,1139600
2002-03-12,31.28876075847093,31.347907228195087,29.691792914292044,30.697290420532227,542317
2002-03-13,30.81558585068602,31.939380079102225,30.697291028661848,31.052173614501957,484750
2002-03-14,31.702790681348315,32.057673269945454,30.46070350149075,30.81558609008789,569983
2002-03-15,30.519848982222918,30.933878028736743,29.277763722913782,29.86923217773437,383067
2002-03-18,30.401556625115106,31.05217344205383,29.573498516241745,30.75643920898437,313467
2002-03-19,31.05217189434152,31.76193702670372,30.460701577450457,31.3479061126709,311383
2002-03-20,30.81558457593442,31.584496186702868,30.578996821905434,31.407054901123047,229667
2002-03-21,31.466199859921648,32.64913857331285,31.40705339431015,32.530845642089844,361050
2002-03-22,32.53084692358217,33.29975664751816,31.93937848370289,32.17596435546875,274267
2002-03-25,32.412552310567385,32.53084524032945,30.46070016717113,31.939376831054688,321633
2002-03-26,31.170465884410664,31.9393774640313,30.046671748006315,31.229612350463867,177733
2002-03-27,30.933880194220684,31.939381526408575,30.46070464514726,31.52535057067871,162667
2002-03-28,31.643639265836036,32.116818511792765,30.460700552105404,30.933876037597656,184100
2002-04-01,30.75644021606409,32.1168222452853,30.16496985032585,31.170469284057617,261167
2002-04-02,30.57899812843036,31.34790789181908,30.46070330624541,30.51984977722168,242900
2002-04-03,30.51984755390918,30.75643718104397,25.13747208135424,27.799087524414062,619900
2002-04-04,27.030178478941703,28.09482438024703,26.675295885095775,27.089324951171875,205717
2002-04-05,27.148473303634496,28.390558621630333,26.616149412865607,27.089324951171875,198683
2002-04-08,26.083822674929536,27.325909737578407,25.13747170161549,27.207616806030277,232150
2002-04-09,27.444205657246915,28.44970501715802,25.965530791577287,26.5570011138916,174100
2002-04-10,26.320413967021004,26.37956043654454,23.540503576161505,23.954532623291016,519800
2002-04-11,23.83624090848708,24.723445517836986,22.771595001220703,22.771595001220703,495383
2002-04-12,23.363064633059032,24.36856215592145,22.889887226746385,23.48135757446289,383183
2002-04-15,25.90638498320123,26.55700179024724,25.255768176155225,25.84723663330078,476633
2002-04-16,26.61614769990725,28.331410326051166,26.557001231483618,27.917381286621094,299033
2002-04-17,28.21311738920391,28.68629289705761,26.911881922257727,27.917381286621094,248600
2002-04-18,27.385059128745542,28.39055660620884,26.20211848672338,27.62164688110352,295067
2002-04-19,28.33140840748392,29.455200632592756,27.50335038469882,28.44970321655273,213450
2002-04-22,28.50885255234478,29.573498420265025,28.21311832023509,29.39605712890625,268600
2002-04-23,29.51435404179029,29.573500516357903,28.213120319907752,28.33141326904297,208200
2002-04-24,29.2186156978244,29.9283808598654,28.44970594592316,28.5679988861084,213867
2002-04-25,28.390558472772543,30.10582308054605,27.91738293694724,30.046674728393555,404483
2002-04-26,30.16496843255005,31.05217299934192,29.514351624887198,30.697290420532227,415117
2002-04-29,30.93387654464504,31.111317824671197,27.50335139824698,28.863733291625977,343050
2002-04-30,28.922878895837297,30.756436227793778,28.62714469143306,29.810083389282227,395900
2002-05-01,30.164969030134092,31.28876137831789,29.218616094637945,31.052173614501957,774100
2002-05-02,26.616145868794938,27.32590908174588,23.65879632781772,24.19112014770508,1395067
2002-05-03,24.605151065186984,25.01918013985275,24.072829043606703,24.723445892333984,334017
2002-05-06,24.664299045275648,25.43320882927042,22.653300175865567,22.771595001220703,313067
2002-05-07,23.599653923071557,24.19112430905807,19.459363101398463,20.70145034790039,937967
2002-05-08,21.825239385811617,24.546001235895726,21.29291743700833,24.250267028808597,470033
2002-05-09,23.95453437459309,24.309416978144327,23.36306587565105,23.65880012512207,298817
2002-05-10,23.77709285308829,24.013680607816493,23.24476899477559,23.36306381225586,167533
2002-05-13,23.481357437461245,25.13747364931192,23.422210967104405,25.07832717895508,170800
2002-05-14,25.55150283727213,26.67529518115145,25.55150283727213,25.90638542175293,230583
2002-05-15,25.492356695424235,26.616149053799155,23.777093982029516,24.60515022277832,225983
2002-05-16,24.605147701266706,24.605147701266706,23.65879673440209,24.250267028808597,227450
2002-05-17,24.368561561219245,25.84723645430801,24.072827334694438,25.551502227783203,197950
2002-05-20,25.255769630792045,25.551503876398,24.25027018735984,24.427711486816406,166517
2002-05-21,24.427709599427583,24.84173863942576,23.77709280517793,23.8953857421875,133833
2002-05-22,23.777091981499687,24.191121007155203,23.06732686310037,23.244768142700195,176467
2002-05-23,24.78258915934326,25.90638329102609,24.605147881696908,25.61064720153809,358200
2002-05-24,25.49235884795572,25.5515053243822,24.72344713348114,24.900888442993164,126717
2002-05-28,25.13747329515601,25.314914583958995,23.777093214720395,23.954532623291016,168883
2002-05-29,24.07282575246342,24.90088378858607,23.836238010747262,24.250267028808597,91350
2002-05-30,23.954531571413096,24.368560600362,23.71794382347548,24.072826385498047,77167
2002-05-31,24.36856277882181,24.486857603481884,23.59965299934492,23.836240768432617,109867
2002-06-03,24.131974150089725,24.250268970535824,23.30391604766418,23.717945098876957,107500
2002-06-04,23.30391687781097,24.19112336218038,23.30391687781097,23.836240768432617,121600
2002-06-05,23.954533597425144,24.01368194958637,22.83074122961596,23.00818252563477,158533
2002-06-06,23.0081813114306,23.0081813114306,22.180123227196667,22.298418045043945,130467
2002-06-07,22.180120073325853,23.36306056266273,20.997179583988977,22.653295516967773,232017
2002-06-10,23.77709210053635,27.148470789114665,23.717943753552117,26.202117919921875,831650
2002-06-11,26.083824297433733,26.14297264711928,24.368561641432564,24.48685646057129,238917
2002-06-12,24.309413494179573,24.723442512240897,23.126472905366576,24.250267028808597,154217
2002-06-13,24.546000814064445,25.37405883595664,23.954530529822563,24.19112014770508,102583
2002-06-14,24.07282767998287,24.250268970535824,23.540503808323997,23.717945098876957,114500
2002-06-17,23.8953868386814,26.08382507610328,23.8953868386814,25.669797897338867,385483
2002-06-18,25.55150137301961,26.0838233390032,25.255767156387872,25.43320655822754,107700
2002-06-19,25.19662022498642,25.433207987635075,23.9545330609067,24.013681411743164,156900
2002-06-20,23.954530529822563,24.960029825010544,23.71794279217225,24.19112014770508,174467
2002-06-21,24.250268142530583,24.84173846410105,23.06732749938965,23.06732749938965,268583
2002-06-24,22.88988906512177,23.008183896258757,20.760597146516613,21.29292106628418,549483
2002-06-25,21.706947068748512,22.71244640964289,21.588652254429995,22.47585678100586,156350
2002-06-26,17.625804360281776,17.744099182131578,14.668455436709383,16.73859977722168,1128167
2002-06-27,17.507508772572752,17.921537766121947,15.2599225389868,16.916038513183594,315300
2002-06-28,16.679453548036587,17.507511672283485,15.437366361666236,16.502012252807617,386517
2002-07-01,16.561157045629443,16.561157045629443,14.964189310921986,15.200777053833008,213767
2002-07-02,15.200777542733276,15.319071417993454,12.894044624869418,13.662955284118652,238333
2002-07-03,13.48551494128646,14.195278192847532,13.308073658338117,13.662955284118652,219683
2002-07-05,14.550161244690411,14.964190291986853,14.372719955815883,14.668455123901367,151767
2002-07-08,14.786749673814226,15.082484855313757,13.308074706432803,13.544662475585938,231017
2002-07-09,13.722102266000014,14.668454178831606,13.60380839441058,14.136131286621094,159150
2002-07-10,14.431867719392152,15.319072305289335,13.958691250828435,14.313573837280272,168650
2002-07-11,14.195278192847532,14.550160758744218,13.426367533598295,13.662955284118652,153700
2002-07-12,14.076984948310466,14.609307880890215,13.78124977685145,14.01783847808838,129700
2002-07-15,14.017840121001868,14.78675090481994,13.899546226577264,14.254427909851074,112250
2002-07-16,14.609308709770588,15.614808161756477,14.136133160682816,15.08248519897461,136767
2002-07-17,15.259923504488226,16.679451840789902,14.964189296198487,16.265422821044922,209900
2002-07-18,15.969690763688554,16.679454087320213,15.08248519897461,15.08248519897461,143133
2002-07-19,15.023337364196776,16.26542455591254,13.899544996553566,15.023337364196776,187367
2002-07-22,14.372719650220732,14.786748688714017,13.958690611727446,14.491013526916504,129517
2002-07-23,14.668455324647722,14.7867492054776,12.18428100687171,12.53916358947754,187133
2002-07-24,11.947693023343303,12.95319240189943,11.237928811428164,12.775751113891602,630967
2002-07-25,12.775751859752502,12.834899272580254,10.764753925352396,11.119635581970217,404083
2002-07-26,11.770252444969222,11.770252444969222,10.05498969120018,10.173283576965332,500667
2002-07-29,11.474518178704267,11.59281206424354,10.646460039813125,11.119635581970217,639817
2002-07-30,11.592811311124352,11.592811311124352,10.646459348173057,10.883047103881836,353750
2002-07-31,11.178781729280486,11.237928195296204,10.646458834558372,10.942193984985352,619083
2002-08-01,13.95869192340342,14.195279699026742,11.829400062561035,11.829400062561035,1709767
2002-08-02,12.243428033966184,12.953192236836792,11.71110511684227,11.94769287109375,803133
2002-08-05,12.06598666306178,12.302574415643504,11.533663749694824,11.533663749694824,408783
2002-08-06,11.888546824547255,12.420869760564822,11.651958121782403,12.006840705871582,641433
2002-08-07,12.36172234984456,12.539163641889148,11.947693295151318,12.006840705871582,378767
2002-08-08,12.125134999707626,12.184281472323924,11.947693701626273,12.065987586975098,176383
2002-08-09,11.888546824547255,12.420869760564822,11.829399413826993,12.006840705871582,176317
2002-08-12,12.006839633872412,13.30807315237898,11.829398357670204,13.189779281616213,300133
2002-08-13,13.130632310537582,13.840396498709278,12.00684003105822,12.71660327911377,919650
2002-08-14,12.539162522362927,13.30807315237898,12.302573840721276,13.189779281616213,142233
2002-08-15,13.012338753663665,13.248926508793726,12.539163243403538,12.894044876098633,129983
2002-08-16,12.894047063918828,13.189782278068886,12.539165371008556,13.071488380432127,122433
2002-08-19,12.953191638803668,13.722102274679392,12.775750361249225,13.603808403015137,127333
2002-08-20,13.426367533598295,13.958690442327176,13.248926250649951,13.662955284118652,360150
2002-08-21,14.076985132940312,14.609308072501864,14.017838661942475,14.313573837280272,243000
2002-08-22,14.609307966186238,16.028836421430913,14.254426322433169,15.378219604492188,327233
2002-08-23,15.85139457179114,16.79774746873586,15.378219063434946,15.437365531921388,226450
2002-08-26,15.969690763688554,16.442866312776328,14.195279634260665,15.08248519897461,292183
2002-08-27,15.141632281227404,15.496514897425325,13.899545944883537,14.076986312866213,180500
2002-08-28,13.958692259725217,14.372721347099802,13.722104478401532,13.781250953674316,206967
2002-08-29,13.781248731736673,14.254425158210529,13.781248731736673,14.136131286621094,81967
2002-08-30,13.958690228874593,14.55016053624703,13.781248948639634,13.899543762207031,83100
2002-09-03,13.840396919792813,14.195278554617593,12.420869440377524,13.30807399749756,269350
2002-09-04,13.308074706432803,13.958691541662034,13.248927294086409,13.544662475585938,133067
2002-09-05,13.426368361439046,13.603809655328035,12.775751537334369,12.834898948669434,109250
2002-09-06,13.071486761967106,13.899544883013524,12.894045467423956,13.248927116394045,119883
2002-09-09,13.248926048050896,14.31357278934451,13.248926048050896,13.899543762207031,95450
2002-09-10,13.603809012420273,14.37271968274062,13.603809012420273,13.958690643310549,125433
2002-09-11,14.19527851493626,14.19527851493626,13.603809125215015,13.840396881103516,75583
2002-09-12,13.722102274679392,14.195277761336415,13.426367125460692,13.603808403015137,71033
2002-09-13,13.544661107062243,13.840396258681324,13.248925955443164,13.485514640808104,73517
2002-09-16,13.30807403779891,13.544661795065233,12.480015947250612,12.775751113891602,77533
2002-09-17,13.130632870569585,13.426368039930813,12.420869592242065,12.65745735168457,102567
2002-09-18,12.539164329547248,12.657458217358908,11.829400062561035,11.829400062561035,168150
2002-09-19,11.888547055623022,12.006840939246606,10.764753751024635,10.82390022277832,211917
2002-09-20,11.060489109258697,11.770252422494332,10.52816615427385,11.119635581970217,223350
2002-09-23,11.060488509545994,11.474517556542423,10.528165583424324,10.764753341674805,138817
2002-09-24,10.82389907774767,11.23792809668933,9.463519089929209,9.995841979980469,290883
2002-09-25,9.99584318442802,10.232430955154827,8.103139138381103,8.812902450561523,806700
2002-09-26,8.990344464872475,9.40437356668576,8.872050570085294,9.04949188232422,190650
2002-09-27,9.286076545715332,9.995840615610692,8.990341438249267,9.286076545715332,157950
2002-09-30,9.463519917551237,9.522666388220566,8.576314396465444,8.635461807250977,202350
2002-10-01,8.872049105558744,9.167784263767269,8.221432321569688,9.108636856079102,190867
2002-10-02,9.167785046767966,9.345225404754954,8.753755977937937,8.812902450561523,178150
2002-10-03,8.87204901583402,8.990342889897871,8.576313860616326,8.694607734680176,120600
2002-10-04,8.872049822092738,9.16778500418574,8.28057945790673,8.398874282836914,90367
2002-10-07,8.458020625856825,8.517168037417512,7.452521680196743,7.570815563201904,165150
2002-10-08,7.74825717940505,7.925698011278524,6.861052079921428,7.275081157684326,241033
2002-10-09,6.979346318308658,7.275081523006408,6.506170272827148,6.506170272827148,285983
2002-10-10,6.506169343743489,7.038492260136986,6.210434651334924,6.979345321655273,247583
2002-10-11,7.156786320333991,8.221432110452882,7.156786320333991,7.807403087615967,224200
2002-10-14,8.221433414833074,8.990344176329927,7.86655127180322,8.872050285339355,204550
2002-10-15,9.463520158753598,10.054989581103056,9.34522533416748,9.34522533416748,416900
2002-10-16,9.10863752225242,9.10863752225242,8.103139038944247,8.931197166442871,226100
2002-10-17,9.286078114829293,9.995842304656977,9.226930707295258,9.64095973968506,353650
2002-10-18,9.463517953310497,9.818399524016138,9.345223156292612,9.700105667114258,135333
2002-10-21,10.114136351592634,10.46901798248291,9.700107312162562,10.46901798248291,127533
2002-10-22,10.29157791996371,10.94219573075198,10.05499013792231,10.64646053314209,149717
2002-10-23,10.705605300574092,11.356223007559898,10.587311428426526,10.942193984985352,139033
2002-10-24,11.35622443634745,13.24892756895578,11.23792960920045,12.361722946166992,431567
2002-10-25,12.420868647178793,13.722102165222168,11.947692224180038,13.722102165222168,240117
2002-10-28,14.37272073873283,14.668455922927729,13.367222240609667,13.426368713378906,369333
2002-10-29,13.426368039930813,14.78674906689951,11.770251843600889,12.65745735168457,337783
2002-10-30,12.598309185950866,13.722102386056918,12.598309185950866,13.485514640808104,190433
2002-10-31,13.485517492218944,13.958693082765972,12.953194482795372,13.071488380432127,225417
2002-11-01,13.012338753663665,13.012338753663665,12.539163243403538,12.894044876098633,220767
2002-11-04,13.485514669605449,13.54466113598589,12.361721467099615,12.420868873596191,451433
2002-11-05,12.420869123828703,13.958690442327176,12.12513396562018,13.662955284118652,529567
2002-11-06,10.17328231658681,10.646458741141329,8.753754923155489,9.995841979980469,2191800
2002-11-07,9.463519306023834,9.759253520492717,9.167784151438813,9.226930618286133,389250
2002-11-08,9.404372378654855,9.522666258498264,8.517167809771188,8.753755569458008,590833
2002-11-11,8.635461863731702,8.753755745960275,8.04399151247263,8.10313892364502,223583
2002-11-12,8.221433414833074,9.22693195831107,8.103139523842502,8.872050285339355,310200
2002-11-13,8.635462503358212,9.22693195831107,8.280579890270221,8.872050285339355,209017
2002-11-14,9.226929148175724,9.40437040067856,8.990341438249267,9.286076545715332,214417
2002-11-15,9.28607967189858,9.345226149234016,8.753756675298115,9.04949188232422,209767
2002-11-18,9.404372014287624,9.404372014287624,9.049490388507088,9.108636856079102,203600
2002-11-19,9.1677857771114,9.1677857771114,8.872050570085294,9.04949188232422,194667
2002-11-20,9.10863761721081,9.936695753342017,8.93119725955143,9.759254455566406,277000
2002-11-21,10.114137395602096,10.705606841472347,10.054989980956938,10.350725173950195,533417
2002-11-22,10.409872338917175,10.942195297490905,10.054989739790532,10.587312698364258,302083
2002-11-25,10.705605891764336,11.829399149399071,10.705605891764336,11.297076225280762,497867
2002-11-26,11.711105949782812,12.480016675846205,10.942195223719422,11.119635581970217,483350
2002-11-27,11.415370146921711,11.711105314792905,10.054989126807184,10.764753341674805,1594033
2002-11-29,10.8239007306464,10.8239007306464,10.173283870130987,10.350725173950195,215150
2002-12-02,10.646460060142171,10.942195244613163,9.995843218375724,10.173283576965332,440533
2002-12-03,10.114134636328842,10.29157495162366,9.463517953310497,9.700105667114258,338983
2002-12-04,9.581814097907026,10.291577408777004,9.28607891498642,9.759254455566406,322817
2002-12-05,9.99584316597263,10.054989638487012,9.64096057042141,9.759254455566406,195400
2002-12-06,9.581813272267173,9.877548429705053,9.522665864733137,9.64095973968506,181217
2002-12-09,9.522664411703436,9.759252125507196,9.463517953310497,9.700105667114258,342017
2002-12-10,9.64096057042141,9.759254455566406,9.522666685276413,9.759254455566406,209917
2002-12-11,9.877548429705053,10.05498877207486,9.46351939731525,9.64095973968506,182517
2002-12-12,9.818400155125753,9.818400155125753,9.46351856160894,9.522665023803713,178600
2002-12-13,9.46351958946194,10.350724139673172,9.34522477199202,9.936695098876951,335117
2002-12-16,9.995842304656977,10.173282647026785,9.581813272267173,9.64095973968506,217467
2002-12-17,9.5818116531814,9.759251965568248,9.167782690752103,9.286076545715332,313250
2002-12-18,9.286078818178186,9.52266658600173,8.872049754428875,8.931197166442871,336583
2002-12-19,8.812902088360282,9.108637259672491,8.103138805350405,8.22143268585205,459183
2002-12-20,8.339726870371821,8.576314639999733,8.221432985557867,8.398874282836914,319467
2002-12-23,8.339726196829867,9.167784263767269,8.221432321569688,9.108636856079102,255050
2002-12-24,8.931197166442871,9.167784934266416,8.63546198660533,8.931197166442871,58683
2002-12-26,8.93119785837831,9.22693212101134,8.694609132109075,9.16778564453125,137367
2002-12-27,8.99034309387207,9.16778437905173,8.694607931944692,8.99034309387207,112433
2002-12-30,8.872049217124351,9.04949050230401,8.339726301701537,8.99034309387207,227400
2002-12-31,8.812901394654416,9.522665561911534,8.753754929117394,9.463519096374512,395883
2003-01-02,9.581813991801996,10.054989527142231,9.463520107966938,9.877549171447754,172217
2003-01-03,9.99584198678832,10.054988452325343,9.286077819531204,9.463519096374512,136333
2003-01-06,9.22693151939155,9.581814115597991,8.51716820721113,8.812902450561523,361033
2003-01-07,8.931197276041159,8.931197276041159,8.635462092574533,8.812902450561523,502167
2003-01-08,8.69460856519812,8.812902450561523,8.635462092574533,8.812902450561523,132900
2003-01-09,8.753755977937937,8.87204986330134,8.69460856519812,8.812902450561523,143850
2003-01-10,8.812902450561523,8.87204986330134,8.69460856519812,8.812902450561523,128633
2003-01-13,8.87204986330134,8.931197276041159,8.69460856519812,8.812902450561523,123983
2003-01-14,8.872049449301418,8.872049449301418,8.635461689614598,8.753755569458008,414600
2003-01-15,8.75375568870584,8.812902159375174,8.576314396465444,8.635461807250977,171150
2003-01-16,8.69460852481369,8.75375593727878,8.398874282836914,8.398874282836914,108017
2003-01-17,8.635462602669023,8.812902971137367,8.162286093148767,8.339727401733398,134567
2003-01-21,8.280579692919817,8.339727107063586,8.043991916577253,8.162285804748535,107267
2003-01-22,8.221432110452882,8.280578576506084,7.689109215393437,7.807403087615967,208200
2003-01-23,7.925697564748139,8.043991445999163,7.511668510311459,7.689109802246094,166600
2003-01-24,7.807402926733361,7.866549861625819,7.275080042643181,7.452520847320557,199717
2003-01-27,6.920198792258645,7.629962566054715,6.920198792258645,7.511668682098389,211683
2003-01-28,7.511667105243038,8.280577659606934,7.452520175681047,8.280577659606934,171767
2003-01-29,8.22143268585205,8.753755618167554,7.925697514539839,8.22143268585205,119867
2003-01-30,8.162285513916295,8.280579397872621,7.511668682098389,7.511668682098389,107667
2003-01-31,7.452521569685947,7.8665506241226275,7.393374629060436,7.689109802246094,113900
2003-02-03,7.570815563201904,7.748256857767752,7.393374738694163,7.570815563201904,67867
2003-02-04,7.511668621699324,7.689109916265172,7.275080855689002,7.570815563201904,118667
2003-02-05,7.452521569685947,7.748256742871605,7.393374629060436,7.689109802246094,97500
2003-02-06,7.57081587747345,7.74825717940505,7.275081157684326,7.275081157684326,70617
2003-02-07,7.275080564779273,7.570815260466588,7.156786686504347,7.393374443054199,68183
2003-02-10,7.393374582224334,8.280579156044777,7.275080701722688,8.22143268585205,185250
2003-02-11,7.629962199604051,7.925697365349454,7.156786686504347,7.393374443054199,282300
2003-02-12,7.2159336054704655,7.334227483414714,6.8019045626075085,6.920198440551758,324900
2003-02-13,7.038491888692073,7.097638824052403,6.742757211890424,6.861051082611084,246050
2003-02-14,6.801904296256227,7.215933322906494,6.68361042294417,7.215933322906494,87800
2003-02-18,7.275080855689002,7.570815563201904,7.215933914186421,7.570815563201904,127483
2003-02-19,7.4525219895578,7.4525219895578,7.156787269768677,7.275081157684326,178617
2003-02-20,7.393374798142062,7.511668682098389,7.038492676214973,7.511668682098389,94617
2003-02-21,7.33422697753564,7.511667782213015,7.275080042643181,7.452520847320557,58533
2003-02-24,7.984844206916284,8.812901295975625,7.92569680192542,8.517167091369629,651000
2003-02-25,8.339726248922984,8.398873656980607,7.8665502748685565,8.043991088867188,207917
2003-02-26,8.043991204357631,8.103138613264454,7.748256510113945,7.925697326660156,93100
2003-02-27,8.04399187924237,8.16228576686461,7.629962802506402,7.748257160186768,151217
2003-02-28,7.748256151504702,7.925696959838496,7.570814873112844,7.807403087615967,87250
2003-03-03,7.748256693787369,8.280579156044777,7.748256693787369,8.22143268585205,115150
2003-03-04,8.280578840865362,8.280578840865362,7.8665502748685565,8.043991088867188,77067
2003-03-05,8.04399151247263,8.221432805873592,7.807403748015483,8.10313892364502,67633
2003-03-06,7.98484497543175,8.043991445999163,7.629962391562482,7.689109802246094,147267
2003-03-07,7.629962391562482,8.043991445999163,7.511668510311459,7.689109802246094,143917
2003-03-10,7.452521621202306,7.62996244430542,7.3342277391335635,7.62996244430542,144983
2003-03-11,7.393374680167935,7.62996244430542,7.393374680167935,7.62996244430542,66733
2003-03-12,7.511668510311459,7.8665506241226275,7.452521569685947,7.689109802246094,105383
2003-03-13,7.866550689129769,8.280579276929776,7.748256806901196,8.10313892364502,250767
2003-03-14,8.221433509382406,8.458021294084391,8.103139617031413,8.339727401733398,166100
2003-03-17,8.043992200797774,8.339727401733398,7.984845724680421,8.339727401733398,132483
2003-03-18,8.221432238424775,8.75375514177017,8.16228483133478,8.694607734680176,174350
2003-03-19,9.640959945159311,11.94769290617472,9.640959945159311,11.415369987487791,2524550
2003-03-20,11.237929543274786,11.474518256064629,10.409872338917175,10.587312698364258,827200
2003-03-21,10.883045819115008,11.001339683004554,10.232429097664468,10.705604553222656,490833
2003-03-24,10.29157704728866,10.40987186839482,9.877548933881892,10.114136695861816,291067
2003-03-25,9.9958436624701,10.94219573075198,9.75925494031242,10.64646053314209,305717
2003-03-26,10.76475394590732,10.82390041873178,10.05498969120018,10.173283576965332,136800
2003-03-27,10.173283701977075,10.40987241653087,9.463520378664429,10.0549898147583,130500
2003-03-28,9.936695753342017,10.17328352363201,9.522666685276413,9.759254455566406,78817
2003-03-31,9.759252125507196,10.17328109472178,9.404370554801554,9.700105667114258,120433
2003-04-01,9.759254455566406,9.99584316597263,9.581814097907026,9.759254455566406,186900
2003-04-02,10.054988445477209,10.17328231658681,9.818400703258009,9.995841979980469,148683
2003-04-03,10.114136939117872,10.173283410977293,9.818401759472115,9.877549171447754,73100
2003-04-04,9.93669618057534,10.054990070806443,9.759254875170551,9.818402290344238,50867
2003-04-07,10.40987186839482,10.646459630374745,9.759254112775734,10.114136695861816,169967
2003-04-08,10.114136384965668,10.114136384965668,9.8184012215232,9.936695098876951,36983
2003-04-09,10.054989338729628,10.291577101966514,9.463519930637418,9.58181381225586,173600
2003-04-10,9.818401759472115,10.173283410977293,9.581813991801996,9.877549171447754,110433
2003-04-11,10.054988976230703,10.17328285358446,9.8184012215232,9.936695098876951,55433
2003-04-14,9.936695643307171,9.995843055282814,9.759254347496476,9.877549171447754,82217
2003-04-15,9.87754810282387,10.705605200084138,9.87754810282387,10.528164863586426,245933
2003-04-16,10.883046578853506,11.356223007559898,10.646458834558372,10.942193984985352,269183
2003-04-17,11.17878223254164,11.592811273755492,10.823899660006242,11.415369987487791,660917
2003-04-21,11.415369996361486,13.248926508793726,11.356223527637054,12.894044876098633,1552550
2003-04-22,12.539163163161806,13.012338670393946,12.243428001083638,12.480015754699709,495683
2003-04-23,12.420868873596191,12.894044365104246,11.947692441972002,12.420868873596191,313600
2003-04-24,12.42087018313781,12.539164068486636,12.0068411143588,12.065987586975098,263700
2003-04-25,12.125133736030802,12.539162761659863,11.533663430813249,11.888545989990234,337250
2003-04-28,12.125133928118732,12.480015552801664,11.88854617833011,12.184280395507812,314467
2003-04-29,12.243427609051087,12.480015355091655,11.592810837381457,11.888545989990234,489583
2003-04-30,11.829398830044925,13.248926275999208,11.711104954558412,13.130632400512695,665750
2003-05-01,13.603809426068995,14.609307880890215,13.603809426068995,14.01783847808838,1777667
2003-05-02,17.448360999222,19.28191622121004,16.561154736707813,18.572153091430664,4613950
2003-05-05,19.04533176734844,19.22277305018733,17.744098200172925,18.74959754943848,1307683
2003-05-06,18.86788983412944,20.34656463317362,18.217273072968577,19.991683959960938,1164433
2003-05-07,19.636804506496016,19.755099336396444,18.335570778753983,18.808746337890625,467633
2003-05-08,18.335565490406527,18.63129965951309,17.152625053516303,17.803241729736328,495083
2003-05-09,17.921541725107172,18.098983030145067,16.620307995139296,17.448366165161133,436750
2003-05-12,17.62580393951454,19.45936141290473,17.50751100072106,19.10447883605957,621033
2003-05-13,18.927040846749737,19.814245475140268,18.394716941575915,19.57765769958496,369133
2003-05-14,19.873391506684037,19.93253797919841,19.22277466832844,19.51850891113281,182800
2003-05-15,19.34107066855193,19.51851009687445,18.335571173561423,18.86789321899414,314117
2003-05-16,18.39471532065774,20.050831483842614,18.335568852038943,19.873390197753903,422950
2003-05-19,19.75509752035316,19.87339045914664,18.453862031998348,19.10447883605957,375667
2003-05-20,19.104481124001413,19.57765857653988,18.217276455869737,18.3355712890625,301433
2003-05-21,18.92703559643634,19.1044749687072,18.453858296351445,18.572153091430664,285133
2003-05-22,18.749597232668503,22.47585658840189,18.51300948629117,22.18012237548828,1087817
2003-05-23,22.889886106749675,25.25576738185369,22.06182803650973,25.19661903381348,2275983
2003-05-27,23.895385557135956,26.616147530306247,23.303915235971573,23.59965133666992,1066217
2003-05-28,24.191123667895567,26.557003268903745,23.599653297585405,26.32041549682617,1059117
2003-05-29,26.55700248655139,26.61614895777025,24.48685719156722,25.669797897338867,861467
2003-05-30,25.728941824708723,25.84723475545068,24.07282575246342,24.250267028808597,501833
2003-06-02,24.723444491855453,24.78259096196231,22.002682423919005,23.717945098876957,864350
2003-06-03,23.18562190645238,23.363063187814006,21.233771571939023,22.47585678100586,1337150
2003-06-04,22.23927009854442,25.669797315421423,22.23927009854442,24.782590866088867,1134167
2003-06-05,24.66429812599241,25.728943993577506,23.59965225840732,25.07832717895508,480667
2003-06-06,25.55150170430329,25.90638427304838,23.54050298839086,23.59965133666992,635417
2003-06-09,23.777091981499687,23.83623844795554,22.002681065733647,23.244768142700195,650150
2003-06-10,22.94903534679065,23.83623991932305,22.77159405623769,23.717945098876957,539983
2003-06-11,23.717944272763408,23.777092621042467,23.008181015505546,23.59965133666992,234267
2003-06-12,23.71794856890358,27.917386165531944,23.54050725239028,26.142976760864254,1743067
2003-06-13,26.083824695950938,26.61614856985968,24.72344459634925,25.07832717895508,610067
2003-06-16,25.13747208082439,25.4824965834704,23.21519405196256,24.861452102661133,1109100
2003-06-17,24.94031579670379,24.94031579670379,23.658798307158957,23.806665420532227,847200
2003-06-18,23.796806968363484,24.644581162011008,22.229411456041,24.55586051940918,1051000
2003-06-19,24.51643101449598,25.53178659011024,24.1911226071249,24.674156188964844,707100
2003-06-20,24.48685544532701,25.54164319463284,23.65879738638495,25.41349220275879,523300
2003-06-23,25.374061209665133,25.43320767955273,23.441926897989635,23.570077896118164,465400
2003-06-24,23.402490909516853,23.64893668810936,22.002678811902115,22.653295516967773,466000
2003-06-25,22.475857320646117,23.41235215910317,22.475857320646117,23.08704376220703,255000
2003-06-26,23.106760526277945,23.60951022289152,22.909603118896484,22.909603118896484,218800
2003-06-27,22.8208812013396,23.067327006710936,21.16476508840703,21.391496658325195,741100
2003-06-30,21.312636436202844,22.091404289704496,20.79017059406858,22.002683639526367,723700
2003-07-01,22.09140438323861,22.09140438323861,21.01690039784963,21.470361709594727,446800
2003-07-02,21.233772462419783,24.1516900286793,21.04647311532415,23.954532623291016,981400
2003-07-03,23.530648938985976,25.87681243953484,23.51093282110958,25.12761688232422,680700
2003-07-07,25.236052204239776,25.63036513800882,24.989606385605075,25.46278190612793,339800
2003-07-08,25.22619597321768,26.73444516940121,25.137475321663796,26.27112579345703,632200
2003-07-09,26.21197924199091,26.517571551869825,25.630366919175632,26.12325859069824,252700
2003-07-10,24.920602824883478,25.995106786272,23.1461917336744,23.708087921142575,704700
2003-07-11,23.816521895546195,24.47699671292421,23.816521895546195,24.250267028808597,128400
2003-07-14,24.37841787556859,25.90638295059744,24.358701760482028,25.8275203704834,550300
2003-07-15,25.906384247963437,26.497852688322784,25.38391845339821,25.87681007385254,513500
2003-07-16,26.004962108731014,26.27112404568539,24.71358653791771,25.07832717895508,428800
2003-07-17,24.644583295247298,24.67415747208529,21.48021970264914,21.598512649536133,1094400
2003-07-18,21.766095455668385,24.11225891113281,21.39149862437766,24.11225891113281,1037900
2003-07-21,23.727802506367016,24.17140572058051,22.830739900052915,23.491214752197266,449400
2003-07-22,24.151692356070622,24.151692356070622,23.175767053840985,23.73766326904297,249200
2003-07-23,23.688371910470824,24.39813516567969,23.451784158734537,24.2601261138916,481700
2003-07-24,24.240413361936543,25.876813615386165,24.240413361936543,24.88117218017578,1086900
2003-07-25,29.7312252662682,31.742224174417768,28.83416258083849,31.397199630737305,7165600
2003-07-28,31.476058783353597,34.936156260400686,30.707147188325187,34.26582336425781,3499000
2003-07-29,32.185822349405754,32.797006868421704,30.50013213293076,31.771791458129883,5005900
2003-07-30,31.692932501109013,32.03795512908252,31.05217189434152,31.3479061126709,1288800
2003-07-31,31.69293032279468,32.81672253148474,31.170464567408366,32.37311935424805,1151000
2003-08-01,32.36326512597037,32.95473355759229,30.92402063778406,31.30847549438477,1044800
2003-08-04,30.993027859278094,31.15075303879748,30.263548433942837,30.74658203125,997900
2003-08-05,30.99302303805205,31.13103207860493,30.36212053788427,30.48041534423828,444800
2003-08-06,30.48041994142223,30.667719296301943,29.11018174574745,29.23833274841309,784400
2003-08-07,29.110179735082585,31.49577524953473,28.765155225261328,31.36762237548828,1131500
2003-08-08,31.52534930043944,31.978808713305607,29.77065623993523,30.6677188873291,855500
2003-08-11,30.500136608008063,31.2493321607844,30.05653335957718,30.80572891235352,486600
2003-08-12,30.80573141792823,32.03796067464536,30.80573141792823,31.988672256469727,526000
2003-08-13,31.939377225510366,32.65899851118571,31.752076010570764,32.530845642089844,829800
2003-08-14,32.36326501294215,34.058809599220126,32.36326501294215,33.970088958740234,882500
2003-08-15,33.91094857292432,34.39398030612442,33.457485376261026,34.15739440917969,380800
2003-08-18,34.147533692964025,38.28782439994966,34.117961396635,37.716068267822266,1865600
2003-08-19,37.77522217337162,37.95266349835703,36.42469987584095,36.99645233154297,1351000
2003-08-20,36.57255549674337,37.95265349153027,36.23738905575024,36.828861236572266,588600
2003-08-21,37.17388628418728,37.54848498047317,36.44440876877581,37.0358772277832,522600
2003-08-22,37.45976347613908,38.13009638654927,35.25160734294116,35.70507049560547,824700
2003-08-25,35.685353086510425,35.705069202039326,34.46298024697018,34.59113311767578,583600
2003-08-26,34.60098907641366,36.22753287284987,34.2559664580009,35.76421356201172,550400
2003-08-27,35.88251225797912,36.53312906078865,35.3206160992102,36.44440841674805,451900
2003-08-28,36.45426875910773,38.27797025928008,35.61635439447797,38.13995742797852,760600
2003-08-29,38.14981158697256,39.2440315691822,37.95265418973815,38.92858123779297,502700
2003-09-02,39.13559486324267,39.15531097903805,37.666776200436416,38.67227554321289,647300
2003-09-03,38.66242124802661,38.83986253836001,37.4893367441041,37.58791732788086,519900
2003-09-04,37.67663915596667,38.24839151796392,37.164031385627645,37.48933792114258,484000
2003-09-05,37.430193821691,38.3962610229497,36.819005456443,37.01616287231445,759200
2003-09-08,36.79929304551983,37.4696222417597,36.50355504191218,36.8682975769043,725400
2003-09-09,36.91758411121072,38.0019442010176,36.67113829439417,36.740142822265625,970800
2003-09-10,36.27682859114533,36.28668853106655,35.11360387114993,35.429054260253906,664100
2003-09-11,35.45862579799694,35.89236908758922,34.82772510023914,35.0544548034668,720100
2003-09-12,34.99530308223786,36.13881142690087,34.93615473734576,36.05009078979492,510900
2003-09-15,36.22753769731612,36.395119059872336,35.34033118829788,35.6262092590332,406200
2003-09-16,35.71492732179728,36.740142822265625,35.241751804765286,36.740142822265625,397600
2003-09-17,36.720424330139664,36.82886108419829,35.606488257261745,36.27682113647461,428600
2003-09-18,36.22753661457893,37.60763475170123,36.08952755295968,37.233036041259766,730500
2003-09-19,37.22317245917994,37.5189104313793,36.60213174267616,37.12459564208984,347800
2003-09-22,35.48819645067602,35.63606544007302,31.111318361960933,31.3479061126709,4400100
2003-09-23,31.47605693027074,31.54506145135844,28.3018339183792,29.07074546813965,5347700
2003-09-24,29.179185397541914,30.105822205095016,28.47927829261629,29.24818992614746,1882600
2003-09-25,29.405915354114136,29.77065599733492,27.207619076996085,28.20326042175293,1324300
2003-09-26,27.8188034352864,29.08060670832802,27.04989368160137,27.631505966186523,1075900
2003-09-29,27.927238816404536,28.76515493752236,27.11889686905521,28.646860122680664,973200
2003-09-30,28.65671996994326,29.435489672383145,27.976528972654705,28.627147674560547,1089700
2003-10-01,28.76515420203716,29.41577096645038,28.272262599891853,28.676433563232425,1190000
2003-10-02,28.666578948456543,28.922882837982414,27.927241456443152,28.489137649536133,645500
2003-10-03,29.041175472318933,31.476061456585263,28.89330835154857,30.74658203125,1750400
2003-10-06,30.65786109941634,32.22525482137608,30.08610685888433,32.195682525634766,1222300
2003-10-07,31.998526383218984,32.28440445494999,31.5647830664466,31.96895408630371,687200
2003-10-08,32.07738651156618,32.19567944367259,30.864871735965902,31.229612350463867,619700
2003-10-09,32.03795321885372,33.31947059551499,31.37747841574807,31.7520751953125,1146400
2003-10-10,31.85065847555731,32.47169922165094,31.229613968998976,31.59435272216797,280200
2003-10-13,31.71264606670248,33.04345574066332,31.653501477058494,32.589996337890625,614400
2003-10-14,32.62942186099955,33.25046631936967,32.05766957016287,33.112457275390625,498700
2003-10-15,33.122314865082075,33.51662965937823,31.840797424316406,31.840797424316406,424000
2003-10-16,31.643642700222284,32.422412416487205,31.347908459750705,32.08724594116211,471600
2003-10-17,32.067526493921,32.08724260930049,29.819941987162824,30.017099380493164,961400
2003-10-20,30.06638979048325,30.06638979048325,28.58771488275456,28.952455520629883,1364700
2003-10-21,28.952455519607145,30.263547195870967,28.883449111187048,29.35662651062012,553700
2003-10-22,29.34676707771417,29.36648319348215,27.71036707361744,28.09482192993164,655700
2003-10-23,27.74980148007772,29.070751345850017,27.601934350674192,28.410276412963867,449400
2003-10-24,28.40041606257627,28.656719943641534,26.280982364813696,27.138614654541016,864100
2003-10-27,27.55264277140543,28.439847326213386,27.49349442224785,28.084964752197266,509700
2003-10-28,28.252547534434694,29.10032172330282,27.65121915579732,28.962310791015625,786000
2003-10-29,28.64686059980357,29.34676768212351,28.390556730237986,28.982027053833008,561900
2003-10-30,29.672076888196028,30.42127240117387,29.090464606808396,29.22847366333008,754100
2003-10-31,29.32705261980897,29.72136555629774,27.52306929016952,27.779373168945312,953400
2003-11-03,27.89766867933161,28.577859732569976,27.50335570652406,28.28212547302246,1090100
2003-11-04,28.410272755845188,29.672075983476688,28.341268229688332,28.83415985107422,2485400
2003-11-05,22.07168936646422,22.446288105320896,21.253489232939486,21.35206794738769,15836100
2003-11-06,21.96325286497133,22.061829691970686,20.79017019740103,20.859174728393555,4644400
2003-11-07,21.13519595947593,21.194342435155427,20.326853897669995,20.48457908630371,2503000
2003-11-10,20.33670750928737,20.652159726962147,20.021257171844915,20.25784492492676,1589500
2003-11-11,20.455001713701822,20.6718733441442,19.37063980102539,19.37063980102539,2276400
2003-11-12,19.272061459761563,19.686090492974888,18.660876908019027,18.74959754943848,3248000
2003-11-13,18.660879169371658,18.779172118777637,18.187703611282693,18.2567081451416,2637000
2003-11-14,18.43414696049153,18.572156009575263,17.57651473204993,17.645519256591797,1915000
2003-11-17,17.49765039526898,17.49765039526898,16.876607856429157,17.004758834838867,2203800
2003-11-18,17.20191885219346,17.724382783117136,17.073765973875762,17.10334014892578,1822900
2003-11-19,17.251209559336086,18.08912582826465,17.16248890261232,17.842679977416992,2168300
2003-11-20,17.76381725935994,18.542585165013136,17.76381725935994,18.09898376464844,2546200
2003-11-21,18.19755990153714,18.434149562261588,17.90182564598039,18.000404357910156,988500
2003-11-24,18.227132529877935,18.77917063743576,18.108839589803168,18.591873168945312,1210300
2003-11-25,18.739737799330296,19.16362485222909,18.690447513974544,19.045330047607425,1461900
2003-11-26,19.22277362238752,19.341068441212144,18.749598107553748,18.82846069335937,772000
2003-11-28,18.729882577405817,19.055190989067253,18.729882577405817,18.779170989990234,375900
2003-12-01,18.9664696576907,19.025616126703767,18.46371997049876,18.680593490600582,969900
2003-12-02,18.61158608173533,18.808743474813795,18.54258155822754,18.54258155822754,816400
2003-12-03,18.591876305009244,18.7791738050929,17.89196908394955,17.941259384155273,1232000
2003-12-04,17.980684956113844,18.089121707458737,17.221631457163976,17.675092697143555,1462600
2003-12-05,17.290640835227947,17.803246747472013,17.290640835227947,17.42864990234375,1134100
2003-12-08,17.25120554702382,17.64551844062364,17.25120554702382,17.399072647094727,525900
2003-12-09,18.19755967307361,18.19755967307361,17.152629852294922,17.152629852294922,837300
2003-12-10,17.0146226940587,17.1427737161709,15.890830154712834,16.60059356689453,2614400
2003-12-11,16.61044854318073,17.172344708531476,16.39357501954895,16.975187301635742,1648100
2003-12-12,17.182202588532927,17.231490999629013,16.413290965900416,17.0836238861084,1422000
2003-12-15,17.596228701809764,17.71452162081772,16.442862400205907,16.561155319213867,1060800
2003-12-16,16.669592423327824,17.004758834838867,16.511867274408758,17.004758834838867,673800
2003-12-17,17.014619960809416,17.773673552047224,17.014619960809416,17.438507080078125,1282400
2003-12-18,17.399073139150477,17.882106682499746,17.30049444290461,17.73423957824707,615900
2003-12-19,17.47793643212992,17.744098358767186,17.20191832767556,17.300495147705078,627300
2003-12-22,17.251207523183396,17.625804344955977,17.22163334768856,17.54694175720215,591100
2003-12-23,17.556798446934497,17.7736719565239,17.379357168263986,17.753955841064453,385400
2003-12-24,17.773672691198726,17.773672691198726,17.497652704053955,17.724382400512695,286700
2003-12-26,17.300492018379593,17.81309966283445,17.29063584234529,17.783527374267578,194300
2003-12-29,17.882107100020132,18.09898061287116,17.68495158315736,17.793386459350586,633400
2003-12-30,17.803247046115857,17.842679283228993,17.55680120485643,17.74410057067871,479400
2003-12-31,17.714523781133664,17.8426766526248,17.556798616400172,17.645519256591797,756900
2004-01-02,17.793386826924163,18.532724260955344,17.793386826924163,18.51301002502441,1273900
2004-01-05,18.680592536423937,19.350923538208008,18.49329320051179,19.350923538208008,987300
2004-01-06,18.73973791242375,18.93689341434018,18.434145662302388,18.53272247314453,1755600
2004-01-07,18.48343514197903,18.621444189364816,17.85253449080713,18.414430618286133,1227800
2004-01-08,18.532723401748573,18.641160155386853,18.187700786049017,18.39471435546875,854300
2004-01-09,18.1384109641508,18.30599418761191,17.77367222382691,17.793386459350586,692400
2004-01-12,17.81310225999276,18.414430618286133,17.793386144585575,18.414430618286133,560900
2004-01-13,18.424289642808358,18.552440639215305,18.000402540471573,18.148269653320312,468400
2004-01-14,18.010259579085314,18.483435065506544,18.000401521422507,18.138410568237305,711400
2004-01-15,18.18770354339808,18.53272621140484,17.744100284200066,18.384859085083008,576500
2004-01-16,18.33556801324134,19.222772522865608,18.187700908342663,18.946752548217773,786100
2004-01-20,19.08476212675473,19.18333893623164,18.61158479219781,19.02561378479004,956100
2004-01-21,18.739737932823942,21.322488736435435,18.59187083616762,20.918317794799805,4907000
2004-01-22,20.888748023597245,20.997182904769502,19.94239510641219,20.06068992614746,1507800
2004-01-23,20.17898161081704,20.61272674923069,19.942393866291116,20.28741836547852,669800
2004-01-26,20.553581413947622,20.553581413947622,20.11983625167074,20.445144653320312,464900
2004-01-27,20.533866949608896,21.411213522782703,20.29727917303054,20.40571594238281,1063600
2004-01-28,20.55358320813375,20.66201809799432,18.89746688053844,19.06505012512207,1313100
2004-01-29,19.212917294193904,19.92268063035646,18.98618757461549,19.617088317871094,1052300
2004-01-30,19.37064191291554,19.469220621221385,18.729883129276267,18.858034133911133,776800
2004-02-02,19.02561630739176,19.715665346616277,18.82846078206501,18.976327896118164,554200
2004-02-03,18.97632461752536,19.15376587582506,18.483433069018204,18.52286529541016,500600
2004-02-04,18.51301230409307,18.87775109685333,18.02012062072754,18.02012062072754,568100
2004-02-05,18.13841133885185,18.82846036270721,18.13841133885185,18.51301002502441,425600
2004-02-06,18.52286895515836,18.93689613268509,18.236990898029045,18.907323837280277,573500
2004-02-09,19.05518951497164,20.405713349958678,19.05518951497164,20.17898178100586,1858500
2004-02-10,20.42542746094782,21.17462292715252,19.902963562315257,21.095760345458984,3248600
2004-02-11,23.264488360325736,25.285343556019654,22.91946379807168,24.516433715820312,13190100
2004-02-12,24.250268882035712,24.33898952698841,22.949035263039324,23.16590690612793,2978300
2004-02-13,23.165910183126154,24.16155165492247,23.067331465874837,23.63908576965332,1354600
2004-02-17,23.865813644504307,24.644583381883415,23.461642627460016,23.51093292236328,934200
2004-02-18,23.80666437282252,23.85595466193263,23.175763714071334,23.392635345458984,510700
2004-02-19,23.60951199707703,24.141834028637597,22.909604840486026,23.018041610717773,1217400
2004-02-20,22.998324877479043,23.077187468202663,21.913962844854872,21.982967376708984,1532600
2004-02-23,21.91396158644279,22.16040740333099,21.135193782796915,21.40135383605957,975900
2004-02-24,21.42106925819568,21.687231183061737,20.701447947468026,20.898605346679688,791600
2004-02-25,20.898609292472788,21.32249458441524,20.83946093340231,21.19434356689453,816000
2004-02-26,21.20419615147605,22.111116740482657,21.00703876594898,21.894243240356445,642100
2004-02-27,22.889885463850877,23.48135576601449,22.239268695540567,22.69272994995117,1510300
2004-03-01,22.96875183446538,23.16590926112114,22.63358533729013,22.820884704589844,524800
2004-03-02,22.83073990342009,23.047611541382928,21.98296570734586,22.150548934936523,701900
2004-03-03,22.05197217649442,22.44628510128286,21.815382541389017,22.42656898498535,494900
2004-03-04,22.377282308740096,22.870173972983423,22.1998410087753,22.81102561950684,417400
2004-03-05,22.42656950385361,23.905244416195604,22.38713727034628,23.846097946166992,1316600
2004-03-08,23.717946775456625,24.082687440735285,22.988467325131825,23.27434539794922,1093100
2004-03-09,23.855955763774723,23.855955763774723,22.32799057496974,22.46600151062012,705700
2004-03-10,22.475859186988068,22.604012072904247,21.736521688991974,22.002683639526367,860500
2004-03-11,21.805526763795537,22.623726802839837,21.588653241006103,22.081544876098636,827900
2004-03-12,22.13083522198963,23.16590690612793,22.051972635390836,23.16590690612793,776800
2004-03-15,23.00818358472283,23.12647653402554,21.93367958068848,21.93367958068848,1020000
2004-03-16,21.98296492987444,22.594151350128197,21.70694683318045,22.308273315429688,666100
2004-03-17,22.43642767817778,23.540503898835333,22.3378489741324,23.461641311645508,779800
2004-03-18,23.37292238841617,24.693872231362963,23.363066209494477,24.52628898620605,1553200
2004-03-19,24.575576449539987,24.98960548513657,23.72780226231072,24.2601261138916,1225200
2004-03-22,24.19112494812101,24.19112494812101,22.673017646659154,22.968751907348636,921100
2004-03-23,23.90524668222488,23.90524668222488,22.0914051340622,22.396997451782227,738600
2004-03-24,22.48571461562637,23.27434231604425,22.367421682714664,23.244768142700195,725000
2004-03-25,23.41235430008225,24.40799569805049,23.39263818204743,24.338991165161133,1168800
2004-03-26,24.1714065633398,26.083824779615007,24.1714065633398,25.6303653717041,1746900
2004-03-29,25.679655334234887,26.330272190226133,25.295200432121657,26.12325859069824,1079000
2004-03-30,25.975388179811908,26.359843033297675,25.74865849084503,26.33026885986328,719300
2004-03-31,26.468280590614704,27.187901910555773,26.36970188974676,26.57671546936035,1438100
2004-04-01,26.685152522293112,27.09918156631344,26.123256365458168,26.61614799499512,709000
2004-04-02,27.040036518722037,27.24705011149868,26.576717159252016,26.81330680847168,812500
2004-04-05,26.665435844755,26.9118816543377,26.04439323190882,26.53728485107422,652000
2004-04-06,26.41898996834074,26.576715135656087,26.12325574968254,26.26126480102539,567000
2004-04-07,26.49785551176917,26.81330776186772,25.955675423591,26.27112579345703,848600
2004-04-08,26.06410817321051,26.77387139593571,26.054250115643637,26.635862350463867,796900
2004-04-12,26.833022334210128,27.345630131746937,26.6752971473115,26.86259651184082,572900
2004-04-13,26.862593135194835,27.01046024429624,25.82752149125273,25.985246658325195,453900
2004-04-14,26.064109361892744,26.33026940740807,25.492355158563907,26.004961013793945,663400
2004-04-15,25.995107496853034,26.123258503719924,24.664299612126463,25.29520034790039,414900
2004-04-16,25.285338912952174,25.393775667522785,24.043251845057704,24.289697647094727,1065600
2004-04-19,24.348847808426964,25.10789950630772,23.934818754931825,24.95017433166504,504800
2004-04-20,24.960030113475856,25.65993715731676,24.75301654572643,24.762874603271484,654000
2004-04-21,24.822019229395288,25.04874889543777,24.348843783680856,25.038890838623047,355100
2004-04-22,25.04875526159343,26.70487162272896,24.674158408590188,26.221837997436523,836700
2004-04-23,26.349989534441228,26.74430251396069,25.788093303596916,26.024681091308597,488900
2004-04-26,26.16268891744632,26.340128326848724,25.47263987558493,25.71908569335937,331600
2004-04-27,25.728940560091218,26.073965038222536,25.413490253307888,25.54164123535156,1179900
2004-04-28,25.46278151953377,25.65008086531749,24.664297605745563,24.87131118774414,692700
2004-04-29,24.89102781514742,25.44306592537473,23.737661302562977,23.865812301635746,1210900
2004-04-30,23.72780178679399,24.1812630453752,23.49121403979904,23.924959182739254,782700
2004-05-03,23.96439366412079,25.295201615539217,23.8066684722731,24.516433715820312,2191800
2004-05-04,24.49671288585988,26.85273413120585,24.171404505204443,25.058609008789062,2937600
2004-05-05,25.08818537651688,25.08818537651688,23.816524035282068,23.885528564453125,1185400
2004-05-06,23.855955625833648,24.486856310076405,23.59965175280194,24.062969207763672,962900
2004-05-07,24.141831632646,24.289698744502395,23.06732773679995,23.23491096496582,1075100
2004-05-10,22.978605230812796,23.36306194675113,22.28855813801283,22.574434280395508,809900
2004-05-11,22.60400959572847,23.658797343104723,22.57443542216597,23.13633155822754,610000
2004-05-12,23.12647452672721,23.22505322941153,22.11111896570611,23.146190643310547,837000
2004-05-13,22.988466735584385,23.284202859904248,22.56457960688865,22.91946220397949,561100
2004-05-14,22.968750536502647,23.264486659774256,22.495574995547024,22.771595001220703,378800
2004-05-17,22.535007250494864,22.663158254528827,21.953394942473288,22.36742401123047,363100
2004-05-18,22.39699542159396,22.968749648194397,22.33784895132009,22.78145217895508,398000
2004-05-19,22.88002942567224,23.65879913297765,22.43642807006836,22.43642807006836,586300
2004-05-20,22.50542842585868,22.801162608076865,22.37727744829269,22.653295516967773,501600
2004-05-21,22.761736400855813,23.372920989990234,22.712447988266156,23.372920989990234,882900
2004-05-24,23.619367380488505,24.260128040932823,23.47150025893692,23.85595703125,768700
2004-05-25,24.033394783978768,25.01917803300588,23.63908186041439,24.831880569458008,863300
2004-05-26,24.910745226381337,25.3050581827468,24.64458327574747,25.12761688232422,820500
2004-05-27,25.08818648594181,25.344488496987548,24.279842576418588,24.85159683227539,554700
2004-05-28,24.96988816654001,25.8275203704834,24.841737178941777,25.8275203704834,766800
2004-06-01,25.827522968953915,28.035677314538564,25.63036555871697,27.818803787231445,2089100
2004-06-02,27.917382332648188,27.93709844960558,26.468281580463223,26.7147274017334,1311500
2004-06-03,26.48799558536711,27.01045948145183,26.418989181518555,26.418989181518555,636900
2004-06-04,26.73444304927564,27.30619726937404,26.61614822984077,26.78373146057129,541100
2004-06-07,27.10903995224819,27.335769653320312,26.88231025117606,27.335769653320312,556900
2004-06-08,27.296338486582265,27.79908816543007,27.11889720225571,27.62164688110352,677700
2004-06-09,27.46392157992612,27.670935157150176,26.951313845515628,27.06960678100586,741900
2004-06-10,27.09917915364324,27.43434558230671,26.53728304683453,26.68515014648437,469700
2004-06-14,26.41899082419345,27.148472096949128,26.40913464612021,26.78373146057129,586500
2004-06-15,26.72458654399801,27.601933101625285,26.72458654399801,27.27662467956543,531000
2004-06-16,27.4737796112254,27.49349384696641,27.109038986648283,27.1977596282959,517500
2004-06-17,27.31605134654516,27.986384217911315,26.685150705368653,27.828659057617188,629700
2004-06-18,27.700509108873916,28.706008453634432,27.55264200058144,28.24268913269043,1063000
2004-06-21,28.567997738670392,28.587713854653494,27.58221450230303,27.601930618286133,759500
2004-06-22,28.49899227678549,29.10032063289061,26.073966497494062,27.207616806030277,3739600
2004-06-23,26.92173884571729,27.30619557484831,26.4387053001123,26.951313018798828,2540600
2004-06-24,26.911882604877054,27.35548582988709,26.665436786589783,26.803447723388672,866000
2004-06-25,26.55700091357574,27.168185467179004,26.51756868161047,26.665435791015625,888900
2004-06-28,26.842875838353404,27.434346128970745,26.320411950497736,26.35984230041504,1111500
2004-06-29,26.606291922298897,26.91188422895189,26.379562207047723,26.76401710510254,924800
2004-06-30,26.862594283790244,27.296339451901837,26.507711702586903,26.547143936157227,1258000
2004-07-01,26.42884600025691,26.56685692125197,25.285337684767335,25.581073760986328,1283200
2004-07-02,25.38391937793422,25.866952957944694,25.23605226245875,25.334630966186523,1076400
2004-07-06,25.630362886992444,25.66979511702236,24.565717119203587,25.019176483154297,858400
2004-07-07,24.69386966403864,25.285339990172087,23.99396445894723,24.70372772216797,629200
2004-07-08,24.546002314625568,25.13747263502557,24.5065719627228,24.5361442565918,659300
2004-07-09,24.38827681206792,24.54600197798043,23.95453166569236,24.22069358825684,668900
2004-07-12,24.122116413672604,24.368562236011755,23.85595635452295,24.033395767211918,534700
2004-07-13,24.191121199583,24.49671347230672,23.86581093090745,24.072826385498047,522800
2004-07-14,24.033395209399856,24.20097843991019,23.46164099005266,23.954532623291016,805300
2004-07-15,23.9841072690828,24.151690502883536,23.668656918453756,23.885528564453125,485700
2004-07-16,24.00382463026874,24.00382463026874,23.254629068574765,23.38278007507324,294300
2004-07-19,23.422210930232623,23.53064769257645,22.09140312778815,23.185623168945312,866100
2004-07-20,23.19548245288392,23.855957359794036,22.978608916737844,23.767236709594727,888100
2004-07-21,24.053109482919407,24.12211400544814,22.604008869119408,22.633581161499023,714500
2004-07-22,22.24912779370513,23.15604846470436,21.90410327795597,22.97860717773437,1525000
2004-07-23,22.722302587289835,22.96874839357381,22.31813161540269,22.47585678100586,670500
2004-07-26,22.466001273525396,22.76173549779508,22.1308348165625,22.298418045043945,521800
2004-07-27,22.44628658178465,23.06732924425985,22.209698811306843,22.771595001220703,523200
2004-07-28,22.79131070885791,23.15604947669659,22.18012423594299,22.712448120117188,509300
2004-07-29,22.791311642332825,23.392638201022496,22.63358457815885,23.25462913513184,487500
2004-07-30,23.146188257047207,23.599649490552405,22.811021830614024,23.343345642089844,347000
2004-08-02,23.3630630522252,23.639081150312705,22.623725637664048,23.392635345458984,1138700
2004-08-03,20.326853380705245,21.83510069368556,19.745241057323128,20.001544952392575,4655300
2004-08-04,19.68609189822717,19.68609189822717,18.236991118655517,19.074907302856445,4459900
2004-08-05,19.17348413937248,19.203056432251003,18.06940611958941,18.414430618286133,1334100
2004-08-06,18.414430542099144,18.414430542099144,17.172343480069237,18.138410568237305,1834300
2004-08-09,18.729882466560195,18.92703987619589,18.246848881208376,18.35528564453125,1354600
2004-08-10,18.779170402085636,18.87774910440076,18.345427120270852,18.82846069335937,631900
2004-08-11,18.887609554948657,18.936897972232885,18.118697835779617,18.75945854187012,669000
2004-08-12,18.55244295631121,18.97633011158912,18.15812997938965,18.3355712890625,528800
2004-08-13,18.27642452506623,18.61158914000247,17.86239543575375,18.29613876342773,545700
2004-08-16,18.28627845908972,19.163626826486112,18.14826940634004,18.91718101501465,521700
2004-08-17,18.986186510143327,19.370641393980947,18.858033628709173,19.055191040039062,523700
2004-08-18,18.73974105081811,20.05083278505137,18.729882992036515,19.922679901123047,834500
2004-08-19,20.050833330048803,20.198700455327007,19.636804251130325,19.72552490234375,428500
2004-08-20,19.66637846501195,20.12969595981105,19.57765781363281,20.001544952392575,709300
2004-08-23,20.100119102278843,20.731021636870626,19.794526832852483,20.563438415527344,702500
2004-08-24,20.711307148808828,20.93803685425612,20.45500326777746,20.52400779724121,613000
2004-08-25,20.54372541112959,21.25348875476948,20.18884279919337,21.14505386352539,622200
2004-08-26,21.125336110466417,21.223914815069264,20.59301223375049,20.780311584472656,712300
2004-08-27,20.79016917397601,20.96761046221197,20.671874355074586,20.849315643310547,261100
2004-08-30,20.800028209818127,20.977469506393653,20.21841590670165,20.583154678344727,424000
2004-08-31,20.56344044112824,20.800028209818127,20.356424968379308,20.583154678344727,251700
2004-09-01,20.662016762902763,21.19434063961869,20.59301223375049,20.780311584472656,324300
2004-09-02,20.82959833059217,21.0563298971132,20.38599701570963,20.947893142700195,595400
2004-09-03,20.809886774097784,20.898607424540923,19.9621125055222,20.1099796295166,478000
2004-09-07,20.238130584024667,20.29727705193022,19.43964480625427,19.70580673217773,863000
2004-09-08,19.50865375782994,20.10998033383189,19.42978928335618,19.52836799621582,392000
2004-09-09,19.528366145119502,19.93253713732331,19.469219675103243,19.804386138916016,427800
2004-09-10,19.814245524146703,20.247990720520463,19.814245524146703,20.129695892333984,344300
2004-09-13,20.188842116777742,20.46486212564627,20.080407229198933,20.366283416748047,682900
2004-09-14,20.46486301151892,20.524009487325166,20.09026427753673,20.356426239013672,757600
2004-09-15,20.32685210115692,20.32685210115692,19.755097872833925,19.8241024017334,592100
2004-09-16,19.68608973716364,20.001541939117303,19.459360053455384,19.71566390991211,676800
2004-09-17,19.81424260550812,20.139550984812377,19.49879228378668,19.71566390991211,885300
2004-09-20,19.46921840080848,19.518506809223958,19.04533131959929,19.2227725982666,1000400
2004-09-21,19.163624944224942,19.41007073149037,19.13405077286952,19.32135009765625,472800
2004-09-22,19.962108814872213,21.37177902214231,19.962108814872213,20.918317794799805,2920000
2004-09-23,20.8295984539401,21.18448101213346,20.385997136430664,20.563438415527344,787200
2004-09-24,20.800024927701184,20.8986036191583,20.455000447717357,20.66201400756836,739400
2004-09-27,20.47471933998685,20.652160632637788,19.745239932602654,19.84381675720215,785400
2004-09-28,19.76495408345597,19.87339084632288,19.6072289085036,19.69594955444336,712800
2004-09-29,21.884388409124902,22.288559382101955,21.322490389887065,21.81538200378418,4624500
2004-09-30,21.844956471380502,21.982965523453995,21.47035966708148,21.854814529418945,1098700
2004-10-01,22.00268343554184,22.653300277328,21.904104727343107,22.515291213989254,783000
2004-10-04,22.5744359215146,23.372919823041883,22.416710752823587,22.535005569458008,1090300
2004-10-05,22.37727959920065,22.673013809844853,22.18998026300212,22.288558959960938,456700
2004-10-06,22.426571222637417,22.456145400034494,21.85481695458827,22.33785057067871,403500
2004-10-07,22.337849855107407,22.367424031557103,21.894246609524277,21.963253021240234,368500
2004-10-08,21.854815266025795,21.88438944113789,21.184482338677327,21.421070098876957,569900
2004-10-11,21.352064667338052,21.70694723274242,21.214055616450715,21.559080123901367,300600
2004-10-12,21.312634247619123,21.56893623266699,21.095760733795444,21.28306007385254,613300
2004-10-13,21.411208308641168,21.66751214090973,20.89860252433609,21.03661155700684,791900
2004-10-14,20.99718441341534,20.99718441341534,20.60287145302037,20.809886932373047,719400
2004-10-15,20.81974480629928,20.81974480629928,20.31699508117856,20.51415061950684,486800
2004-10-18,20.376141066417624,20.425429479760563,19.98182811897677,20.30713653564453,485400
2004-10-19,20.41556784369346,20.602867165995196,19.686088548694,19.81424140930176,712400
2004-10-20,19.7156650279489,19.90296437217947,19.557939858143897,19.873390197753903,513700
2004-10-21,19.962111681943124,20.504291740964664,19.81424456404929,20.395856857299805,670100
2004-10-22,20.55357945525582,20.55357945525582,19.81424207830584,20.040971755981445,530000
2004-10-25,19.912821400831877,20.090260797514667,19.735380123916844,19.8635311126709,476400
2004-10-26,19.942395705163303,19.942395705163303,19.3706414664466,19.60722923278809,524500
2004-10-27,19.518508315109067,20.376140601424748,19.518508315109067,19.971969604492188,561700
2004-10-28,20.01139892909257,20.01139892909257,19.715664710527584,19.96211051940918,475100
2004-10-29,19.88324863706942,20.090262221319936,19.567798291412043,19.656518936157227,582900
2004-11-01,19.666376380318138,19.853673842057777,19.41007251241765,19.70580673217773,374500
2004-11-02,19.774810412957404,21.08590199026216,19.695947832376373,20.652158737182617,3029500
2004-11-03,21.0760440826416,21.29291759095692,19.70580603020825,21.0760440826416,2594200
2004-11-04,21.23377338946255,22.37728187808124,21.214057272016465,22.071687698364254,1646500
2004-11-05,22.50543422100924,22.653301350194127,21.637945684287377,22.12097930908203,744800
2004-11-08,22.268845420848898,22.6040119011456,22.08154606298134,22.38713836669922,499700
2004-11-09,22.38713377222429,22.71244400713097,22.10125764489551,22.67301177978516,541200
2004-11-10,22.67301542061909,22.89974512356951,22.26884442658317,22.377281188964844,465200
2004-11-11,22.55471985180786,23.343347577118937,22.32799015637676,23.21519470214844,985600
2004-11-12,23.7080879035958,25.186762871726074,23.7080879035958,24.11225891113281,1754900
2004-11-15,24.34884740345085,24.34884740345085,23.560219663121707,24.08268547058105,1043100
2004-11-16,24.14183302134272,24.200979493441054,23.17576582939592,23.56022071838379,784400
2004-11-17,23.67851409600211,24.00382249301456,23.274343114266408,23.491214752197266,313800
2004-11-18,23.19548093594456,23.658798394282265,23.18562287765239,23.55036163330078,285100
2004-11-19,23.36306454706241,23.64894072126313,23.16590713847182,23.3334903717041,681000
2004-11-22,23.501073691441004,23.64894080831203,22.870172990000675,23.48135757446289,543500
2004-11-23,23.53064681057667,24.250268125881043,23.422210052297377,23.59965133666992,581300
2004-11-24,23.599650093571064,24.151688153471092,23.412350761017898,23.826379776000977,578600
2004-11-26,23.826383037558443,24.082686927655136,23.668657855996244,23.747520446777344,152700
2004-11-29,23.95453081135216,24.250266897064886,23.412350807893823,23.69822883605957,443200
2004-11-30,23.757376976707054,23.796807329443755,23.42221051739948,23.53064727783203,305000
2004-12-01,23.58979166163703,24.51642837193622,23.510929082902983,24.17140388488769,889700
2004-12-02,24.407995738077584,25.778233979791917,24.00382471886353,24.210838317871094,1704800
2004-12-03,24.940314866991507,24.940314866991507,24.191121269797332,24.348846435546875,605200
2004-12-06,24.51643034207734,24.634723279568338,24.181263885465604,24.447423934936523,345300
2004-12-07,24.713589839204168,24.85159891521643,23.382781856892944,23.63908576965332,618300
2004-12-08,23.826383846661592,23.87567226248635,23.363066345118224,23.58979606628418,292200
2004-12-09,23.639083717272317,23.68837401173484,22.840599749304225,23.619367599487305,387200
2004-12-10,23.432067802018302,23.688371667158098,22.86031360447024,23.15604782104492,577400
2004-12-13,23.16590793242031,23.34334923018668,22.92932016214264,23.175765991210938,319900
2004-12-14,23.146190556615704,23.619366071449303,23.146190556615704,23.402494430541992,385900
2004-12-15,23.510931426230563,23.61936630765243,23.146190788086887,23.570077896118164,424300
2004-12-16,23.48135659203541,23.72780240325364,22.68287269015341,22.93917655944824,687400
2004-12-17,23.00818235783679,23.1067610638208,22.505432649527524,22.712448120117188,483400
2004-12-20,22.8208816662661,22.949034540600117,22.18012293529299,22.25898551940918,827800
2004-12-21,22.52514798513498,24.10240158545023,22.52514798513498,23.67851448059082,3079100
2004-12-22,23.767235124874528,23.905244180323688,23.32363190345599,23.67851448059082,558300
2004-12-23,23.826385144407567,23.826385144407567,23.382781856892944,23.63908576965332,389100
2004-12-27,23.737657323759198,23.934814698767045,23.16590319251492,23.44192314147949,362200
2004-12-28,24.13197642852703,24.13197642852703,23.56022214955847,23.629226684570312,302300
2004-12-29,23.55036210365388,23.86581245437404,23.42221110376096,23.48135757446289,245700
2004-12-30,23.501072543716905,23.64893965336653,23.037755098752797,23.451784133911133,396000
2004-12-31,23.58979562106559,23.6193679179093,23.096903951190363,23.25462913513184,318700
2005-01-03,23.38277728763696,24.11225664437609,22.958892082683683,23.392635345458984,1110000
2005-01-04,24.0531122245396,25.443066531777824,23.392637336117488,23.540504455566406,2960700
2005-01-05,23.363065904178782,23.63908403596011,22.771595524282013,23.25462913513184,883300
2005-01-06,23.31377493655201,24.240411775653147,22.337849683978103,23.836240768432617,2634900
2005-01-07,24.033395410149463,25.03889480161035,23.96439088175688,24.65443992614746,2247200
2005-01-10,24.74316071776592,25.13747365393808,24.348847781593765,24.674156188964844,942100
2005-01-11,24.644583016388395,24.6642991340573,23.865813290558936,24.00382423400879,995500
2005-01-12,24.04325373976765,24.141832444397327,23.382778863050927,23.885528564453125,760700
2005-01-13,23.79680768576356,24.10240185515249,23.648940570380223,23.717945098876957,517600
2005-01-14,23.658798394282265,24.05311132480716,23.31377387498584,23.55036163330078,781300
2005-01-18,23.668656684380554,24.63472384368612,22.820882465274817,24.122116088867188,1057700
2005-01-19,24.200977183157985,24.250267472061605,23.678513282405497,23.77709197998047,453000
2005-01-20,23.668656122612603,23.737660649463432,23.00818126810386,23.23491096496582,1009800
2005-01-21,23.047611372129623,23.15604813043089,22.4462848730292,22.66315650939941,1182100
2005-01-24,22.56457946431615,22.88988788284984,22.120978100987923,22.21955680847168,930000
2005-01-25,22.08154375304606,22.653297945465056,21.716805014558087,21.92381858825684,574500
2005-01-26,21.96325089035929,22.38713609695137,21.785809609341445,22.199838638305664,430200
2005-01-27,22.229413646682744,22.4068549493727,21.884390980599505,22.042116165161133,395100
2005-01-28,22.032253468004264,22.57443344076944,21.637940589608487,21.7956657409668,815500
2005-01-31,21.80552713647038,22.65329948476065,21.785811019473947,22.268844604492188,659400
2005-02-01,22.31813263531516,22.544864216434323,22.06182875943916,22.081544876098636,393900
2005-02-02,22.05197455539543,22.968751499340577,21.815384894767444,21.95339584350586,530000
2005-02-03,21.98296478658615,22.15054800715757,21.559079586535866,21.884387969970703,408800
2005-02-04,21.943533635348384,21.97310780739332,21.46050010667422,21.509788513183597,483000
2005-02-07,21.509788513183597,21.706945899685454,21.45064204932591,21.509788513183597,431200
2005-02-08,21.45064343214712,21.56893636748828,20.80988470505767,20.898605346679688,789300
2005-02-09,20.83945867452901,21.40135486316371,20.721165729675626,20.73102378845215,628600
2005-02-10,20.93803577917456,20.93803577917456,20.267702875547105,20.64230155944824,758000
2005-02-11,20.54372227360425,21.17462292715252,20.21841388908939,21.095760345458984,477700
2005-02-14,21.115475432157243,21.361921222971297,20.74087865742204,21.085901260375977,463100
2005-02-15,21.50979243851662,22.10126282572776,21.46050402301258,21.93367958068848,981500
2005-02-16,21.982967614732345,22.130836619143626,21.21405781690967,21.470361709594727,677000
2005-02-17,21.450642978677283,21.71680489791664,20.405713297502963,20.83945655822754,1223800
2005-02-18,22.27869993436349,23.15604635069372,21.401351637801096,22.554718017578125,3186800
2005-02-22,22.4660038640018,23.205341390158782,21.943538001967145,22.12097930908203,1214100
2005-02-23,22.06182917732555,22.47585823385494,21.322491710682527,21.736520767211918,619700
2005-02-24,21.58865221260333,22.278701220954456,21.440785105165883,22.199838638305664,583800
2005-02-25,22.278704129914352,22.37728284115496,21.89424734409922,21.93367958068848,313800
2005-02-28,21.844956654117897,22.347706336889896,21.844956654117897,22.150548934936523,413500
2005-03-01,22.24912769877247,22.55471998045447,22.091402528857092,22.42656898498535,366000
2005-03-02,22.33784773116116,23.01803868296998,22.308273557523464,22.47585678100586,436600
2005-03-03,22.42656793517717,22.96874794635229,22.189980191379,22.544862747192383,294300
2005-03-04,22.682875086193853,22.95889510079849,22.564580257011148,22.742021560668945,306200
2005-03-07,22.850457527537447,23.38277953956713,22.69273234765958,22.89974594116211,584200
2005-03-08,23.07718641055681,23.07718641055681,22.64344124133953,22.78145217895508,492200
2005-03-09,22.653298428209187,22.781451302476555,21.746377771228453,21.854814529418945,412700
2005-03-10,21.69709194468599,22.0224003777588,21.55908287618012,21.95339584350586,535200
2005-03-11,21.9336789625939,22.574437747252396,21.79566989888568,21.982967376708984,493600
2005-03-14,22.16040698470648,22.16040698470648,21.58865277553596,21.74637794494629,278900
2005-03-15,21.647802426864565,22.13083794446536,21.312637802762907,21.519651412963867,374100
2005-03-16,21.29291611592514,22.160404448395845,21.29291611592514,21.7956657409668,717700
2005-03-17,21.78581053134264,22.60401056603813,21.78581053134264,22.46600151062012,488100
2005-03-18,22.525147837627134,23.11661816890111,22.426569135709418,22.85045623779297,840700
2005-03-21,22.929321998132096,23.658801484957024,22.69273420891044,23.579938888549805,934700
2005-03-22,23.520787501264067,23.599650081208477,22.880026923954517,23.294055938720703,496800
2005-03-23,23.14619128370593,23.796808107098016,23.14619128370593,23.372920989990234,653900
2005-03-24,24.053111884254825,24.37842029453321,23.79680800339422,24.033395767211918,795300
2005-03-28,24.13197301207323,26.695009785368686,24.03339431305566,25.837377548217773,2316700
2005-03-29,25.55150193469002,26.024677443795014,24.9896057825988,25.51206970214844,1220800
2005-03-30,25.43320735275515,25.99510539028069,25.1473311851114,25.67965316772461,468300
2005-03-31,25.088183550715197,25.236050656782428,24.1516887452356,24.841737747192383,866300
2005-04-01,24.91074229500075,25.236050680750537,24.713584899902344,24.713584899902344,331200
2005-04-04,24.664300514378176,25.08818766681981,24.457285027734148,24.88117218017578,362300
2005-04-05,24.80230848368782,25.11775884910317,24.62486718308357,24.723445892333984,252800
2005-04-06,24.634722368721068,24.772731417435253,24.358702391060437,24.585433959960938,214000
2005-04-07,24.496714807879844,25.00932256314179,24.35870387055093,24.93045997619629,322200
2005-04-08,24.989607418382946,26.586575336205627,24.693871295659605,26.15283203125,906800
2005-04-11,26.123258921458977,26.369704760340667,25.305058811581077,26.03453826904297,593600
2005-04-12,25.8275226077885,25.95567360648779,24.812165155661845,24.93045997619629,755000
2005-04-13,24.84173882181653,25.038894345024136,23.570077518116776,23.786949157714844,796300
2005-04-14,23.57993625935761,24.812165365970703,23.57993625935761,24.693870544433597,779900
2005-04-15,24.49671454915253,24.762876482369613,24.26998484910792,24.35870361328125,778800
2005-04-18,24.50657228391437,24.841738740526097,24.062969067742262,24.447423934936523,657000
2005-04-19,24.72344586702056,25.43320918847839,24.3685632661754,25.12761688232422,605300
2005-04-20,25.13747320679242,25.53178613595054,24.447424170591454,24.61500740051269,573300
2005-04-21,24.65444010960439,24.891027871667603,23.954533001630715,24.14183235168457,1261100
2005-04-22,24.05310907667053,24.703725821284465,23.658796183000295,24.17140388488769,1249800
2005-04-25,24.26998286251,25.196617703425808,24.10239964570911,24.7431583404541,502200
2005-04-26,24.66429840386474,24.674156462407343,24.151690641043945,24.309415817260746,295600
2005-04-27,24.220692750295253,25.482495914173136,23.70808503869809,25.16704559326172,581100
2005-04-28,24.999462444059844,25.403633403869105,24.674154064695504,24.910741806030277,379900
2005-04-29,25.038896298006883,25.196621480968147,24.24041232423642,24.99946594238281,292000
2005-05-02,24.940313428739007,25.127612757352555,24.181261817429277,24.684011459350582,265800
2005-05-03,24.36855926581065,24.891025022371736,24.25026633843633,24.684011459350582,196100
2005-05-04,24.98960531510743,26.231692413446027,24.91074273173191,26.1133975982666,727800
2005-05-05,25.80780822176097,26.12325859069824,25.40363720153104,26.12325859069824,338500
2005-05-06,26.0641091033981,26.616147185219084,25.305055565749065,25.43320655822754,657300
2005-05-09,25.25576732944813,26.340127384683065,25.127614455859213,26.26126480102539,983500
2005-05-10,23.678513920809685,24.15168942564826,22.67301456285347,23.59965133666992,3671000
2005-05-11,23.510927508827017,23.806661689222,23.264481731753843,23.42220687866211,629400
2005-05-12,23.402495849230306,23.85595715527616,23.12647584206185,23.19548225402832,609800
2005-05-13,23.11661746961004,23.4419258599351,22.53500521414518,23.15604782104492,416200
2005-05-16,23.067331071786576,23.589796948129784,22.94903811729205,23.579938888549805,524400
2005-05-17,23.36306175664054,23.609507547827757,22.7715914817448,23.343345642089844,641900
2005-05-18,23.175764279035217,24.131973348293865,23.175764279035217,23.87566947937012,396900
2005-05-19,23.83623997478557,24.09254385282151,23.83623997478557,23.99396514892578,195400
2005-05-20,24.043253647433467,24.31927364329008,23.90524458962136,24.14183235168457,286500
2005-05-23,23.7869474468475,24.891025442282604,23.66865451747758,24.7431583404541,992900
2005-05-24,24.93045710187465,25.009319679727803,24.61500491022988,24.664295196533203,323400
2005-05-25,24.486855928295093,24.65443915496328,24.16154753302535,24.27984046936035,660400
2005-05-26,24.28969979528084,24.536145619113583,23.97424944161212,24.053112030029297,186900
2005-05-27,24.003823119731543,24.072827648136997,23.60951018582016,23.846097946166992,363700
2005-05-31,23.708089161353968,23.95453500245009,23.520791675888358,23.60951232910156,322400
2005-06-01,23.510931482284214,24.14183217654244,23.40249472037144,23.846097946166992,345400
2005-06-02,23.717947150557716,23.89538845645993,23.65880067533449,23.73766326904297,173500
2005-06-03,23.63908316194317,24.13197481359452,23.40249539477841,23.540504455566406,199100
2005-06-06,23.46164332025785,23.747521398440973,23.40249684485989,23.60951232910156,195500
2005-06-07,23.51093292236328,23.70808846127885,23.215196793641184,23.51093292236328,642300
2005-06-08,23.5109336166166,24.131976308876503,23.50107555734485,23.60951232910156,773000
2005-06-09,23.757376979902347,24.092543439255003,23.6587982776988,23.934818267822266,919900
2005-06-10,23.84609915531184,23.924961746092936,23.55036302970836,23.747520446777344,382800
2005-06-13,23.58979271720001,23.75737593953766,23.20533786369751,23.520788192749023,270800
2005-06-14,23.5602208828831,23.5602208828831,23.02789886981645,23.175765991210938,422200
2005-06-15,23.16590940727886,23.32363459750556,22.52515058695383,22.840600967407227,363300
2005-06-16,22.91946061810944,23.018039319395083,22.71244703761868,22.830739974975582,325300
2005-06-17,22.82088093997437,23.057468684793363,22.54486284446833,22.69272994995117,255700
2005-06-20,22.5251457259378,22.673012824835947,22.41670897597081,22.554718017578125,192500
2005-06-21,22.52514792018049,22.623726622459497,22.07168664179001,22.18998146057129,483900
2005-06-22,22.249127844005383,22.57443624410837,21.9041033274762,22.44628524780273,449700
2005-06-23,22.544863505455112,24.348846757793687,22.278701579643112,23.323631286621094,1367900
2005-06-24,23.44192452536348,23.44192452536348,22.574434280395508,22.574434280395508,606500
2005-06-27,22.54486460174507,22.968749835774,22.12097748748373,22.268844604492188,418900
2005-06-28,22.268843588620697,22.751877151603665,22.268843588620697,22.66315650939941,221100
2005-06-29,22.594154877543083,22.64344329386702,22.26884644120046,22.396997451782227,394000
2005-06-30,22.48571755759542,23.31377571724729,22.456145260614477,22.99832534790039,542400
2005-07-01,23.04761320835537,23.570079045157733,22.761737023101887,22.91946220397949,372400
2005-07-05,22.781450370303745,23.234909740123275,22.72230202449336,22.929317474365234,262800
2005-07-06,22.81102081503132,23.26448202834771,22.57443309165272,22.67301177978516,487000
2005-07-07,22.65329671025428,22.71244505399928,21.93367545011304,22.554718017578125,525500
2005-07-08,22.47585668534163,22.604009556993923,22.03225536405795,22.32798957824707,485100
2005-07-11,22.308273170020996,22.47585639059241,21.66751446085931,21.884387969970703,1399000
2005-07-12,21.904103734551107,21.904103734551107,21.57879532840246,21.69709014892578,1165000
2005-07-13,21.77595348632426,23.30391686599469,21.687232837932303,22.75187873840332,2207300
2005-07-14,23.096901353776445,23.570076852388848,22.60400973933045,23.15604782104492,875900
2005-07-15,22.99832390523953,23.60951036768445,22.7814522599758,23.3334903717041,435700
2005-07-18,23.353207435201018,23.46164232211195,23.037757072855623,23.19548225402832,396900
2005-07-19,23.136332869335064,24.02353932416422,23.0870444575034,23.99396514892578,560000
2005-07-20,23.85595482983221,24.092542578529027,23.62922325879452,23.8165225982666,358100
2005-07-21,23.97424814127572,24.102401015648027,23.53064681057667,23.59965133666992,196400
2005-07-22,23.44192548660494,23.9643893862484,23.22505197635391,23.905242919921875,224800
2005-07-25,24.003825152002783,24.043255508616085,23.57993800707272,23.58979606628418,153700
2005-07-26,23.57007914746175,23.816524978681745,23.402495907022853,23.747520446777344,205100
2005-07-27,23.80666661085097,24.25026985338304,23.6686575488332,24.11225891113281,334200
2005-07-28,24.043253844317427,24.51643125255097,24.043253844317427,24.43756866455078,275600
2005-07-29,24.319273230260304,24.644581632601348,24.220694527683428,24.48685646057129,225400
2005-08-01,24.585437223360863,24.841741119445583,24.2601287937596,24.506574630737305,297200
2005-08-02,24.506572754445507,24.93045986243038,24.31927340621751,24.378419876098636,231600
2005-08-03,24.62486569420776,24.664297927616754,23.89538629823264,24.378419876098636,279100
2005-08-04,24.171408621403337,24.358706107453514,23.412354977202437,23.75737953186035,490500
2005-08-05,23.629222073838605,23.964388504409268,22.97860532749136,23.91510009765625,443900
2005-08-08,24.14183315112316,24.161549268672747,23.45178595897984,23.984107971191406,656000
2005-08-09,24.02353886896736,24.15168986544093,22.229411756710856,22.31813240051269,1185400
2005-08-10,22.377282841881904,22.93917905166936,22.18012541939428,22.61387062072754,936900
2005-08-11,22.475857021307903,22.90960217147016,22.22941121238904,22.64344024658203,287000
2005-08-12,22.347704395497345,22.67301276429754,22.120974719110084,22.27869987487793,383600
2005-08-15,22.130833916225956,22.48571459486569,22.091401685136944,22.308273315429688,270400
2005-08-16,22.101258683183087,22.318130303077123,21.746376141327232,21.894243240356445,343700
2005-08-17,21.73652097433743,21.894246151638967,21.55908156004752,21.62808609008789,307600
2005-08-18,21.677373466149906,21.677373466149906,20.9478940859608,21.21405601501465,621400
2005-08-19,21.19434235370879,21.440788195030983,21.184484294428,21.29292106628418,225000
2005-08-22,21.25348550884605,21.302775797549675,20.997181648284,21.095760345458984,304700
2005-08-23,21.25348765964545,21.38164054301136,21.007041831884436,21.26334571838379,299500
2005-08-24,21.214054760604853,21.40135221347224,20.533863831098436,20.90846061706543,555100
2005-08-25,20.84931352733561,21.016896740302577,20.415568409027195,20.553579330444336,516600
2005-08-26,20.55358249093962,20.9380373820618,20.524008314610047,20.73102378845215,231700
2005-08-29,20.800024854431257,21.194337738638566,20.336705570284536,21.046470642089844,221700
2005-08-30,20.99718196591386,21.953392898674103,20.878889031700243,21.00704002380371,301400
2005-08-31,21.00704128228013,21.401354220334927,20.790169636408105,21.18448257446289,464400
2005-09-01,21.204198549135416,21.361923723298936,20.671874676159245,20.760595321655277,472300
2005-09-02,20.64230307666955,21.01689990787146,20.64230307666955,20.859174728393555,276100
2005-09-06,20.76059663717836,21.046474708610027,20.55358303805819,20.809886932373047,443500
2005-09-07,20.701448384463006,21.05633095844244,20.593011624584328,20.829599380493164,421500
2005-09-08,20.72116511380391,21.056331581314147,20.59301223375049,20.780311584472656,353200
2005-09-09,20.671873142120724,21.04647181313479,20.336706701837503,20.54372215270996,539400
2005-09-12,20.48457639156323,20.93803577917456,20.44514415947582,20.64230155944824,349700
2005-09-13,20.543723590520276,20.750737175648908,20.208557126779485,20.612728118896484,564900
2005-09-14,20.770451963684568,20.849314545388506,20.04097261286507,20.15926742553711,409200
2005-09-15,20.23812924559536,20.346564116212253,20.011397686526166,20.188838958740234,303500
2005-09-16,20.307137048330805,20.553582881732314,19.883249914043013,20.1099796295166,407400
2005-09-19,20.208554864910948,20.208554864910948,19.755095511917077,19.893104553222656,214100
2005-09-20,19.82410122742337,19.952252219183684,19.75509670261148,19.794527053833008,276300
2005-09-21,19.82410375530868,19.82410375530868,18.739741695075317,19.06505012512207,902300
2005-09-22,19.02561729218926,19.02561729218926,18.53272563301096,18.710166931152344,793000
2005-09-23,18.7988866954342,19.498793796246417,18.6608776390342,18.72002410888672,579600
2005-09-26,18.73974022558168,19.08476474681405,18.65101958068672,18.72002410888672,754400
2005-09-27,18.759455512800606,18.85803233145196,18.50315164779604,18.601730346679688,444200
2005-09-28,18.631302247068408,18.72988094387208,18.315851921482466,18.414430618286133,438000
2005-09-29,18.30599634587577,18.828462193613426,18.30599634587577,18.76931571960449,472200
2005-09-30,18.877746837862134,19.11433456687334,18.690447513974544,19.045330047607425,382200
2005-10-03,18.956609505201268,19.686088809879088,18.956609505201268,19.32135009765625,544800
2005-10-04,19.43964630337897,19.67623407345407,19.242490768432617,19.242490768432617,403000
2005-10-05,19.252347506349917,19.28191980043512,19.08476427901521,19.193199157714844,592800
2005-10-06,19.20305608735978,19.22277220241286,18.92703799754555,19.035472869873047,356800
2005-10-07,19.10447650980219,19.23262937149501,18.956609414199203,19.045330047607425,283300
2005-10-10,19.03547557913728,19.173486523919312,18.43414902629105,18.87775039672852,271300
2005-10-11,18.927040545887955,19.11433802341333,18.7397411881301,18.858034133911133,333800
2005-10-12,18.828461258532062,18.86789161250228,18.493294788739384,18.50315284729004,412500
2005-10-13,18.48343555731476,18.631302665726817,18.3355684489027,18.47357749938965,333300
2005-10-14,18.48343421572701,18.6313013134064,18.30599294641889,18.552438735961918,217000
2005-10-17,18.59187228876809,18.808743922126283,18.424289064735586,18.601730346679688,181400
2005-10-18,18.58201505359728,18.680593756845614,18.28627894385227,18.315853118896484,174000
2005-10-19,19.212917902418504,19.636805057799585,18.877751401895445,19.567800521850582,936000
2005-10-20,19.71566709830438,20.01140135268593,19.29177995485363,19.488937377929688,564500
2005-10-21,19.52836677369415,20.336708784120493,19.52836677369415,20.031116485595703,1133400
2005-10-24,20.06068921900828,20.188840212324493,19.8438157038438,19.96211051940918,333200
2005-10-25,19.9128234726304,19.922679651055823,19.400215703816222,19.47907829284668,494600
2005-10-26,19.469215529988805,19.469215529988805,18.483432465179245,18.572153091430664,885900
2005-10-27,18.483438129606192,18.483438129606192,18.029978683338147,18.29613876342773,919900
2005-10-28,18.345426679113928,18.55244025678846,17.941255701550233,18.365140914916992,734000
2005-10-31,18.670733647157952,19.262203921431198,18.572154954740384,18.700305938720703,709400
2005-11-01,18.75945916852832,19.311497357529333,18.739743048862977,19.262208938598636,432200
2005-11-02,19.134051958932943,19.49879257399712,18.749597108641936,19.2227725982666,1071700
2005-11-03,23.07718449759613,24.674154104470453,22.47585614558909,24.250267028808597,7501800
2005-11-04,24.082686760142025,24.15169129156645,23.422211861857235,24.131975173950195,1116600
2005-11-07,23.76723379912755,24.54600155744941,23.441925414977256,24.16154670715332,781800
2005-11-08,24.151691043502236,24.151691043502236,23.66865744826008,23.688373565673828,395000
2005-11-09,23.668655973242963,23.668655973242963,23.087043707410263,23.21519470214844,394500
2005-11-10,23.067328057209565,23.175764818185552,22.67301512670465,23.146190643310547,625300
2005-11-11,23.06732904444982,23.57993681616108,23.027898689827964,23.284202575683597,324600
2005-11-14,23.45178670104519,23.45178670104519,22.850458258382744,23.27434539794922,320400
2005-11-15,23.274342946780664,23.402493940946627,22.60401004134069,22.66315650939941,372700
2005-11-16,22.64344077574252,22.91946076506567,22.59415236489984,22.85045623779297,350800
2005-11-17,23.04761079813781,23.11661720275879,22.791308816188987,23.11661720275879,514400
2005-11-18,23.175767320477185,23.50107575829639,22.8110266452338,22.820884704589844,686000
2005-11-21,22.77159482296446,23.65879942536932,22.77159482296446,23.56022071838379,659600
2005-11-22,23.382778634550785,23.89538638942991,23.32363216444393,23.717945098876957,426400
2005-11-23,23.639083126917505,23.934819245609592,23.629225068271197,23.668657302856445,287600
2005-11-25,23.57007845158628,23.74751974566315,23.47149974596219,23.648941040039062,86800
2005-11-28,23.78694557580045,23.78694557580045,23.40249076524056,23.42220687866211,355700
2005-11-29,23.42221107758231,23.491215606696173,23.17576525632858,23.20533943176269,599900
2005-11-30,23.175764789727264,23.75737706659496,22.93917703171483,23.67851448059082,597200
2005-12-01,23.6193652180702,24.338988402807367,23.570076808809645,24.22069358825684,612300
2005-12-02,24.15168896814392,24.319272191295436,23.954531571413096,24.072826385498047,388800
2005-12-05,23.934819475610603,24.19112336218038,23.737662061254632,23.836240768432617,375800
2005-12-06,23.757375430175216,24.486854770524747,23.757375430175216,24.250267028808597,480800
2005-12-07,24.26998386010971,24.26998386010971,23.8066645403752,23.8165225982666,229300
2005-12-08,23.905245069670656,23.954533482669785,23.24477018222716,23.668657302856445,316600
2005-12-09,23.540505914199304,23.875672408508635,23.422212963403396,23.60951232910156,255300
2005-12-12,23.668657897571617,24.2798425071406,23.461642421262297,24.02354049682617,388000
2005-12-13,23.964391159032196,23.964391159032196,23.24476981142277,23.48135757446289,471400
2005-12-14,23.46164063321836,23.589793508841343,22.919460596995275,23.36306381225586,266900
2005-12-15,23.25462620048155,23.451783595644088,22.742018477244763,23.244768142700195,340400
2005-12-16,23.25462784392048,23.46164143126206,22.949035552030928,23.20533943176269,341000
2005-12-19,23.14618905260201,23.471497432940986,22.978605833625444,23.05746841430664,280900
2005-12-20,22.94903718745178,22.94903718745178,22.28856226421496,22.761737823486328,387700
2005-12-21,22.84059953258101,22.88002988754441,22.574437585706296,22.771595001220703,286200
2005-12-22,22.71244879084416,23.0574714516285,22.71244879084416,22.81102561950684,208000
2005-12-23,22.71244562179725,22.91945918938345,22.48571405890429,22.633581161499023,156800
2005-12-27,22.574438758920486,22.880031076640517,22.18012578763133,22.396997451782227,219300
2005-12-28,22.495575832603283,22.63358490045918,22.367424823913165,22.4857177734375,187300
2005-12-29,22.40685286868785,22.604010271198234,22.189981230112288,22.42656898498535,204600
2005-12-30,22.229413354322705,22.406854654678963,21.933679107217262,22.002683639526367,309500
2006-01-03,22.00268234629357,22.456143629466027,21.80552681988881,22.35756492614746,467100
2006-01-04,22.4265700114684,22.65329971857032,22.25898677573384,22.43642807006836,366500
2006-01-05,22.61386634411701,22.682870864868164,22.37727861001355,22.682870864868164,280000
2006-01-06,22.71244879084416,22.84059979624513,22.446286840896963,22.81102561950684,390500
2006-01-09,22.870172943707534,22.90960329735154,22.5941529472699,22.801166534423828,236200
2006-01-10,22.801165413871523,22.811023471856156,22.327989912003048,22.64344024658203,317600
2006-01-11,22.574435855873958,22.59415197196108,22.09140229313323,22.25898551940918,387900
2006-01-12,22.18012113855388,22.21955336753385,21.75623407817992,21.87452888488769,296700
2006-01-13,22.09140517485445,22.1505516505989,21.8843915696326,21.992826461791992,205600
2006-01-17,22.0519725813418,22.17026552083388,21.73652035548739,22.081544876098636,285800
2006-01-18,21.86467370871664,22.081545355986872,21.509791122063163,21.608369827270508,365100
2006-01-19,21.74638114229805,21.79567144013109,21.342210101230123,21.519651412963867,298000
2006-01-20,21.54922282964748,21.54922282964748,20.82959961538175,20.997182846069336,507600
2006-01-23,20.967608333715248,21.214054124529294,20.84931352682235,21.085901260375977,495800
2006-01-24,21.026756991980204,21.63794344430155,20.957752464186196,21.52950668334961,650200
2006-01-25,21.430926444936425,21.56893549063465,21.19433870363994,21.312633514404297,330500
2006-01-26,21.3914984412132,21.716806856207118,21.223915204384067,21.64780044555664,194200
2006-01-27,21.756236562551187,21.9632520278711,21.361923628885144,21.421070098876957,206100
2006-01-30,21.27320123627486,21.65765607998881,21.27320123627486,21.440784454345703,213300
2006-01-31,21.391498120297765,21.736520767211918,21.016899417601817,21.736520767211918,368500
2006-02-01,21.539363249304348,21.697088410543493,21.28305939223268,21.58865165710449,343600
2006-02-02,21.539363765501545,21.5886521744829,20.89860504758252,21.391496658325195,469700
2006-02-03,21.19434025238502,21.470360244183453,20.878889907605306,21.40135383605957,224100
2006-02-06,21.470360629697865,21.470360629697865,20.99718322379972,21.18448257446289,359300
2006-02-07,21.214056607549686,21.292919194631445,20.760595321655277,20.760595321655277,466200
2006-02-08,20.91831928303569,21.47035924083473,20.839456700526156,21.391496658325195,330800
2006-02-09,21.48021958163534,21.835100300529504,21.03661633272704,21.17462539672852,467300
2006-02-10,21.30277692697133,21.706947914607888,20.96761046694603,21.657657623291016,421800
2006-02-13,21.72666471092728,21.83509959475244,21.292919534929403,21.4802188873291,425000
2006-02-14,21.618228008595512,22.70259001157014,21.490075127028398,22.43642807006836,796300
2006-02-15,22.456141334689438,22.77159164888731,22.1801213696502,22.702587127685547,538500
2006-02-16,22.189982257294652,22.337849375906103,21.766095138438068,22.032257080078125,1345400
2006-02-17,22.919461409065423,23.520789815450755,22.574436882774947,23.077186584472656,2035400
2006-02-21,23.28419979733388,23.28419979733388,22.46599982406195,22.633581161499023,936100
2006-02-22,22.61386736834484,22.95889186795964,22.229410637810744,22.69272994995117,755100
2006-02-23,22.6138659757599,23.17576207013192,22.58429180439164,23.027894973754883,417600
2006-02-24,22.929320002048325,23.64894136664752,22.68287417470073,23.56022071838379,874100
2006-02-27,23.50107548229495,24.437570427562573,23.46164324533387,24.41785430908203,1080800
2006-02-28,24.151688916478328,24.486855362064365,23.865810879853417,24.200977325439453,1118500
2006-03-01,24.18126417479209,24.6248655160395,24.18126417479209,24.48685646057129,641000
2006-03-02,24.299560166855287,24.615010550550668,24.19112527260537,24.516433715820312,295500
2006-03-03,24.33898705423852,24.555858675293784,24.18126189706521,24.2995548248291,340600
2006-03-06,24.16154955718019,24.25027020698025,23.51093271213471,23.619367599487305,379300
2006-03-07,23.510932469162423,23.69823182571942,23.175765991210938,23.175765991210938,279600
2006-03-08,23.077185410543844,23.402493803301983,23.018038942832995,23.047611236572266,222400
2006-03-09,23.018042204285265,23.343350643136723,22.95889572819388,22.968751907348636,205200
2006-03-10,22.968750754441828,23.836241134657453,22.968750754441828,23.619367599487305,426000
2006-03-13,23.609508934066167,23.826380566161006,23.10675926489732,23.13633155822754,280800
2006-03-14,23.067331071786576,23.62922730621709,23.03775877327925,23.579938888549805,155900
2006-03-15,23.59965277256469,23.7376618331482,23.41235341874961,23.668657302856445,118300
2006-03-16,23.73765999751892,23.846096754010528,23.26448450048108,23.412351608276367,188300
2006-03-17,23.510933733187887,23.71794733822341,23.333492425881687,23.629226684570312,347800
2006-03-20,23.53064824227293,23.747519891794514,23.510932124980304,23.668657302856445,260400
2006-03-21,22.830739974975582,23.688372231858683,22.811023858671987,22.830739974975582,396000
2006-03-22,22.712446954963607,23.294057341944423,22.68287278061584,23.08704376220703,165500
2006-03-23,23.13633273106624,23.29405790426384,22.77159397313393,23.16590690612793,301600
2006-03-24,23.018040198831446,23.36306472639719,22.95889372789322,23.225053787231445,236200
2006-03-27,23.16590713847182,23.530647780294693,23.047612317270985,23.3334903717041,169700
2006-03-28,23.422211966935013,23.648941679841705,22.97860871974151,23.19548225402832,209300
2006-03-29,23.205338683874785,24.14183164631716,23.057469691702316,24.04325294494629,502200
2006-03-30,24.112259201298,24.191123672237158,23.76723654210159,24.151691436767575,246500
2006-03-31,24.20097841112158,24.59529322142909,24.171406116511168,24.48685646057129,385600
2006-04-03,24.605148540804247,24.605148540804247,24.1516891571008,24.368560791015625,298400
2006-04-04,24.398135817877137,25.0290365060388,24.260126762399867,24.891027450561523,626300
2006-04-05,24.92059961474119,24.940313849481367,24.437566079310898,24.7431583404541,294500
2006-04-06,24.674153210020823,24.87130871418785,24.555858403334877,24.79244613647461,235900
2006-04-07,24.792450221288384,24.81216633902317,23.92496172351494,24.151691436767575,276900
2006-04-10,24.15169035529156,24.200978767188992,23.83624000659024,23.865812301635746,185100
2006-04-11,23.93481909832568,23.93481909832568,23.461641687376535,23.648941040039062,216100
2006-04-12,23.609510831211,23.68837342014907,23.510932124980304,23.668657302856445,187100
2006-04-13,23.5996523892827,23.89538662293933,23.46164145070819,23.885528564453125,119500
2006-04-17,23.88552558565584,23.97424622073484,23.38277594695225,23.47149658203125,241100
2006-04-18,23.609511360688234,24.536146331433567,23.4616423579098,24.151691436767575,274300
2006-04-19,24.06297237908375,24.59529631174416,23.95453560460124,24.516433715820312,343300
2006-04-20,24.45728433520225,24.65444175687742,24.22069655733156,24.506574630737305,148900
2006-04-21,24.77273366816027,24.77273366816027,24.013681951036403,24.496715545654297,243500
2006-04-24,24.44742342750284,24.54600212685412,23.895385343460884,24.24040985107422,149200
2006-04-25,24.12211655986528,24.12211655986528,23.74751973494177,24.053112030029297,219500
2006-04-26,23.93481984701253,24.14183344308937,23.826383079410867,24.02354049682617,213300
2006-04-27,23.8460960683478,24.871309615784465,23.8460960683478,24.250267028808597,388500
2006-04-28,24.16154717352284,24.743159429174312,24.09254264831543,24.09254264831543,152600
2006-05-01,24.043253237460032,24.46714034234919,24.043253237460032,24.08268547058105,187200
2006-05-02,24.31927322861009,24.31927322861009,23.76723512654234,24.08268547058105,276300
2006-05-03,24.02353657455991,25.12761266717477,23.95453017356833,24.9403133392334,576300
2006-05-04,26.62600710527334,29.070749233118654,25.94581610317126,28.79472923278809,3419600
2006-05-05,28.597572417400407,29.021459517357272,27.94695562033296,28.745439529418945,903400
2006-05-08,28.686294018123352,29.84951859723032,28.38070172572094,29.287620544433597,626000
2006-05-09,29.189042161982645,29.208756397687157,27.99624347105776,28.26240539550781,547300
2006-05-10,28.015959473211996,29.09046334438437,27.956813005874075,29.0510311126709,504000
2006-05-11,28.9425949300726,29.02145750970908,28.232829833112035,28.469417572021484,432300
2006-05-12,27.946954822136355,28.873591580676333,27.66107678419748,28.09482192993164,682200
2006-05-15,28.04553587978018,28.56799982995248,27.887810700833924,28.429990768432617,672800
2006-05-16,28.321553036014333,28.69615173339844,28.213118154335675,28.69615173339844,381200
2006-05-17,28.48913644477956,29.06089067254878,28.360985445552146,28.58771514892578,429400
2006-05-18,28.824301421015296,29.66221754260371,28.617287845216435,29.0510311126709,1216000
2006-05-19,29.139752988508206,29.425631039847293,28.60743099944672,28.952455520629883,492200
2006-05-22,28.824300181837533,29.080604036259547,28.420129225311484,28.87359046936035,434200
2006-05-23,29.07075146408867,29.317197307507765,28.153972625732425,28.153972625732425,533900
2006-05-24,28.10468373195403,29.02146255474435,28.10468373195403,28.90316772460937,570700
2006-05-25,29.051033722369592,30.559282876717056,28.853878186788315,30.23397445678711,942500
2006-05-26,30.23397287410921,31.7027897163118,29.86923223801685,30.953594207763672,1369500
2006-05-30,30.85501565165874,31.2986188760101,30.36212401581606,30.56913948059082,654500
2006-05-31,30.77615082596297,30.894445637260727,30.322691456491444,30.65785789489746,612000
2006-06-01,30.51984941353612,31.604213276651308,30.51984941353612,31.54506492614746,794500
2006-06-02,31.545066467131093,31.959093659489007,30.85501738606961,31.761940002441406,846800
2006-06-05,31.643641697462392,32.195681686523265,30.578997713409365,30.8648738861084,735500
2006-06-06,30.77615100021903,31.436625823143206,30.164966465711437,31.08174514770508,917700
2006-06-07,31.2197558818352,32.02809973345751,31.2197558818352,31.722505569458008,725700
2006-06-08,31.416913636477705,31.554920812345827,29.37634068855433,30.697290420532227,1349700
2006-06-09,30.72686433294288,31.357765018562382,30.509992692319265,31.062030792236328,528400
2006-06-12,31.515492125461822,31.702791483095066,28.75529957612949,28.893308639526367,1396600
2006-06-13,28.913023926775377,30.04667433839621,28.834161338494773,29.17918586730957,591700
2006-06-14,29.070747468565184,29.61292937770851,28.735581017162342,29.21861457824707,473900
2006-06-15,29.35662922276577,30.27340617082746,29.228476332664133,30.155113220214844,823100
2006-06-16,30.007245574313256,30.10582428494533,29.465063605953095,29.67207908630371,648800
2006-06-19,29.672077096398706,29.672077096398706,28.88344934446253,29.12003898620605,532400
2006-06-20,29.02145883496976,29.67207561673912,28.99188466116849,29.455202102661133,423700
2006-06-21,29.386198921849637,30.03681573338635,29.33691051015809,29.7805118560791,561100
2006-06-22,29.69179253419066,29.88894805749141,29.57349771602433,29.701648712158203,461700
2006-06-23,29.62278515415877,29.741079968441014,29.376339347950356,29.56363868713379,364100
2006-06-26,29.6622198056926,30.174827575683597,29.514352685950083,30.174827575683597,329500
2006-06-27,30.09596433027712,30.302977917356547,29.10032298804499,29.139753341674805,496500
2006-06-28,29.208756656025272,29.346767588571296,28.68629274070492,28.83415985107422,393100
2006-06-29,28.982026434063343,29.711505794812386,28.82430126850854,29.56363868713379,474000
2006-06-30,29.3960555156179,29.839658719669394,29.00174260103451,29.435487747192383,588000
2006-07-03,29.3369122850856,30.046675609640392,29.3369122850856,30.03681755065918,154200
2006-07-05,29.721366258951686,29.82980302413684,29.031319073840777,29.090465545654297,366300
2006-07-06,29.12989229432796,29.189040639052344,28.775011627142657,28.85387420654297,231400
2006-07-07,28.77501708704296,29.03132098878427,28.3807041152227,28.410276412963867,425500
2006-07-10,28.410272356817185,28.76515492090497,28.183542665419896,28.24268913269043,303700
2006-07-11,28.242693164911184,28.42999253161302,27.611792409998767,28.410276412963867,688700
2006-07-12,28.291979973846196,28.53842578588237,27.779372233555183,27.917381286621094,507000
2006-07-13,27.720227868622597,27.84837887330365,26.606291660760263,26.724586486816406,545100
2006-07-14,26.63586494943379,26.7541578913142,25.75851654269742,25.92609977722168,723100
2006-07-17,25.97538877398987,26.349985578232943,25.85709395777861,25.87681007385254,367000
2006-07-18,26.13311388777569,27.08932295258513,25.788089378128635,26.004961013793945,878800
2006-07-19,25.91624079761837,27.23718853374021,25.91624079761837,27.12875366210937,571100
2006-07-20,27.08932286954712,27.23718997887622,26.23169250729896,26.26126480102539,298100
2006-07-21,26.152828598777017,26.18240089100536,25.433205444094455,25.807804107666016,576000
2006-07-24,26.00496309078748,26.714728282802845,25.8275236730161,26.704870223999023,324600
2006-07-25,26.616147904548463,26.852735660294343,26.389418206987703,26.468280792236328,257600
2006-07-26,26.418988664453547,26.58657188148421,25.847234491095787,26.21197509765625,180900
2006-07-27,26.349986563739936,26.59643238318434,25.70922780923096,26.014820098876957,326500
2006-07-28,26.22183575919305,26.862594518449026,26.073968642477425,26.7147274017334,487400
2006-07-31,26.418991644128067,26.734443879000573,26.399277407137383,26.49785423278809,195900
2006-08-01,26.24155288548984,26.34998777246146,25.531787689583016,25.64022445678711,502800
2006-08-02,25.88666571348288,26.123253443570377,25.354341910611907,25.54164123535156,731200
2006-08-03,25.334632209548563,26.586575603566768,25.25576961874244,26.192262649536133,484800
2006-08-04,26.41899317602399,26.59643448085601,25.699371777745267,26.03453826904297,795200
2006-08-07,25.728945955294783,26.054254387409312,25.659941421245115,26.03453826904297,1907400
2006-08-08,29.425629957199508,30.894446752540407,28.922880281441376,30.411413192749023,6121000
2006-08-09,30.322692799870044,31.288759927377527,30.08610504702529,30.98316764831543,1734500
2006-08-10,30.164969071131654,30.529707835756454,29.7312238967634,30.51984977722168,1320100
2006-08-11,30.332548246469887,30.608566327575645,30.19453732568485,30.48041534423828,411800
2006-08-14,30.53956493125807,31.466201721750338,30.53956493125807,31.19018173217773,975300
2006-08-15,31.44648922037755,31.99852738275248,31.44648922037755,31.97881126403809,840400
2006-08-16,31.96895203692975,32.274546207169124,31.10146169853056,31.54506492614746,805000
2006-08-17,31.32819324326026,32.530848165211694,31.32819324326026,32.48155975341797,966300
2006-08-18,32.51112839595183,32.56041680220827,31.801363312373116,32.37311935424805,410000
2006-08-21,32.097106618327594,32.58999828393816,31.83094466764209,32.46184539794922,587900
2006-08-22,32.50127622046538,32.944875691853994,32.166109752005546,32.66885757446289,612600
2006-08-23,32.59985046068215,33.00402142644811,32.343548480632926,32.57027816772461,464500
2006-08-24,32.48156284545648,32.75758098614836,31.80136991237273,32.106964111328125,523300
2006-08-25,32.13653433857629,32.7181466407504,32.03795751195623,32.491416931152344,254600
2006-08-28,32.37312269980014,32.68857304499835,32.37312269980014,32.4421272277832,259700
2006-08-29,32.41255321764361,33.27018356323242,32.37312098646459,33.27018356323242,548900
2006-08-30,32.55056796368309,32.659004738173,32.03796015002684,32.185829162597656,679000
2006-08-31,32.10695761642961,33.08288461147281,32.10695761642961,32.9251594543457,385600
2006-09-01,32.83644374769866,33.161750287903764,32.471701211711355,32.67871856689453,281400
2006-09-05,32.61956681152773,33.80250742440429,32.47169782474396,33.674354553222656,637000
2006-09-06,31.53520365523026,31.53520365523026,30.283258567254,30.431127548217773,4405100
2006-09-07,30.026959348739247,30.648003899971737,29.829803810751024,30.421274185180664,1719800
2006-09-08,30.31283458586662,30.805726205149004,30.28326041182605,30.55928039550781,588700
2006-09-11,30.31283623964871,30.805727885821863,30.31283623964871,30.795869827270508,506700
2006-09-12,30.677578273754428,31.0324589965049,30.64800409676168,30.99302864074707,796900
2006-09-13,30.884588115764892,31.29861714214588,30.73672100925003,31.26904296875,458500
2006-09-14,31.03245803648445,31.5450658071057,31.03245803648445,31.53520774841309,1343600
2006-09-15,31.77179481522349,31.860515461266758,30.81558570593015,31.03245735168457,568800
2006-09-18,30.884589113610325,31.239471684897666,30.15510973503372,30.47056007385254,764100
2006-09-19,30.39169656027678,30.963450751969276,29.83965848421596,30.60856819152832,452800
2006-09-20,30.79586839682611,31.446485189135423,30.71700581231081,31.13103485107422,415000
2006-09-21,32.570283330667785,33.802512538754804,32.570283330667785,33.17161178588867,3832100
2006-09-22,33.06317246382483,35.14317580832481,32.84629893657957,34.837581634521484,11938800
2006-09-25,35.00516372091083,35.734645025695094,34.40383905995862,35.61635208129883,2877300
2006-09-26,35.61634551039391,36.276818401925226,35.024873376604226,36.030372619628906,2665500
2006-09-27,35.83322264653138,36.21768130515085,35.19246573642891,36.138816833496094,884400
2006-09-28,36.079669718170834,36.227538727366536,35.53748961856177,36.04024124145508,982000
2006-09-29,36.1979632446752,36.6317065341046,35.98108971972811,36.2669677734375,1035400
2006-10-02,36.26697130004565,36.62185391702619,36.020525456083064,36.2275390625,695900
2006-10-03,36.010663383186,37.03587893584803,35.99094726558116,36.8682975769043,844900
2006-10-04,36.90772755718583,37.87379479644108,36.73028625196904,37.76536178588867,1348200
2006-10-05,37.62734452887653,38.44554642447165,37.62734452887653,38.34696960449219,1140700
2006-10-06,38.1498105934154,38.44554480133276,37.6076305854895,37.85407638549805,1067300
2006-10-09,37.59777184324147,38.99758598724573,37.59777184324147,38.56383895874024,726400
2006-10-10,38.83986206215139,39.03701570635812,38.34697043070513,38.86943435668945,1070000
2006-10-11,38.839864769584295,39.07645066331009,38.60327511539352,38.71171188354492,990300
2006-10-12,39.0370125404828,39.865070564576165,38.81028285966091,39.75663757324219,1814300
2006-10-13,39.91437191192627,40.40726361675859,39.61863388065465,40.24953842163086,1451800
2006-10-16,40.37768360317969,40.90015131625326,40.21010224497122,40.505836486816406,1066000
2006-10-17,40.101665025362685,40.44668767686956,39.31303913587207,40.17066955566406,810100
2006-10-18,40.43682713048547,40.60440846869678,39.19473819830091,39.43132781982422,1130100
2006-10-19,39.43133252508913,40.70299390153483,39.43133252508913,40.505836486816406,1697900
2006-10-20,40.50583342009543,40.752279229718674,39.54962247540856,40.07209014892578,683700
2006-10-23,39.72706162870366,40.38753831851572,39.32289067301488,40.30867385864258,747300
2006-10-24,40.44668937055232,40.9001525664047,40.22981959215164,40.40726089477539,566700
2006-10-25,40.604416561636654,40.71285333642822,39.943943494037455,40.42697525024414,517800
2006-10-26,40.59455406197839,40.66355858783572,39.7960682850318,40.07209014892578,600300
2006-10-27,39.78621103699074,40.56498067696258,39.52004911850171,39.65805816650391,741900
2006-10-30,39.58905987307757,39.81578959625911,38.83986616867183,39.46090698242188,596300
2006-10-31,39.470763044733374,40.21995667554568,39.470763044733374,39.71720886230469,592900
2006-11-01,40.04251321194866,40.36782347850315,39.736922821449696,39.95379257202149,712700
2006-11-02,39.727062839709305,39.87493182624674,39.03701383664217,39.145450592041016,411100
2006-11-03,39.28346629482109,39.28346629482109,38.701853948632994,39.13560104370117,318400
2006-11-06,39.480617990284,40.0227980199216,39.22431600261583,39.41161346435547,508900
2006-11-07,39.382038488515725,40.19038038902693,39.33275008198979,39.5693359375,659000
2006-11-08,39.90450615260814,40.60441136888968,39.27360546410284,39.825645446777344,1211800
2006-11-09,42.78299818387672,43.177309261051086,39.1553152152685,39.26375198364258,4279300
2006-11-10,39.00744587727018,40.25939115152816,38.96801364175065,40.03266143798828,973500
2006-11-13,40.36782352115915,41.057872525714735,40.200238418690944,40.76213455200195,1321100
2006-11-14,40.77199909369873,40.78185527238526,39.31304021787049,40.32839584350586,1404900
2006-11-15,39.94393874164481,40.40725808409725,39.42147480940848,39.60877227783203,858200
2006-11-16,39.87493088138672,39.97350769643282,39.263746355079135,39.2834587097168,753500
2006-11-17,39.27360858266527,39.47076600359485,38.37654588987744,39.19474411010742,1463000
2006-11-20,39.26375076338975,39.26375076338975,38.74128305568528,38.95815658569336,1347400
2006-11-21,39.19473836645727,39.53976474263967,39.02715702752699,39.32289123535156,1464300
2006-11-22,39.549623280082734,39.64820386221652,39.25388905461077,39.38204193115234,718400
2006-11-24,38.97787015536244,39.22431596500363,38.18924431660355,38.199100494384766,651000
2006-11-27,38.445545662406055,39.12573473189676,38.21881597257582,38.37654113769531,1112600
2006-11-28,38.21882181461782,38.57370443049937,37.94280367358334,38.396263122558594,1209800
2006-11-29,38.83986818694341,39.51020121225462,38.57370621273467,39.48062515258789,1110900
2006-11-30,39.19473939952516,39.66791865707359,38.83000065894348,38.92858123779297,964300
2006-12-01,39.391898100139656,39.56933938747526,38.2483896709017,38.57369995117188,792200
2006-12-04,38.70185153680928,39.835503860407535,38.66242306191352,39.7369270324707,705700
2006-12-05,38.89900422797412,39.106017797773895,38.59341384221192,38.66241836547852,1791100
2006-12-06,38.83986438159959,39.37218451739759,38.573702433468114,39.33275604248047,1280000
2006-12-07,39.421469962701934,40.160807327820045,39.12573200828325,39.598907470703125,1124900
2006-12-08,39.49048169802513,40.91000834465042,39.42147716550991,40.2199592590332,1990900
2006-12-11,40.89029072004483,41.15645266156703,40.47626354020908,40.68327713012695,2306200
2006-12-12,41.19588423456299,41.66905975840615,40.70299259383493,41.26488876342773,1983700
2006-12-13,41.89579138359193,42.15209339392226,40.83114358576217,40.98887252807617,1177800
2006-12-14,41.15645485832577,41.777499421693,41.07759038531055,41.40290069580078,991900
2006-12-15,41.659198042333,41.80706703242847,41.24517088680908,41.28460311889648,845700
2006-12-18,41.43247188566705,41.68877765565171,40.91986410616266,41.24517440795898,945800
2006-12-19,40.92972440996578,41.23531859675823,40.52555339412544,41.02830123901367,596800
2006-12-20,40.82128858442274,42.92100818372369,40.81143240547633,42.250675201416016,2294700
2006-12-21,42.38868233660858,42.78299716485602,41.8169262116963,41.97465515136719,758400
2006-12-22,41.96479935352998,42.349254280753904,41.65920514345866,42.161956787109375,512400
2006-12-26,42.29010221857139,42.49711579508135,42.112660935715816,42.45768356323242,320500
2006-12-27,42.5858370426769,43.65048099449988,42.39853581896075,43.34489059448242,1010800
2006-12-28,43.34488841328684,43.57161809753908,42.93085751474379,43.17730331420898,431500
2006-12-29,43.17730294539052,43.49275326517424,42.881568740651325,42.99000549316406,437100
2007-01-03,43.35474677235265,44.28138167120456,42.73370227351819,43.34489059448242,1301700
2007-01-04,43.41388984142552,43.98564209998437,42.97028668191871,43.80820083618164,920600
2007-01-05,43.68991055941579,43.85749565669491,43.03929380622952,43.24630737304688,490500
2007-01-08,43.34489194966516,43.37446424466506,42.84214037187809,43.13787460327149,614100
2007-01-09,43.37446066320839,43.719483277934486,43.06886651840494,43.43360900878906,563100
2007-01-10,43.23645138659251,44.2813791630237,43.02943781886155,44.202518463134766,1209100
2007-01-11,44.29124256870666,44.29124256870666,43.630765823158775,44.01522445678711,638800
2007-01-12,43.7392062726944,44.06451658385818,43.5321926712984,43.86735916137695,426100
2007-01-16,43.99550569714211,44.1433709223026,43.58147479367078,43.91664123535156,482700
2007-01-17,43.916637523106,43.96592592732651,43.27588074731091,43.404029846191406,610600
2007-01-18,43.66034091446748,43.66034091446748,41.92536029379484,42.53654861450195,885300
2007-01-19,42.42811073561872,42.644980487129295,41.98450753406256,42.37882232666016,464700
2007-01-22,42.60555313173877,42.60555313173877,41.99436481116392,42.13237762451172,443800
2007-01-23,41.93521817773188,42.29010073095954,41.925358239884176,42.1126594543457,288900
2007-01-24,42.35910498852159,42.69427142441744,42.12251536769797,42.47739791870117,415600
2007-01-25,42.54640609070682,42.585838324303744,41.60991122533608,41.77749633789063,650800
2007-01-26,41.68877410888672,41.87607157066004,41.20573866683552,41.68877410888672,476200
2007-01-29,41.36346951319808,42.2309599361432,41.36346951319808,41.96479797363281,703700
2007-01-30,42.03379294137448,42.22109414669215,41.94507230739882,42.09294128417969,661700
2007-01-31,42.09294451072622,42.2802419699365,41.70848965418352,42.01408004760742,953000
2007-02-01,42.2901009991294,42.773132663724354,42.15208819163778,42.55625915527344,675700
2007-02-02,42.60555339358395,43.76877793284032,42.60555339358395,43.38431930541992,882800
2007-02-05,43.256173084813724,44.33067705279734,43.256173084813724,43.92650604248047,1188800
2007-02-06,43.89692822561045,44.24195462965792,43.3646081127207,43.94622039794922,1402300
2007-02-07,44.15323558864156,45.32631637991761,43.95607817351607,44.99114990234375,1212700
2007-02-08,45.15873051026138,45.15873051026138,44.33067245782457,44.36024475097656,619900
2007-02-09,44.51796930606446,45.25730670846398,44.51796930606446,44.941856384277344,1132600
2007-02-12,45.21787877854212,45.64176589707132,44.655982600113134,45.27702713012695,2614500
2007-02-13,48.944133347033656,50.65939386769045,48.05692703602899,50.077781677246094,8458700
2007-02-14,50.077791703989575,50.52139494831164,49.84120581399442,50.28480529785156,1471800
2007-02-15,50.26508876736799,51.073430718589385,49.64404427688071,50.097503662109375,1354600
2007-02-16,49.920063045745536,51.28044498006268,49.644044939827296,51.13257598876953,1577100
2007-02-20,51.13257875267572,53.12386147127918,50.93542134044931,52.73940658569336,1757900
2007-02-21,52.542248055620455,53.685756509647405,51.970495708839366,53.39002227783203,2114800
2007-02-22,53.40973650405795,53.9124843043011,52.42395325925875,52.857696533203125,857600
2007-02-23,52.85769729861204,53.80405208527615,52.847841120625766,53.23229598999024,656400
2007-02-26,53.626612935321184,53.90263105551504,51.26073151505575,52.99570846557617,852100
2007-02-27,52.28594822291289,52.80841217943992,51.53675079345703,51.53675079345703,1308900
2007-02-28,51.54661259828176,52.69012114105675,51.1128655148555,51.6649055480957,1193400
2007-03-01,50.96499324074156,53.133717077457824,50.55096233278099,52.40423583984375,2727200
2007-03-02,52.28594674100963,52.39438350486792,51.12272215492683,51.19172668457031,1490700
2007-03-05,50.63968911069593,51.42831503041334,49.55532894114262,50.59040069580078,1232300
2007-03-06,50.91571013699541,51.73390833964138,50.78755725207558,51.28044891357422,1688600
2007-03-07,51.30015928376322,51.91134382261593,50.68897098444598,51.40859603881836,1177900
2007-03-08,51.73391284510554,53.04500658389718,51.73391284510554,52.05922317504883,1032900
2007-03-09,52.571825268979865,52.690118212218366,50.8762767872136,51.526893615722656,639000
2007-03-12,51.55646072775866,52.34508653749906,51.3494471577889,52.1380729675293,416600
2007-03-13,51.67475906569377,51.80291194833002,50.50167828599769,50.61011505126953,764700
2007-03-14,50.442528177782414,51.10300492486918,49.09200614928898,51.03400039672852,848900
2007-03-15,50.886131578762765,51.250874097876746,50.53124899825443,50.92556381225586,418000
2007-03-16,51.01428575011733,51.49732122148627,50.55096639599456,50.974853515625,474400
2007-03-19,51.02413679827169,51.72404572851106,50.87627157448988,51.586036682128906,724400
2007-03-20,51.72404712858689,52.59153366088867,51.60575043380199,52.59153366088867,677500
2007-03-21,52.69997387158352,53.21258163452149,52.009924815303,53.21258163452149,521400
2007-03-22,53.57731789015397,55.31229850813998,53.56746171230315,54.47438049316406,1169300
2007-03-23,54.18850838423472,54.4152380885475,52.38452316751393,53.4294548034668,750000
2007-03-26,53.48859619618621,53.71532964740908,52.06906970430033,52.84783935546875,564500
2007-03-27,52.92670782844834,52.936567768017554,51.86206374334648,52.18737030029297,1219700
2007-03-28,51.783191853378106,51.93106084202061,51.31987629252979,51.67475509643555,532600
2007-03-29,52.03949595381404,52.207077292544106,51.26072632445034,51.84233856201172,932700
2007-03-30,51.76347779491305,52.699972652453376,51.37902292171954,52.50281524658203,754800
2007-04-02,52.65068929559979,54.02092756922898,52.57182858195942,53.764625549316406,1060700
2007-04-03,54.08993171013334,54.25751683615511,53.36045413229291,53.57732391357422,715100
2007-04-04,53.695615329296814,53.82376444545184,53.24215217213424,53.63646697998047,621800
2007-04-05,53.73504949129431,54.07021598531235,53.53789582696083,53.764625549316406,379100
2007-04-09,54.16879328040906,54.64196881484194,53.15343392066937,53.43931198120117,743700
2007-04-10,53.48859752794254,54.19836267178946,53.32101618034794,54.109642028808594,392900
2007-04-11,54.109639003648425,54.75039958496046,54.0702067733138,54.48423767089844,759000
2007-04-12,54.45467160466783,54.92784714139232,53.66604194966212,54.287086486816406,654200
2007-04-13,54.21807972930134,54.77997589111328,53.80405256184611,54.77997589111328,667100
2007-04-16,54.90813097650898,55.58832010487532,54.040640613031485,55.49959945678711,1684100
2007-04-17,55.48973877553614,56.140355555232965,54.888410405118776,55.93334197998047,698500
2007-04-18,55.51930987256756,55.90376472131277,55.10528273098488,55.37144088745117,466700
2007-04-19,55.15457331924762,55.15457331924762,53.597033986859,53.6660385131836,636700
2007-04-20,54.15892882948692,54.15892882948692,53.537888107544696,53.61674880981445,501600
2007-04-23,53.57731986125793,54.11950367461585,53.28158562881302,53.53789138793945,586000
2007-04-24,53.71532887573135,54.37580182273911,53.5181714812412,53.94205856323242,616900
2007-04-25,53.98149072881066,55.03628229746409,53.79419325947994,54.602535247802734,1276500
2007-04-26,54.51381413099893,56.79097484064224,54.503957952894005,56.28822326660156,1341000
2007-04-27,56.0220625165323,56.32765290977458,55.89390964427271,56.18964385986328,599500
2007-04-30,56.06148900870021,57.00784372983527,54.72082326751796,54.84897613525391,897000
2007-05-01,55.24329587125455,56.179790738627766,55.19400745938538,55.81504821777344,1009500
2007-05-02,56.110777481021934,56.66281742228361,55.44044837012023,55.657318115234375,615800
2007-05-03,55.47988030618341,56.8994105979861,55.40101960134141,56.68253707885742,894100
2007-05-04,60.17221226463251,62.74510722500831,58.73296957951796,61.473445892333984,3542400
2007-05-07,61.17771101785803,61.8480439415051,60.142635577206256,61.65088653564453,1316400
2007-05-08,61.28614595305468,63.208427900520846,61.14813689273564,63.13942337036133,1026700
2007-05-09,61.5424485196589,61.710029866921616,57.027559435407866,57.451446533203125,3320700
2007-05-10,57.34301281616062,57.658466932119374,55.69675650845595,55.71647262573242,1444000
2007-05-11,55.63760879183509,56.64310822162586,55.22358160569678,55.94320297241211,1505700
2007-05-14,55.84462786052951,56.48538477691816,54.661687097357735,54.96727752685547,848300
2007-05-15,54.98699043183964,55.09542719485984,53.65618450132666,53.83362579345703,1767000
2007-05-16,53.784334993455374,54.661681476446034,53.03513762428574,54.43495178222656,1554300
2007-05-17,55.74604113360228,57.36272503577481,55.54888373469876,56.524810791015625,2296400
2007-05-18,58.11192342907447,61.32557517441843,57.9640544371609,60.02434158325195,2742100
2007-05-21,60.09334467565436,60.32007436683592,59.2455704979101,59.42301177978516,1035900
2007-05-22,59.40329644759147,60.497516446767264,59.40329644759147,60.2017822265625,746700
2007-05-23,61.976189520289296,62.045194044330856,60.44822629292475,60.62566757202149,1193400
2007-05-24,60.56652081368894,60.62566916176037,58.44708910740211,58.841400146484375,1058200
2007-05-25,58.88083988811826,59.886339370784775,58.88083988811826,59.50188446044922,718400
2007-05-29,59.60045955161516,60.428517703712,59.077995587238405,60.07363510131836,577200
2007-05-30,59.69903652954518,60.26093269585122,59.15685271954395,59.5610237121582,764200
2007-05-31,59.40329149260421,61.11855584346046,59.3540030867588,60.96083068847656,977300
2007-06-01,61.33543992823248,61.33543992823248,60.52709789936211,60.69467926025391,492300
2007-06-04,60.7143904599718,61.98605175376963,60.70453428208566,61.34529113769531,652000
2007-06-05,61.34529029699061,61.42415476085759,60.20178189417176,60.82282638549805,466100
2007-06-06,60.64538620376166,60.6651023200865,59.33429267164445,60.172210693359375,829500
2007-06-07,59.64974346280179,60.11306279877619,58.37808591418656,58.48652267456055,752900
2007-06-08,58.26964710704575,58.89069159253181,58.01334136235295,58.46680450439453,788600
2007-06-11,58.535809130874455,59.44272789560068,58.052773694555775,59.42301177978516,532700
2007-06-12,58.95970020579201,60.66510485425204,58.95970020579201,60.52709579467773,1129900
2007-06-13,60.60595942312446,61.10871103347306,60.32008135139408,60.81297302246094,1107000
2007-06-14,61.01011893640297,62.92254066615506,60.82282149048948,62.1339111328125,846400
2007-06-15,62.88310680743987,64.26320469455234,62.5577965692986,64.026611328125,1235700
2007-06-18,64.49979676752075,64.5490889371844,63.10983880904096,63.27742767333984,645800
2007-06-19,63.20841888332145,65.70244907305991,63.20841888332145,65.47571563720703,1653700
2007-06-20,65.65316717976084,66.00804977432142,64.57866697801283,64.76596069335938,1200200
2007-06-21,64.69695246881567,65.03212268717967,64.14491625142719,64.91382598876953,492800
2007-06-22,64.98284667096226,65.10114339878147,63.92805862426758,63.92805862426758,1768000
2007-06-25,63.74074818572398,64.48008561894017,63.24785656357986,63.5830192565918,592600
2007-06-26,63.67173571225068,64.20405956311394,62.83382522486597,63.24785614013672,1245600
2007-06-27,62.76482358876812,64.06605729955028,62.61695834372675,63.93790817260742,552300
2007-06-28,64.07591788078747,64.45051284701722,63.19857129917109,63.356292724609375,535700
2007-06-29,66.73752556717442,68.4133616687784,66.52065956146697,67.76274108886719,1749000
2007-07-02,67.98946478574871,67.99932472306911,66.60936687710657,67.3388442993164,789600
2007-07-03,67.32900062740876,67.50644191757868,66.55023093838126,67.0924072265625,227300
2007-07-05,67.03326193708038,68.49222447668461,66.91496523789212,68.3344955444336,784800
2007-07-06,68.22605701108665,70.414497003168,67.87117444367188,69.82302856445312,1090500
2007-07-09,70.24690956961251,70.47363548302108,68.25562338937186,69.25126647949219,717400
2007-07-10,68.84709198934522,69.17240223577414,66.04747143698732,66.50093078613281,832300
2007-07-11,66.55022000073731,68.11761153886023,66.16576518870987,67.53600311279297,1015900
2007-07-12,67.6937400811098,67.99933803041868,66.55023531880403,67.72331237792969,626700
2007-07-13,67.48672208814942,68.43307312941576,66.63894787017402,68.30492401123047,599300
2007-07-16,68.02891591559198,68.7583935404835,66.54038084562919,67.00370025634766,651500
2007-07-17,67.03324921263476,67.51628081433655,66.42206099757371,66.81637573242188,716400
2007-07-18,66.31362663877559,67.56557540280612,65.60386911567528,67.53600311279297,644800
2007-07-19,67.70360055762774,69.1132710443591,67.64445596351861,69.01469421386719,592100
2007-07-20,68.84710139419106,70.42436067563666,68.70909233520402,69.67516326904297,1121200
2007-07-23,69.75401718251463,69.91173857423588,67.37827620199498,67.55571746826172,592300
2007-07-24,67.15155826460662,67.95004029715214,66.05733824619196,66.1263427734375,684700
2007-07-25,66.35306416259621,67.41771181362772,64.60823122417976,65.89960479736328,1640400
2007-07-26,65.07156255288093,65.8601847386657,62.32122603989835,63.95762252807617,959600
2007-07-27,63.32671790232422,64.04634302980816,61.86775905077626,62.04520034790039,752200
2007-07-30,62.00577714537244,64.25336208609201,61.89734037008066,63.89847946166992,1629000
2007-07-31,64.8053852727654,65.52501031587126,62.79439040859494,62.89296722412109,619000
2007-08-01,62.51836826373657,62.538084378842434,60.231351557958746,61.38471984863281,908300
2007-08-02,61.17771045244536,63.31686208149532,60.83268405526197,63.18870544433594,696100
2007-08-03,62.91269071457807,63.48444684095723,60.5566691989406,60.68482208251953,784900
2007-08-06,60.74396778101848,61.10871032088954,58.65410817299491,60.84254837036133,885300
2007-08-07,60.1722094910371,64.50965722375362,60.1722094910371,64.16462707519531,2103100
2007-08-08,76.6249392082924,78.59650580803725,74.39706684472041,78.42891693115234,7669900
2007-08-09,76.84180520323807,77.87688067629489,72.02132546937976,74.89981842041016,3792200
2007-08-10,73.04653554818438,78.8527981481087,73.04653554818438,75.72786712646484,3564100
2007-08-13,76.87138420404612,77.33469603240744,75.01810680688232,76.54607391357422,1347200
2007-08-14,76.63479672423678,76.7925256727553,72.22834387732561,72.48464965820312,1048300
2007-08-15,72.0410476991144,74.66322745104257,71.8734663377173,74.29849243164062,1601800
2007-08-16,72.98740408955416,73.66759704459146,68.21620850625963,71.37071990966797,1807400
2007-08-17,73.50985012098066,74.82094353202496,70.49335605066612,72.26776123046875,979100
2007-08-20,72.86910331923741,74.919534489229,72.6620897185551,74.751953125,686100
2007-08-21,74.42662681526726,76.64463887267588,74.27875784058764,76.10245513916016,782900
2007-08-22,77.35441879152722,78.35991447479853,75.9841805701155,78.04446411132812,784300
2007-08-23,78.12331945822446,80.98209227381531,77.04881936846643,79.82872772216797,3145300
2007-08-24,79.78930030277478,80.24275970458984,78.61621580444981,80.24275970458984,662600
2007-08-27,80.33147393157807,80.8243655504113,79.26683375080454,79.74000549316406,510400
2007-08-28,79.25698346039977,79.39499252879835,75.31385002974237,75.53072357177734,1377300
2007-08-29,76.27005006122651,77.86701405632333,76.17146572297143,77.48255920410156,865800
2007-08-30,76.88123733959073,79.13868199553328,76.51650233256238,78.13318634033203,820300
2007-08-31,79.44426420945798,82.06645112264172,79.17810605556625,81.80029296875,989300
2007-09-04,81.61298400678336,82.50019030374403,80.41032741767314,80.991943359375,969800
2007-09-05,80.78493634790391,81.16939122333689,79.26683672338515,80.02588653564453,466200
2007-09-06,80.44978049031708,81.35669937513028,78.08389892568819,81.26798248291016,749400
2007-09-07,79.61185652162546,79.63156887720503,76.42777334908173,76.80237579345703,927700
2007-09-10,76.97980202598748,77.78815142333008,75.14625229928166,75.37297821044922,855700
2007-09-11,75.61943304288793,80.73565057377546,75.49128392650255,80.27233123779297,1427500
2007-09-12,80.34133394588173,83.54512947133101,79.94701914625598,82.16503143310547,1098400
2007-09-13,82.9043751316804,85.01395082014577,82.63821694633917,84.9449462890625,1636500
2007-09-14,83.92959878205785,86.46306184058393,83.91973884211417,85.42799377441406,1061000
2007-09-17,85.48712048367138,86.47290368570462,84.75764302002689,85.73356628417969,845500
2007-09-18,85.9405798244067,88.72048815234295,84.86607222367859,88.67119598388672,1651500
2007-09-19,89.4795451277669,89.50912494378456,86.29546934112422,88.59234619140625,1384000
2007-09-20,86.38419427010653,87.35026528487431,84.18590155999546,85.54627990722656,1657600
2007-09-21,86.3250499893608,88.61206712227099,85.76315376552732,88.0501708984375,999700
2007-09-24,88.03045609578531,89.04581174215694,85.96030504563062,86.33490753173828,693500
2007-09-25,85.4674047507403,88.60219578599474,85.28011104750706,88.19802856445312,520000
2007-09-26,88.9472247700508,89.16409076457691,86.10816423453234,86.82778930664062,766600
2007-09-27,87.38969483308917,89.18382021593617,87.27139812443232,88.5726318359375,922800
2007-09-28,88.84865195641072,90.64277737939888,87.25168771892852,87.48827362060547,1126200
2007-10-01,87.63613884012537,89.20353071224038,85.98002255813657,88.0403060913086,978300
2007-10-02,88.19802778062146,88.19802778062146,86.02930013774089,87.41925811767578,667000
2007-10-03,86.86721857346193,90.93850049514084,86.86721857346193,89.88371276855469,846600
2007-10-04,90.02172385491474,90.54418776109902,88.81906711641477,89.49925994873047,615200
2007-10-05,90.8892189306574,93.3438248080716,90.56391615155454,92.5946273803711,980100
2007-10-08,93.15650989828283,94.14229307180965,91.3820971775631,92.8311996459961,1003200
2007-10-09,93.28466969989113,93.59026763295768,90.21888307700684,91.50040435791016,1222300
2007-10-10,91.96372482825826,94.62533672608764,91.31310424114058,93.27481842041016,902800
2007-10-11,93.60012624033844,94.02401338242836,89.01623967144269,90.05130767822266,1148200
2007-10-12,90.00202085174355,92.32847010741966,89.38097254172929,92.0524444580078,532000
2007-10-15,92.1017204502884,93.1466481876394,90.7807671120239,91.78627014160156,708600
2007-10-16,91.08637722602744,91.78628245730928,88.22760418944607,89.07537841796875,679700
2007-10-17,89.29224510341118,90.90892896860986,86.74892261269775,87.72484588623047,745500
2007-10-18,87.20239056205116,91.15538373475412,86.57148984632424,90.71177673339844,777200
2007-10-19,90.68221267739813,90.87937386955907,86.8278035020493,87.36997985839844,801100
2007-10-22,86.26589039238604,88.53318725177482,84.09716282840186,87.24181365966797,622300
2007-10-23,88.39518155294715,90.68219837478748,87.6558441210471,90.24845886230467,1188600
2007-10-24,89.39081569033733,89.89356719902756,85.71384125846849,87.66569519042969,898800
2007-10-25,87.5967069566579,88.5036258116233,84.84637057439835,85.91101837158203,571900
2007-10-26,86.69964279184698,86.74893496781438,83.57471137132508,85.01395416259766,1205700
2007-10-29,85.46740070901281,91.51025655801942,85.27024707674452,89.88371276855469,1190100
2007-10-30,89.66684475474577,90.42590207943996,86.81793172460974,87.43897247314453,614500
2007-10-31,88.21772773293206,91.79612520824158,87.29109673085456,91.77640533447266,828100
2007-11-01,90.28788615856551,93.48182937088664,89.144381475371,90.34703826904295,1757100
2007-11-02,91.2736672815068,92.40731952038632,87.80371355930555,89.51897430419922,916800
2007-11-05,88.23746361832922,90.64276971055922,87.25168033699228,87.78400421142578,712800
2007-11-06,88.22759819436519,89.70627302443833,86.00958594925544,87.69527435302734,663900
2007-11-07,87.14325022904391,92.02287483592126,86.75879532163808,89.02609252929688,1104000
2007-11-08,89.22324583718569,89.68656517724551,78.02474729287674,83.07195281982422,4422200
2007-11-09,96.83349314128206,105.18307105334256,94.63519315768114,102.2060089111328,7734100
2007-11-12,102.64960016684958,103.27064838570703,98.0952866735154,98.67689514160156,1828100
2007-11-13,100.41189327974357,108.25872789379812,98.82478147434158,107.15464782714844,2228600
2007-11-14,108.68260908449692,108.86005037975778,104.37473334567647,105.37037658691406,2047000
2007-11-15,105.07464399847804,106.44488977856356,103.49739213768012,105.054931640625,785500
2007-11-16,105.48865837460376,108.38685575948551,104.29586164992917,108.1995620727539,1093300
2007-11-19,107.84468780006172,108.88961562621289,100.55975026895248,101.1906509399414,1660400
2007-11-20,101.28922692827972,104.4437302573338,97.37566630006224,100.81604766845705,1541100
2007-11-21,98.25301433707604,104.2367183402676,97.48410460844084,101.96942138671876,948000
2007-11-23,102.9749208963734,107.27293661429454,102.23558343371629,106.15900421142578,395900
2007-11-26,107.05605397369752,110.90060995637084,102.29471931454772,102.76789855957033,1428900
2007-11-27,105.518242466714,107.04620202762896,102.76790623195168,105.59710693359376,1013000
2007-11-28,108.0714118777155,112.3004228009396,107.46023109371112,111.3836441040039,1657600
2007-11-29,110.85132923060924,114.4888720193596,106.68147007753764,108.60374450683594,1899500
2007-11-30,111.38365456629974,112.61588370905751,108.80090709647456,112.18214416503906,1434800
2007-12-03,112.8820424086924,114.5874432246892,110.42743669361408,112.96089935302734,1883200
2007-12-04,113.5523713419091,113.72981262207033,111.3935036867691,113.72981262207033,1207000
2007-12-05,116.11541762209376,118.9544708628772,115.33664790042548,118.02783966064452,1915900
2007-12-06,117.45608258630983,118.29399689345252,114.81418302151889,116.95333099365234,1972400
2007-12-07,117.0518950849414,117.5447866850374,115.13948079080056,116.2435531616211,794300
2007-12-10,115.65208303048736,117.4560680651073,112.625728951618,113.87767028808594,978500
2007-12-11,114.04527605067544,116.25342860781542,108.5840354905648,108.6727523803711,1058800
2007-12-12,111.93569955414002,113.36508236691613,108.98820199753068,110.31901550292967,1333000
2007-12-13,108.60373534170732,114.99161390471308,107.4503707814614,114.13397979736328,1198500
2007-12-14,112.42857277002727,118.78687116422203,112.01453812558228,115.50421142578124,2042700
2007-12-17,110.92032956160992,111.96526493573413,103.16222008693735,107.75596618652344,2725700
2007-12-18,108.64317667931748,112.8721879422868,108.43616308865978,112.24128723144533,1236900
2007-12-19,112.63559705352948,115.72109594048294,111.63995385807404,112.74403381347656,876300
2007-12-20,108.43615795964148,114.94232593303408,108.43615795964148,114.5775909423828,749800
2007-12-21,116.78573944747218,116.78573944747218,112.88203879307704,113.512939453125,1062300
2007-12-24,113.5030921467935,116.48016201858351,112.88205135570458,116.1351318359375,361600
2007-12-26,116.1449814490812,117.20962915709109,113.74952786652358,116.54915618896484,382100
2007-12-27,116.40129411007042,117.78139223711432,114.36072297568194,114.96205139160156,559400
2007-12-28,115.0310465988125,118.8558827932011,115.0310465988125,116.34213256835938,832100
2007-12-31,115.42535072438145,118.16583432481858,112.1821306303532,113.22705841064452,818000
2008-01-02,115.09019652245516,117.30820887513632,111.59066291318646,113.6016616821289,1619800
2008-01-03,114.06497698970873,114.3508550297947,109.0571963609671,109.81625366210938,1213500
2008-01-04,108.70232316232789,108.879764460398,104.97606342378484,106.01113891601562,1386000
2008-01-07,107.21378277984508,107.45036864163627,98.08542825543864,103.68467712402344,1852500
2008-01-08,103.50725202751832,107.94327711441196,100.4414651991241,100.82592010498048,1563800
2008-01-09,100.42174634207146,102.02857039535247,96.03500619415794,101.38780975341795,1205300
2008-01-10,100.54988457181712,102.37358195447314,96.63632413562424,101.31879425048828,1853800
2008-01-11,100.116147124048,103.21150600963772,92.82135689692085,94.8717803955078,1516300
2008-01-14,94.93093551365432,100.98364441958569,94.93093551365432,99.09093475341795,1113900
2008-01-15,97.51367577888776,103.75368546003448,97.10950856351334,101.81169128417967,1881900
2008-01-16,100.29359361106168,101.86099301231192,92.82136170622664,94.07330322265624,2902800
2008-01-17,94.99994290865506,95.91672171304153,85.60542138803686,88.089599609375,3753200
2008-01-18,90.91878185040892,95.20693698348032,89.47953185488952,91.65811920166016,3812400
2008-01-22,87.08409121888555,97.15879752922638,85.44769488734163,95.16751861572266,2175600
2008-01-23,91.28352675649398,99.23879722308322,90.11044981208433,98.844482421875,2652500
2008-01-24,99.28808953624942,110.46686791285045,97.86855925823178,107.03634643554688,2868000
2008-01-25,110.15142022832006,110.15142022832006,100.33301978441638,103.0932159423828,1740400
2008-01-28,103.68467592891004,105.87311580780842,100.91462757961864,104.847900390625,1116500
2008-01-29,104.84791079387468,106.08013990011996,101.61454282243574,104.02970886230467,1098700
2008-01-30,104.25644545726512,107.66725482324694,102.33416348124996,105.01549530029295,845500
2008-01-31,102.59046325449594,108.87975772658108,101.2103651905189,106.9771957397461,928300
2008-02-01,108.3572913989684,108.70231402707329,100.75690355873267,106.3660125732422,1832800
2008-02-04,106.40545420105995,106.78004915594748,103.68469012602748,104.17758178710938,746600
2008-02-05,103.47766654881865,103.47766654881865,96.57718395933315,96.88277435302734,1891500
2008-02-06,94.5169007258726,97.00107887013588,91.43140168386032,92.03273010253906,2261500
2008-02-07,91.18495371402452,101.04278654797312,91.18495371402452,99.6922607421875,2742400
2008-02-08,99.24866021445166,100.94420864715494,96.62647309854322,100.34288024902344,1156800
2008-02-11,100.1752992972696,101.48638533952442,98.42059874696167,101.3385238647461,846600
2008-02-12,102.1074388128902,103.3889526253972,98.67690952581486,101.53568267822266,1189400
2008-02-13,103.35937482260805,104.53245932590907,101.25965915554973,103.46781158447266,1619800
2008-02-14,104.72961999694932,104.72961999694932,98.6769108874862,100.7766342163086,2685600
2008-02-15,109.3825149201972,122.75959410488775,108.9586277970478,122.09912109375,9172700
2008-02-19,122.11881600757384,123.94252088307486,118.51085352761646,120.86687469482422,2588900
2008-02-20,120.25569958930608,127.32377138566456,118.2939929782766,125.69722747802734,2817400
2008-02-21,127.26462694573142,127.40263600269422,121.30063511768202,121.95124816894533,1408700
2008-02-22,122.02024148274504,125.9140895775456,120.85701702316182,125.44091033935548,1025600
2008-02-25,124.9776050533106,125.17476622505228,120.186697633468,121.75409698486328,1516300
2008-02-26,121.16263219847872,126.6731573803072,120.80774959947428,124.73116302490234,1186100
2008-02-27,123.53836629191048,124.12983478417875,119.87125111054524,121.49779510498048,1000500
2008-02-28,120.46271052929649,124.01153625746063,118.55029613237396,121.5569305419922,1225800
2008-02-29,119.82195621372456,120.62043823398182,111.82725351007232,112.39900207519533,2073600
2008-03-03,110.8119061396848,115.06062982410674,110.40773137015844,112.0737075805664,1585000
2008-03-04,109.76697063704694,114.70574715177642,108.45587702288287,113.69039154052734,1422700
2008-03-05,114.15370169196116,117.99825029409516,111.64981137100132,116.68716430664062,1426400
2008-03-06,116.2928578546726,117.75181293636516,113.80867971092398,114.2325668334961,1135200
2008-03-07,112.26099240774752,117.99825055063128,112.113130938828,115.25777435302734,1208200
2008-03-10,115.4450800354408,116.3027141929573,107.17435895280724,108.2094268798828,1528900
2008-03-11,111.58081677616082,114.0255552063366,109.7768314894156,113.55238342285156,1584100
2008-03-12,113.80866417352426,122.5821359065439,112.89188552293255,119.22061920166016,1974200
2008-03-13,117.8503834659596,122.24697559432092,114.15369650053964,120.7485809326172,1059600
2008-03-14,122.3849906814455,122.73001331106585,114.25227895601344,115.95767974853516,1131800
2008-03-17,112.64545226962424,113.41436954678755,104.79861825126842,109.50080871582033,2049100
2008-03-18,113.13834880911652,121.961114073256,113.02005962360776,121.31049346923828,1961300
2008-03-19,117.56451450299552,120.7978824147114,112.88204398575256,113.3059310913086,1595000
2008-03-20,114.9916195307548,119.55579334669224,111.896260675906,116.94346618652344,2989400
2008-03-24,117.78138686283314,129.87694411776022,117.347639823029,122.95674896240234,3163600
2008-03-25,122.23711286272322,124.70157078334265,119.9796685049244,120.75843811035156,1683000
2008-03-26,119.77266781798302,121.45835631439124,117.36735422218368,119.23048400878906,1023600
2008-03-27,119.56565993223202,122.13855500226794,116.45058102715792,117.1899185180664,913000
2008-03-28,117.40679355403762,122.68073288580038,117.40679355403762,120.25570678710938,1524800
2008-03-31,120.26556946302976,121.84282132885068,118.29400275052107,119.14177703857422,1705600
2008-04-01,123.17361294260084,126.44642052249468,122.62157673439188,126.17039489746094,1213600
2008-04-02,126.17039435098916,126.18025428921568,122.03996770372248,125.68736267089844,1324700
2008-04-03,124.80016160988498,129.13760954141617,123.8735304419115,126.18025970458984,1035600
2008-04-04,127.15619137315404,127.15619137315404,122.3357041892656,123.72566223144533,815500
2008-04-07,124.09039894985516,124.888888536144,120.61058510831526,121.53722381591795,860600
2008-04-08,120.46271603867396,126.11125764689754,120.46271603867396,123.96224975585938,882800
2008-04-09,124.20868658482922,126.62385248227368,122.00053426251463,123.91294860839844,1032800
2008-04-10,124.40584434560743,128.15182374023215,121.94138619675684,123.95238494873048,1088700
2008-04-11,122.8285895304882,122.8285895304882,116.75616871606168,118.41228485107422,1473900
2008-04-14,118.2939936717316,120.26556023292714,115.98726440517903,118.39257049560548,1136400
2008-04-15,121.0147642497875,121.133053436533,112.96090869096864,116.32243347167967,1231600
2008-04-16,117.7025141900411,120.26554897549708,116.64772647937184,119.2403335571289,967200
2008-04-17,118.40242373644604,120.13740431801344,115.10990385461844,118.25455474853516,1054100
2008-04-18,122.89759714427431,130.06424565182692,121.78366476868784,127.58992004394533,2250800
2008-04-21,126.96889217139504,129.4333504237829,125.44092504654266,127.78709411621094,1259900
2008-04-22,126.91960511637494,128.45742472118448,120.76831917620676,124.05097198486328,1118600
2008-04-23,124.6030068633215,125.53949796168372,122.60186802807016,124.00167846679688,527600
2008-04-24,125.500064178275,126.53513960762092,120.81759370243948,123.25247955322266,616200
2008-04-25,123.50878126795224,127.16603613330555,122.25683235941564,126.55485534667967,567700
2008-04-28,125.1944724158568,127.36319255169676,120.75844780269652,121.18233489990234,1590500
2008-04-29,121.2809215525272,123.30178038183348,119.60509290451463,122.71031188964844,617600
2008-04-30,122.6905723791862,127.6589204562096,121.56678016757805,125.82536315917967,1227300
2008-05-01,126.96887843331928,133.07087881269064,122.5131341833944,126.40697479248048,2480500
2008-05-02,126.77174065919928,127.56035527978588,121.12319894018243,124.5734405517578,1621700
2008-05-05,124.77059420690448,127.32377691035376,123.40035599712463,124.5734405517578,1018200
2008-05-06,126.3971375223868,126.416857400356,123.71580570924408,124.89874267578124,887400
2008-05-07,126.1802550292234,126.6731466504313,118.48129031265331,120.29512786865234,1607200
2008-05-08,120.38385967037738,122.97646704974306,118.65873889012046,122.02025604248048,2178300
2008-05-09,137.9012153651625,142.28794772781393,135.41703741524478,136.6591339111328,5935900
2008-05-12,136.23525888161012,138.256117800796,133.3863455407227,136.88587951660156,1444000
2008-05-13,136.80702055555702,138.2364034929292,134.5692880011877,137.6745147705078,1115000
2008-05-14,138.0096707780107,140.91772868960385,135.9592395785713,136.323974609375,1413900
2008-05-15,136.34368308692464,137.9899393599461,135.56492091393233,136.5802764892578,734500
2008-05-16,137.37874251574962,137.4970316821894,132.84413393869704,133.5637664794922,1343100
2008-05-19,133.34688902889005,134.21436796017534,126.6829854022194,127.7279281616211,1734400
2008-05-20,125.70707884749108,131.37534015136458,125.70707884749108,130.38955688476562,1303900
2008-05-21,130.85287028072204,132.66670779884242,124.44527181790092,126.88016510009766,1428300
2008-05-22,127.166017006663,130.36981200876886,125.2043107881565,128.5362548828125,1188700
2008-05-23,127.26461573132433,130.08395625386387,126.55485063181384,129.77835083007812,1302900
2008-05-27,130.09381206013242,133.74120694651037,126.9491611982321,129.4431915283203,1038000
2008-05-28,130.60644513460753,132.58786430883706,127.05761895792416,132.22312927246094,1093100
2008-05-29,132.58784211999324,132.58784211999324,129.08830870622404,130.06423950195312,952000
2008-05-30,130.57685292283716,134.06651892949608,129.5417775256716,132.61741638183594,1983400
2008-06-02,132.38083639867978,132.56813763755582,127.95467888609431,130.87258911132812,909800
2008-06-03,131.80906958376156,132.58783164190288,128.70384368376267,130.88243103027344,903000
2008-06-04,129.83749338170296,134.9339899941595,129.83749338170296,132.9131317138672,1001900
2008-06-05,132.42026429642092,137.18159914568912,132.16396606935672,135.38746643066406,1334900
2008-06-06,134.62843817470358,134.8058719560886,128.78273513758273,130.59657287597656,1258900
2008-06-09,130.38955098409764,131.87807823423083,122.03996589050904,124.75086975097656,1867900
2008-06-10,122.6018667121666,126.515419935459,120.80774148041208,125.5690689086914,1458100
2008-06-11,125.74650852303536,126.18025555821411,118.71787668267878,119.1614761352539,1781700
2008-06-12,119.6346593890849,126.27884410727832,119.59522715539754,120.52186584472656,1287300
2008-06-13,122.30613296273938,126.51542431811863,121.24148520039653,125.0959014892578,1153400
2008-06-16,125.08604369615858,128.38842380382954,123.22291384056363,125.81552124023438,1216100
2008-06-17,125.96337970045668,127.8659491527156,123.2721956990968,123.80451202392578,825800
2008-06-18,123.2229278936676,130.01497507749212,122.82861302022174,127.46179962158205,1592600
2008-06-19,126.77174235511468,129.13761633224388,124.81002811179194,129.03903198242188,880000
2008-06-20,128.00395747685707,128.98974069949946,126.1901049153828,128.79257202148438,1502400
2008-06-23,129.05872374396256,131.07958214016935,128.2503894105938,130.1627960205078,853600
2008-06-24,128.7630321714664,131.74010246567346,126.27886865463222,128.51658630371094,1987500
2008-06-25,129.384061066009,132.587856863834,128.43770245807931,129.6896514892578,1092200
2008-06-26,128.87144844602395,129.14746657063483,124.711449177927,125.1944808959961,1370500
2008-06-27,124.61286016687752,125.6775003261504,120.70915200613688,123.3510513305664,5294700
2008-06-30,118.07711033931218,120.21625807551126,112.75387956203932,113.81852722167967,3352100
2008-07-01,111.6202371362253,114.02554307505297,108.43615403136816,113.72981262207033,3218400
2008-07-02,114.488863096952,115.29720504024152,105.14364233998816,105.80411529541016,2511500
2008-07-03,106.26744674301574,110.27958462399673,104.56203826069957,105.2225112915039,1120100
2008-07-07,104.78878003062069,107.2433786282916,99.66270175968327,104.0888671875,1990900
2008-07-08,103.4776687684596,106.95748243130927,100.5794636120106,106.3068618774414,1668600
2008-07-09,106.78990722653548,111.72867616909346,106.57303369610528,107.57852935791016,2173200
2008-07-10,109.42195261748778,110.82176317928284,106.70118844654384,109.06707000732422,1976200
2008-07-11,106.48430887046078,107.68696570109334,103.2016561938632,105.88298797607422,1606300
2008-07-14,106.4744481529606,107.84468623294046,103.02420686821982,106.20828247070312,1132100
2008-07-15,104.3254542553538,104.45360338395751,96.7152055520848,102.2257308959961,1823000
2008-07-16,102.72846929161965,112.07369760265522,101.57510471983493,110.54573059082033,1983300
2008-07-17,112.12299235080818,112.12299235080818,107.23350800182446,109.648681640625,1375000
2008-07-18,108.43615784739082,109.39236880630288,101.8314130596033,103.15235900878906,2140100
2008-07-21,101.7131176215872,102.33415837123492,98.60789883148968,99.5641098022461,1806200
2008-07-22,98.39102354852086,104.40430737637374,93.4325350158236,103.8818359375,2164200
2008-07-23,106.7800468272494,106.79975918405364,98.91349277872966,99.9288558959961,1541400
2008-07-24,102.52145904747417,103.96070170466756,97.61225510310732,99.0810775756836,1114100
2008-07-25,98.87405837654204,102.41301646910564,97.98685198869372,99.1007843017578,908400
2008-07-28,103.5072412625165,106.95748263793372,103.08335416412808,104.98591613769533,1991200
2008-07-29,104.17757621101156,107.4503763645818,103.30022970292006,106.21814727783205,1215200
2008-07-30,107.60810906239584,108.37701883607924,104.37473350806414,107.28279876708984,1051800
2008-07-31,111.44279849692046,115.11976577721498,109.59938112716932,113.31578063964844,2690000
2008-08-01,113.28621931007432,115.17892151254316,111.1470712732966,115.0014877319336,5789800
2008-08-04,114.36072521839108,115.3366486006904,109.1853627811806,110.1317138671875,2070000
2008-08-05,111.95540020072391,117.63351366424008,109.97397381901509,115.5337905883789,3966400
2008-08-06,100.27387586645642,102.7876187033966,94.49718527730847,95.78855895996094,7943700
2008-08-07,94.39861460509746,96.50819034791311,93.16638543191402,94.63520050048828,2717700
2008-08-08,95.65055127799243,100.26401736892215,93.73812929164124,94.2211685180664,2704300
2008-08-11,95.55197942406636,101.40753486895626,94.63520061724954,101.18080139160156,2344200
2008-08-12,100.17529493975596,100.66818655672222,98.6867601506577,99.38666534423828,1219400
2008-08-13,99.48523999029726,102.14685917633234,98.33187543681323,99.4753875732422,1234200
2008-08-14,98.71633063861584,100.98363504355892,98.48960471067896,100.47102355957033,1179800
2008-08-15,103.8522616796227,104.4437301128862,100.74704300382795,101.73282623291016,1454700
2008-08-18,100.96391592909694,101.64410875989644,97.61225146556716,99.22894287109376,1244200
2008-08-19,98.33188089135312,98.57832670812344,96.80391381900542,97.8389892578125,1194200
2008-08-20,97.95729845344434,99.18952769448676,96.61663243751572,98.95293426513672,1135500
2008-08-21,97.7305407685084,98.57831487813463,96.12371694352908,97.79954528808594,750500
2008-08-22,98.94306646418931,100.8456284174161,97.52353619249662,100.67803955078124,622100
2008-08-25,99.662691989559,99.96828993250604,95.31539146614564,95.71955871582033,1169700
2008-08-26,95.63082769511776,96.49831417961047,91.9932853809434,93.34381103515624,1901800
2008-08-27,93.05795468570945,94.71407110248902,93.05795468570945,93.59027862548828,1612900
2008-08-28,94.1422963977319,95.28580852946754,93.56068791484942,94.62532806396484,1621400
2008-08-29,93.64939782515494,94.08314481125277,90.81034510388449,91.65811920166016,1490100
2008-09-02,95.7589887067765,97.99672099889844,94.97035906213983,96.2124481201172,2290800
2008-09-03,95.89699083368086,96.28144568939184,89.44996764578518,91.62854766845705,1923600
2008-09-04,90.59348791364508,92.62419913048927,89.89358266435343,91.7074203491211,2700200
2008-09-05,90.60334546411946,92.73263345188472,89.50912541452841,92.30874633789062,2277000
2008-09-08,93.81699243683096,95.73927433482122,90.0808729236582,90.93850708007812,2310000
2008-09-09,90.80050415073418,91.52012177801906,82.57906717504589,83.23954772949219,4028500
2008-09-10,83.4958386083723,83.54513077944577,79.16825072483405,81.81015014648438,3443500
2008-09-11,80.27232811559027,84.4126146420579,79.05981144260709,83.84086608886719,2909400
2008-09-12,83.30855317551944,85.67443472428222,82.5100635462423,85.01395416259766,3099000
2008-09-15,83.25926123309435,83.75215291043041,76.93053390112267,77.55157470703125,2455100
2008-09-16,75.44198751235959,83.14095194049416,74.94909590961747,82.17488861083984,2422200
2008-09-17,79.5034271169583,82.10589450806405,75.46171696569027,77.82759094238281,2608900
2008-09-18,79.87801361543487,84.71821286611059,76.11232199219758,84.02816009521484,1754200
2008-09-19,90.76107072449504,95.41396923684316,84.7477939267963,85.80258178710938,2501700
2008-09-22,84.7773737144842,88.71064743560957,80.48921736218188,80.98210906982422,1374500
2008-09-23,80.80464915396242,82.16502724637736,77.10796219757836,78.37962341308594,1604000
2008-09-24,78.685210652267,79.73999832085885,76.40805398477634,77.68956756591797,2472500
2008-09-25,78.11346111704765,78.11346111704765,75.4124171700208,76.3193359375,1188700
2008-09-26,74.82096051907865,74.83082045880147,71.67630911030574,73.93375396728516,2476000
2008-09-29,71.96218427157541,72.44521600534611,61.70017978819812,65.88975524902344,2139000
2008-09-30,64.78568140852074,69.6061612725081,64.78568140852074,67.4571533203125,2622900
2008-10-01,66.11648548599716,66.7375262561083,62.6958162391071,63.799896240234375,1667400
2008-10-02,63.09013006792249,63.09013006792249,59.75818152078019,60.15249633789063,1578900
2008-10-03,60.83267739210442,61.29599667677644,57.02755382466742,57.32329177856445,1949600
2008-10-06,55.4995982445862,58.013344871561294,53.83362584516724,57.61903381347656,2316500
2008-10-07,59.34415649604278,60.99041283208932,55.81505041255881,56.53467178344727,2432700
2008-10-08,54.09979019644925,63.188709940777045,52.22680036550148,62.60709762573242,3897600
2008-10-09,62.91268353541812,64.94339452111643,57.01770044952553,58.12177658081055,1925900
2008-10-10,55.35173227352801,60.56652292883962,55.20386327841777,58.45694732666016,2627000
2008-10-13,60.67496576828697,64.44066170732759,59.65961009891458,64.21392822265625,1261300
2008-10-14,67.19098314537821,69.86245458061255,62.252207455715165,64.99268341064453,2560500
2008-10-15,63.76046252000287,63.997048400113535,56.7515428339397,57.39230346679688,2126800
2008-10-16,59.62017105328222,59.63003099173249,51.921202446696775,58.74282455444336,3437800
2008-10-17,57.58945522676951,61.06927263020911,55.03628023852144,57.2641487121582,1084000
2008-10-20,59.36386924736973,60.03420216643896,57.2838659626518,59.846900939941406,878400
2008-10-21,58.50624035067536,60.01449143412585,56.27837163304769,56.66282653808594,912300
2008-10-22,54.48424249625295,54.99685025460839,52.12822105183462,53.68575668334961,1606700
2008-10-23,52.65068550633446,54.198364974849504,50.32423633416885,51.19172668457031,2438000
2008-10-24,46.203663722640414,51.88177782140216,45.94736171089876,51.21144485473633,1904100
2008-10-27,48.95399574045691,53.261867463264345,48.27380665594984,48.5596809387207,1628100
2008-10-28,49.68348094124236,52.39438507719285,44.50811849988232,52.08879089355469,2032800
2008-10-29,52.285940620014166,57.057131347972586,50.85655426101369,54.87854766845703,1593800
2008-10-30,56.41637823354363,58.4273770832331,54.20822573073805,55.49959945678711,2497300
2008-10-31,52.98585111924723,53.27172917198355,50.81712715855253,51.88177490234375,2104300
2008-11-03,53.3703055122734,53.3703055122734,49.92992401381748,51.546607971191406,1235200
2008-11-04,52.48309906427427,54.93769711900917,51.49731586724816,53.16328811645508,2438300
2008-11-05,52.30566272583711,52.7394060197085,50.343952323957446,51.85219955444336,1461700
2008-11-06,51.67475682197119,52.17750839177204,46.28252493250843,46.40081787109375,2222700
2008-11-07,52.1479369958862,56.73182698982296,49.26944786396503,53.794193267822266,3029700
2008-11-10,55.31229842096605,56.13049655802153,52.759119668658926,53.51817321777344,1273000
2008-11-11,52.73940545947005,54.31665720267016,51.09314918753398,53.794193267822266,1719500
2008-11-12,52.76897344037468,53.50831083964224,49.66375861972961,49.71304702758789,1744500
2008-11-13,49.64405101783297,54.277233599869305,47.61333592583505,54.208229064941406,1993000
2008-11-14,52.768979047934856,55.04613983343143,50.34395302315037,53.03514099121094,1594700
2008-11-17,52.4140925479913,56.445946110180216,52.4140925479913,53.9519157409668,1306800
2008-11-18,53.79419363740018,56.04177832701792,52.40423935401054,56.002349853515625,1499100
2008-11-19,55.608035603616905,56.87969695857849,54.0800722461769,54.46452713012695,1398000
2008-11-20,53.79418753859976,57.12613572177162,52.08878309774946,52.19721984863281,1949300
2008-11-21,56.33751694164455,57.17543124011548,53.232298051142,57.03742218017578,1286800
2008-11-24,57.16557358056283,61.71003130431543,55.26301156534215,60.734107971191406,1847600
2008-11-25,61.62131240902209,62.73524859060203,58.14149856446488,61.92690658569336,1200600
2008-11-26,61.49315919585933,68.99496644854216,60.152493395813984,66.6980972290039,1840300
2008-11-28,66.9839600540809,68.87666936203807,66.39249168575043,68.01903533935547,1192400
2008-12-01,65.06169611548518,65.94890256670043,61.266432012934445,61.83818435668945,1178500
2008-12-02,62.89297669134852,64.55894919149046,60.53695509725764,61.10871124267578,1013900
2008-12-03,60.62567649540322,60.69468102960143,57.27401157521116,59.31458282470703,2150800
2008-12-04,57.84576772222172,60.04406415831573,56.603678585840754,57.40216445922852,1550200
2008-12-05,56.87969967871568,59.63989228874647,54.56310656493989,59.60046005249024,1677300
2008-12-08,60.72424505607574,64.56880113144696,59.81732629558833,63.53372573852539,1682500
2008-12-09,63.08027211602803,63.08027211602803,60.43837269288088,60.724246978759766,1836100
2008-12-10,60.7341065123657,62.40993878609758,59.7187509702508,61.19742584228516,1327800
2008-12-11,61.27629017658282,66.73752683619044,59.46244874235337,60.09334945678711,1602500
2008-12-12,59.14699857814226,64.43079771946402,59.14699857814226,63.77032470703125,1155600
2008-12-15,63.98719347237141,64.54908961617336,61.02984000327983,62.03533935546875,741100
2008-12-16,62.57752289112529,66.81639029234421,62.40994153659887,66.4417953491211,1454400
2008-12-17,65.31799956714137,69.90189313584514,65.29827969062735,69.31041717529297,1764900
2008-12-18,68.07818574810695,71.13411970113589,67.29941611344523,69.10340118408203,3226200
2008-12-19,68.78795157174584,70.48349990569298,67.60501472156038,68.26548767089844,2446800
2008-12-22,69.00481972779161,69.68501250037697,63.26756215983237,65.02225494384766,1234200
2008-12-23,64.56880290802823,69.77373726734197,64.56880290802823,69.28084564208984,1737900
2008-12-24,69.00482397285298,69.27098212753953,68.18662211215191,68.51193237304688,282100
2008-12-26,68.61052003879527,69.08369935864579,67.0431281135926,67.47686767578125,333800
2008-12-29,69.21183882878022,69.22169876681971,66.41221809988772,68.15705108642578,485500
2008-12-30,68.31478411466419,69.85260362031617,67.49658218960903,69.81317138671875,508600
2008-12-31,67.97961007399608,73.15497198853588,67.97961007399608,72.60293579101562,774500
2009-01-02,73.2141201260408,76.01374852266682,72.1001877388961,75.796875,1085100
2009-01-05,74.98854188971454,75.46172122431453,72.56351566209923,73.93375396728516,1139700
2009-01-06,73.50987052348378,78.86267488193216,73.50987052348378,77.5022964477539,1486700
2009-01-07,75.25469292235948,75.31384503412826,72.8099545692338,74.01261138916016,1388800
2009-01-08,73.64786552328039,76.06303899237913,72.76065909628349,75.9644546508789,1041700
2009-01-09,76.15174835902066,76.15174835902066,73.0268175776604,74.13088989257812,642400
2009-01-12,72.94794672449893,72.94794672449893,70.1778987217926,71.13410949707031,1408000
2009-01-13,70.36520944770966,73.55915276391373,68.58094407630418,69.94132232666016,1679600
2009-01-14,69.2906900793345,69.84272616942269,67.15154270931507,68.06832122802734,2098700
2009-01-15,68.38378921469784,72.12976118660339,67.0529757626843,69.89203643798828,1925500
2009-01-16,71.6467417769755,71.89318764061109,68.53166245057484,70.1187744140625,1476700
2009-01-20,69.00482035860695,70.9073821350457,64.31249046836169,65.10111999511719,2145600
2009-01-21,65.73202302835467,67.1909854502917,64.02661481034866,67.03325653076172,1625300
2009-01-22,65.52502486670157,67.85147433020109,64.9039765012086,66.4122314453125,1229000
2009-01-23,65.2785662240129,69.11326235943285,65.06169271162548,67.94017791748047,1435200
2009-01-26,68.27535282625671,69.52729429635612,64.87439596045942,66.0376205444336,987300
2009-01-27,67.57545141256362,68.1077678012679,65.25885453148915,66.29393005371094,961400
2009-01-28,67.46701518744852,69.04426705043377,67.26000158551892,68.28520965576172,1250300
2009-01-29,67.37828533532874,68.1373426687234,65.81089353828159,66.68824005126953,668000
2009-01-30,66.88538967146198,68.82738380946098,65.87989410080105,66.13619232177734,1396700
2009-02-02,65.33771351565791,67.87117620256737,64.17448896363744,67.52615356445312,1729700
2009-02-03,67.4670190458354,70.1680634857264,66.25450214127032,68.8372573852539,1610500
2009-02-04,68.01904760877898,70.97639750481285,67.56558819389869,69.7540283203125,1510300
2009-02-05,68.84710276536444,72.33677658552999,67.64445344465793,71.63687133789062,1782100
2009-02-06,71.98189506688853,73.95346171646666,71.35099434069792,73.41128540039062,1689900
2009-02-09,73.53943324851436,75.37299080246787,71.76502780725372,72.95782470703125,1253700
2009-02-10,72.78036588422395,73.75628901794708,70.15817930721829,70.80879974365234,1188700
2009-02-11,71.35099802264807,72.12976779193015,70.24692545530561,70.94683074951172,829600
2009-02-12,70.2863442260466,71.25240753737442,69.24140893382429,71.18340301513672,1207000
2009-02-13,70.97640116879043,72.9282555101414,70.97640116879043,71.62702178955078,1120600
2009-02-17,69.61602828389661,70.25678149434883,67.26000649633991,67.89090728759766,2359200
2009-02-18,68.02890678825982,69.78359983697123,66.61923638604847,67.76274108886719,3269700
2009-02-19,78.78379996321459,80.568072860236,77.79801665780622,79.02039337158203,6106600
2009-02-20,77.85717335497654,83.64371688506886,77.40370638936814,82.55935668945312,2371700
2009-02-23,82.98322585787376,83.74227557407406,79.93715201385663,80.73564147949219,1590000
2009-02-24,81.74114530166503,84.49148147223805,80.83422651650292,83.64370727539062,1320200
2009-02-25,83.90001346109449,86.84750328861067,80.83422693540655,85.44769287109375,2052100
2009-02-26,85.76314798337086,87.62627783788695,83.61414006639863,83.94931030273438,1465900
2009-02-27,83.01281142840959,84.73793221666647,82.40162307017815,83.65357208251953,960100
2009-03-02,81.76086549634026,82.63821199075684,80.4004797923775,81.81015014648438,1362300
2009-03-03,82.08615630104536,83.67326771060371,80.93279186679834,81.4749755859375,1198900
2009-03-04,81.86930301785334,83.4268348578167,81.54399273597141,81.78057861328125,904500
2009-03-05,81.0116657604658,82.69735417331042,80.04559489040962,81.19896697998047,979800
2009-03-06,82.19461298599988,82.4903509992659,80.08503721943053,82.40162658691406,995600
2009-03-09,81.83972553572438,82.31290482476442,76.65451083847924,77.24597930908203,1772400
2009-03-10,77.65014773741093,81.23840589203127,77.65014773741093,80.12446594238281,1670700
2009-03-11,80.65678485686644,80.65678485686644,70.97639368558617,74.86038208007812,4381300
2009-03-12,74.96883352180907,78.08390527722962,72.15934470475814,76.98968505859375,1500300
2009-03-13,77.14740037897194,78.18246829404994,76.39820299215636,77.22625732421875,1389700
2009-03-16,77.9261735887234,80.83423134204708,77.9261735887234,79.20768737792969,1809300
2009-03-17,78.72465291396452,80.61735499623917,78.2514736329311,80.02588653564453,952500
2009-03-18,78.76409004620733,79.70058120698326,74.6435154011192,78.4190673828125,1965900
2009-03-19,78.39934715952245,78.59650833840224,75.91517647307673,77.42342376708984,820700
2009-03-20,77.58113071831743,77.58113071831743,74.7716502514604,76.8812255859375,1483200
2009-03-23,75.9053191309459,81.31726770078535,75.89545919143207,80.94267272949219,1746900
2009-03-24,80.03575524487567,81.54400261699685,77.87688723015222,78.27120208740234,900400
2009-03-25,79.86815118984522,79.91744335799157,76.91080160335841,78.86265563964844,1015900
2009-03-26,79.44426731993606,83.2296788542357,78.92180340859446,82.78607940673828,1734000
2009-03-27,80.75536570747374,81.53413541290122,79.75972999476451,80.2624740600586,864500
2009-03-30,79.0696827864192,79.32598856712221,76.64465661157426,79.0302505493164,830300
2009-03-31,79.44426114311942,79.61184999599054,77.11781980803117,77.65999603271484,800600
2009-04-01,78.44864208141713,82.27347883445536,76.96996703222649,79.73015594482422,1697200
2009-04-02,80.97223027320105,86.7390604054655,80.09488383958634,84.87593078613281,2121400
2009-04-03,84.82666440743085,87.73472242319839,83.79158883114452,87.36997985839844,1203900
2009-04-06,86.43348169909491,88.13889014994395,84.98437901701166,87.85301208496094,1642400
2009-04-07,86.21659888299033,87.03480075458049,84.61962737083074,85.5955581665039,1739100
2009-04-08,85.68428355676126,86.74893133728749,83.44655875079262,85.86172485351562,1535000
2009-04-09,86.88693556626122,89.44011810971713,86.26589482262948,88.68106079101562,1943000
2009-04-13,87.81357851744195,89.41054265638321,87.24182239615025,89.0162353515625,1198900
2009-04-14,88.47405382178376,90.13017011616522,87.36012136699414,87.71500396728516,1133800
2009-04-15,87.73470727368678,87.73470727368678,84.98437116562937,87.26152801513672,1206600
2009-04-16,87.69527961932613,89.84428746892237,86.97566203719617,88.7007827758789,1249200
2009-04-17,88.17831584918865,90.52448498769276,86.8179375614922,90.0315933227539,1821600
2009-04-20,88.13888693966084,90.59348520837544,88.12902700097094,90.10059356689452,1804200
2009-04-21,89.321815961291,93.35366562153352,89.03593793203535,93.25508880615234,1590300
2009-04-22,91.8552755921347,95.197079918959,91.22437496836974,93.37338256835938,1567400
2009-04-23,94.1521671558239,95.2365273054434,91.74685344432147,93.18609619140624,1545500
2009-04-24,93.80713215232696,96.38001936396093,92.5551832868794,94.79291534423828,1532800
2009-04-27,91.184956468456,91.52997912388042,88.72049818552478,90.09073638916016,2210500
2009-04-28,88.43461918250914,93.64941375629212,88.32618241753799,92.24960327148438,1585400
2009-04-29,92.8213548699002,95.06893948720216,92.22002648287634,93.6395492553711,1455800
2009-04-30,96.02515177463802,99.07121846362266,95.54211255810436,95.7096939086914,2248500
2009-05-01,96.11386912677632,96.78420205331818,94.02400588027996,94.68448638916016,1263400
2009-05-04,94.68448960961256,98.05586671324367,94.68448960961256,97.9868621826172,1137900
2009-05-05,98.05586688935612,104.71976415996372,98.02629459345304,103.83255767822266,2620900
2009-05-06,103.42837101225076,104.35500962222896,99.19936020327624,101.77225494384766,1182500
2009-05-07,103.92126462447648,104.35501164537396,97.95728069178188,99.36695098876952,944600
2009-05-08,100.05700383135242,103.46781310870766,99.66268901157495,103.4086685180664,1336500
2009-05-11,100.7963368184373,108.75160730610662,100.69775999810636,107.3320770263672,2844400
2009-05-12,107.80524696033562,111.39349706043096,106.34628457458332,106.69131469726562,2352200
2009-05-13,104.94649276576295,105.46895672908884,99.4458199606555,99.59368896484376,1868400
2009-05-14,99.71197177127044,101.99898848496257,96.6067531999436,98.32201385498048,1844100
2009-05-15,98.42059018740818,99.66267911402942,97.14893648933206,98.24315643310548,936000
2009-05-18,98.57831186877742,100.40200913416412,97.53338416966544,100.1555633544922,1777400
2009-05-19,100.16543528385051,104.42401856560366,99.10078758317992,102.5115966796875,1157700
2009-05-20,103.53682044374588,106.09000314227076,100.8259163255938,101.3779525756836,728400
2009-05-21,100.1062944981902,101.67368629404072,97.8882821313552,99.0219268798828,950900
2009-05-22,99.43595957527064,100.71747329338672,97.10951049329633,99.81055450439452,563300
2009-05-26,99.11065344474932,104.96620862746524,98.11501021030676,103.78326416015624,1114700
2009-05-27,103.39880523325854,107.07578009136915,103.3100883501676,103.33966064453124,859900
2009-05-28,104.60146256796006,106.44487997605968,102.50174692672272,106.24771881103516,771000
2009-05-29,106.78003339294136,108.54458618164062,106.22799722071947,108.54458618164062,928200
2009-06-01,109.42195309824832,113.40451878019168,109.42195309824832,112.67504119873048,1423800
2009-06-02,111.60052670790968,114.43957990990606,110.98933835318428,113.7495346069336,1041300
2009-06-03,113.05949207934128,114.745180664494,112.28072234919529,114.14385223388672,1198400
2009-06-04,115.0507617536978,115.0507617536978,111.88639843612168,114.7155990600586,680000
2009-06-05,114.745177640421,116.71674424069997,112.47787304172832,114.66631317138672,1453100
2009-06-08,114.84375799649526,115.57323555516196,111.43294857567749,114.62688446044922,1093400
2009-06-09,114.12413332652264,117.44622587134184,113.6016693625834,116.32243347167967,1044300
2009-06-10,117.43635914040608,117.43635914040608,112.53702256883837,114.16355895996094,783300
2009-06-11,114.72544992653688,115.52393945934234,112.13284273178914,113.96640014648438,668300
2009-06-12,113.65096482700714,114.34101017276072,111.58082126881622,113.6706771850586,661700
2009-06-15,112.44830724118148,113.03977575124294,108.68261511797634,109.47124481201172,983300
2009-06-16,111.15691932807955,111.56108654225056,106.67160261483826,107.79539489746094,1160700
2009-06-17,108.6727431001057,109.83596763300964,106.2280048579909,108.4361572265625,893700
2009-06-18,107.8052528804321,109.3233599324433,106.91804648368154,108.58402252197266,460200
2009-06-19,110.22042512001764,112.07370248282872,109.40223072102224,110.9597625732422,1005500
2009-06-22,109.81625073554878,109.81625073554878,103.83254697144542,105.27178955078124,839200
2009-06-23,105.78439875384672,107.11521216567677,101.98913472389698,105.06478118896484,925900
2009-06-24,101.59481530524894,109.3036397133912,101.58496288820918,108.80089569091795,867200
2009-06-25,108.1108510409127,112.33000229658288,107.2335045190995,112.1131362915039,634200
2009-06-26,112.25114120813411,114.55787039945278,110.96961997678196,113.28620910644533,803800
2009-06-29,114.2128468675466,114.41986044557912,111.02876369092216,113.02005004882812,604600
2009-06-30,113.6608138430282,113.75939066567204,108.43615951268175,109.96412658691406,890200
2009-07-01,111.26536672997476,113.43408703913065,109.87540863005827,111.0189208984375,738800
2009-07-02,110.60487299750484,110.65416516630688,107.94326134263342,108.50515747070312,558600
2009-07-06,108.04184369031282,108.28828950508128,104.90705262562064,106.46459197998048,695000
2009-07-07,105.63654963288586,107.33209071320742,103.44810934619711,104.37474060058594,679800
2009-07-08,104.24658337328808,104.71976266376596,100.8653463729674,102.27501678466795,1359400
2009-07-09,103.69455501549524,105.46896056754244,102.1468754266489,104.8873519897461,785800
2009-07-10,104.09871709245772,105.9421346084747,103.23123047835378,105.0943603515625,600700
2009-07-13,105.40980581773044,108.21928664519277,103.25093804039804,107.509521484375,704800
2009-07-14,106.91805232247408,109.17549690823488,105.6956831762692,108.7516098022461,764800
2009-07-15,111.20620901015526,114.2621431839084,110.4077269629244,113.86782836914062,1166100
2009-07-16,113.98611123096607,116.03654213736483,112.753882203697,115.5337905883789,1034300
2009-07-17,115.32679221557764,115.32679221557764,113.23693632325916,114.4297332763672,679100
2009-07-20,114.85360874337552,118.66858511346013,114.85360874337552,117.21949005126952,840200
2009-07-21,118.48129419598544,120.05854593136074,115.8098224239902,118.01797485351562,969200
2009-07-22,117.64336978439565,119.9895387395599,117.54479296329708,119.13190460205078,848200
2009-07-23,118.45172113975694,123.22290854871711,118.21512774027418,121.28091430664062,845700
2009-07-24,120.26554237952772,122.00052280168252,119.63464177527662,121.63578033447266,577100
2009-07-27,121.6456594760452,123.1736190628098,120.06840771641448,120.97532653808594,573500
2009-07-28,119.80223888591853,122.60186726692048,118.39256851738077,122.41456604003906,747300
2009-07-29,120.42327679017536,121.78365487003931,119.63464723838452,120.80773162841795,754300
2009-07-30,122.237139896672,126.81117420726014,122.17799530019391,125.13534545898438,1173300
2009-07-31,126.00282384308372,129.1080428097431,125.68737348106649,127.77722930908205,1164000
2009-08-03,131.3556094108154,132.1738112594479,130.0247960942254,131.8287811279297,1143000
2009-08-04,131.7400931015689,131.7400931015689,127.59980582594214,128.27999877929688,829800
2009-08-05,128.57571552187534,130.7543033505963,126.53515180277113,130.5374298095703,972800
2009-08-06,131.3654596837558,133.17931214649823,126.79142638134375,128.06309509277344,1230100
2009-08-07,129.96566042611022,131.28660637468403,127.22518418694894,129.45306396484375,1584500
2009-08-10,140.86841974733096,148.73498087556092,139.98122084323697,148.1040802001953,4363400
2009-08-11,146.89154627730488,151.70217301042808,146.74368481700708,151.5345916748047,1773300
2009-08-12,150.92342496279284,151.5148859008886,144.7327072178647,146.52682495117188,1825800
2009-08-13,147.56188830253822,149.72075589803825,145.89591230265523,148.42938232421875,997700
2009-08-14,148.36037935673266,149.2672981431262,145.2650205485722,146.64511108398438,819600
2009-08-17,143.74690604858307,144.86083077881034,141.88376145625477,142.7906951904297,786600
2009-08-18,142.98785071770058,144.90027245949668,141.95277538878588,144.5355224609375,870900
2009-08-19,142.80058344418063,146.0043794833781,142.0021012995707,144.7918701171875,672600
2009-08-20,146.53667912975746,150.7755502587479,145.52132355072547,150.69668579101562,1033900
2009-08-21,151.15015089023103,152.7372625597146,149.0701475847819,151.3768768310547,950100
2009-08-24,151.8106362115296,152.79641956355252,147.45347560061154,148.07452392578125,1001500
2009-08-25,150.17423059352137,151.31774287939908,148.36039285569748,150.15452575683594,792000
2009-08-26,149.92776376688334,151.77118858535832,147.47317321766775,148.96170043945312,630600
2009-08-27,148.00551133040386,154.19622955514518,146.8817189148772,154.1370849609375,951200
2009-08-28,155.22144479657706,157.6168909917832,153.48645656446786,154.24551391601562,830300
2009-08-31,153.52589705388104,154.0877857149324,151.06143879590604,151.79090881347656,483300
2009-09-01,150.92342621673697,152.56968248966285,147.08872985839844,147.08872985839844,801900
2009-09-02,147.98577150265444,149.30673244328295,146.56624126558737,148.68568420410156,508400
2009-09-03,148.87299107203475,150.00663579618228,147.04928603733617,149.4743194580078,391400
2009-09-04,149.65174539197005,151.81061300964868,149.00112486902566,151.6035919189453,291000
2009-09-08,153.57517486912013,156.0297807200582,151.81062936697415,155.3988800048828,744400
2009-09-09,154.72855423531752,159.30258817073803,154.70883435748868,158.04078674316406,764500
2009-09-10,158.7406838333277,160.37708772382405,156.51281898706137,159.87432861328125,598900
2009-09-11,160.35736524258562,160.86010930310664,158.1590727277053,160.58409118652344,525400
2009-09-14,159.88419312210945,161.42201263733097,158.93783455174125,160.80096435546875,711800
2009-09-15,160.50521666777928,161.4614124666881,159.35183716725655,160.78123474121094,626900
2009-09-16,161.48116240100717,165.9270547778294,160.8897014372052,165.8481903076172,534500
2009-09-17,165.7594580127751,166.59737984530895,163.2654274350077,163.64002990722656,634900
2009-09-18,164.37936139759256,164.71452410164042,160.6925265274888,161.4515838623047,738600
2009-09-21,160.48550950724737,163.13726874737202,158.0506237765509,162.70352172851562,594000
2009-09-22,163.99492840409636,164.40895563055304,161.79663561534016,162.21066284179688,379100
2009-09-23,163.6400303514769,163.6400303514769,159.19415301422617,159.38143920898438,648800
2009-09-24,160.5939587003371,161.56987452649292,156.552241211798,157.35072326660156,692300
2009-09-25,156.69024566835884,160.7516829150558,156.26636608800442,159.76589965820312,792700
2009-09-28,160.84040995107128,164.6258142862905,159.667325394669,162.58523559570312,715700
2009-09-29,163.25555541855422,165.09896517860074,160.75167272331382,164.62579345703125,838800
2009-09-30,165.26654012954344,167.98731126759813,159.7560158961192,163.4625701904297,1058200
2009-10-01,162.36834738798586,163.4034076500989,157.9224558058167,159.5095672607422,659800
2009-10-02,157.09441087208796,161.27413704234348,156.51280239591682,160.95867919921875,699900
2009-10-05,161.91487913981354,165.8974363675143,161.24455383135034,165.25668334960938,859800
2009-10-06,166.5973444375728,168.74634438241608,165.63128120817532,168.6970672607422,952400
2009-10-07,168.0760596982673,171.69388275595753,166.9226949939241,171.51644897460938,641300
2009-10-08,172.00934633429287,172.51209043993373,168.3027912214784,169.0717010498047,799500
2009-10-09,168.84495961091045,170.87567076841995,166.9916822243557,168.480224609375,550800
2009-10-12,170.0279005766472,170.7968103527449,166.61709875792857,168.5196533203125,329400
2009-10-13,168.64779280987705,169.73214531214907,167.28740717121536,167.58314514160156,478200
2009-10-14,170.14620253766856,170.15605495553783,167.82960578034445,169.01254272460938,605800
2009-10-15,167.80002805981098,170.21519404332227,167.59300695637455,169.43643188476562,337200
2009-10-16,168.1549225304746,170.04762472236118,165.06941588878385,165.72988891601562,800700
2009-10-19,167.11981438623857,171.27982043703628,166.59735052580794,170.48133850097656,501400
2009-10-20,171.52630054587414,174.6118072024221,170.5503696276987,173.56687927246094,805100
2009-10-21,172.42333323560888,176.17916460555915,172.42333323560888,173.49783325195312,865300
2009-10-22,173.14298493216003,173.61615672280908,170.90525254256517,172.54165649414062,516100
2009-10-23,176.15947791198263,177.89446619808928,173.31056469239334,174.6216583251953,1001500
2009-10-26,175.81444710520142,179.72800777656906,174.621642764793,176.4552001953125,1001300
2009-10-27,177.29312827577556,177.29312827577556,168.51964809077472,169.53500366210938,1317200
2009-10-28,168.08591502751403,169.4167285781124,161.27416345271095,162.1317901611328,2559600
2009-10-29,166.597361342248,166.597361342248,158.13933965369554,160.3080596923828,2033200
2009-10-30,165.2862975386041,165.2862975386041,151.9289297296943,155.5467529296875,2892800
2009-11-02,155.27071782881148,161.26428193034144,155.05384430552337,160.26864624023438,1490300
2009-11-03,159.98274375651297,164.39906318040033,157.03526171024092,162.1613311767578,1774300
2009-11-04,163.64002662728686,165.56230104013915,160.45595080282592,163.16685485839844,899900
2009-11-05,165.29613441228108,168.0760505028607,164.30049870706955,165.62144470214844,7960400
2009-11-06,165.10887071828705,169.55474853515625,164.87227728200514,169.55474853515625,1500000
2009-11-09,172.70923451853602,173.99075584189072,169.65331525407757,171.2601318359375,3181300
2009-11-10,192.1488925641384,206.21602545761564,171.26014055923358,201.31668090820312,9223600
2009-11-11,198.87190763166376,199.69996190732195,192.4741692663337,194.00213623046875,3886800
2009-11-12,194.83022248856213,199.88729593408104,193.5092763974301,194.34718322753903,1982800
2009-11-13,195.18509811780305,199.0888066985774,192.31646503541924,199.0592193603516,2025600
2009-11-16,200.646323286018,206.0188542247779,198.5466151166418,203.20936584472656,1802700
2009-11-17,202.33201737908252,206.97506322700343,200.32102611465848,206.3145751953125,1510900
2009-11-18,205.48651122491785,207.40878551448287,204.05712855020832,206.6990203857422,1308500
2009-11-19,204.56976013061933,205.36824221840087,199.3352530735093,204.68804931640625,1587800
2009-11-20,202.6967506395664,206.81733251927187,201.46452155525455,205.78225708007807,1392800
2009-11-23,208.26642846006712,211.4209318065717,207.01447953875524,208.8776092529297,2044300
2009-11-24,209.92253673987565,209.9718289099633,206.40329841512292,207.8819732666016,805800
2009-11-25,209.8831279579284,209.97184484570417,206.2948773143522,209.87326049804688,658800
2009-11-27,205.0330654445256,208.0002676389024,202.489742831406,205.24993896484372,488400
2009-11-30,203.61355553845775,211.51954227882203,203.31781752277988,211.075927734375,1178700
2009-12-01,212.0912614522788,212.9291832363877,209.2620683217457,211.74624633789065,1158300
2009-12-02,211.3223429342911,215.40348484171517,210.61257781631664,214.9303131103516,1165900
2009-12-03,215.46262604060576,220.63798747542165,214.4078308709425,216.88214111328125,1575900
2009-12-04,220.7070080790778,223.3489149729976,213.9248146028416,217.5820770263672,1408300
2009-12-07,218.64672674605495,218.8340279692995,210.61258427431167,213.04747009277344,1338000
2009-12-08,213.04747161479145,215.12747487824385,211.9433991859154,212.9883270263672,1318100
2009-12-09,213.40235840714843,214.9007531915809,209.3902283138246,214.6444549560547,899900
2009-12-10,215.8865242843365,219.79023243775853,215.4724971386772,218.5678558349609,851400
2009-12-11,218.49885376037585,221.0520438379036,214.06282908635356,217.56236267089844,749300
2009-12-14,219.09033137739812,219.6818073551156,216.1625538672289,218.3115692138672,574400
2009-12-15,217.52294132013324,217.90739619614823,214.6345884993157,215.2063446044922,739700
2009-12-16,215.610521592122,219.4747902695605,215.610521592122,218.3509979248047,825700
2009-12-17,215.90624597855611,219.2874752175101,211.53921847353223,212.41656494140625,869600
2009-12-18,211.97299370298404,214.05299718450016,208.84806227146785,213.31365966796875,1409200
2009-12-21,215.0880579902291,216.6653022257288,213.08691911917217,216.1132659912109,708400
2009-12-22,217.06946546409267,219.6916524807543,215.29505263169537,217.1779022216797,581600
2009-12-23,218.42985942652837,226.089399669114,216.9906092295952,225.74436950683597,821200
2009-12-24,226.21753040163804,227.9426510464584,224.34454828971928,224.75857543945312,312900
2009-12-28,225.25147201316236,228.19896933772532,224.68956834209644,225.98095703125,538400
2009-12-29,224.2755270074642,227.21317172894345,220.8450057353357,221.4759063720703,493500
2009-12-30,219.99723747736837,222.4912677987965,217.5229270318879,220.4309844970703,542900
2009-12-31,221.3970651431596,221.3970651431596,214.98947376822824,215.304931640625,738700
2010-01-04,219.15934750572663,222.096977488191,218.4298624585443,220.77603149414065,863200
2010-01-05,220.9140319259736,224.7585805769945,218.9917425586045,223.33905029296875,801100
2010-01-06,221.91951719118168,223.20103840586975,215.0486068355058,215.96539306640625,1007800
2010-01-07,216.53715626203817,217.36521059712396,211.07590853379867,213.05734252929688,768700
2010-01-08,210.07039844799988,215.32460947985896,209.11418757473896,213.1361846923828,756600
2010-01-11,214.70358582300648,216.3794142691109,209.2324860073749,215.7978057861328,784500
2010-01-12,212.98832770428217,213.9051139533523,207.26092939847013,210.9378967285156,1222300
2010-01-13,211.40123367623423,212.8503363854183,204.80634074298027,211.2533721923828,841000
2010-01-14,209.94225803938036,211.67723112847344,203.08120006359405,205.80197143554688,1402500
2010-01-15,205.2499352272836,207.50737223075865,202.62774819617425,205.80197143554688,1210900
2010-01-19,205.58510971351677,209.4296585572384,204.83590478058477,205.73297119140625,625400
2010-01-20,203.59382665745048,208.49317093186968,200.2027296502535,203.376953125,673600
2010-01-21,202.95307118245515,208.1087136440888,202.6178934277088,205.0823516845703,843000
2010-01-22,204.9049063293321,206.58073484091145,199.92669792345887,201.29693603515625,837600
2010-01-25,202.4897539034643,203.08121486606117,197.04822580478745,199.95628356933597,653100
2010-01-26,199.53239993701007,204.26416275156456,197.98471294697868,201.53353881835935,767400
2010-01-27,200.7646239098087,205.5259588978223,200.2914371111743,204.5697479248047,676800
2010-01-28,205.1612217063933,206.7187611719069,198.52690411108844,198.81277465820312,672200
2010-01-29,201.0603637810816,202.08557177067087,190.70963937331555,192.57276916503903,1089700
2010-02-01,193.7261279180579,201.6222463116992,189.98014857097212,201.29693603515625,1303000
2010-02-02,202.33199578199952,202.8938994093785,198.86203480948703,201.5137939453125,607800
2010-02-03,199.10851526937645,208.512896778518,199.10851526937645,205.56539916992188,1047500
2010-02-04,204.35287227645568,205.54566159452165,196.87078096250391,197.16650390625,1137400
2010-02-05,198.14242385577097,199.0394901807858,190.62089320148323,194.1598663330078,1287100
2010-02-08,196.61447288773027,201.2575187714812,195.707554071924,197.7678375244141,966200
2010-02-09,200.6069123026045,203.3966809961603,200.34074658561727,202.46018981933597,991900
2010-02-10,202.874191553486,205.47665867658867,200.73504375140067,203.4656524658203,733700
2010-02-11,201.05050556803192,206.6596150784301,200.2224511873738,205.9301300048828,858200
2010-02-12,203.56424840292368,205.07249562599853,200.85334436850215,204.8260498046875,830500
2010-02-16,205.7822722728212,209.23251396362292,205.7822722728212,208.20730590820312,846700
2010-02-17,210.257685573372,212.66299891329604,206.3934173545221,209.8436584472656,2011600
2010-02-18,224.255845778068,232.44770250107524,222.8067431402228,229.63821411132807,3965300
2010-02-19,229.19462307873735,230.3381353458648,226.40485446376655,227.2920684814453,1406100
2010-02-22,228.741162993338,228.92846423741813,223.02363156988696,225.8134002685547,880600
2010-02-23,226.1879537367671,226.2372459054667,220.42113100350727,221.8899383544922,1151900
2010-02-24,222.78701675218625,223.64464337496136,217.91724504125963,221.82095336914065,898500
2010-02-25,218.84387655450575,221.5054882609862,215.39363525747527,220.68728637695312,1068900
2010-02-26,220.81545911615868,223.7629565971089,217.90740139063476,223.4869384765625,987600
2010-03-01,225.51765062755868,235.59235719598968,224.4037106808424,235.14874267578125,1657900
2010-03-02,237.6131975515674,241.51690599753752,235.5036219131,237.908935546875,1836700
2010-03-03,238.0666487217481,238.0666487217481,231.6590577623636,232.4674072265625,963600
2010-03-04,229.6874969563585,234.44883185279448,226.2471080031877,229.8057861328125,1594700
2010-03-05,233.21662419219703,233.62079897131412,228.12997855189528,231.99424743652344,2236700
2010-03-08,232.64484465360425,237.55404097737096,230.3775401931,236.76541137695312,1268800
2010-03-09,235.76978101477013,239.693194186596,233.0095848722452,234.9417266845703,898200
2010-03-10,234.7642680295571,240.05793415400487,234.61640656317232,237.56390380859372,792800
2010-03-11,237.5639294411571,238.9637399607824,234.2319769817676,238.7665863037109,624500
2010-03-12,239.14116404655863,240.23538409709252,234.2911120782585,235.51348876953125,718000
2010-03-15,235.93734408074795,236.5879645934257,231.0281480271545,235.46417236328125,443600
2010-03-16,235.6022198790201,238.8060157560361,234.0348279676957,238.3722686767578,617600
2010-03-17,239.33830454794187,242.5125277618992,236.2429457976562,239.46646118164065,858800
2010-03-18,240.48180921683385,241.4183002507412,236.9527035472229,239.35801696777344,528400
2010-03-19,241.13243741393632,241.13243741393632,235.0797289602683,235.61204528808597,1015900
2010-03-22,234.95157481314,240.0480723806431,233.30531860034515,239.56504821777344,603300
2010-03-23,240.65928461054887,241.3197576241228,235.296620990168,240.935302734375,793000
2010-03-24,239.0721828870064,241.01417729499943,238.1356917103977,240.333984375,595900
2010-03-25,243.0941661898143,258.9357109361892,243.00543426158768,251.40431213378903,2304600
2010-03-26,251.32543871483824,252.59709249972667,246.465534471132,248.52581787109372,783300
2010-03-29,253.46456938689172,256.2247803733408,250.77338548579772,252.03518676757807,1088300
2010-03-30,251.86763824838715,254.3912411407732,249.50176429724013,252.3506774902344,587700
2010-03-31,251.87746937741144,255.27841853542876,249.4130112858252,251.37472534179688,861600
2010-04-01,254.27293689032567,256.57966611230137,250.20164720673867,253.34629821777344,885900
2010-04-05,254.3123706035512,255.4755876044554,251.5225871927548,253.98704528808597,811400
2010-04-06,251.5226060149044,259.22157127415693,251.5226060149044,257.88092041015625,808100
2010-04-07,259.2413099056964,263.22385288252093,254.33209811200012,256.1163635253906,989500
2010-04-08,255.40657009241852,257.1513955564385,252.8632626292948,255.6234436035156,859500
2010-04-09,256.7374248196716,256.7374248196716,252.66613466391107,255.8009185791016,493000
2010-04-12,256.5501003434063,259.18215495552346,255.8008954187836,256.5303955078125,413300
2010-04-13,250.71424411020416,254.04618111168415,247.5597408653749,253.9377593994141,1158700
2010-04-14,252.399968239549,261.8733314506401,252.399968239549,261.4888916015625,878200
2010-04-15,260.3059262677666,263.0858422921533,258.81738391243624,261.2128601074219,763900
2010-04-16,259.33004362121983,260.0102365670014,249.18632411491927,251.23675537109372,1148200
2010-04-19,250.05379059210145,250.72411600288424,240.72827413827284,244.0602264404297,1157500
2010-04-20,247.54986472300212,253.2969974483358,245.49943392532356,251.65072631835935,982000
2010-04-21,249.88620312968044,252.54781491411885,246.60354308019149,249.551025390625,585900
2010-04-22,248.06252215802863,255.2981833953432,245.10517210128444,254.6376953125,734000
2010-04-23,255.60375091153423,260.2467816609072,251.4634491698054,257.9794921875,742300
2010-04-26,259.77357354291115,269.927158377606,259.06380844783286,266.5163269042969,1215000
2010-04-27,264.6927112927992,266.11224180049527,258.6104144565452,260.54254150390625,999300
2010-04-28,261.7747417991918,264.6926820109463,254.8348490667671,258.058349609375,1135500
2010-04-29,259.4581713383751,270.03560667955776,259.4581713383751,269.11883544921875,902900
2010-04-30,269.9468865641667,269.9764588588651,257.79219210363163,258.3244934082031,902700
2010-05-03,260.7692753084015,266.64453580723693,260.73970301046376,265.25457763671875,687500
2010-05-04,261.23258677849554,261.8536351000812,252.63655479511476,254.69683837890625,1018400
2010-05-05,247.91464221442797,252.616832666289,237.5934900814626,243.46875,1616300
2010-05-06,240.04807947996065,244.6812728982232,199.8084140833169,229.7860870361328,2552200
2010-05-07,228.67212403406216,233.5123230275576,221.20973818816333,222.1856689453125,1731700
2010-05-10,238.3131051889292,246.2387960502175,236.7358459423933,246.19937133789065,3046500
2010-05-11,209.1339154265903,219.57337172328607,205.92026737050583,216.4484405517578,7077100
2010-05-12,218.59743173954112,218.59743173954112,210.42529536305108,214.78245544433597,2309400
2010-05-13,212.57429190305567,218.03552429630665,208.8480325533164,209.86338806152344,1472600
2010-05-14,205.890695313216,207.20178887332077,201.09978799748396,205.3189392089844,1525600
2010-05-17,203.63326161761995,204.04728879476733,193.22337743074252,197.3045196533203,2250500
2010-05-18,198.8620569463856,203.830413103118,189.8618658246614,190.1181640625,2492900
2010-05-19,188.4916246881438,193.2135199083012,181.5911418342759,187.40725708007807,2592600
2010-05-20,180.01388474834894,185.4061204749018,176.5537908624225,178.42677307128906,2694800
2010-05-21,174.61179217574434,189.0732306722268,173.49785228800047,188.5211944580078,2887900
2010-05-24,191.03493340705128,194.69219595969955,189.94071337491988,190.3941802978516,2300100
2010-05-25,183.88801227427203,191.4884082229285,182.4980692371313,190.6899261474609,1658900
2010-05-26,194.21904247185412,198.11288374897356,189.0436798139225,189.68443298339844,2386800
2010-05-27,195.047080003444,195.8554144697064,188.66906099088948,194.78091430664065,1462600
2010-05-28,194.8597808290768,195.06680193807597,187.7917164556889,188.4423370361328,1650600
2010-06-01,188.4028814722931,190.118149665392,182.2516038951125,182.37974548339844,1474100
2010-06-02,182.96136688561396,187.1312255859375,181.24609871239943,187.1312255859375,1595100
2010-06-03,186.8256713759133,187.12140939984715,179.59000989668897,182.47836303710935,1816400
2010-06-04,177.79587228460332,186.11588554184368,175.11454057017914,176.00173950195312,1827400
2010-06-07,177.04664877604088,180.08284745289694,173.7836941167543,173.8822784423828,1431300
2010-06-08,175.12438703993325,177.77614636935766,170.8559588360966,174.21746826171875,1806000
2010-06-09,175.81446557655514,179.64916218647403,172.2064949242384,172.6993865966797,1523400
2010-06-10,176.35663143422002,179.02811087260545,174.0499020558077,178.6633758544922,1239000
2010-06-11,176.4059183740606,181.81787410144935,175.84402971531347,181.29541015625,921300
2010-06-14,183.68100838708503,184.93295741906672,181.2855470903305,181.5221405029297,975500
2010-06-15,183.83873246230527,184.71607899491173,181.54185557540077,183.12896728515625,908700
2010-06-16,190.24631414229452,195.97371239731632,189.98014845403983,193.61769104003903,2239500
2010-06-17,196.0427020353763,196.66375027067824,190.2660118267537,192.4840240478516,1329000
2010-06-18,192.72062033075437,192.8487769632948,188.86620431409327,190.34487915039065,1426000
2010-06-21,194.06130571392103,194.41618831214328,184.95266238745683,186.5594940185547,1411600
2010-06-22,187.1607992335436,191.94185377743605,185.8989979390054,186.26373291015625,1200800
2010-06-23,186.6087600456521,187.7029799833612,182.78391647206405,185.5736846923828,811500
2010-06-24,185.28785170169004,188.25505427608945,181.3939952966388,182.47836303710935,1209800
2010-06-25,181.6207231416268,190.246327136999,181.61085568169904,189.2605438232422,1230000
2010-06-28,189.5266830419037,190.9757856289607,184.01615826084156,185.25823974609372,976100
2010-06-29,181.63056063716385,182.89236197175583,176.64249988606446,177.7268524169922,1348200
2010-06-30,177.0269560999609,181.3348240467225,173.16268760296722,174.03016662597656,1310800
2010-07-01,174.14847218522235,179.8462981547737,171.27983932376816,179.44212341308594,1463300
2010-07-02,178.6534906650252,178.6534906650252,173.25140277320548,173.9020233154297,1422900
2010-07-06,176.5932133700968,180.3983373720784,174.47378536853452,178.91966247558594,1489300
2010-07-07,179.6787002720435,188.1268541073632,178.69291711485732,188.01841735839844,1466700
2010-07-08,190.94621183488957,197.1073571253923,190.25616657072496,196.44688415527344,1949400
2010-07-09,196.91021123206596,201.69126618235413,193.90356920363,201.18850708007807,1748400
2010-07-12,201.23780154030055,202.59818730282817,198.14244259105007,201.09979248046875,1006600
2010-07-13,204.1557212132047,215.8766836906512,202.9826367153253,213.24464416503903,2259900
2010-07-14,213.4220663127752,213.4220663127752,208.1382676721333,212.28842163085935,1376500
2010-07-15,211.2927888470492,220.12541383075416,209.33108970744183,219.4452209472656,1740900
2010-07-16,219.99724939704092,221.8012345766205,213.4220768259482,215.10777282714844,1555800
2010-07-19,215.70909119418928,219.2381818812516,214.4571422943824,216.92160034179688,984800
2010-07-20,212.96860620936064,218.69601951351555,212.958753791953,218.48899841308597,1048500
2010-07-21,220.0958175611597,221.4956278892321,214.52613349943312,215.3246154785156,917200
2010-07-22,218.4101359045325,225.251474111374,218.10454550171335,224.67971801757807,1094700
2010-07-23,222.2941218024298,225.5077697668548,220.5197089526196,225.3894805908203,1067900
2010-07-26,225.54719862354065,228.56369280155675,223.1123129220737,228.2581024169922,679100
2010-07-27,229.33262656228047,231.11689193054323,220.69717025986256,220.84503173828125,1236100
2010-07-28,220.7661562305397,224.68956936095316,218.4397071546353,220.88446044921875,745400
2010-07-29,220.8154453600731,223.27005103829651,214.624727827434,221.00274658203125,921700
2010-07-30,219.60294605125333,224.1178352900649,216.87232214704497,221.2097625732422,1096800
2010-08-02,223.67422833940745,226.7301626351468,222.13640877344923,224.1474151611328,850000
2010-08-03,224.27553120817504,231.06757687846303,222.93486544977085,227.3906097412109,2660200
2010-08-04,268.41892528370363,282.7719267680248,268.3696180717599,277.3008117675781,6827000
2010-08-05,275.5165693410761,288.5092163085937,273.0619785112132,288.5092163085937,2902500
2010-08-06,285.82788126982564,294.7393406852386,284.585784678946,291.0525207519531,3189000
2010-08-09,292.3833359740622,292.4819203218773,285.8870275665133,288.568359375,1457800
2010-08-10,285.13783134837433,291.66371225157803,283.1465598299441,289.8301696777344,1494900
2010-08-11,285.38426702236376,287.6712915118583,281.2932723201341,284.9899597167969,1228800
2010-08-12,282.9197927575351,296.5728967871422,281.62841910669806,295.3406677246094,1739000
2010-08-13,295.2420922721594,297.6868456359706,290.3033084140389,292.9649353027344,1157300
2010-08-16,291.141204663107,294.9463434323057,288.83447560111665,290.3328552246094,972300
2010-08-17,293.714144641444,303.128363070806,291.85099977458,299.2542419433594,1983900
2010-08-18,298.6627607314403,305.0604845744241,292.541055002756,293.398681640625,1513400
2010-08-19,292.60020470032106,304.55776087627646,289.7019994077268,295.2125244140625,1219600
2010-08-20,294.3055998209708,298.8993537282598,292.23547890421065,298.0614318847656,923000
2010-08-23,299.7766765187187,302.37912851782124,295.2519352500929,295.5575256347656,908900
2010-08-24,291.6834303989754,291.90027384112744,285.87715241491526,287.65155029296875,1373600
2010-08-25,285.29554832606044,292.76777249963635,284.20131322005204,290.7074890136719,1085900
2010-08-26,292.0776817291395,292.28468775571247,281.7269592285156,281.7269592285156,992300
2010-08-27,283.4127006868096,293.7634254075452,279.0850975300502,293.4479675292969,1241600
2010-08-30,293.30008032119025,293.3887972009679,285.325097679317,285.5616760253906,659800
2010-08-31,283.90558396903765,290.6088982237082,283.7084152800163,287.33612060546875,817700
2010-09-01,293.3395224715711,302.47772216796875,289.8399739608016,302.47772216796875,1280800
2010-09-02,302.4876016035378,310.15699422018344,301.81727620183113,306.8546142578125,936900
2010-09-03,310.5217061800501,313.4790557627172,306.92360353788155,309.3880615234375,921000
2010-09-07,309.5260715820025,310.985041615265,306.68701102198736,307.1207580566406,733800
2010-09-08,309.96968657384093,324.095947265625,309.60495158586866,324.095947265625,1660800
2010-09-09,328.15739017152663,328.9952818405974,316.18996745419867,319.19659423828125,1416600
2010-09-10,320.2119864630399,324.1945595473425,317.98413658988375,318.5558776855469,756700
2010-09-13,321.3653311799484,326.19566296314906,318.6544273126329,325.60418701171875,870400
2010-09-14,326.03797545636047,331.7949466086216,322.5778963558075,330.0106811523437,1186800
2010-09-15,329.98109492647376,330.11911902979284,324.96346149829304,327.3392028808594,998100
2010-09-16,326.81671081182515,329.1333074032846,323.1397285588397,327.6546325683594,626200
2010-09-17,328.4334173766572,330.1979477270969,321.6117840760477,330.1881103515625,1298500
2010-09-20,334.7818585992736,344.9945894299012,334.7818585992736,342.520263671875,1898700
2010-09-21,342.8061464795473,342.8061464795473,333.74679544266417,336.1718139648437,1275800
2010-09-22,338.12367592831333,339.06018210795816,331.3710542261207,333.3426208496094,824700
2010-09-23,330.82886869398214,338.4588215139202,328.80799495695675,332.4061279296875,985800
2010-09-24,339.4544898634888,341.75135174604515,336.1521097480471,339.3756103515625,931700
2010-09-27,341.3965030389567,343.6145156157425,336.04370657374017,340.25299072265625,829100
2010-09-28,340.2726685365853,345.832500727705,334.5551374928703,344.95513916015625,1126300
2010-09-29,343.2201648508054,346.9957014335451,340.3120922513272,343.18072509765625,576200
2010-09-30,348.9672625073317,353.14697376481104,337.8673337397725,343.3877258300781,1241700
2010-10-01,346.6014271591323,346.6112645355686,329.25163441853726,333.017333984375,1660000
2010-10-04,332.41592969758125,336.09291170055263,323.4452969589105,326.9251403808594,960700
2010-10-05,331.4893178857756,340.0360717773437,329.28117306428345,340.0360717773437,1206000
2010-10-06,338.1828346704029,338.22227442796424,325.20992213499454,327.96026611328125,1138100
2010-10-07,329.2713288552587,330.227539864891,320.3795742702659,326.15625,1050600
2010-10-08,331.804773997016,339.0010096310469,329.5473219753692,336.0534973144531,1283200
2010-10-11,335.87606181978816,337.1279956861249,326.61954289149554,327.62506103515625,983800
2010-10-12,327.9010555647324,331.6470195191464,325.3774530953708,331.40057373046875,1160800
2010-10-13,339.0996016418769,341.06133094622845,333.95381140157224,336.1915588378906,1267900
2010-10-14,335.3141414328369,345.3099972816303,332.6722497401992,344.09747314453125,1378000
2010-10-15,349.8150600658208,352.8020124533587,346.0493905870793,349.55877685546875,1398500
2010-10-18,348.3560494503545,352.2005976644231,345.08324221839285,348.73065185546875,760500
2010-10-19,343.65389605554407,347.4689026333988,337.1871601218268,340.5979919433594,913100
2010-10-20,343.989108968876,346.5028444556208,338.0744089212694,342.62872314453125,819200
2010-10-21,344.0285235095089,344.6298669997244,336.3887025065967,338.8137512207031,1224000
2010-10-22,339.99663973621705,359.7418771946016,339.1587179500041,358.33221435546875,1512900
2010-10-25,361.7824903125375,370.1616488075145,358.8251402554868,366.6423950195313,1331400
2010-10-26,365.1933010694939,369.6588985596693,363.7540657638971,369.1167297363281,1034300
2010-10-27,368.63368250754655,374.18361729811,366.6621158784568,367.2042846679688,1047700
2010-10-28,369.8166044406122,370.4967973343565,360.1066327754478,362.3542175292969,813000
2010-10-29,364.2567669455899,377.66339465945,363.7540078770194,371.4529724121094,1422300
2010-11-01,375.6819468625423,376.27342274154535,365.7255314977478,368.7223205566406,877400
2010-11-02,371.8276186123088,377.54514992300426,369.7673350517788,375.770751953125,913100
2010-11-03,376.5692025193406,377.55498577200905,369.4715510666409,374.5877685546875,1304100
2010-11-04,380.9164967274537,382.43461130601656,371.5416887011754,374.7159118652344,1243800
2010-11-05,376.0270873222156,383.3514507126748,374.7948580808709,383.3415832519531,1042600
2010-11-08,385.7172602943248,387.7381038784783,378.78720540401,383.0556335449219,2491300
2010-11-09,415.0147994839471,422.01386743973177,413.0432327405555,414.6697692871094,3451700
2010-11-10,415.5668039153719,417.87353321830034,405.6005492315505,413.1122131347656,1303300
2010-11-11,408.5184571485127,415.3992353484024,407.8678365665416,413.6051025390625,1056400
2010-11-12,410.4111575296575,412.05742891551057,399.5577036029509,409.0310668945313,1297500
2010-11-15,409.2282389943716,409.5436968803712,400.2280323693215,401.6376953125,757800
2010-11-16,398.6014300977279,401.3419061021081,392.5191347128047,393.3274841308594,1035000
2010-11-17,393.60353428694833,402.5938727005409,390.1631603762175,398.9267578125,1082000
2010-11-18,404.1711670155399,409.3465295200072,402.94880530794177,404.8119201660156,718700
2010-11-19,404.8612334518973,407.69042685002097,403.0769679969749,403.7669982910156,694700
2010-11-22,402.4263229796143,414.90634303091264,400.8687685357984,414.4430236816406,1024100
2010-11-23,408.9028721825168,411.0420350306076,399.3802326447927,402.05169677734375,1083900
2010-11-24,408.1044283084808,410.03658528205904,404.378168550465,405.3935241699219,806800
2010-11-26,402.7319162329763,406.63560966229306,401.2532412887498,405.0287780761719,394700
2010-11-29,403.8655936694969,404.2401961657253,396.0976158541956,398.9071044921875,987000
2010-11-30,394.3132673442156,395.7229300548796,386.4762791222633,388.4478454589844,1706000
2010-12-01,396.7087746334334,404.66405325366514,396.3834793743535,397.3692626953125,1026400
2010-12-02,396.84679108272337,401.6968280813935,392.5191879470146,397.26080322265625,877000
2010-12-03,393.3275457207296,409.021229453491,392.4896238797685,408.22271728515625,1088500
2010-12-06,410.7659897907264,417.1735803688449,410.2928030409742,411.2293090820313,908800
2010-12-07,419.3818010851997,419.9239999749775,406.241322338139,407.05950927734375,888200
2010-12-08,407.7494829380864,410.608248012806,403.3627359539085,410.1153564453125,585300
2010-12-09,413.9895708706219,415.0049265266713,405.65971954035416,409.2479553222656,523700
2010-12-10,408.43955771931286,417.676371973921,407.6213708646909,413.9993896484375,900900
2010-12-13,416.5624676990884,416.5723050754287,405.64983904940414,406.1427307128906,1086700
2010-12-14,406.1525534573036,406.9115957053664,391.4347871423319,394.54986572265625,1180000
2010-12-15,391.9178548617279,400.65188003747255,389.6505353310644,393.209228515625,748000
2010-12-16,393.0415772059739,398.74926986305286,390.3701133887984,394.5892639160156,657100
2010-12-17,394.83573155746535,399.5182016111788,393.9287978049642,394.9441833496094,1312500
2010-12-20,396.6890649849915,402.39675876754654,387.31425608960535,399.5675354003906,1336400
2010-12-21,399.961841759606,404.0824084514386,395.7131184341514,401.2137756347656,645800
2010-12-22,409.188785677292,414.8767444782885,407.9269842588291,410.2534484863281,1097000
2010-12-23,410.6773204935192,410.9730434440527,404.30916892771415,407.3157958984375,597200
2010-12-27,404.2598623141437,407.0890555187507,398.4536144294432,402.4361572265625,605100
2010-12-28,403.6880737982915,403.9837967145051,397.9015314292319,399.0450134277344,419700
2010-12-29,399.36051035520256,402.5051613682088,396.85661244586055,399.9322814941406,536200
2010-12-30,399.16339675290527,401.7067044917465,394.4217512878948,398.5226135253906,433200
2010-12-31,397.3396662740786,397.85226273971534,393.5049549481919,393.8696899414063,583900
2011-01-03,396.5313357410521,410.0759887695313,396.5313357410521,410.0759887695313,1323200
2011-01-04,409.82953430918894,411.682811703042,402.49530424365736,403.5599670410156,1088300
2011-01-05,404.8020626257227,428.766451879337,404.8020626257227,427.4356384277344,2406400
2011-01-06,427.7904749269222,435.2627285324809,423.9754987038943,431.1027221679688,1634500
2011-01-07,432.95604027514827,435.6077997764953,428.27356956898274,434.3262634277344,1098800
2011-01-10,431.5660829607006,435.2233306110234,428.963600586624,434.2966918945313,616100
2011-01-11,436.50481418276985,436.88928409319897,423.02917390594746,425.07958984375,1445600
2011-01-12,427.0807450254822,429.2790526030925,425.6020700832368,428.0665283203125,585900
2011-01-13,429.0424758825792,434.3361273827003,427.2582105187992,433.2616271972656,616000
2011-01-14,431.9012382122892,433.2320516722313,428.81573169725647,431.7632141113281,789700
2011-01-18,430.9942830840401,435.2233016183363,430.9942830840401,434.6416931152344,693000
2011-01-19,433.8530549353697,434.64169959144976,423.4431861448531,425.887939453125,826700
2011-01-20,423.6698863020189,423.6698863020189,410.0857955284864,418.1889343261719,1425800
2011-01-21,419.2635223584672,424.8824995965392,418.3171787474529,419.5494079589844,1137100
2011-01-24,418.9973245586279,420.7914272252256,411.3870766007064,417.7749328613281,706500
2011-01-25,414.4725896268126,422.7630004882813,412.846023157581,422.7630004882813,724300
2011-01-26,422.12225831707786,422.8714632515973,415.0344739859407,416.6906127929688,911400
2011-01-27,417.6073815604729,432.9264623693674,417.3905080324909,430.9253234863281,1118600
2011-01-28,429.4367482869266,432.75883291986446,417.9720846424203,419.2634582519531,1278300
2011-01-31,419.3521870122844,423.7586393271511,415.76395163883177,422.4278259277344,706200
2011-02-01,425.85835322287176,438.624258020794,425.79920863606594,431.70404052734375,1033100
2011-02-02,429.150904227692,435.50921863530886,429.1311993915545,430.974609375,559600
2011-02-03,429.2889274620409,434.73044051315503,429.0621864701831,429.7916564941406,778300
2011-02-04,430.7675845506188,433.74463919861626,426.8737285970531,427.2680358886719,1114200
2011-02-07,429.8014537032578,435.34155019677246,424.9316825321246,430.9844055175781,951700
2011-02-08,429.7423543328581,437.0962889872929,429.0818663155697,436.4555358886719,801500
2011-02-09,435.6767746985942,452.5731147399912,434.1783949269918,444.6966857910156,1364500
2011-02-10,443.296905098621,450.010087124159,438.890452439752,448.9552917480469,1100100
2011-02-11,444.3221395402106,451.2226229803422,442.17310897665647,448.9158935546875,1167300
2011-02-14,451.4887331836469,453.0364201222944,447.0822808070866,450.5128173828125,666900
2011-02-15,447.545646005448,457.86679900103707,446.1064107214714,450.7001647949219,888200
2011-02-16,451.34086650063136,455.0375536838018,449.33972770882383,451.5281677246094,658500
2011-02-17,451.2817088378381,455.7768779156416,447.4963048819886,448.7975158691406,709700
2011-02-18,449.02424068378735,451.0746564713704,440.1127522696085,442.5476379394531,968500
2011-02-22,437.2737004769322,438.58480898538335,424.1825007286626,427.613037109375,1333300
2011-02-23,426.8540562323824,432.6405996593853,410.0858718919337,419.933837890625,2583500
2011-02-24,459.97634329799166,462.7266872009332,446.668268397185,455.7670593261719,4461500
2011-02-25,459.3158507927843,459.3454230869924,452.9772717032174,453.4898681640625,1229800
2011-02-28,454.1996022757071,457.3935301668201,443.8291740045089,447.4272766113281,1332900
2011-03-01,443.6024744715253,445.810619384327,434.5431237528427,438.9002990722656,1795200
2011-03-02,436.96811548171104,448.0286043725164,436.7118323023869,442.7940979003906,1300100
2011-03-03,447.2991645928866,458.1920578348844,447.2991645928866,458.1822204589844,1545700
2011-03-04,456.2895274674667,463.0618541656612,454.9981537052877,462.4605407714844,1346800
2011-03-07,463.318115850007,467.99071871072624,452.7308136380111,460.05517578125,1450000
2011-03-08,457.9456573725474,464.9940326100189,453.5687767564798,462.4112548828125,1273500
2011-03-09,458.063919899239,467.6161319957327,458.063919899239,461.8591613769531,1126900
2011-03-10,454.7024058687665,462.0267684272759,450.7198329896656,457.8076171875,1325900
2011-03-11,455.6290341519613,460.1242034044163,450.79867211791554,456.6049499511719,925500
2011-03-14,452.6815414240662,457.89634351204734,448.9651492078317,457.01898193359375,897000
2011-03-15,445.2092730000925,457.7484365516793,444.8346705693763,454.7812194824219,1221600
2011-03-16,452.5928008474702,459.8974583387391,443.6024624224369,449.4777221679688,1317100
2011-03-17,455.92477594864727,455.92477594864727,445.3473103164999,445.7613525390625,915500
2011-03-18,450.3846939042879,451.2817603471847,442.1238247620061,443.1490478515625,1352500
2011-03-21,446.5598085232826,451.95204405913097,436.8202652811682,450.4339294433594,1032900
2011-03-22,451.4887249706644,455.6191591625738,442.34065768552455,449.221435546875,1331700
2011-03-23,448.08777338564806,461.336702942347,443.6616161297365,459.6313171386719,1174700
2011-03-24,463.8307054972438,471.20437474387575,461.3465426362633,469.24267578125,1191600
2011-03-25,473.30409027865534,483.4182354872109,471.3522287222119,480.076416015625,1236100
2011-03-28,481.525542173288,484.3744401035736,477.1092224121094,477.1092224121094,771400
2011-03-29,475.9755503284652,486.4248581258152,474.1617128747076,484.6997375488281,981900
2011-03-30,487.9725956875713,499.4865372870783,486.61220993487433,496.8347778320313,1237900
2011-03-31,495.8686897660522,501.76368455222666,493.4831110989532,499.2400817871094,1087800
2011-04-01,500.9553641494823,508.3093294329197,500.61033396811297,506.5447387695313,1393700
2011-04-04,507.8854547339896,511.3060940331293,502.2566102192424,511.2174072265625,883700
2011-04-05,509.3049343159894,514.5788505757984,507.49106668320064,509.5907897949219,710500
2011-04-06,512.6072315214695,513.5930146590108,496.38124950097983,499.0724182128906,1306900
2011-04-07,499.18097844566967,504.57321458280046,495.0801160925641,501.6257019042969,956500
2011-04-08,506.69260173037713,508.6444333550586,497.376937777917,499.61468505859375,927000
2011-04-11,500.6399009526675,505.21394998392685,493.3549778832626,505.1646728515625,1074700
2011-04-12,502.7395812890621,507.6783649123777,498.3134242004018,504.8590393066406,946000
2011-04-13,506.9389916673454,508.95983511838665,502.2565216422217,507.4910278320313,833500
2011-04-14,504.5140576186204,506.69263034901417,500.78779784391617,505.3618469238281,959900
2011-04-15,505.5885461979344,512.9425113122923,502.10873233521033,512.6763305664062,933200
2011-04-18,509.9259971021224,510.4878406168235,500.3342850028391,509.43310546875,1016700
2011-04-19,509.6499555647642,518.0981254912202,505.38149711711714,518.0587158203125,821200
2011-04-20,523.0566219594264,529.3656594726315,522.4849109364193,523.7959594726562,1011300
2011-04-21,525.5604228051459,536.5321936557949,522.8199168732477,536.2167358398438,901600
2011-04-25,537.054740508429,540.1205121923357,534.5212701568519,536.5717163085938,567400
2011-04-26,537.192766494792,538.4348631086835,524.8014629033788,530.0458374023438,809400
2011-04-27,531.0020154257812,536.8181610670463,527.1969062597365,531.7808227539062,729300
2011-04-28,531.2090732509682,543.3341965194854,529.9374343795733,542.21044921875,832200
2011-04-29,542.4074693820401,548.3616384007262,538.1883485847752,539.2332763671875,1132200
2011-05-02,543.9749821920002,553.891960409813,543.3834760741688,547.7505493164062,1228500
2011-05-03,548.5587337290197,553.0243603857631,529.3951665951015,532.4313354492188,1200000
2011-05-04,532.3131710626374,536.4928830716602,520.4936376673979,529.917724609375,1139700
2011-05-05,527.8869393879955,537.7447720563055,523.6283484551934,526.378662109375,2300000
2011-05-06,522.9579659676369,533.2396770982382,510.734230726304,511.6510620117188,3351900
2011-05-09,511.8680180805689,524.4367561268419,510.2217766892351,521.6765747070312,1230100
2011-05-10,523.746692633963,524.3578735101852,516.8265342879599,520.9865112304688,1246900
2011-05-11,520.9864325378695,522.61299892024,510.6357087126138,513.5831909179688,818300
2011-05-12,513.1002760653689,519.5472780467168,506.7912380371642,516.5111083984375,990000
2011-05-13,516.8856307066122,523.1354629983474,513.1001964436156,513.2086181640625,842400
2011-05-16,510.6455853806836,511.9468264765602,491.5213664726344,496.22357177734375,1466700
2011-05-17,492.7536005660423,498.2050108151631,486.6516299297574,497.2290649414063,1283700
2011-05-18,497.9191743382761,513.6029909912755,495.6420172145386,511.0103759765625,1290800
2011-05-19,512.4791517265323,520.0006830069279,511.8482359837419,514.6774291992188,823800
2011-05-20,513.7606272495624,518.5121096208428,512.2129403640419,512.6861572265625,764400
2011-05-23,505.6575161450498,506.2785643887793,493.9168343520061,494.5280151367188,1400000
2011-05-24,496.8347667638892,497.50509216562114,482.0480177530591,483.9407348632813,1639100
2011-05-25,481.56498102111016,495.6222295905751,480.7664990020447,491.7185363769531,1048000
2011-05-26,490.4271891624682,500.2357449792051,489.6779842316311,497.9289855957031,809300
2011-05-27,498.2050438708058,502.4044603346199,493.433826153847,494.3111877441406,626900
2011-05-31,498.8556184889716,507.8656921386719,497.96841955073023,507.8656921386719,865200
2011-06-01,506.8700602669322,512.0060130245058,498.8655045217785,499.8512878417969,957900
2011-06-02,500.7680497129286,507.6586653637712,496.97280806904735,505.489990234375,757300
2011-06-03,499.18098449979385,509.0190832154654,497.820598644558,500.5807800292969,897000
2011-06-06,498.8556087549997,503.1240671353549,493.9069875994485,495.7208251953125,785500
2011-06-07,497.5051217035916,504.01129767138633,494.1337595758392,498.9246520996094,683400
2011-06-08,497.3473547558001,502.562156574844,490.12157676583615,493.56195068359375,786600
2011-06-09,493.99572772581934,499.0823732178547,488.6527990299927,496.0166015625,522600
2011-06-10,494.7252016004847,495.7504246747895,484.3942116799802,486.1686096191406,856400
2011-06-13,488.4555820272336,490.5257327912164,473.1759422261799,475.2756652832031,1167600
2011-06-14,479.4849840287946,482.3733218350867,470.35665126240553,473.8857421875,1105200
2011-06-15,469.97215375516726,474.1518650133741,461.84930958658674,464.4714965820313,1042500
2011-06-16,463.46600949896407,465.20099772260113,445.90921144552175,455.14599609375,1633500
2011-06-17,459.7693268505917,461.2677367258664,453.61804866200407,455.7769165039063,1345400
2011-06-20,449.8720510959117,458.842685117692,445.32760453574303,452.2576599121094,808300
2011-06-21,454.99812279342143,482.6000542987584,452.4252429040014,480.6777648925781,1747600
2011-06-22,478.213316705249,482.42263060126254,473.5111412486409,473.82659912109375,922000
2011-06-23,467.4978000830327,483.7139452341944,466.374022914762,483.0337524414063,1138800
2011-06-24,483.4576947317827,483.61542366921975,473.2252593039056,476.103759765625,1399500
2011-06-27,476.8628013146544,482.7282239511551,476.8628013146544,480.175048828125,754400
2011-06-28,482.3930484061776,488.6034709635833,479.70184925331887,488.3570251464844,1159800
2011-06-29,490.5258039446885,499.89074582635146,485.409585920535,496.7165222167969,1188600
2011-06-30,500.3934777495244,507.1954070116488,498.4317784866999,504.6520690917969,1006900
2011-07-01,506.0912298992905,517.7727362540069,502.7494105536626,517.3389892578125,1058600
2011-07-05,517.536161423665,529.4641136485529,513.7014504731237,527.7587280273438,880200
2011-07-06,527.2364177207149,531.2978404967627,522.5046092883797,528.508056640625,647400
2011-07-07,534.0381114151521,541.7863519153285,532.4904247731322,539.5585327148438,904800
2011-07-08,531.0315680603599,544.3002319335938,527.6503388175659,544.3002319335938,1087200
2011-07-11,536.2660325213703,540.9485024744521,527.5911528523044,528.9219360351562,1100400
2011-07-12,526.9800481583317,527.8770844788031,518.7191793724911,521.0554809570312,1138300
2011-07-13,526.5462295129889,534.2648683057813,522.4650728059819,524.7028198242188,812200
2011-07-14,527.1673237231021,530.0457939436532,511.128611117766,512.3312377929688,756500
2011-07-15,514.8549338968177,519.3599106575314,508.46701716059135,515.07177734375,711500
2011-07-18,513.1987160447607,513.9775232893131,502.9071669896118,509.3147277832031,606500
2011-07-19,514.5592038046482,531.1992325370118,513.0903961542318,529.8585815429688,954400
2011-07-20,530.3711723360146,530.9626182735913,521.6272789154386,522.4158935546875,512000
2011-07-21,520.3950051464357,534.787416623618,516.2349685171544,518.5318603515625,987100
2011-07-22,519.6852438196006,525.6886907167187,517.5362434004305,522.8298950195312,671600
2011-07-25,521.4793515099619,532.322967514895,521.4793515099619,522.2186889648438,450800
2011-07-26,522.7905249654054,530.8049487839554,522.7905249654054,526.0830078125,549500
2011-07-27,524.8112473940552,527.0982715621672,508.6739817595638,509.85693359375,670200
2011-07-28,509.35431143683365,522.4356166678948,504.5732557740542,514.8648071289062,953100
2011-07-29,520.6710096699517,535.1521685727579,518.5220093228884,530.0064086914062,1358900
2011-08-01,539.4500968770071,540.0908799949899,520.1879156807283,531.1990966796875,1142200
2011-08-02,528.4784295764158,531.4851169262093,510.0936062095248,510.95123291015625,1209200
2011-08-03,514.894376685979,517.9207388499001,494.1830584696679,514.54931640625,1203200
2011-08-04,510.6455940639233,512.0651243592512,474.00401720181344,476.4684753417969,3011000
2011-08-05,529.9570711355424,533.2102041172752,503.2620729548112,520.3062744140625,4049100
2011-08-08,502.9959188631265,516.0476798698453,496.77562877001736,497.820556640625,2461600
2011-08-09,503.7352530708381,517.6347731688319,483.5266959515578,510.06396484375,2466900
2011-08-10,496.0067098663578,505.65753642766606,490.4271729917224,491.7086791992188,2170200
2011-08-11,494.81393796649127,500.8370594710232,478.4301942998999,493.0493774414063,1852000
2011-08-12,498.5303380680213,502.7396219828246,490.9200896911472,495.9574279785156,947800
2011-08-15,497.48541544992975,507.6093993481139,493.2761314903959,507.0376281738281,1064100
2011-08-16,499.52598028237,501.0342275215092,482.0480316186945,490.249755859375,1816800
2011-08-17,492.102995595938,498.3232853091908,479.09064505479046,484.85748291015625,1018100
2011-08-18,469.7947630821218,470.07078120781466,443.7503545835717,452.2773742675781,2017000
2011-08-19,445.5740095603389,471.0072042672435,438.8213885757011,442.5673828125,2201500
2011-08-22,451.9816567355081,457.3935975895857,435.2726172610892,439.9748229980469,1642600
2011-08-23,443.7306447662788,470.6918242278305,441.3647708463668,469.8341674804688,1461800
2011-08-24,472.081765335786,481.0326642043021,468.24705396940976,478.5977783203125,1597900
2011-08-25,480.7073764266523,487.9430221418884,474.1124838311075,476.6853637695313,990100
2011-08-26,471.1945766729402,496.6475101430783,468.7399857434716,496.3123474121094,1345700
2011-08-29,502.7494228129801,514.8942788351422,501.8227842152159,513.6029052734375,1118800
2011-08-30,513.0903323454935,534.0776969887746,511.1385006949154,527.6109008789062,1585500
2011-08-31,531.7315389557541,534.9747443699741,522.0116698380612,529.6219482421875,1302000
2011-09-01,529.6219909860948,533.7721005292658,521.5582901178897,522.3074951171875,857600
2011-09-02,512.5678103466004,522.9480752647602,510.7342080247017,520.6807861328125,788300
2011-09-06,510.13292100985126,526.6053793760299,506.7024148453231,526.1124877929688,1207700
2011-09-07,532.3230263097159,534.7973522254649,525.4225426353307,534.4326171875,1078600
2011-09-08,530.9921531065743,541.5203106282311,525.5210081264947,530.73583984375,1483700
2011-09-09,527.2856080089832,530.3907890928818,509.5513772717675,513.3466186523438,1613300
2011-09-12,504.1788684705169,524.2099918560222,500.9159282341278,521.3511962890625,1197400
2011-09-13,522.9284078457957,523.1551789054595,509.2555990836972,515.59423828125,1001400
2011-09-14,517.4671908390831,531.337168296526,505.7068039631129,522.0313720703125,1473400
2011-09-15,526.0927895319059,527.0983076849881,515.2689088672996,516.5504150390625,943500
2011-09-16,521.1046917194247,523.6184267559678,515.6927517719159,517.9994506835938,1341200
2011-09-19,510.9709865407544,528.8235092129167,503.2818580832151,523.8945922851562,1155500
2011-09-20,525.5112691112596,546.123972352178,520.4936054186823,529.6022338867188,1735000
2011-09-21,530.3514042669348,542.1413939477185,523.4509213117889,523.7171020507812,1137400
2011-09-22,509.04865947410246,514.0761303037613,492.1523190479737,498.3824768066406,1832300
2011-09-23,495.8489854555072,510.2512646087718,493.5816959650428,507.2939147949219,1342800
2011-09-26,507.3826877129182,508.65432653763423,485.00539427682094,506.2884826660156,1476800
2011-09-27,516.0476805241382,516.1364274931657,496.9037860398946,503.8535461425781,1323700
2011-09-28,505.45050806061874,510.63573772687454,488.2978850494712,491.0087890625,1080100
2011-09-29,498.835888580834,499.5752260061609,456.5654987034199,471.2240905761719,2383200
2011-09-30,462.4506316240347,465.5558428326876,442.941972759136,443.0701293945313,2199700
2011-10-03,447.8906140617725,460.360765834772,438.9594204546304,439.4128723144531,1940000
2011-10-04,434.43467158928246,441.6013046778437,405.4132115530807,437.687744140625,2650500
2011-10-05,434.8980508820525,443.1096128964445,418.09042682540354,439.3340759277344,1882400
2011-10-06,441.41404055340206,466.10789994339626,437.9637990371471,462.8843994140625,1935400
2011-10-07,467.379553189674,468.08931833835766,451.2915632086561,461.0804138183594,1545000
2011-10-10,468.9863717428864,477.0698062635863,467.26125109012753,476.9712219238281,960500
2011-10-11,474.1124475967655,487.6078221686801,471.8155558671265,486.2474365234375,1049400
2011-10-12,492.3494556316874,496.8150525452671,478.2132973706537,478.63720703125,1427700
2011-10-13,478.1640494256582,488.7020754048785,477.0501094731658,486.7502136230469,1105700
2011-10-14,495.9771295675752,496.1940030851288,485.5081163043508,492.0339965820313,761700
2011-10-17,488.2485751610826,499.6639315114024,484.4828760737256,485.84326171875,710000
2011-10-18,485.16309025080136,489.6582594856064,469.1342449023386,486.1981506347656,1121700
2011-10-19,483.8421197283997,486.24743315445295,467.073937790445,472.1901550292969,1166900
2011-10-20,471.6677179324456,473.66885674824135,462.007054011442,467.0838317871094,954000
2011-10-21,472.89991969543314,488.74146299942345,471.519829226958,488.4161376953125,1450500
2011-10-24,486.9768811531091,513.8296048109574,484.8574533753598,512.4298095703125,1232300
2011-10-25,509.66965812547824,515.5547550508148,496.5094461613057,497.8796691894531,1147300
2011-10-26,502.8578619506648,506.30810320719377,473.49140160179866,488.583740234375,1489300
2011-10-27,505.09570261274126,516.9645130721854,503.4297262623281,513.1495361328125,1543000
2011-10-28,507.6783936266466,519.2613472676429,503.7352604722649,516.2349853515625,995100
2011-10-31,511.621526372983,514.5788762364107,500.4723197945583,500.50189208984375,971700
2011-11-01,485.08418216328687,492.1325560861993,471.8451210525714,482.0676879882813,1475900
2011-11-02,489.0963658758284,490.1610286597134,480.0764549262976,486.6220703125,968100
2011-11-03,491.48200331818913,504.4943252573165,483.3394233647239,504.4351806640625,1017200
2011-11-04,501.76366529093735,509.6301962319002,490.9200497345517,506.071533203125,1638600
2011-11-07,509.886485178148,511.6214732112022,496.04611091571536,501.7636413574219,2448600
2011-11-08,512.607279352132,545.463451239026,512.242544370603,544.990234375,3903600
2011-11-09,535.2802493733531,540.0021289920813,527.4925384370456,528.9219360351562,1819400
2011-11-10,534.6298037986224,535.2803943788879,518.0784617525599,520.8485107421875,1367900
2011-11-11,527.5025475234124,527.8574151117934,517.6053037203027,525.7281494140625,1225400
2011-11-14,523.4311295001929,536.6406480741152,522.6227800789297,526.8025512695312,1054600
2011-11-15,523.9832231057422,541.944225758345,522.6327048252413,539.0460205078125,1188200
2011-11-16,533.67345610083,540.2092036518371,529.3655882500667,530.6766967773438,1007100
2011-11-17,530.4006558163949,533.3087283835814,504.1394061657712,506.1011352539063,1593300
2011-11-18,507.3136832138201,508.2994665501986,486.6023656897192,489.85546875,1682100
2011-11-21,480.0468823374922,487.8740039429188,467.6358745228534,470.859375,1225300
2011-11-22,466.0586220388313,479.08081085941313,465.4474412132184,474.2307739257813,894800
2011-11-23,471.2043738292633,472.57462692974553,457.4329811983105,457.9258728027344,894900
2011-11-25,456.3881047443264,460.3312380232945,449.7833444685669,452.6519775390625,447800
2011-11-28,467.7640267631364,476.16288935189687,462.0859055292039,465.7825927734375,893900
2011-11-29,468.6512378213191,468.739954707432,454.1109342841274,456.4176635742188,893600
2011-11-30,472.0817860832392,479.53430553672143,466.2163633264619,478.9822692871094,1160900
2011-12-01,476.99094520533066,486.25730191034296,475.1574027665295,481.4861145019531,816400
2011-12-02,490.34834505991097,491.72843567087074,478.104903168733,479.5638732910156,979100
2011-12-05,488.58375302804825,488.58375302804825,472.1803054415819,477.1387939453125,888000
2011-12-06,475.9065957273249,478.9723974520024,466.63037120938094,472.2887878417969,860700
2011-12-07,469.9327145411168,479.4751190587805,465.289683957272,477.4049682617188,994100
2011-12-08,475.99530339843017,479.0906773590003,470.2186277782781,472.6436462402344,860600
2011-12-09,473.1759910229693,475.1475576522317,467.6358936081372,472.919677734375,762900
2011-12-12,467.7541387365689,469.4989642089888,461.346547794972,468.6315002441406,629400
2011-12-13,469.3708260683246,474.8123384880449,454.8403612811615,456.1120300292969,805600
2011-12-14,455.4909664946988,456.53589424217097,435.3218513763423,438.8608093261719,1701300
2011-12-15,443.6517373638905,446.0669183475464,432.52226618848994,439.0580139160156,1631600
2011-12-16,443.6025151431168,451.1733241814663,441.7591050602507,450.5818481445313,1334200
2011-12-19,450.1579538314628,458.8328652281618,448.6300016959707,453.1941833496094,865500
2011-12-20,459.3848935936928,473.26470947265625,459.3848935936928,473.26470947265625,1097900
2011-12-21,471.4508094236537,471.9929781432946,457.9061580541416,465.6149597167969,898100
2011-12-22,465.8713244246839,475.748862224241,464.1462036560244,472.8703918457031,708400
2011-12-23,475.47285461533176,476.73465605923855,471.3227152692842,474.8814086914063,432000
2011-12-27,473.1759716783559,480.31303295771465,472.47607397702274,477.32611083984375,375000
2011-12-28,476.1333472461994,477.0304136843908,467.5176105894871,468.6413879394531,519600
2011-12-29,469.5384395363028,470.80024095243937,459.2271546786377,469.23284912109375,446800
2011-12-30,467.9513142227647,471.1058025281395,460.8536628891667,461.0606689453125,476200
2012-01-03,468.247082304994,479.623030370119,467.9020521223411,478.2527770996094,724100
2012-01-04,478.5681977985868,478.7554990236522,469.4299978588776,474.0730285644531,548900
2012-01-05,472.2690590986937,481.0622595385714,466.6895519883744,479.2976989746094,744100
2012-01-06,480.8946778539312,482.3240757433151,472.2493687142736,473.4815979003906,699800
2012-01-09,475.3347964120776,478.1048447554065,465.6839706068735,469.3116455078125,729500
2012-01-10,474.7827914883519,479.29766553630185,473.1956648123942,477.3951110839844,669600
2012-01-11,476.1332999729002,478.0654266797844,469.9820222460024,470.9086608886719,464400
2012-01-12,470.7805315292427,472.67321859314535,464.4123498358036,469.4102783203125,558500
2012-01-13,465.8910421911997,476.13334536501344,462.6083969599918,475.5714416503906,642500
2012-01-17,480.6383568316932,494.46889492537,478.4696216012383,491.1270751953125,905600
2012-01-18,489.9343126548509,512.0060157476362,488.9485293295897,511.4539794921875,1226300
2012-01-19,512.6073521797035,519.5571129017284,512.6073521797035,518.591064453125,756100
2012-01-20,514.0564182229065,514.5493099013379,506.9883684010833,511.2075500488281,903900
2012-01-23,509.76828848336544,517.5855433414039,506.6926492004468,510.655517578125,643600
2012-01-24,507.14601098153935,518.0290350820763,505.3124086315492,516.2841796875,533500
2012-01-25,516.0279348834492,522.3862489519653,511.2863198035592,520.8385620117188,535700
2012-01-26,522.4650975467858,529.9176161541521,515.5646151263566,517.2009887695312,685000
2012-01-27,516.3533218492302,519.8824431926779,513.3269596558267,518.384033203125,474300
2012-01-30,515.5153326225858,516.7080917785196,511.2271396341596,514.9829711914062,535500
2012-01-31,518.029136509696,523.4509447890553,516.1561241280325,521.96240234375,689600
2012-02-01,525.82666000085,528.8333472936988,514.9436336892516,528.2813110351562,827900
2012-02-02,527.3940722852059,528.8727472542298,522.3961436698123,526.24072265625,500700
2012-02-03,530.9724086811789,541.1949756296783,529.8782037717286,539.2036743164062,826800
2012-02-06,537.0547662962955,539.8149476903463,528.9811981140455,529.0994873046875,717100
2012-02-07,528.1825768402599,531.0906490401833,520.1188782429057,521.6665649414062,907700
2012-02-08,520.0400760036836,531.1498725266125,519.8823771567608,530.7161254882812,915800
2012-02-09,529.8190864131606,535.2408942800546,525.6491823580392,532.4511108398438,688900
2012-02-10,526.0632944771186,539.1249235091328,525.6590896208527,537.2913208007812,1014600
2012-02-13,541.6188482609751,564.9819217852814,539.3219565924232,563.0300903320312,1381800
2012-02-14,561.3247438847046,580.19265183127,561.3247438847046,568.7378540039062,1231900
2012-02-15,572.7598278902207,576.5649369592736,560.5262235359265,562.1921997070312,944600
2012-02-16,562.2809826056923,566.0762244575384,550.2150039606938,563.19775390625,745400
2012-02-17,563.4539335619536,575.2044515260255,563.1483432009161,574.2384033203125,760800
2012-02-21,577.1959621812503,584.569603354465,571.0446828958467,576.4368896484375,814000
2012-02-22,576.6832003974575,582.5978998887135,572.9865132154226,579.364501953125,867800
2012-02-23,580.1630732408944,585.3778452269343,576.919807683378,579.0491333007812,716600
2012-02-24,581.7797180195953,587.3691526963582,581.385440796869,582.0162963867188,945900
2012-02-27,586.4917424835139,588.5125860638142,578.7829104342443,583.1301879882812,1882400
2012-02-28,625.7851260607486,628.8114881656023,618.3917509351112,623.7642822265625,2767800
2012-02-29,623.4093536790014,625.6371732916185,617.514328908283,618.1058349609375,1249800
2012-03-01,617.1298680276593,629.4816998853581,617.1002656521339,628.2593383789062,1054300
2012-03-02,628.3580254144769,636.8160636642074,626.6230370383842,636.6780395507812,1144400
2012-03-05,637.8313653308138,640.4633897622696,626.1695326327215,633.5530395507812,882200
2012-03-06,625.509110960028,629.4423767299847,619.2690857769528,620.7871704101562,862500
2012-03-07,626.9580929328782,634.6669245031823,626.4750688088225,632.4784545898438,1429200
2012-03-08,638.2256716118771,645.5895041143267,632.143405527179,644.5248413085938,866400
2012-03-09,645.6880126465181,645.776759610476,637.8017468432018,638.245361328125,979900
2012-03-12,638.2453763058634,644.0910637496606,635.4555928655909,641.6956176757812,564200
2012-03-13,645.648526745603,646.0132616825472,637.8805510331122,644.4951171875,549800
2012-03-14,643.8643780772588,644.2487878320002,634.7458826710043,641.4984741210938,614200
2012-03-15,640.7492102264406,650.291584347876,636.8849569432814,647.906005859375,690100
2012-03-16,647.9060615635553,666.0346305448642,647.9060615635553,665.8966064453125,1263400
2012-03-19,669.2088011145019,689.9398516946541,668.8638010447698,687.0219116210938,1115000
2012-03-20,683.4435044038624,688.1161073083193,676.3951903780757,686.5684204101562,847100
2012-03-21,685.6714101964959,699.2259301851294,685.3658197889042,693.6464233398438,1084000
2012-03-22,690.3243746754523,703.3860037121017,689.5554348027354,701.8678588867188,974100
2012-03-23,703.8000632823964,706.9742569176361,696.9488566888127,704.8252563476562,1032500
2012-03-26,711.745355508709,726.4433569115214,708.6302468256986,724.9450073242188,1307800
2012-03-27,724.9350975278879,725.9800252780776,716.8615309844902,718.488037109375,954300
2012-03-28,719.0796248766709,724.1859750416326,699.3442243781526,707.9895629882812,1159700
2012-03-29,701.9762837314854,711.7848398775906,699.0091264551519,709.8034057617188,1033200
2012-03-30,714.6928123979203,718.6950897406514,705.7222094403119,707.2994384765625,881700
2012-04-02,707.0629407589682,717.2855087864408,707.053073299159,709.734375,807700
2012-04-03,710.9469124813892,734.4085424759941,710.9469124813892,733.0481567382812,1503800
2012-04-04,727.0644498367659,735.9266319423516,718.6360147832888,735.2957763671875,1523500
2012-04-05,738.6276617316372,749.0868069975074,737.3658303608131,746.0407104492188,1580100
2012-04-09,736.2322618027807,757.9688325362215,735.3943700325883,753.8778076171875,1270000
2012-04-10,757.5745315445189,763.9427138733444,728.5530662768315,730.7218017578125,2381800
2012-04-11,740.2049141323888,740.3232033062069,709.0245858561775,719.1978759765625,2148300
2012-04-12,721.0413599884045,733.4227961839521,713.9929851247683,731.59912109375,1218300
2012-04-13,729.2725345071703,739.1501014604981,720.3117988805005,724.7280883789062,1258200
2012-04-16,726.5221858445735,727.9023063297032,689.0131487988382,692.019775390625,1915800
2012-04-17,694.188585865149,711.1144676446369,689.1117779935269,705.1997680664062,1119500
2012-04-18,704.6477207973325,728.4938199630365,701.9368168664822,721.8101806640625,1347100
2012-04-19,717.3643350683769,728.0797939517105,701.5326588210306,706.9840087890625,1170400
2012-04-20,709.6259733410944,716.6644807559672,697.2248623729164,700.07373046875,1020600
2012-04-23,691.2312964367093,692.2269472461114,673.5266058262283,689.0625610351562,1284600
2012-04-24,686.7656921396051,693.9816337185498,668.4005429129031,675.271484375,1068200
2012-04-25,691.5959869276611,716.6447137421416,685.6024077040779,714.249267578125,1360500
2012-04-26,713.115540165995,726.3742751278947,710.6313474253162,722.84521484375,1079400
2012-04-27,740.3034757552857,756.5886340772105,737.3658609638481,751.2949829101562,1849400
2012-04-30,750.1909022938183,761.3696503806423,740.3232025767583,750.0036010742188,1253500
2012-05-01,750.0037211807831,755.9874335397284,739.337537749425,744.4340209960938,1049200
2012-05-02,744.8183656418882,751.5611493253797,736.5180877948086,750.2401733398438,1129400
2012-05-03,752.201929746333,753.7200745248263,734.9507221175448,739.0712890625,898600
2012-05-04,734.7140961611776,736.380072225252,723.8704806397884,725.60546875,1141200
2012-05-07,725.9110609445544,741.7624721565585,724.0873860329534,727.1630249023438,1047900
2012-05-08,725.5464326914322,729.4698312770067,694.9871480145883,706.01806640625,2150800
2012-05-09,698.6639529933279,722.6283394052314,697.1458685745962,708.7288208007812,2551700
2012-05-10,693.1239179323387,695.962978522141,670.5593247692481,671.4268188476562,3137200
2012-05-11,661.9436290097398,675.1038723743435,660.4945564160814,665.7882080078125,1697700
2012-05-14,659.9819893919686,664.2997255175924,652.7660476500691,653.7518310546875,1084100
2012-05-15,655.1417593115962,665.9853757686858,649.6016017312942,652.9138793945312,1027400
2012-05-16,655.447290314229,665.2065081404465,647.6497113113737,652.8250732421875,1213900
2012-05-17,654.3334021670455,656.0289205675274,635.8302303195161,636.234375,1340000
2012-05-18,639.625501023688,641.4787785305724,621.1716656369758,623.0150756835938,1431700
2012-05-21,626.0020003229921,649.4734983809165,625.9723979435065,648.3299560546875,1060200
2012-05-22,650.1536930313064,669.4356121001935,646.4175357924248,650.6958618164062,1326900
2012-05-23,647.7286655229578,665.4727656180033,643.3320501724626,663.5504760742188,1110200
2012-05-24,666.6950256616112,667.3062064249527,649.3452656147863,659.4593505859375,980700
2012-05-25,658.8975816323971,659.45942516592,642.8490006317919,643.5982055664062,678600
2012-05-29,650.626838821378,657.4484423408938,641.9026206049294,648.684814453125,718500
2012-05-30,640.7788893318458,641.9223715029696,628.5551521653188,628.6931762695312,1069000
2012-05-31,627.9439707815006,629.9549470810254,608.1395575370265,616.5975952148438,1309000
2012-06-01,599.3858229452522,606.7397275391316,596.0538707214677,601.8206787109375,1032200
2012-06-04,605.2906474096419,611.8756722668152,594.9103209583744,607.7747802734375,1081300
2012-06-05,606.4636918924051,619.0718371056676,604.7089689514523,611.0180053710938,586300
2012-06-06,616.6863070235381,633.8586345209086,614.4682946943436,633.3756103515625,1170500
2012-06-07,644.2093955279456,649.7987700699588,625.2823438706836,627.1060791015625,1048200
2012-06-08,623.8923748012803,635.6330268213452,619.5845068172252,635.1992797851562,816900
2012-06-11,644.44591600964,648.2017476909207,631.8870473474947,632.5869750976562,845200
2012-06-12,635.8301509794229,637.801717339049,621.8024755842608,637.781982421875,780100
2012-06-13,634.0853683040849,644.2389843559552,632.3799824607713,637.3088989257812,768200
2012-06-14,637.9102441080199,638.4228706995265,622.0983009599764,631.216796875,843600
2012-06-15,632.8728785767713,650.61697797612,629.146588822538,650.0353393554688,1572300
2012-06-18,646.9892395709178,665.4036625987437,644.7022153178939,663.9249877929688,947800
2012-06-19,664.082725964154,673.6547031007411,660.6719543839764,670.4410400390625,915900
2012-06-20,669.0412516311565,670.076312033812,656.3049485971209,661.2831420898438,851100
2012-06-21,662.4462999143012,667.8188303027472,647.166660556159,648.2313232421875,784300
2012-06-22,650.824029514558,657.7343200700126,645.6979442000804,657.4977416992188,759200
2012-06-25,652.7758149830206,654.3037669923209,638.2946565837135,642.3856811523438,663600
2012-06-26,644.0022639434587,650.3211677419507,637.9397335627781,647.0286254882812,481300
2012-06-27,649.483279274958,653.6433159351792,639.6944586857077,644.5445556640625,632700
2012-06-28,639.0832695993581,640.3943781700895,624.0007978923198,634.331787109375,720500
2012-06-29,648.2806319594345,655.9499942207111,644.2192098551982,655.0726928710938,1103400
2012-07-02,656.019007920271,671.890154102926,655.5557186802272,671.1803588867188,900400
2012-07-03,675.1038211820011,685.2672439891389,673.2998210042448,680.7326049804688,690600
2012-07-05,676.2176981164121,683.315349455374,666.8922272027648,671.9591674804688,901500
2012-07-06,665.3051945898458,666.3895321876723,654.678421394411,662.1112060546875,767500
2012-07-09,661.4704483892139,665.4037140499191,652.066037390149,655.417724609375,692700
2012-07-10,661.6577455210622,663.274444530555,635.2683080233492,639.4283447265625,1019800
2012-07-11,636.8850353058364,649.995941398156,626.6229972745026,637.4666137695312,1127800
2012-07-12,629.9155662851922,634.5881697792025,623.7642877529537,629.9944458007812,1029000
2012-07-13,632.9222191163597,637.604690260292,626.2287714993129,633.8094482421875,776000
2012-07-16,630.8521057127375,631.6604553296072,625.548586149761,628.6636352539062,602600
2012-07-17,631.0393101934529,640.6112271362963,627.0271651070881,638.16650390625,669600
2012-07-18,637.4172763362819,647.7877351113161,633.1094084587297,646.3583374023438,639500
2012-07-19,650.4987251084676,669.2976209083433,650.0748454859121,663.1068725585938,1134300
2012-07-20,660.9381041574097,666.9711533429311,654.0672233963743,663.6293334960938,1055000
2012-07-23,649.9860254780914,662.5153521725847,643.2235668628289,659.597412109375,816600
2012-07-24,661.1943007392558,667.030180200065,654.1262525311229,656.1175537109375,654900
2012-07-25,645.1360175625754,646.013379129294,619.1704592766578,622.0686645507812,1400000
2012-07-26,629.8268019246929,630.6056092638254,609.7760026535301,619.3873901367188,1285400
2012-07-27,640.8083255399494,676.14868761842,638.7874821130466,674.2658081054688,2400300
2012-07-30,677.2725115008864,682.4084639625279,662.7026661575936,672.8364868164062,929500
2012-07-31,670.3326265722728,671.9493255824259,651.4745877201609,652.3322143554688,1030900
2012-08-01,657.4583177972246,658.1976552736736,633.168602797435,633.8389282226562,976900
2012-08-02,627.7073581914041,647.1371077365864,624.9964542267194,639.783203125,981400
2012-08-03,658.2666541611379,664.2503659042977,649.5917733111008,654.5502319335938,1056100
2012-08-06,653.5742679442645,664.9797868990701,647.9848939928892,655.6641235351562,860400
2012-08-07,663.4322438375186,673.2604756868033,663.1956654427333,670.1355590820312,2844200
2012-08-08,566.9239007110403,578.6251426149385,551.7921524856424,554.3256225585938,6683700
2012-08-09,555.0058169026365,562.2414319991351,545.5521294073585,554.2664794921875,2429800
2012-08-10,554.3946133585746,558.939059348011,548.0461673148383,555.1536254882812,1631900
2012-08-13,556.5731439660717,558.7418789355701,549.1896377788903,554.0101318359375,1010000
2012-08-14,555.5874573371681,560.3389401789215,552.6695772053009,556.6323852539062,1023700
2012-08-15,556.7901243730922,567.2492706265677,554.9959915674708,567.1309814453125,1088600
2012-08-16,568.9152463581557,581.4938507398476,568.4814993047376,578.44775390625,1306600
2012-08-17,580.1334366757435,583.8202563661457,574.3271589526024,580.4094848632812,1060400
2012-08-20,576.6832280409839,579.2659754625759,571.754311562001,578.2703247070312,903600
2012-08-21,580.5474214646412,591.3220245494209,571.5669510121093,577.432373046875,1067400
2012-08-22,576.8409185923101,584.8750764043933,574.7116531777081,582.6373291015625,637600
2012-08-23,582.4697627577735,589.0745227776654,581.7797024271991,585.0919799804688,983700
2012-08-24,582.7950556716997,589.9912611932858,578.2998865645435,584.7468872070312,939700
2012-08-27,585.3679732365003,586.4917806276852,579.206827671808,580.034912109375,516100
2012-08-28,579.6406128503972,583.4555896215785,576.7818170533764,581.73046875,429600
2012-08-29,583.406252674278,598.0057002611201,582.6176381044678,594.6343383789062,982200
2012-08-30,591.1939546627865,601.6038844741788,590.9869786689409,595.018798828125,786200
2012-08-31,597.8479888526045,601.5545438100394,589.5083003658158,595.9750366210938,919200
2012-09-04,595.659525038535,597.867669877755,586.5410300338077,588.4041748046875,736200
2012-09-05,589.0055303689336,593.1655070754365,585.9989032934251,586.718505859375,480800
2012-09-06,591.0461339260457,600.5786421308602,588.7689767805798,595.4131469726562,1055600
2012-09-07,603.7922357053952,614.0345380296269,603.4077658008435,612.7135620117188,1627000
2012-09-10,612.1418765859722,615.621720797675,598.8239936630907,599.6717529296875,907700
2012-09-11,599.947609516591,612.417790607605,597.4930190651295,608.9774169921875,899000
2012-09-12,611.1856296692583,619.5549200358427,607.1932194444221,611.1363525390625,641300
2012-09-13,611.136341966221,620.8266082255374,608.8985947201468,618.01708984375,758100
2012-09-14,619.219799456291,635.8893684643241,618.9142090422121,628.4171142578125,1503000
2012-09-17,627.7960223233523,636.8948423974215,625.5878775277276,634.20361328125,1156900
2012-09-18,631.2461861815408,640.0689569902647,628.978897077255,631.6207885742188,724500
2012-09-19,631.8970222939994,635.0120713418113,627.5004067014944,629.9451904296875,529400
2012-09-20,626.6526359632915,626.8498046717493,620.6295139831615,624.7599487304688,557300
2012-09-21,631.068887108932,633.858670733694,625.5879342912449,627.1060791015625,1096700
2012-09-24,622.8277133004805,624.6513882475429,619.2197730761123,622.2066650390625,465500
2012-09-25,622.7784221465756,639.773315381381,622.5221088803423,622.7685546875,947700
2012-09-26,622.1475018462746,627.3327312173753,608.5437054251037,613.2459106445312,953300
2012-09-27,616.8046086915193,624.8978508916678,613.5712106613363,621.5560913085938,686300
2012-09-28,619.0719592130135,620.353465566431,608.8099807576954,610.2689208984375,914300
2012-10-01,611.9150793257552,617.2087305159612,609.8646333378141,615.9765014648438,792300
2012-10-02,618.9732895150224,619.7323016580175,602.7472765356281,607.5184936523438,898100
2012-10-03,609.7561408975927,616.4101770018442,605.448273447938,613.9654541015625,607400
2012-10-04,616.0750677783226,628.5156464934897,614.2612002830567,626.01171875,746000
2012-10-05,629.3930269245527,634.726148205682,619.2592060123394,622.9066162109375,939100
2012-10-08,618.628313333334,623.9318324331979,613.3051194808362,621.9898681640625,486800
2012-10-09,620.8068947012355,625.0457508172337,608.3859891394894,609.1056518554688,688000
2012-10-10,610.505528041732,610.505528041732,591.1841970574607,593.8457641601562,1320800
2012-10-11,601.4362725725936,602.0080437694589,582.2627741474732,589.636474609375,1249300
2012-10-12,581.3656591467324,587.576081454279,580.5277674692805,584.7173461914062,801300
2012-10-15,585.5552462488495,593.2443435095394,576.9296428739716,592.4754638671875,624900
2012-10-16,596.4382707317765,600.2237048525212,587.2902335384141,589.2716674804688,722200
2012-10-17,589.1828881382409,598.0253946149787,585.1806108046844,589.7349243164062,701100
2012-10-18,589.7251045826621,590.5827312115847,562.566787609432,574.1004638671875,1455600
2012-10-19,570.3742723463105,570.3841398074678,547.5730966444955,552.5316162109375,2024200
2012-10-22,551.151410791825,566.3817745845118,550.0079286544504,559.1362915039062,851000
2012-10-23,547.1098172710064,566.8254863618533,546.094431432453,560.9501953125,780000
2012-10-24,565.1495307090443,566.3028802759227,552.4329627603538,555.6564331054688,670200
2012-10-25,560.5360738799121,562.5963873721005,548.5391084227991,549.9389038085938,1015600
2012-10-26,573.7258526630807,581.0600824646464,564.4594660273216,571.2219848632812,1953800
2012-10-31,571.0150499997446,571.093929520777,560.9600470124404,565.6129760742188,774900
2012-11-01,566.726793237855,578.4970472081291,560.5360457796597,577.7675170898438,1275400
2012-11-02,640.818271400514,648.2510556112434,625.0260041292261,625.716064453125,2513000
2012-11-05,625.7751872833857,626.928536824659,618.4212828370086,625.7653198242188,807600
2012-11-06,626.9581336133247,636.6976767287628,624.9865671554211,635.7316284179688,756500
2012-11-07,630.2111549641917,633.8585646480627,619.1999740395026,625.5878295898438,785000
2012-11-08,623.3599538304219,631.5420021486749,618.1944597263931,618.9436645507812,676400
2012-11-09,609.7069501106565,623.5966628043107,607.2819016156631,616.97216796875,1250800
2012-11-12,620.1562242582279,626.7117069984854,617.1003202218668,624.4246826171875,578700
2012-11-13,620.4126148473734,631.8181357970602,619.466301307829,621.34912109375,555300
2012-11-14,625.0162677256635,626.1794848984815,607.0158535102648,607.6369018554688,730400
2012-11-15,606.2467844165312,613.6500256784121,602.8556878920288,608.7408447265625,649200
2012-11-16,608.169182555212,614.823220169895,602.6093500192023,606.0399169921875,883300
2012-11-19,615.6610482962583,620.0576632444045,611.9643611147535,616.607421875,510000
2012-11-20,618.5987781727866,629.9155516148849,615.8089944854181,626.544189453125,576900
2012-11-21,627.1848945067562,634.3416909463342,625.8245087289469,630.4873046875,364900
2012-11-23,632.9024679999594,633.9473958698328,627.7271057810945,632.7841186523438,196700
2012-11-26,631.7588514194798,634.3514659538666,627.5101283898737,630.891357421875,287400
2012-11-27,629.7774368294628,635.7512805779389,624.8386534011196,627.6974487304688,444600
2012-11-28,626.8793124481098,650.5085699321854,623.7839985483879,648.6947021484375,817200
2012-11-29,651.8492330586962,662.8801510312567,650.6170038846723,656.275390625,1087600
2012-11-30,653.8108738087537,656.8273681503116,647.3244031698723,653.7615966796875,645600
2012-12-03,660.474826653481,669.5735874745448,656.413404174619,658.3060913085938,879000
2012-12-04,656.0387177091142,659.4692239816484,650.1338859849226,654.3727416992188,470200
2012-12-05,654.9346957571496,658.108889015976,644.8304172084673,654.7868041992188,449800
2012-12-06,654.5600960182037,660.829663220603,648.6552638149499,654.6981201171875,447400
2012-12-07,657.5173865469287,663.3828085503613,647.3145546157591,649.7296752929688,542600
2012-12-10,636.707566301198,640.7492536132979,614.2415272259666,617.0609130859375,1221800
2012-12-11,622.0390921965222,625.3809118219037,612.2601392979294,614.3598022460938,845800
2012-12-12,617.5932443860512,622.9953176771405,614.5570149410694,615.848388671875,690100
2012-12-13,616.6172922881087,619.3873408226885,598.912603401733,604.364013671875,749400
2012-12-14,601.6432506089532,609.1450468290603,600.7658890613232,604.8174438476562,393400
2012-12-17,604.3147237382252,609.1154832658216,597.8282532232286,608.10009765625,538800
2012-12-18,611.4813603498452,625.6963384888852,609.7266973876099,623.7445068359375,664900
2012-12-19,623.7444189082743,629.5605635434994,617.1002501231933,618.312744140625,597100
2012-12-20,620.0378982791553,624.8386576528326,614.0049099046896,621.8616333007812,309200
2012-12-21,613.7782915636342,616.7455090716996,603.4176989361129,610.0816040039062,936900
2012-12-24,605.6258014741774,610.2097177932546,603.5458131935155,608.5634765625,178000
2012-12-26,606.4144210080461,608.681770704529,591.8544427572876,593.8062744140625,489100
2012-12-27,595.8369387600504,603.6345176496217,588.6604682739811,601.3573608398438,410900
2012-12-28,597.976079218047,605.5074774846364,595.5116211596683,600.2236938476562,362900
2012-12-31,598.5183678419093,614.1430094240034,592.9486680072841,611.5701293945312,584600
2013-01-02,628.7621929661906,632.8038805184383,618.7466007233252,629.3240966796875,681000
2013-01-03,643.3123101414668,649.6311542271219,636.687815491114,639.5071411132812,925600
2013-01-04,639.0340125743289,640.6309766778186,632.8728670616571,639.1917114257812,404500
2013-01-07,638.7875884103581,650.6071207357904,635.2091901618865,648.0342407226562,557200
2013-01-08,648.3692702774134,653.5544993191049,644.997908721448,648.0735473632812,455600
2013-01-09,646.5948748220213,648.8720315197197,640.9364890984937,642.3264770507812,306900
2013-01-10,645.9246007546593,648.4778058207361,636.3723587493473,644.32763671875,385600
2013-01-11,644.1897083438926,648.0342876193386,641.1042015298542,646.171142578125,368200
2013-01-14,648.4186141099301,658.3750000465296,647.905987608644,653.495361328125,523700
2013-01-15,649.0199369482973,656.3245638619112,644.2487198680891,653.9192504882812,397900
2013-01-16,651.7012902945014,661.4605686530783,648.891832065408,658.3455200195312,396500
2013-01-17,661.194357215492,665.6993937327134,651.9378985444813,660.3663330078125,547300
2013-01-18,660.4451630067607,667.4541275129369,659.0453676643207,663.1560668945312,598600
2013-01-22,661.9534565008026,669.2285417445414,659.0059741917213,661.7267456054688,552300
2013-01-23,665.3149874255208,666.3796502474389,658.6116729495265,662.7026977539062,365300
2013-01-24,662.2886872524746,672.0281710275311,661.3324461521245,669.8890380859375,630600
2013-01-25,672.304220198661,709.1429378322218,671.3677140168027,708.6007690429688,1573100
2013-01-28,708.433221104791,711.6961615523272,690.4426751562205,694.95751953125,925600
2013-01-29,693.1632994609074,700.4778542417731,684.1532865968795,690.3341064453125,528800
2013-01-30,691.9212500122474,695.4010334104471,684.1335386893015,685.2080688476562,429000
2013-01-31,666.3501650096938,677.5683848525531,664.1419596653507,675.7249145507812,1053800
2013-02-01,683.2661179949736,688.1063477052859,674.9461045129895,675.8135986328125,915100
2013-02-04,672.1662218993687,676.2572468768093,669.0807151944666,669.6327514648438,507200
2013-02-05,674.1672903519711,687.8598335064434,673.3096637772138,681.7380981445312,548600
2013-02-06,683.9069125596213,694.1590229780084,680.1904901929577,684.232177734375,652200
2013-02-07,684.2321610665474,687.5444386653583,669.9876405862063,680.8706665039062,444400
2013-02-08,683.6899849218528,692.05927538035,681.6395388432394,690.8665161132812,468400
2013-02-11,689.7328154255638,690.0482732848718,682.3197061504101,686.2135620117188,301600
2013-02-12,686.8937781873857,695.7362855052811,685.4841153156069,693.3802490234375,487100
2013-02-13,693.0055860556546,697.934502030446,688.9638990232983,694.158935546875,334000
2013-02-14,689.9990046705515,697.9246804183782,687.741522498647,695.58837890625,345700
2013-02-15,694.1886060746986,696.1897148698573,688.5696292783101,692.2761840820312,669800
2013-02-19,693.1634037045055,697.5107420331864,690.5609813509967,693.468994140625,476700
2013-02-20,695.1842601598024,697.5106942992729,677.8640404208338,678.4160766601562,573400
2013-02-21,678.7118395409515,680.7425508444271,665.5121859846387,673.6153564453125,1109600
2013-02-22,678.711784723383,680.0919053751254,671.2395306532571,674.9658203125,543100
2013-02-25,677.173944931272,682.9407528492878,661.9928588867188,661.9928588867188,713300
2013-02-26,662.1013315654577,670.8254890980697,655.5951261364931,668.8440551757812,1314600
2013-02-27,698.9696252444872,702.370589606596,682.1620322915992,686.0164184570312,2010300
2013-02-28,686.4008946323478,687.8006900610154,671.0128318744088,679.3131103515625,1088200
2013-03-01,679.2539871634965,688.83583235695,673.9603355286109,685.7305908203125,1009200
2013-03-04,684.6757071582965,704.5491300953182,682.6252612625079,703.8590698242188,890600
2013-03-05,705.8208219938288,712.7705820204764,705.1307616706828,708.196533203125,708000
2013-03-06,710.8187593428236,718.340290608153,706.8362165383805,708.6796264648438,492100
2013-03-07,711.8833780981981,713.4507397279967,706.3432812018989,708.8077392578125,462700
2013-03-08,711.7946447375011,714.00278957101,705.8405356209016,710.6708374023438,470800
2013-03-11,710.7595633858678,715.5997324836279,709.556876580036,714.7618408203125,459700
2013-03-12,712.7212759056434,717.0390112701677,704.4012630305593,711.77490234375,523600
2013-03-13,712.7212545435376,713.4408570269121,704.3716997088512,705.3574829101562,376200
2013-03-14,705.2293648633453,707.5952085754524,698.7823038669385,703.0113525390625,383400
2013-03-15,701.4931785274028,706.254528298264,700.9510097931483,703.3563232421875,697900
2013-03-18,696.3869174378704,697.5600020188003,685.0208668183012,686.9036865234375,597400
2013-03-19,687.6134299225924,692.7000450978503,670.0467649149176,674.4236450195312,940600
2013-03-20,679.8749913840297,681.393075943812,675.7840269564095,677.8048706054688,379200
2013-03-21,678.6525551627246,689.5454469523086,673.7926514463695,674.2658081054688,537100
2013-03-22,679.5595411420736,687.9978435337168,676.2473237922553,687.9879760742188,557500
2013-03-25,690.0679793980538,693.4984857027492,683.4434849639778,685.750244140625,370500
2013-03-26,687.9584151735978,690.048270837597,683.3843664810045,684.7152099609375,278800
2013-03-27,677.824527339639,685.6418413292355,672.7970569153766,684.9813232421875,407200
2013-03-28,684.4292490371854,684.9221406266068,676.2571281448521,678.3765258789062,539700
2013-04-01,679.2835057039473,687.9977955161594,677.0457585817537,685.8685302734375,578700
2013-04-02,691.5171222092735,695.9630145494033,688.5893746686639,695.874267578125,512300
2013-04-03,696.1994855298473,697.2148710595268,687.1992805142836,688.786376953125,505800
2013-04-04,688.0767393867052,692.1480292053539,679.2046897384525,691.3790893554688,469900
2013-04-05,683.3647442306695,687.840239403718,677.6472125059806,683.4534912109375,481200
2013-04-08,681.9254192343341,686.9036125300339,678.3174189059529,686.6276245117188,292900
2013-04-09,686.1051807592091,690.7482417892797,680.8312641407508,686.2333374023438,321300
2013-04-10,689.1118700496529,709.4781886784584,687.3276045118968,708.7191162109375,652100
2013-04-11,710.6609916748056,724.8365599302044,708.502123903853,723.5550537109375,725000
2013-04-12,722.3524445762505,734.6451333887087,712.1791537483002,732.54541015625,972700
2013-04-15,723.0227855432795,725.1717859532248,700.8229260014169,701.2665405273438,814400
2013-04-16,709.3892558228094,713.0267980029253,703.3365329249598,710.4539184570312,493600
2013-04-17,704.8251451590756,705.8405307709078,692.4141679313515,698.72314453125,606500
2013-04-18,697.0177774046563,697.3036328899996,673.8222683986381,680.2003173828125,800400
2013-04-19,677.1641463116682,687.9782208989911,672.6098320688034,673.8519287109375,831800
2013-04-22,675.2714200727803,681.7578909579024,668.0850213925555,681.048095703125,520200
2013-04-23,682.9013726675462,697.3529291939551,682.615517174343,692.3648681640625,468000
2013-04-24,692.9858531785885,694.5138652692178,683.8574911396087,690.8368530273438,280900
2013-04-25,694.9772214473851,710.2568624862993,693.4985465081353,701.1087646484375,561000
2013-04-26,695.8939775915817,700.6060505094614,684.0547108747288,691.2213745117188,740000
2013-04-29,694.4745116041818,698.9696813316708,687.150148438966,689.4864501953125,572900
2013-04-30,688.6189398567874,692.7395069962986,683.630878565017,686.0953369140625,484200
2013-05-01,686.6572072526617,690.0483041827716,681.2748088197587,684.1927490234375,454300
2013-05-02,683.8870601117177,702.4690484167908,683.8870601117177,697.8851928710938,617900
2013-05-03,707.2304501608188,718.1824873235814,706.6586790448368,714.4661254882812,662900
2013-05-06,713.2142150321125,720.5583126246729,712.4256004283841,716.3786010742188,405900
2013-05-07,720.5681391097484,720.5976813198965,707.6938123959875,714.7421264648438,314700
2013-05-08,715.8955679603798,725.5365581707931,715.7871462301871,724.8169555664062,461800
2013-05-09,724.5507394564354,734.3888377263587,718.3599913328179,727.0151977539062,1053800
2013-05-10,731.4511020593555,758.727705150457,731.4511020593555,754.5282592773438,2110500
2013-05-13,750.1811098767057,768.1716555472049,747.5884949201098,766.3873901367188,786200
2013-05-14,765.0072148869392,782.7119037916723,765.0072148869392,779.892578125,1015500
2013-05-15,778.8180516419936,797.0156322611329,778.71949738308,794.2948608398438,927600
2013-05-16,794.5413255555875,799.9433986891598,786.1621676558077,788.7055053710938,898400
2013-05-17,793.5850923793312,802.9993100719606,790.7755741092977,802.0923461914062,784100
2013-05-20,813.9611932829067,830.7687846650709,812.4726510369018,830.5223388671875,1331200
2013-05-21,830.9167617218508,835.2837744896705,813.3303613013721,814.2175903320312,1115800
2013-05-22,792.0274982353178,809.0519326300792,784.0032088089091,786.6845703125,1857200
2013-05-23,777.7830033034634,794.1963188850166,773.1695448005389,792.1754150390625,906700
2013-05-24,786.3099521766507,792.7470848469077,784.2397714651106,789.7305908203125,437900
2013-05-28,800.2588527701502,808.3324202208754,789.9179958142962,792.8950805664062,653300
2013-05-29,784.8017109533927,790.2826631008622,778.2265539016595,781.0064697265625,548600
2013-05-30,783.6977469505663,804.79353426879,781.0065777146185,796.0594482421875,1258800
2013-05-31,794.3146001017975,808.3225417798692,791.4558045684497,792.500732421875,826200
2013-06-03,793.7034723267111,794.403339983947,777.0535774405132,791.2094116210938,626800
2013-06-04,789.3759059572765,799.4703181028322,782.7612778426569,787.3353271484375,533300
2013-06-05,786.6056714579275,797.4985631610672,783.6975991508632,784.1904907226562,539000
2013-06-06,783.5498561234168,794.5709667049445,775.8114810465358,794.4428100585938,582700
2013-06-07,798.6619535659505,807.5931483805142,793.664024722039,804.8428344726562,693100
2013-06-10,807.563453044923,813.2711159438176,803.4724288189609,811.7431640625,524700
2013-06-11,803.728908475455,809.9886088393415,797.8240756863604,801.8558959960938,551200
2013-06-12,809.8011997693237,809.8998141941529,791.2586193622936,796.414306640625,580700
2013-06-13,793.9793818837821,804.2906961579745,792.0669600056701,803.2359008789062,460500
2013-06-14,801.0474685646623,805.8679632398565,798.9477453666927,804.1527099609375,572400
2013-06-17,810.3139981399781,819.2747961989254,806.9623103337342,813.8036499023438,822500
2013-06-18,817.2932127613094,827.5157804881189,814.7696099893258,822.9515991210938,634300
2013-06-19,822.1432830424658,827.7326575802961,815.7554264278025,816.770751953125,591300
2013-06-20,810.8067486315184,818.5747256992798,800.8996386908456,804.0935668945312,873300
2013-06-21,809.0717031328505,812.1473419383975,793.7723284414604,801.4910278320312,1026100
2013-06-24,793.8020080544176,800.4560453774443,779.9024874910702,793.5654296875,869100
2013-06-25,802.1121015616135,805.9270778968094,793.5851126141907,798.060546875,476300
2013-06-26,804.2019536983217,812.147364191598,802.8711703937117,807.9085083007812,583600
2013-06-27,813.764013430866,816.2876159598237,808.2436517010934,810.6982421875,533400
2013-06-28,808.0760812970567,818.2000944909028,808.0760812970567,814.9174194335938,509400
2013-07-01,820.1716583953561,832.9769730985613,819.2942968686672,828.7775268554688,529200
2013-07-02,831.1237490180683,842.4503895818053,826.2835794573209,829.1029052734375,453200
2013-07-03,824.5879952325587,835.2837801341577,824.213392765299,833.3812255859375,193800
2013-07-05,838.3987894253227,843.9487539544853,828.057932725575,843.0023803710938,462300
2013-07-08,862.2250985438964,876.7555933060177,859.8001104035055,875.9965209960938,1161700
2013-07-09,878.8258706232402,887.5993666459622,867.5879161859832,884.3068237304688,908400
2013-07-10,881.7141435815856,884.2476138648136,873.8870218280803,879.6341552734375,522100
2013-07-11,888.0428952110693,899.8821627171175,882.8675326909942,897.4078369140625,816700
2013-07-12,895.7911126496681,907.8274875428034,894.578558346594,907.3050537109376,663400
2013-07-15,909.3850749335344,913.2296537888456,897.7528442741047,898.6991577148438,581200
2013-07-16,901.9917360812876,903.095808584189,879.4567438692128,889.225830078125,675700
2013-07-17,891.9071584342419,899.8229668938737,887.2246878493329,893.7899780273438,538900
2013-07-18,890.5566324797577,891.1480783763075,880.3143298378808,886.8106079101562,502100
2013-07-19,887.7175726173774,887.7175726173774,876.361330054209,883.5476684570312,718500
2013-07-22,888.2892814005415,895.0912100371818,885.5488351943227,887.6781005859375,469000
2013-07-23,890.3594975908942,894.0561850032506,878.1357604803937,883.0548095703125,367600
2013-07-24,888.5555422214003,892.7648564213837,879.4173112223509,881.31005859375,445600
2013-07-25,889.8566623340655,906.3192542352664,887.806216377912,899.0343017578125,957600
2013-07-26,873.0687755473076,894.3518626036326,871.4324018094366,887.2838134765625,1020500
2013-07-29,887.786563628276,891.8282508864711,874.0644174671495,875.4839477539062,444800
2013-07-30,881.9999508034844,885.9529512190483,868.4750336434574,874.251708984375,491100
2013-07-31,877.5146827096864,877.5146827096864,862.7476684760024,863.2208251953125,654300
2013-08-01,873.1476902598932,893.6421635680606,870.7227018497624,891.4931030273438,1007800
2013-08-02,894.3420944318497,900.8285658494158,886.4558274766127,895.4461669921875,673800
2013-08-05,901.8930938181966,917.5078663599346,897.3190452282197,915.3786010742188,704500
2013-08-06,922.3580192998874,926.6363454963848,910.2328961742206,922.08203125,934000
2013-08-07,918.5429924550316,919.4597636969607,899.753965306746,914.3928833007812,869600
2013-08-08,922.7423258826316,923.6788319292796,902.9083732804262,920.4750366210938,1329400
2013-08-09,977.926636099395,980.8346487008016,955.6676323357804,956.1013793945312,2619700
2013-08-12,952.5820743650062,955.8745567158904,943.2960130260848,944.4000854492188,714100
2013-08-13,946.7758447157756,949.6740500156476,935.49848139142,940.0527954101562,670500
2013-08-14,936.7207735956983,945.3365093458206,925.6307123267904,926.63623046875,835700
2013-08-15,921.9340953081868,929.9977954724972,915.595515916823,925.4434814453124,823200
2013-08-16,926.833478909156,935.5083599925646,923.6888277475836,926.705322265625,820700
2013-08-19,920.7216403650295,933.5368237962346,918.6515194161956,919.864013671875,467000
2013-08-20,920.1990944040084,928.755746267342,919.3612026785188,919.5090942382812,342300
2013-08-21,923.1762182902432,937.4799439920328,918.7500607787324,926.83349609375,537200
2013-08-22,931.851127904472,940.8612022278912,930.096464816032,938.6136474609376,369200
2013-08-23,942.9016876822618,943.2664226748706,937.5784340141544,940.6639404296876,378600
2013-08-26,938.7713496113277,947.5743878003146,935.2323608735328,936.0407104492188,342000
2013-08-27,926.2912986097168,930.8456126260857,918.858454047055,922.298828125,484600
2013-08-28,922.466418249181,925.7786355546448,917.5867790904084,921.3228759765624,306700
2013-08-29,919.725965720367,933.428377870093,919.725965720367,927.277099609375,331500
2013-08-30,928.607833866905,932.8171476540424,921.7763630735178,925.1871948242188,383100
2013-09-03,935.9026284722536,940.092207225911,927.4643263774666,929.426025390625,441600
2013-09-04,931.5651436939108,939.076807023318,923.8859140638422,938.9092407226562,444000
2013-09-05,937.39116619905,949.2699030329886,937.0067564414064,944.1832275390624,317800
2013-09-06,948.7374471896904,951.2807846837048,933.053663006036,945.5139770507812,592100
2013-09-09,947.8305647683044,954.6719027126948,945.573142857785,951.931396484375,391700
2013-09-10,956.9491123209218,965.9985955475008,954.7902445462277,963.6031494140624,407500
2013-09-11,963.524311383668,971.7556381685094,957.0379004882705,967.60546875,348700
2013-09-12,965.3085431629388,968.167338745296,954.3170956783962,956.0027465820312,310900
2013-09-13,957.885639498588,957.885639498588,946.5195292302664,953.0750122070312,552700
2013-09-16,965.9690923723128,966.0577791767078,952.1582585318704,953.98193359375,451300
2013-09-17,952.2370362818824,959.5811336756384,948.422059841017,956.4463500976562,279100
2013-09-18,953.5087495746112,986.769067973212,953.2721712130758,980.943115234375,671200
2013-09-19,983.2991570896016,989.0462908692364,974.9693359127912,986.39453125,539700
2013-09-20,986.5718855920436,992.8316454634108,983.8905839752694,988.75048828125,609800
2013-09-23,985.7832836810868,994.162441592376,972.041462299875,982.58935546875,445000
2013-09-24,983.5454703133104,999.2194475380652,975.1959153417024,991.6880493164062,531200
2013-09-25,993.0780694218008,994.4285876599606,982.0175500774774,983.141357421875,335900
2013-09-26,988.1885946093582,999.8010903724362,985.27065443733,997.2282104492188,378800
2013-09-27,993.3639344366582,1005.4496468159682,990.8107293227724,1000.5404052734376,447300
2013-09-30,994.5863352040648,1003.0246378246248,988.8392017323096,996.57763671875,467900
2013-10-01,993.689331609762,1024.5345305141625,993.689331609762,1023.50927734375,598600
2013-10-02,1020.9166902136926,1057.7455419885025,1020.28577442507,1052.2054443359375,1154700
2013-10-03,1050.4705210273844,1059.608752565406,1028.47775554696,1034.3924560546875,726900
2013-10-04,1037.0341313834526,1048.8733980692764,1029.8182508027255,1047.0694580078125,557400
2013-10-07,1046.3992795264844,1046.3992795264844,1025.234537435752,1026.8709716796875,437400
2013-10-08,1026.9791488148728,1029.7787394919276,969.0249142653358,983.9398193359376,1369200
2013-10-09,987.587251869161,987.587251869161,958.5756579925544,974.96923828125,1054300
2013-10-10,992.1021270645132,1002.0388394009724,987.7548492614956,998.7857666015624,758500
2013-10-11,998.7856875582256,1013.7301344675312,991.1754099310176,996.2620849609376,830800
2013-10-14,992.2500304023304,1004.9962011788012,979.6221488077924,1003.1626586914062,431800
2013-10-15,1001.7037645682302,1017.2101172460422,998.5985229816172,1006.987548828125,474800
2013-10-16,1014.3710406447464,1024.2288738871637,1011.334871326638,1020.4828491210938,398100
2013-10-17,1016.8452195773136,1027.1860755285427,1011.305122908491,1017.4761352539062,477100
2013-10-18,1035.0722884494992,1041.0067221568531,1030.16310770643,1033.34716796875,925700
2013-10-21,1038.3157285611394,1074.2573491026442,1036.0582463013343,1071.6351318359375,700600
2013-10-22,1078.8015890078334,1083.0798540082562,1042.0614332721966,1060.337890625,847800
2013-10-23,1058.218426278055,1062.7333899046257,1041.0165592626429,1050.815185546875,484300
2013-10-24,1058.7312461238666,1067.386452230463,1050.8449798585118,1065.040283203125,483300
2013-10-25,1070.767469126729,1073.182710027713,1052.027721953683,1055.6258544921875,575500
2013-10-28,1057.213054099203,1059.7169820336776,1041.9728837298578,1045.078125,371500
2013-10-29,1050.2831215286883,1059.7170144682857,1040.099903342782,1054.31494140625,314500
2013-10-30,1059.64806674447,1062.674368445668,1043.4121247813398,1053.3587646484375,362500
2013-10-31,1066.6174573655085,1066.6174573655085,1029.1576945375143,1038.847900390625,668000
2013-11-01,1040.987106591449,1041.8447332010985,1029.1182378159567,1037.536865234375,534100
2013-11-04,1042.0416599606822,1055.8524904392975,1032.1936966888436,1055.3497314453125,533800
2013-11-05,1055.3499713442222,1069.9593471936007,1044.9302948420575,1066.84423828125,517000
2013-11-06,1063.689750144859,1069.5748473832714,1036.37361391992,1042.9981689453125,686800
2013-11-07,1041.5983520509342,1047.493316967679,1006.1791650837736,1008.347900390625,1328900
2013-11-08,1040.9476117757133,1061.826553348562,1026.870718831144,1057.9425048828125,1923900
2013-11-11,1053.2601075482814,1093.726559716819,1051.9391916340962,1080.911376953125,896800
2013-11-12,1087.3387306989391,1090.9171289435928,1077.017608277581,1083.85888671875,639200
2013-11-13,1081.7788743393144,1109.8835656353383,1079.5115246326095,1108.217529296875,882000
2013-11-14,1116.8924670644956,1127.0066132421075,1112.880382023356,1121.269287109375,589300
2013-11-15,1127.2332529165556,1128.4852168687587,1115.019384290579,1123.32958984375,706500
2013-11-18,1123.299990270566,1128.7217980340483,1105.0235306843244,1111.89453125,614900
2013-11-19,1109.0259209483554,1117.6515246174718,1094.2194368821897,1102.519775390625,539600
2013-11-20,1131.9748618849,1147.4318745980622,1123.2505845652872,1130.781982421875,975200
2013-11-21,1141.1821530670966,1146.9489610990197,1134.7054896300378,1142.6312255859375,493500
2013-11-22,1143.5085901799853,1146.712385799024,1136.4404808321983,1142.512939453125,369900
2013-11-25,1147.6785530334037,1149.0093365152682,1139.950045110197,1142.6905517578125,361000
2013-11-26,1146.416559327267,1165.7872238659825,1139.171076652901,1161.23291015625,575400
2013-11-27,1165.5901915654788,1176.5027596890138,1162.2483717567047,1170.31201171875,437800
2013-11-29,1177.2223161252375,1181.707678073772,1173.2299661395496,1175.37890625,327500
2013-12-02,1179.0953221936586,1179.5783463597525,1162.504633403547,1171.6033935546875,435500
2013-12-03,1164.3679136289056,1166.0831670579985,1154.470610132623,1159.75439453125,483200
2013-12-04,1154.9338327048088,1168.1433531056043,1149.9556991978395,1164.87060546875,462700
2013-12-05,1163.9044545343816,1164.1509003652718,1153.307283806102,1157.694091796875,383700
2013-12-06,1172.0963648094585,1172.0963648094585,1156.0872533559243,1163.61865234375,417000
2013-12-09,1166.2408313062765,1170.1247596897474,1157.9995771462077,1161.923095703125,482400
2013-12-10,1161.2526597254744,1175.3099383910458,1158.9064907948075,1172.0174560546875,438700
2013-12-11,1175.635329684849,1181.461342967215,1158.3939885494397,1161.3612060546875,581900
2013-12-12,1157.861595150352,1166.6448369881186,1154.3718840488964,1158.5318603515625,404900
2013-12-13,1165.2255691749249,1165.2453040963037,1152.5582766824366,1154.6185302734375,485300
2013-12-16,1153.957897191774,1161.9033682835795,1151.3948847003408,1157.5560302734375,430700
2013-12-17,1157.3980512681867,1158.2951475868847,1139.7722445493855,1144.3956298828125,593200
2013-12-18,1144.918365797081,1171.721756308198,1128.7218930223487,1171.1007080078125,878400
2013-12-19,1171.01201302423,1177.0252671226217,1166.8913858586498,1174.6297607421875,602700
2013-12-20,1177.7645793030158,1179.6769411144446,1171.9977711549477,1174.0185546875,775800
2013-12-23,1177.4884195100838,1177.4884195100838,1163.2636354486172,1170.37109375,512500
2013-12-24,1168.7247914851823,1171.50476746947,1163.027056099501,1163.1256103515625,254600
2013-12-26,1166.378599876659,1172.93408203125,1161.331394854173,1172.93408203125,308100
2013-12-27,1174.7677856309074,1174.7973880104714,1152.0455526179956,1153.672119140625,516200
2013-12-30,1155.6830609218669,1155.6830609218669,1134.6366109286118,1136.499755859375,645700
2013-12-31,1139.4962799792063,1145.874267578125,1137.6035331594,1145.874267578125,444000
2014-01-02,1143.4789772009804,1144.780278489408,1123.79291441394,1129.155517578125,653300
2014-01-03,1130.6932659691354,1136.302314296778,1115.3544224904622,1116.576904296875,622900
2014-01-06,1116.1826614460908,1128.1696988485091,1097.186599403148,1123.32958984375,656600
2014-01-07,1130.515933731314,1149.3148883600509,1125.764511245904,1146.534912109375,669400
2014-01-08,1147.4419135538085,1151.4934685465842,1140.0682735960634,1141.044189453125,508700
2014-01-09,1141.4877767566309,1146.298404295935,1127.9825930576017,1137.288330078125,474800
2014-01-10,1139.9697716586834,1139.9697716586834,1126.198286633233,1132.50732421875,489700
2014-01-13,1126.3263038708783,1146.9390651183746,1117.5233269229268,1123.516845703125,612800
2014-01-14,1122.6297218079037,1144.3958948045556,1116.9221181402556,1142.7298583984375,624000
2014-01-15,1143.6070656926868,1157.6446088270195,1143.6070656926868,1156.1856689453125,576400
2014-01-16,1153.8789838780733,1173.0721541239395,1153.8789838780733,1167.80810546875,786400
2014-01-17,1168.3602258127123,1169.9867923794377,1150.8330896032564,1161.292236328125,610100
2014-01-21,1164.702944800267,1189.820683509879,1159.774028402467,1188.8052978515625,754700
2014-01-22,1190.8165592627608,1196.9283686169565,1187.3465822094513,1196.041259765625,632200
2014-01-23,1189.8404077519688,1197.6970715391913,1179.1446833316948,1191.6739501953125,531700
2014-01-24,1178.0109739439956,1186.054998890799,1155.968875097663,1163.1552734375,867000
2014-01-27,1164.2790789903272,1170.1149596965354,1122.038286845284,1126.9869384765625,1203000
2014-01-28,1137.9881413094076,1152.0256843416037,1133.8182976593685,1146.0025634765625,632500
2014-01-29,1133.6507731259492,1141.2412562555387,1116.8628549705056,1117.6712646484375,684900
2014-01-30,1128.8795555064646,1146.2293162589956,1125.5377359220693,1143.508544921875,791600
2014-01-31,1127.1839454020935,1144.5338269282154,1122.9747519917578,1128.6134033203125,810700
2014-02-03,1127.5682949888255,1134.7250902709352,1091.5083907512956,1097.65966796875,736600
2014-02-04,1102.0465907375233,1112.7817859585616,1091.45928708733,1110.1103515625,553000
2014-02-05,1107.2712010588286,1117.7994194295218,1088.2061861301618,1108.0302734375,532300
2014-02-06,1112.3774801077086,1129.224480669538,1109.9819740742923,1122.1563720703125,452200
2014-02-07,1142.8874558700682,1179.548795398765,1141.0736484883682,1178.3953857421875,1393400
2014-02-10,1174.0577519915562,1194.7690636205448,1170.163957055114,1190.6484375,584300
2014-02-11,1189.8405870975105,1198.6633005663073,1183.994838473698,1196.672119140625,544200
2014-02-12,1205.5538541675592,1231.834872449294,1196.672056730957,1228.9169921875,1145800
2014-02-13,1223.830255490012,1264.3656607496396,1221.6023755625156,1257.928466796875,1222300
2014-02-14,1257.9381364376638,1266.435582496876,1251.106726499528,1261.78271484375,906600
2014-02-18,1265.3514402393876,1295.1417831659182,1257.869378565371,1283.135009765625,1111300
2014-02-19,1283.4897536494304,1290.3902361959329,1253.1177148518757,1255.6512451171875,1065600
2014-02-20,1265.8443473593993,1267.7173597494884,1236.201895635154,1264.760009765625,1719100
2014-02-21,1309.0019110828068,1314.167405860671,1264.759952513522,1296.94580078125,2073200
2014-02-24,1298.2765113131568,1305.1769939093545,1285.5894859818284,1294.993896484375,825500
2014-02-25,1298.1680399646568,1337.865548293154,1296.4527868402572,1334.2476806640625,1215200
2014-02-26,1339.206296208743,1355.8561899424033,1322.9211374685904,1337.648681640625,1097000
2014-02-27,1337.835921678029,1343.7111508788407,1330.8072828448687,1338.486572265625,629800
2014-02-28,1337.560197249498,1347.6152602433915,1320.3780597820069,1329.6640625,926400
2014-03-03,1312.0183335717436,1322.9507567268022,1302.2197055841805,1319.214599609375,701400
2014-03-04,1330.0285186932767,1349.5372068153904,1327.8598437775554,1348.8668212890625,670900
2014-03-05,1346.5502245934704,1351.7354537589551,1337.2148867378198,1350.9468994140625,476900
2014-03-06,1351.262507733401,1359.3557504142689,1341.7496744746488,1345.0028076171875,484500
2014-03-07,1353.0370025865298,1354.35791859876,1334.800010376867,1338.7332763671875,562500
2014-03-10,1337.6389027673404,1339.5216621117734,1313.8519484089015,1324.340576171875,630400
2014-03-11,1328.5303812468974,1328.5303812468974,1304.8026276015496,1307.444580078125,628100
2014-03-12,1304.161768292622,1319.9441693362548,1296.797995556266,1313.6351318359375,633900
2014-03-13,1318.9681528774788,1319.1160444355226,1276.2246045659351,1281.2520751953125,967200
2014-03-14,1276.5695387841888,1278.5312377710425,1249.036680755109,1249.9041748046875,865000
2014-03-17,1255.059772830493,1290.1832330661769,1248.987314623644,1269.6492919921875,900600
2014-03-18,1276.7667591546192,1286.83156728683,1272.3503492638938,1285.88525390625,566700
2014-03-19,1289.09889724708,1296.009247760934,1259.4071092618487,1268.9298095703125,708400
2014-03-20,1267.3920446695347,1281.51827588236,1254.083970266141,1274.0164794921875,636200
2014-03-21,1298.2667602845568,1298.2667602845568,1249.6183776854791,1250.80126953125,1170000
2014-03-24,1256.8736658361502,1257.8495816440095,1194.6707657350769,1210.472900390625,1436700
2014-03-25,1214.5637244934658,1227.1029782804358,1186.1732404699148,1206.3028564453125,1418700
2014-03-26,1212.0895152118728,1222.3712879441025,1171.672400045979,1171.86962890625,1065800
2014-03-27,1171.8695868598304,1175.024045162232,1139.9696549624236,1165.4422607421875,1630100
2014-03-28,1172.2737533446605,1197.3618883916552,1165.806957600939,1175.0634765625,1164800
2014-03-31,1188.3222159360434,1197.30268673633,1173.3383589486784,1174.9451904296875,776700
2014-04-01,1186.1043518519198,1234.043001210459,1184.0342308737636,1233.5797119140625,1210600
2014-04-02,1238.3309797915972,1258.5888733324496,1231.7460151928392,1248.6522216796875,1018000
2014-04-03,1247.0157982636215,1247.8240875728611,1206.6085528937106,1219.857421875,1061200
2014-04-04,1230.2574250859848,1232.21912401362,1161.2032642699298,1161.3314208984375,2047200
2014-04-07,1150.901942336535,1172.94404132731,1121.8213365130423,1153.1002197265625,1752800
2014-04-08,1158.4531027802504,1179.9727082719078,1151.4047283235689,1170.6571044921875,1303100
2014-04-09,1180.3374739880858,1217.531058528184,1168.4982069650043,1217.07763671875,1487500
2014-04-10,1214.2088673813344,1217.2943736441648,1157.388308677418,1160.5626220703125,1558400
2014-04-11,1143.5183631075683,1160.3554966022623,1131.1467359905257,1139.7723388671875,1610700
2014-04-14,1151.6610769275455,1171.0809598336605,1136.3518333744742,1150.6160888671875,976500
2014-04-15,1155.3084051247513,1165.5704427930148,1125.1039908979535,1153.1199951171875,1028800
2014-04-16,1160.7598976391716,1196.0509897947654,1157.4871498560212,1195.015869140625,1412500
2014-04-17,1188.598282978893,1207.2098755014083,1185.8972465080662,1191.1810302734375,1059700
2014-04-21,1195.360834376094,1206.7368124399377,1187.2478568747788,1203.680908203125,572100
2014-04-22,1209.3294887608145,1219.5619249945128,1202.8036076394887,1212.5135498046875,669800
2014-04-23,1214.2187564810497,1217.1958410839488,1196.4549234543729,1202.606201171875,581900
2014-04-24,1214.4850527236454,1217.8859570506493,1186.5972040366532,1199.7279052734375,611300
2014-04-25,1194.7693442375669,1194.7693442375669,1137.5939135727328,1140.787841796875,1395900
2014-04-28,1141.536992215356,1142.5129079964188,1091.5282276907956,1123.516845703125,1538900
2014-04-29,1131.2650791022843,1148.4374663401284,1117.089511399644,1138.421875,788000
2014-04-30,1128.9386346692838,1143.449334843116,1121.5945977859892,1141.29052734375,621700
2014-05-01,1147.372876705326,1176.8083499317077,1139.9498999974544,1163.815673828125,929400
2014-05-02,1171.6822022111246,1179.1839982409938,1153.879019438454,1163.1552734375,692400
2014-05-05,1153.514318958555,1176.4731295190186,1143.5283296070652,1174.669189453125,493600
2014-05-06,1173.2990885975205,1174.6003900720923,1149.985287137832,1151.7498779296875,600600
2014-05-07,1156.3335604508777,1157.3094761915754,1108.424521023037,1115.6502685546875,1155100
2014-05-08,1081.0197174700536,1136.588312512378,1071.802668472436,1092.247802734375,2618500
2014-05-09,1099.749659874929,1122.2747835370897,1095.7178399926686,1119.7611083984375,1192700
2014-05-12,1127.7064893411423,1149.3149025310256,1126.7601758832222,1146.7813720703125,777600
2014-05-13,1147.0474145125766,1155.3378847341655,1141.0341611931335,1143.4197998046875,593800
2014-05-14,1142.0987461227285,1149.935794468898,1124.936347897302,1129.520263671875,638400
2014-05-15,1126.7010136817023,1126.750350982364,1102.243791734517,1120.0963134765625,859200
2014-05-16,1120.1160465969176,1122.8072158413588,1105.4179834139552,1120.993408203125,790700
2014-05-19,1115.679913576734,1145.825121648604,1112.880322876956,1142.3157958984375,777900
2014-05-20,1144.8984066771973,1150.0342982233792,1127.2725996846038,1133.9266357421875,636500
2014-05-21,1142.128559073834,1161.1344908395452,1132.9804607548756,1160.70068359375,686300
2014-05-22,1160.2669016279494,1169.1389510031845,1155.2886480112302,1161.3118896484375,560200
2014-05-23,1162.336996800267,1180.4556976051294,1158.50228554796,1180.100830078125,527400
2014-05-27,1189.012417196846,1241.929197280999,1189.012417196846,1241.2095947265625,1348700
2014-05-28,1238.636668584518,1256.8736589297737,1228.3352816315517,1251.9644775390625,894800
2014-05-29,1252.6742628559473,1274.282676144255,1248.0016596338712,1273.3658447265625,810500
2014-05-30,1273.957208593303,1273.957208593303,1251.0082662680757,1260.4520263671875,906100
2014-06-02,1262.7884261349589,1267.7173427084756,1242.3235548949278,1260.6197509765625,519600
2014-06-03,1253.4135191949842,1255.5132423045436,1238.3901922802013,1247.5185546875,625800
2014-06-04,1243.072822574656,1244.0586059391087,1226.9552886328338,1228.2564697265625,674700
2014-06-05,1234.5654778757355,1242.0376722794804,1227.9213077846114,1230.2181396484375,686500
2014-06-06,1236.5666897641115,1240.2732448811937,1216.555239116086,1220.4786376953125,631800
2014-06-09,1223.4062194524026,1232.2289304605576,1211.162749478798,1212.4344482421875,590700
2014-06-10,1212.523268311577,1223.2485949146244,1201.6303152350133,1205.49462890625,588200
2014-06-11,1196.740918092492,1232.3178034547057,1195.794604638063,1230.96728515625,747800
2014-06-12,1231.5586014634414,1246.818626319482,1204.6270576713523,1208.5701904296875,965800
2014-06-13,1207.5154268008696,1217.4126079624705,1169.7697508574108,1172.3919677734375,1730000
2014-06-16,1174.442352415335,1192.3540758513195,1166.1814846758348,1185.384521484375,751500
2014-06-17,1185.4536809833903,1195.981778577638,1170.1247034986395,1179.49951171875,687500
2014-06-18,1183.2849296445547,1201.2754744066951,1171.0317109283349,1199.5799560546875,722000
2014-06-19,1203.4639507077936,1203.661179574512,1182.4668380019743,1189.6728515625,580300
2014-06-20,1191.9501615278211,1197.716970383799,1179.0068205984585,1186.0650634765625,902200
2014-06-23,1183.0582538964932,1191.2304359932152,1178.0406505732656,1188.4603271484375,421200
2014-06-24,1189.840530712479,1205.2088597973425,1181.9542637317832,1187.602783203125,764900
2014-06-25,1184.4481145805355,1207.17034508982,1181.9540542096347,1204.0848388671875,592200
2014-06-26,1210.7983584565825,1212.5924313416033,1196.4748964199575,1200.388427734375,555200
2014-06-27,1193.7931859896198,1204.5775952022525,1188.3319091796875,1188.3319091796875,566800
2014-06-30,1188.0757592116804,1197.7364829271808,1185.4043251855712,1185.897216796875,578600
2014-07-01,1200.3881372748365,1231.2431991258663,1199.451691382224,1229.044921875,1005000
2014-07-02,1233.3431650573111,1234.8021052061586,1215.8159076801903,1220.2420654296875,617600
2014-07-03,1228.3254298962297,1229.7054302126664,1220.4686457437626,1225.4468994140625,328500
2014-07-07,1224.9342466852468,1246.5229240030444,1221.760053489467,1234.594970703125,685700
2014-07-08,1224.2245956606969,1229.6957412269303,1190.993878412501,1207.811279296875,1112300
2014-07-09,1213.991965418233,1222.459809095924,1207.702664023947,1218.792724609375,752500
2014-07-10,1194.6215166660722,1209.0435317455272,1191.8613955146443,1198.8406982421875,765500
2014-07-11,1205.258167789679,1206.1847463766333,1194.601792030418,1197.64794921875,609900
2014-07-14,1204.1344081603452,1218.4282672830018,1198.2295752943971,1211.0250244140625,590100
2014-07-15,1213.696376108281,1221.148955772264,1201.827626756761,1213.499267578125,622900
2014-07-16,1224.0568445015715,1225.5848566276445,1205.6128789489294,1206.253662109375,577300
2014-07-17,1201.1966118928217,1211.5276009861382,1179.9924047906766,1184.2904052734375,932700
2014-07-18,1189.0027032212972,1195.6468738851,1182.831689348346,1195.5384521484375,795500
2014-07-21,1194.3259204394092,1200.6249704392503,1185.9467615812553,1198.6337890625,535800
2014-07-22,1206.4312072013104,1215.2244381007436,1199.5012416289724,1213.1641845703125,571900
2014-07-23,1211.133538181851,1224.7373981007952,1211.133538181851,1221.0703125,516700
2014-07-24,1216.7917904941055,1229.5774920396093,1210.8081384875347,1219.1478271484375,621800
2014-07-25,1218.0829374499244,1221.7302868634413,1206.874588178291,1210.3248291015625,662600
2014-07-28,1210.5416131810598,1225.210070115084,1206.332300207384,1221.671142578125,446400
2014-07-29,1227.9802431471269,1237.9859669100235,1224.6877608818368,1228.88720703125,701300
2014-07-30,1235.9946373248042,1240.6180231011283,1232.150179117522,1238.0943603515625,625700
2014-07-31,1230.7701487957852,1237.1284027599584,1218.891412245965,1224.786376953125,822000
2014-08-01,1229.271593262001,1237.7789066959656,1219.0786291415438,1228.187255859375,805900
2014-08-04,1229.8138700712354,1288.5073195313705,1228.808351961198,1281.4393310546875,1367600
2014-08-05,1276.9639537668302,1288.2019072584287,1251.4913474314476,1262.995361328125,953400
2014-08-06,1256.8736202304024,1278.2059838013988,1250.475896684411,1262.3643798828125,661900
2014-08-07,1284.5838177105002,1285.0964441827446,1261.2109386126217,1266.8397216796875,675000
2014-08-08,1271.2758143169583,1271.5913323176123,1253.4627654539493,1263.34033203125,1029600
2014-08-11,1263.6261735838489,1310.9931045801588,1256.4300284092153,1290.666259765625,2051200
2014-08-12,1293.5547044605876,1302.1409590893427,1269.807217743678,1275.95849609375,794200
2014-08-13,1283.903716712758,1284.4458252372374,1265.9426565007195,1275.35693359375,728200
2014-08-14,1281.4885763423158,1282.9475162460485,1265.8048520423256,1266.544189453125,713800
2014-08-15,1275.228894130874,1275.228894130874,1248.5141927287066,1252.06298828125,1335800
2014-08-18,1256.449648377462,1269.9549505054538,1255.414648211707,1258.036865234375,602400
2014-08-19,1263.0446689389196,1263.0446689389196,1250.1407997633237,1253.699462890625,422300
2014-08-20,1256.2822313580627,1257.859460533136,1249.9534594037916,1255.266845703125,358900
2014-08-21,1255.2668494828758,1257.2186811222075,1246.2863782491097,1247.065185546875,402500
2014-08-22,1250.456217824363,1259.7620745215395,1242.461529898247,1259.338134765625,601100
2014-08-25,1268.5158267135594,1275.5739482816684,1257.7115602527438,1258.8551025390625,570600
2014-08-26,1262.236442748931,1268.3681069699717,1252.211102554969,1259.3580322265625,409800
2014-08-27,1259.0818919152748,1263.6164711703789,1241.682792058144,1242.8460693359375,567800
2014-08-28,1237.660762907934,1242.1953418828257,1230.947521078694,1232.928955078125,480000
2014-08-29,1237.3945384900878,1237.9958518233584,1223.9681756404443,1226.6199951171875,532700
2014-09-02,1229.9617365049974,1239.8787739511313,1226.3637238413148,1237.0594482421875,681700
2014-09-03,1244.9949936843268,1244.9949936843268,1215.1356988014252,1216.8509521484375,779300
2014-09-04,1224.7175387103157,1226.21594867489,1198.7125687942942,1203.4049072265625,967100
2014-09-05,1192.7977760898195,1194.1778967572286,1165.5507116239137,1178.03076171875,1705300
2014-09-08,1173.407401612329,1184.4679817818528,1161.9723393072718,1181.816162109375,966500
2014-09-09,1181.5500347335587,1182.940022954297,1157.013872650596,1160.3458251953125,870500
2014-09-10,1160.2569348988152,1172.480670392492,1156.924982938464,1171.7413330078125,685400
2014-09-11,1166.7929133263146,1169.917889945147,1153.5144401474602,1160.119140625,619200
2014-09-12,1158.8080259690526,1161.1443276208097,1145.2337704179424,1147.392578125,791900
2014-09-15,1144.6520211916034,1144.9871537761758,1123.0732131257978,1137.1895751953125,829000
2014-09-16,1133.5423767679051,1162.7906106895296,1132.9706657726997,1156.2449951171875,810000
2014-09-17,1157.496898441412,1167.9166958786457,1146.2885465220652,1157.112548828125,644500
2014-09-18,1162.6328174237062,1181.4513864306205,1158.9952145685093,1180.1796875,871800
2014-09-19,1187.8689183925192,1188.361810059902,1168.6461433645904,1169.25732421875,841000
2014-09-22,1164.535174974406,1164.535174974406,1137.7416561216237,1149.2161865234375,679200
2014-09-23,1146.8602979896846,1160.759818243073,1143.80439387275,1149.768310546875,651700
2014-09-24,1153.1101285685086,1167.039251179619,1140.6991507213506,1165.215576171875,564700
2014-09-25,1164.6339761261988,1165.7479160294358,1142.848069694134,1147.4813232421875,752700
2014-09-26,1150.0838509397538,1158.7094548523153,1144.5042837436918,1157.7432861328125,689000
2014-09-29,1145.9927736824588,1147.8460510230586,1126.0207952252586,1144.543701171875,861200
2014-09-30,1147.9446450654175,1152.479224147692,1135.8984021014774,1142.1087646484375,661500
2014-10-01,1137.8797863180075,1138.3332081059166,1115.2265064832352,1121.4862060546875,958800
2014-10-02,1123.7929104319778,1130.328658224464,1103.1407993786013,1123.7042236328125,797800
2014-10-03,1128.721889156482,1136.1646012757003,1123.7929726099474,1125.232177734375,616900
2014-10-06,1124.778598723615,1125.1137313081767,1100.538224229283,1103.899658203125,964400
2014-10-07,1098.6355282501704,1113.9250337331275,1090.7295285474345,1093.38134765625,977400
2014-10-08,1094.722188629228,1111.8255042941717,1082.5970062761098,1110.89892578125,1046100
2014-10-09,1104.2548612325231,1106.6601148790671,1083.3857841036513,1086.5205078125,1068500
2014-10-10,1079.2356374026992,1087.7921693162748,1047.4637396077255,1048.538330078125,1529100
2014-10-13,1048.291759597044,1057.627097738149,1002.8175751954204,1025.904541015625,1867500
2014-10-14,1035.2794128521566,1045.9160528772663,1026.90025502986,1035.5159912109375,1208600
2014-10-15,1016.6676595657888,1045.9060205336586,1007.795671672966,1043.6978759765625,1610700
2014-10-16,1029.8183001635869,1058.494703135528,1027.4129262981369,1057.9327392578125,1059400
2014-10-17,1074.6713395579666,1078.939737593082,1057.7651332162366,1061.9547119140625,901500
2014-10-20,1061.2154648544529,1088.7384577702553,1059.4508742278467,1087.387939453125,589700
2014-10-21,1091.419909762718,1120.687759188369,1091.2720181956422,1116.8629150390625,737800
2014-10-22,1118.7063380252205,1120.470928720688,1093.933597741364,1098.606201171875,595500
2014-10-23,1109.1243261927548,1125.2025070325444,1104.964350205332,1114.9010009765625,709000
2014-10-24,1114.74344434555,1124.591530450214,1107.7345393593434,1122.245361328125,538700
2014-10-27,1121.8212187487152,1127.7161827008651,1113.5800860986176,1118.1343994140625,377300
2014-10-28,1118.903476193009,1140.4230815585654,1117.5923074355617,1140.1766357421875,501000
2014-10-29,1140.0187348303043,1142.5226625202033,1126.7994695262794,1127.9527587890625,543800
2014-10-30,1126.6715587314577,1138.0770192350103,1116.3503155197352,1130.289306640625,542900
2014-10-31,1158.8670979685417,1189.6728263454145,1155.840796160143,1189.0616455078125,1472100
2014-11-03,1194.4636453863327,1211.5276111610633,1179.9825472414911,1181.48095703125,1101800
2014-11-04,1097.2950594978793,1110.2186636191443,1066.016175856356,1082.09423828125,3357200
2014-11-05,1087.3188329465258,1100.1340141145265,1070.7182781118915,1079.7677001953125,1165000
2014-11-06,1081.3843603523464,1084.6473602783813,1067.4060229350266,1082.1434326171875,741200
2014-11-07,1078.7919044947755,1084.9333150533582,1073.4293012317326,1079.0482177734375,611300
2014-11-10,1077.3526206797833,1104.7671890195827,1077.3131508444517,1104.096923828125,882800
2014-11-11,1107.1331399055107,1152.06521728833,1106.7881398362629,1150.763916015625,1389700
2014-11-12,1147.4419895221868,1161.6372942941057,1137.9587581979752,1144.4945068359375,820200
2014-11-13,1148.6345544898325,1157.3094949195984,1140.0089513547844,1151.4046630859375,709100
2014-11-14,1153.9972156980184,1158.3445531380603,1146.7812155615677,1156.2841796875,601300
2014-11-17,1153.3269731077348,1155.160515576849,1132.4875000317516,1149.8275146484375,711900
2014-11-18,1148.4275256686517,1158.295224827803,1142.128356771745,1150.2413330078125,551800
2014-11-19,1145.5786471317688,1150.8230812095755,1135.178706441244,1140.2061767578125,542500
2014-11-20,1133.2762612683166,1146.4561799753128,1131.9454777995768,1137.4757080078125,449500
2014-11-21,1150.320513254363,1150.320513254363,1133.0890390913837,1135.090087890625,787800
2014-11-24,1141.0638591158165,1144.9872572396057,1135.0800873361711,1143.6466064453125,413400
2014-11-25,1143.5086188985422,1165.5015019072357,1142.5327030660997,1162.4061279296875,655200
2014-11-26,1160.2174538754882,1163.1255864280993,1145.302549698992,1150.2413330078125,626800
2014-11-28,1154.8944042953217,1154.8944042953217,1141.9214631481132,1143.69580078125,287700
2014-12-01,1141.6750075247714,1148.388128765124,1123.4281502612578,1136.80517578125,740400
2014-12-02,1128.5740503693874,1131.4131112463515,1114.9407098846823,1123.162109375,885600
2014-12-03,1122.5015560468114,1124.7787732872143,1110.4849150815485,1114.102783203125,654100
2014-12-04,1110.3271120926302,1130.2694887046491,1109.3118467630725,1123.9013671875,735300
2014-12-05,1124.8969983284944,1126.6418539669949,1114.8616717096838,1119.8201904296875,769600
2014-12-08,1115.7586751406693,1132.7535676425543,1115.7586751406693,1119.5343017578125,592200
2014-12-09,1111.963405791452,1119.9679602466983,1096.9598149589228,1119.0413818359375,678000
2014-12-10,1115.719459274582,1120.5202191525862,1096.2895885213068,1099.6610107421875,671300
2014-12-11,1103.4757936855897,1111.3028539866684,1095.904926290559,1098.4285888671875,546500
2014-12-12,1092.8688483536605,1103.8997047475266,1087.8315105748975,1088.2947998046875,672000
2014-12-15,1091.3604010764095,1095.8654970457185,1061.5404635273287,1063.3050537109375,888600
2014-12-16,1052.372869968871,1058.0312557309005,1030.389857171053,1030.971435546875,1110100
2014-12-17,1035.4666283442111,1062.5263272470268,1028.1915439996233,1060.052001953125,890100
2014-12-18,1073.4390647997227,1093.2236802955083,1072.6799924967577,1088.8763427734375,1230300
2014-12-19,1094.663029404605,1098.2315601765033,1081.4929788117715,1093.67724609375,1008400
2014-12-22,1095.215052489678,1136.0166354342816,1094.929136841513,1133.03955078125,910200
2014-12-23,1139.210545948804,1142.0890762999236,1124.7097131478622,1131.294677734375,584500
2014-12-24,1131.6791149122232,1136.0165850642252,1126.78966874171,1133.433837890625,166500
2014-12-26,1136.046190049296,1143.942202800509,1133.7591056298688,1139.7822265625,281200
2014-12-29,1138.224841826093,1152.9819889191583,1134.202889290161,1143.548095703125,472600
2014-12-30,1139.0626699783134,1144.612634450534,1127.7952348968556,1132.3199462890625,357800
2014-12-31,1134.5675657955535,1137.5938674175106,1123.9998779296875,1123.9998779296875,482500
2015-01-02,1127.7360923051008,1133.0986956825948,1115.4236685464969,1125.82373046875,509300
2015-01-05,1122.1860900152603,1122.1860900152603,1075.2332283129026,1081.9759521484375,1051300
2015-01-06,1087.7231348377404,1088.2849783456156,1057.2525407390865,1064.6064453125,1081500
2015-01-07,1075.2628128032095,1076.5442588248418,1043.5205200128898,1054.3641357421875,955000
2015-01-08,1041.9233939716328,1067.770718173182,1032.2331894697677,1067.4552001953125,1045800
2015-01-09,1068.0961590367497,1069.6635207217294,1036.6891189066423,1037.0045166015625,974400
2015-01-12,1039.6956570240004,1039.6956570240004,1006.4945452271686,1025.19482421875,1078500
2015-01-13,1037.487627868048,1051.850558516875,1013.1881648091914,1023.0656127929688,871100
2015-01-14,1011.5615518092784,1024.8794937459631,1007.4803945294956,1020.9462280273438,755700
2015-01-15,1026.259606792101,1027.679076965011,981.5246962355644,984.0581665039062,1451700
2015-01-16,982.8358212469224,997.9182937600171,976.6056635474572,993.8864135742188,1004800
2015-01-20,1001.9993816703188,1013.3950334650104,984.797452178853,1010.3784790039062,700300
2015-01-21,1009.4420728496568,1034.6288836411338,1005.498939752588,1030.666015625,732400
2015-01-22,1033.593680889324,1038.0297052708231,1021.3305956932028,1034.7569580078125,913400
2015-01-23,1033.051270555679,1033.051270555679,1018.5899106262524,1023.23291015625,700400
2015-01-26,1021.389709622024,1028.9801923157352,1013.6019980825188,1027.048095703125,507500
2015-01-27,1015.0905419741608,1015.3271203215926,988.9180093594422,999.4461669921876,942000
2015-01-28,1009.4716656726108,1009.8462681266813,987.6956868765066,988.987060546875,571300
2015-01-29,993.4625148408808,1001.072793085934,978.0251750759436,1000.313720703125,760500
2015-01-30,997.3562976554932,1007.6676117171496,994.0736227114232,995.12841796875,928400
2015-02-02,997.6127270856232,1000.5700770671024,979.3757355331688,998.6281127929688,655300
2015-02-03,1005.1934842140984,1025.204875333225,997.9676749973288,1022.7996215820312,870600
2015-02-04,1021.271472885334,1027.0481484365662,1011.7487727552063,1013.6612548828124,557900
2015-02-05,1018.8269521112874,1034.520547953884,1016.6385416862364,1029.7493896484375,660300
2015-02-06,1012.9514607950856,1015.3764490031224,992.7921217950964,1007.8844604492188,1307400
2015-02-09,1006.1397449351906,1024.583711892631,999.7321535124272,1018.4620361328124,492700
2015-02-10,1026.0034047732436,1045.7190726563967,1024.652886336643,1042.584228515625,657600
2015-02-11,1049.1100087564182,1052.747611704749,1036.1075848001824,1044.989501953125,515700
2015-02-12,1061.895589187705,1086.589508965769,1060.426781698737,1076.426025390625,1199100
2015-02-13,1084.509400757945,1092.7406663290851,1079.0283884597377,1087.68359375,814400
2015-02-17,1099.1483902582447,1114.8421038684069,1098.172474408483,1105.05322265625,900800
2015-02-18,1100.5678515137945,1113.9153959250582,1096.191031415287,1107.0247802734375,819800
2015-02-19,1201.6698444399058,1205.494688462839,1178.3659127539788,1200.7333984375,2671500
2015-02-20,1199.698037087102,1212.6019042195312,1197.4898925618154,1198.93896484375,1296800
2015-02-23,1193.2611598076182,1199.2054623732436,1185.7297604660498,1190.4122314453125,869400
2015-02-24,1186.981606382602,1203.010451912647,1184.0242565849533,1202.4486083984375,603500
2015-02-25,1201.8078863915623,1241.948954141489,1200.644609131256,1233.076904296875,1615900
2015-02-26,1231.2236012461683,1246.0300855991943,1221.3559008307327,1223.603515625,935400
2015-02-27,1223.1104931759864,1228.670324808604,1217.5605290020594,1219.886962890625,645400
2015-03-02,1220.153053785093,1244.058294386417,1214.5144032328983,1231.637451171875,691500
2015-03-03,1227.300183985588,1236.803149247958,1220.3997010234198,1224.3724365234375,510900
2015-03-04,1215.9635117669714,1221.1487407467346,1206.3225237094018,1208.244873046875,777700
2015-03-05,1207.8804502951318,1224.342984970359,1207.1312452830127,1214.3865966796875,502100
2015-03-06,1204.341288367904,1210.916506361874,1195.7551542505614,1198.70263671875,695500
2015-03-09,1197.9139167041983,1203.532953556287,1184.9114931054849,1199.6982421875,563800
2015-03-10,1184.911422694283,1186.87312166247,1169.8190239340056,1174.156494140625,788800
2015-03-11,1175.5858392885773,1178.3755621949167,1157.3093817543995,1160.8089599609375,706100
2015-03-12,1170.0558542613976,1177.5675183804694,1159.281189577586,1169.73046875,521800
2015-03-13,1169.2868364310411,1171.1794632735205,1138.382555336262,1141.310302734375,813400
2015-03-16,1146.5842217338752,1150.2907764220668,1134.636533423815,1141.970703125,619800
2015-03-17,1135.92806763477,1146.8801061922156,1127.8544394395158,1137.1700439453125,554600
2015-03-18,1136.6081924886607,1169.0897054496793,1131.6398059414792,1164.8902587890625,888800
2015-03-19,1159.5178603358186,1162.2386321549316,1148.4376645127186,1159.5966796875,475600
2015-03-20,1173.456720127573,1177.5082750181407,1162.4061279296875,1162.4061279296875,726200
2015-03-23,1159.5274870566802,1173.0820060339634,1158.798017116692,1164.387451171875,460400
2015-03-24,1159.4191036945274,1167.3841888800844,1151.7694161955342,1153.09033203125,398100
2015-03-25,1156.0771331224098,1160.276578764633,1134.2716157148125,1136.3121337890625,507100
2015-03-26,1128.2289844419115,1137.061564283899,1121.594682100652,1124.1478271484375,524300
2015-03-27,1125.0153065394113,1127.8346322943084,1114.782871227782,1119.05126953125,446500
2015-03-30,1127.0954192289753,1139.4374465728754,1125.764635714329,1133.4832763671875,470100
2015-03-31,1145.233583658821,1159.990728651812,1144.00135471148,1147.5994873046875,1011700
2015-04-01,1147.4517734652732,1151.3949067074218,1130.2005655308726,1133.2564697265625,622800
2015-04-02,1132.812849639719,1148.2403816214244,1129.8948493821288,1143.9422607421875,541100
2015-04-06,1142.3551066464545,1177.4785670083972,1137.6923713464362,1168.1629638671875,688200
2015-04-07,1173.1608933876505,1178.0109903252749,1167.098422634207,1168.1334228515625,383000
2015-04-08,1166.3689162005269,1178.011075046033,1163.8848432993009,1175.3001708984375,341900
2015-04-09,1177.370304885755,1181.9542214713651,1164.2199888593984,1169.1390380859375,434900
2015-04-10,1170.5781969626244,1175.4480290306549,1164.2100753623831,1172.5892333984375,361600
2015-04-13,1171.9385522461778,1192.7090731899077,1171.1302629098914,1182.6934814453125,484400
2015-04-14,1179.745957136685,1187.819464092438,1165.6689436224376,1187.5828857421875,453700
2015-04-15,1188.8547188901364,1193.0541655836532,1182.0626571753626,1183.87646484375,402500
2015-04-16,1183.0089245916715,1196.060806331962,1182.0231412810822,1188.943359375,518500
2015-04-17,1177.5180971986113,1183.028591896091,1169.9374817341857,1170.647216796875,598100
2015-04-20,1174.0678613044747,1184.6650313372395,1170.1247282690272,1174.48193359375,473800
2015-04-21,1178.8983153217962,1183.5215814058445,1174.6003144179972,1177.2816162109375,360400
2015-04-22,1181.806191736306,1202.2611935946854,1175.4578055467784,1195.656494140625,433700
2015-04-23,1191.8119152463537,1205.5635430575574,1190.481131963796,1203.7398681640625,463700
2015-04-24,1211.9810501895097,1217.4423279654363,1210.1573752226896,1215.5594482421875,599300
2015-04-27,1217.80707255125,1244.2950641832826,1217.5112894365186,1235.383544921875,650600
2015-04-28,1232.2291590728153,1236.0145333557207,1221.316590587413,1224.461181640625,454900
2015-04-29,1217.442312584708,1237.4832427174724,1217.0479752181116,1230.76025390625,533000
2015-04-30,1230.011029926609,1237.424139098078,1214.0216547553562,1220.21240234375,581200
2015-05-01,1231.391200053322,1242.9642860564245,1226.31439212826,1242.5108642578125,880200
2015-05-04,1245.9217243800183,1262.758860565409,1243.0727960772922,1249.44091796875,570900
2015-05-05,1244.0585601650846,1255.158490067199,1234.900594539117,1245.3597412109375,732100
2015-05-06,1252.486770304464,1261.6544809662391,1239.5827828383642,1246.177734375,1203400
2015-05-07,1206.845197044335,1210.4334626727914,1165.2155878142048,1196.2381591796875,2162800
2015-05-08,1205.7607700104425,1207.190107545971,1185.78879233982,1187.6322021484375,796800
2015-05-11,1183.0089883637152,1192.2360265429222,1166.2211891339102,1169.513671875,685900
2015-05-12,1161.647029230262,1170.390922020226,1150.892100062693,1166.6448974609375,687200
2015-05-13,1164.5157941647385,1175.7437606961123,1160.7500343568713,1161.00634765625,562600
2015-05-14,1171.7906557242522,1175.4479934782614,1160.3358589571717,1173.1707763671875,506500
2015-05-15,1176.1775128501554,1188.6082259481884,1172.1358253464173,1181.757080078125,704200
2015-05-18,1178.356173586737,1201.9460235055635,1178.356173586737,1199.5406494140625,596300
2015-05-19,1196.7408943380624,1204.4792689700614,1186.9027965195712,1196.40576171875,538800
2015-05-20,1193.0343130339547,1196.2973133581563,1186.7844809112942,1191.003662109375,519500
2015-05-21,1188.8646217782546,1201.216516389639,1186.8831875609342,1195.3905029296875,323300
2015-05-22,1196.3958997469724,1200.9304787600686,1190.0967301586022,1191.319091796875,410000
2015-05-26,1189.6135321748914,1194.7002068413913,1177.1334840015013,1178.77978515625,611100
2015-05-27,1179.2137886521507,1186.262164021863,1177.0253783867795,1180.73193359375,555700
2015-05-28,1180.2192223540617,1184.3299821536532,1170.2825697252952,1173.6243896484375,394500
2015-05-29,1173.663524531165,1174.905620924484,1149.6893313181697,1155.3773193359375,843100
2015-06-01,1157.30959031331,1160.720362012695,1147.5305766895965,1150.073974609375,662200
2015-06-02,1145.618257416463,1184.3594702147332,1145.046546403698,1179.0166015625,1035100
2015-06-03,1179.2825332192224,1183.994485102656,1169.148653812948,1176.7391357421875,691600
2015-06-04,1167.058893496334,1180.5247257760348,1166.0435079143915,1168.882568359375,495600
2015-06-05,1166.477340617478,1170.6964013744469,1159.557123110511,1161.410400390625,421700
2015-06-08,1162.3568000182004,1165.1958607359263,1145.5688815368717,1147.5010986328125,554500
2015-06-09,1144.336549512842,1151.3947910007523,1140.689199764337,1146.7320556640625,478600
2015-06-10,1153.3662902019726,1168.951579627741,1147.786723856466,1163.1649169921875,549800
2015-06-11,1166.5760257508612,1171.5541594046767,1161.183819774708,1165.126953125,365500
2015-06-12,1166.5759330809976,1166.5759330809976,1154.3521965991397,1157.4771728515625,354200
2015-06-15,1150.4091344396752,1161.8441968846964,1142.1482654046824,1158.6502685546875,461400
2015-06-16,1154.5492334238056,1163.8353544700003,1151.6116187471907,1159.4781494140625,407100
2015-06-17,1161.2034008296157,1166.083100410625,1146.6532295603938,1147.02783203125,556100
2015-06-18,1152.6960925812343,1160.0599853964452,1147.2841518103987,1157.2701416015625,596900
2015-06-19,1153.790519354252,1156.7872190665407,1141.5470461892987,1141.9906005859375,566800
2015-06-22,1144.7606055643753,1145.5590274726694,1127.5684820351985,1134.0352783203125,686700
2015-06-23,1137.7713779892513,1143.0846438753754,1129.7273528796406,1139.51611328125,428700
2015-06-24,1141.3101903657257,1142.2959735274176,1130.969334626365,1138.500732421875,384200
2015-06-25,1141.5371038787937,1144.39589962215,1132.3200537477846,1132.852294921875,334700
2015-06-26,1135.5927438168812,1136.6081294824785,1119.593500328483,1124.68017578125,611700
2015-06-29,1111.9635357182372,1119.8498019290048,1087.7625081499948,1091.981689453125,707600
2015-06-30,1104.9644348831894,1135.7800279537423,1103.4068203819545,1135.001220703125,1082600
2015-07-01,1143.508436790052,1157.9699187034537,1130.5256295793963,1133.99560546875,621100
2015-07-02,1136.4701935696353,1138.1755795342567,1125.7646006863072,1126.8193359375,396700
2015-07-06,1118.0262270144897,1136.9926893223726,1117.878335442825,1125.2027587890625,464000
2015-07-07,1129.3331249311805,1129.9837756407394,1103.3478900739842,1128.7318115234375,563800
2015-07-08,1117.4938426885574,1125.5674708539343,1099.9075015169146,1101.060791015625,806000
2015-07-09,1117.3261309671043,1125.1138428613567,1109.006177935156,1110.0609130859375,638000
2015-07-10,1125.0351275721814,1127.7361643530196,1116.8925473880863,1126.9376220703125,533300
2015-07-13,1134.7744628947364,1156.954584417946,1132.378956822891,1154.736572265625,627500
2015-07-14,1155.8309803566042,1166.5957778822738,1152.4496905114966,1154.7762451171875,323000
2015-07-15,1152.3806112778857,1161.1934557111813,1148.388141009057,1150.94140625,324600
2015-07-16,1162.0905957097802,1167.9363435082728,1157.3095708681428,1166.1717529296875,275500
2015-07-17,1177.9913396479951,1202.655657718056,1176.0395079160992,1198.7125244140625,938300
2015-07-20,1203.0795184765743,1247.0059580238103,1202.714783483306,1230.1688232421875,886800
2015-07-21,1231.2431376459444,1232.997860509504,1212.0893183539636,1217.6392822265625,563500
2015-07-22,1221.8981474566438,1224.342870811447,1210.5616393935748,1216.427001953125,360500
2015-07-23,1216.505882624455,1220.8531001688368,1204.9229292957698,1211.4881591796875,428700
2015-07-24,1197.7463673418404,1201.44305447895,1172.5891598911844,1180.3966064453125,988600
2015-07-27,1176.8281117095628,1188.3617277939377,1166.3294958541144,1169.2177734375,562400
2015-07-28,1179.2927345549374,1197.362101033004,1170.607925003362,1190.9150390625,452200
2015-07-29,1185.9170127901389,1204.4399190040292,1177.9616743864676,1202.09375,470700
2015-07-30,1204.627074543937,1209.654544814259,1190.4712421834242,1204.686279296875,523900
2015-07-31,1227.388912820653,1237.039769972551,1223.9781410611342,1225.8905029296875,797200
2015-08-03,1232.1206142279034,1232.1600840642109,1207.5844552240246,1222.8443603515625,588400
2015-08-04,1224.648460906982,1268.249635293604,1222.893737821785,1265.73583984375,1242400
2015-08-05,1362.953864521379,1375.1677343223196,1306.2614560409138,1332.000244140625,2106200
2015-08-06,1332.2861260566017,1352.8199488150397,1321.0481724024678,1332.5819091796875,868800
2015-08-07,1331.3495340366233,1331.7437510443335,1295.920423649869,1298.6214599609375,705900
2015-08-10,1308.134337468278,1315.0348200321648,1299.2820233756129,1304.9305419921875,548900
2015-08-11,1297.1919901273031,1303.7966886858203,1280.768810180361,1289.276123046875,513400
2015-08-12,1280.1479233228213,1281.0154173633366,1264.286705125248,1276.3033447265625,770000
2015-08-13,1283.1843240049138,1288.418891569972,1266.268367662604,1267.1949462890625,411100
2015-08-14,1265.0359574409983,1269.6789580395073,1257.8594265034626,1265.548583984375,610000
2015-08-17,1258.9439684157426,1289.404699841358,1258.046871819179,1287.9852294921875,518700
2015-08-18,1272.7251400173725,1290.4397584915746,1269.8171272326788,1273.4644775390625,426200
2015-08-19,1266.0611256184568,1286.4471767381726,1262.7883780855166,1272.9912109375,471200
2015-08-20,1269.886017073497,1271.1774509756926,1237.5227941925618,1239.6619873046875,696200
2015-08-21,1228.2464482519572,1230.4940629214448,1183.5214674283643,1199.619384765625,1211800
2015-08-24,1145.480167940771,1205.1397911218685,1134.6464193526992,1157.4278564453125,1153600
2015-08-25,1185.0198237351894,1207.544945705025,1162.0314125434322,1162.0511474609375,959600
2015-08-26,1193.4581987872452,1211.5768989490648,1162.2384012945165,1206.0662841796875,838400
2015-08-27,1217.432520103236,1236.1426680690467,1215.8848932542462,1234.2105712890625,788000
2015-08-28,1226.5410877702882,1246.5426686462326,1222.4401957101295,1241.485595703125,502800
2015-08-31,1237.3256213209934,1246.9960925551768,1225.7918849450148,1230.888427734375,466700
2015-09-01,1199.8461335327167,1227.30017358982,1189.9290960560638,1198.08154296875,579300
2015-09-02,1214.918667071167,1225.2497767502307,1198.761785282887,1225.200439453125,413100
2015-09-03,1231.3814231818087,1242.3334617149642,1218.7239987137662,1222.736083984375,544500
2015-09-04,1206.7663626131632,1230.6518722619908,1204.7750611316485,1227.546630859375,607900
2015-09-08,1249.9731630272636,1262.9165019341506,1248.4156688102903,1262.1968994140625,659900
2015-09-09,1274.6177947181775,1285.481145833934,1256.3808038424727,1258.5692138671875,497800
2015-09-10,1259.2495186976043,1275.4754738206504,1256.8737471758432,1269.4326171875,405900
2015-09-11,1261.901092303896,1272.2912860852891,1260.5407066291689,1272.0645751953125,401600
2015-09-14,1273.622075590686,1274.0460153302197,1257.987567881667,1268.535400390625,411600
2015-09-15,1274.4600098583448,1302.5350981512245,1262.6799479087197,1300.051025390625,721000
2015-09-16,1303.1068867689312,1309.0806706188666,1294.096813530732,1301.70703125,478400
2015-09-17,1303.1560023857537,1319.4806293031154,1295.1514479266946,1299.26220703125,482000
2015-09-18,1283.2236910005072,1293.8307290604855,1274.3220388160764,1276.06689453125,1213400
2015-09-21,1281.9914844702978,1293.0420770814503,1276.5992785409296,1288.8919677734375,581300
2015-09-22,1270.6944384310882,1279.5467534191905,1260.1563521327212,1270.6253662109375,515100
2015-09-23,1269.9451895852897,1278.5609259048438,1251.9546445600286,1257.849609375,394700
2015-09-24,1248.740935912729,1265.8639862063435,1238.3015249557595,1262.91650390625,596500
2015-09-25,1280.0296776954413,1280.0296776954413,1234.200624207682,1234.9498291015625,744900
2015-09-28,1224.67795215323,1227.231217459875,1175.2704995470367,1182.0921630859375,1147800
2015-09-29,1180.9783960545228,1196.9579066696472,1168.1632116874805,1183.2554931640625,586800
2015-09-30,1200.1713943513696,1220.9911321664667,1194.6510321153346,1219.27587890625,794500
2015-10-01,1217.9647401624547,1233.4908254883417,1202.6554982591658,1229.3504638671875,817500
2015-10-02,1211.9516341218148,1248.6818097371138,1205.839705366809,1247.686279296875,757000
2015-10-05,1255.9863908206144,1269.2353800222384,1253.4628483228416,1256.735595703125,572800
2015-10-06,1252.9404406547878,1267.924298667623,1246.5427166702202,1257.3172607421875,401700
2015-10-07,1266.7905683006124,1275.780905927356,1252.9402667364125,1273.2177734375,484900
2015-10-08,1268.8014545494316,1292.7856353433504,1262.9262255462493,1285.776611328125,432400
2015-10-09,1287.423118562789,1297.8822649049162,1278.3638278231103,1294.619384765625,419300
2015-10-12,1299.2622771647436,1333.271798076871,1296.8865059232066,1328.0372314453125,600900
2015-10-13,1320.9495019168216,1333.7153463573704,1314.8770436470836,1325.87841796875,502700
2015-10-14,1330.777673577101,1330.8072759524885,1289.9367443403914,1292.4405517578125,896100
2015-10-15,1300.849298416429,1314.2855276705563,1286.417418546141,1308.420166015625,601900
2015-10-16,1315.4390321713656,1323.0492498181122,1307.158428981625,1317.5682373046875,529000
2015-10-19,1315.2223423051778,1359.967066823384,1310.6976300360018,1356.566162109375,700400
2015-10-20,1352.3271729469684,1362.8455249483218,1344.6873517402057,1352.99755859375,471100
2015-10-21,1359.0894698363195,1373.8171343676,1340.8427323364483,1344.894287109375,481600
2015-10-22,1352.0511228361486,1362.3525101078624,1331.990336567746,1335.2138671875,679600
2015-10-23,1354.466107619548,1354.466107619548,1338.003576425075,1347.0628662109375,629600
2015-10-26,1355.451938217071,1409.5319916536787,1354.949179144107,1396.1844482421875,863800
2015-10-27,1392.2808246966383,1404.3961394173623,1376.5181600634676,1383.3299560546875,479000
2015-10-28,1391.9260079326757,1391.9260079326757,1374.1523063022871,1384.5523681640625,533200
2015-10-29,1389.954184139379,1408.1123523335766,1382.7383047265014,1405.3817138671875,525700
2015-10-30,1424.4569233419184,1445.2371927854083,1415.634210601192,1433.5655517578125,994300
2015-11-02,1441.2448654346572,1449.101529882971,1433.8908397886198,1446.3314208984375,498600
2015-11-03,1440.771502843061,1452.0981423316682,1434.5018157147922,1444.0738525390625,414700
2015-11-04,1445.1089410987183,1453.0346771217755,1441.954482758678,1448.667724609375,507400
2015-11-05,1454.0303362216507,1455.5287460589975,1431.032055647933,1441.8460693359375,548500
2015-11-06,1430.7656620028436,1438.888505384593,1409.6698789088452,1429.2869873046875,1177200
2015-11-09,1342.9324773968926,1367.261538948818,1284.9091733913604,1292.5096435546875,2652400
2015-11-10,1283.5490273432313,1308.962428689242,1283.5490273432313,1304.7236328125,927800
2015-11-11,1306.704997376591,1316.020600685701,1296.8076953257005,1310.6776123046875,597600
2015-11-12,1302.2197170851614,1317.2627796133288,1294.3235833600731,1295.3291015625,561200
2015-11-13,1292.361798534272,1300.5438473759484,1276.234399531267,1279.3001708984375,779900
2015-11-16,1259.969172850041,1261.7928480202827,1212.7205229081655,1248.859375,1708400
2015-11-17,1255.897881123787,1261.8027138846285,1232.2292127779574,1240.894287109375,899300
2015-11-18,1249.0857787308023,1269.0577545518,1234.210345007453,1260.32373046875,804500
2015-11-19,1268.535414704184,1281.301379976778,1263.8924141095986,1266.386474609375,555200
2015-11-20,1276.0176743813738,1277.575168689313,1251.9448026507926,1263.3109130859375,626600
2015-11-23,1266.731510086259,1274.381197937383,1238.143795072639,1246.345458984375,486100
2015-11-24,1226.610250647743,1228.8478777346563,1194.7694008251349,1222.548828125,1390300
2015-11-25,1227.300091306536,1238.1437065710918,1225.2299706411843,1228.0394287109375,421000
2015-11-27,1231.0560426191907,1232.7811633128929,1218.0534989308112,1227.290283203125,278400
2015-11-30,1228.6902054758316,1248.681799488981,1226.4919279546154,1231.095458984375,539300
2015-12-01,1240.9040736273716,1267.2737770607598,1237.6509405838815,1264.26708984375,682100
2015-12-02,1268.4466491298977,1278.7579027645847,1254.0345037412137,1257.3072509765625,426000
2015-12-03,1265.9329022718396,1277.003348972674,1253.098105760385,1261.88134765625,666400
2015-12-04,1265.6274762585458,1284.3474916206517,1265.6274762585458,1281.991455078125,556300
2015-12-07,1281.8240642109529,1291.1692715426836,1274.696749183254,1283.904052734375,409800
2015-12-08,1269.5410619925165,1291.3072353536152,1262.9560966084714,1285.431884765625,339000
2015-12-09,1282.9871817143887,1296.26565475671,1266.820310466108,1276.57958984375,384000
2015-12-10,1281.518311761505,1288.69484318774,1268.3974780549593,1287.9259033203125,461800
2015-12-11,1272.1827853182074,1281.2618098214375,1263.96126702601,1267.056640625,535100
2015-12-14,1270.3197172984642,1283.381345109856,1257.9186075724267,1279.4283447265625,368200
2015-12-15,1285.1165238471317,1312.255169103792,1283.4111378580335,1304.9110107421875,709200
2015-12-16,1313.8420531752745,1318.2780776547547,1296.3049312259054,1313.368896484375,413300
2015-12-17,1322.9112427865275,1322.9112427865275,1294.0277456732956,1295.0628662109375,504600
2015-12-18,1287.5511866792922,1294.3037777332304,1265.489353193489,1267.3919677734375,882200
2015-12-21,1274.499551427681,1281.0846369932003,1246.1582808030594,1257.5736083984375,464500
2015-12-22,1264.6612456128996,1264.6612456128996,1248.0901728594265,1259.328125,303000
2015-12-23,1265.7456677232956,1266.682113658147,1249.204196238257,1260.8660888671875,268300
2015-12-24,1260.3238029112888,1262.315104199971,1253.926079662916,1254.970947265625,159300
2015-12-28,1248.9775734785694,1256.6173940525805,1235.3835832661684,1254.8626708984375,266400
2015-12-29,1259.831019411747,1285.4613844389037,1258.8551036009646,1283.8841552734375,404800
2015-12-30,1280.5324711700316,1283.1645558285563,1269.7578070526429,1270.8323974609375,272900
2015-12-31,1267.303221867743,1269.5903064578083,1253.433304108325,1256.8243408203125,337700
2016-01-04,1238.143798058257,1240.9532563356024,1210.5418662544105,1227.6649169921875,767800
2016-01-05,1218.7041861294524,1229.735043306767,1184.0045423628897,1193.4779052734375,894900
2016-01-06,1169.138954988082,1195.0453681324364,1168.1531717208068,1179.6966552734375,561300
2016-01-07,1155.3083863724855,1177.508244795578,1137.8699381426072,1150.5963134765625,1092100
2016-01-08,1155.840535262671,1165.599811876566,1118.8638020969777,1120.7958984375,1023000
2016-01-11,1119.8496842531365,1131.6593474092,1104.087020947524,1120.125732421875,635300
2016-01-12,1125.5968914686437,1144.001508826064,1116.9712876752544,1132.586181640625,798400
2016-01-13,1139.555681319045,1140.5315972054825,1061.0478811480775,1083.27734375,1136600
2016-01-14,1082.596980922223,1120.5496359226613,1049.859157804328,1105.4376220703125,1160300
2016-01-15,1060.7028578476293,1095.0376477416016,1059.8649660882384,1071.2901611328125,1076600
2016-01-19,1083.7900391002397,1101.1200681140076,1063.0885875063327,1078.93994140625,679900
2016-01-20,1059.7169448158809,1083.001139292301,1024.4850627145586,1065.9569091796875,1062500
2016-01-21,1068.943932945196,1095.20521371607,1051.8899545635015,1073.656005859375,543600
2016-01-22,1096.0233635472675,1110.553799237866,1088.442748004701,1102.214111328125,735700
2016-01-25,1101.5242074068854,1110.54414913119,1082.2718296907085,1082.3211669921875,428100
2016-01-26,1081.5127641128054,1108.7104932325,1054.886746019483,1095.7376708984375,744800
2016-01-27,1064.2319728619166,1077.5893857296303,1023.3811675549852,1028.862060546875,1174000
2016-01-28,1043.7374476530508,1044.6541586545418,1000.71785375412,1028.300048828125,1127700
2016-01-29,1030.5378640194565,1059.38189239219,1015.6229581935486,1049.82958984375,873600
2016-02-01,1047.8877003079128,1079.225791489382,1041.233662700125,1069.44677734375,613300
2016-02-02,1054.7881051050308,1068.7369625245626,1041.5195007199345,1051.623779296875,679300
2016-02-03,1055.034395219902,1057.0946482685015,1005.9226724475046,1034.2442626953125,793500
2016-02-04,1029.9364306870732,1058.3861183672325,1008.702622821908,1053.9007568359375,766700
2016-02-05,1047.986164828828,1048.922731131389,996.3212903900468,1001.1121826171876,1036300
2016-02-08,982.32317462273,985.7832835748676,941.2554695026732,959.9557495117188,1194000
2016-02-09,944.8041404694862,989.4699727422282,940.4568632367694,977.1969604492188,1043800
2016-02-10,990.633361688921,1033.0910566986258,988.0506141919196,1018.0874633789062,970500
2016-02-11,1039.0155534265268,1048.508651009843,1013.9076827378506,1040.2379150390625,1036600
2016-02-12,1051.712398137296,1063.5516641413913,1035.6244690631852,1042.968505859375,811600
2016-02-16,1060.594451686159,1099.9764479693652,1057.0259208101895,1094.889892578125,1119700
2016-02-17,1227.3001206910928,1228.8872172503568,1202.803431505718,1217.994384765625,2382000
2016-02-18,1227.300342707577,1239.3564545313554,1218.8028945457604,1234.1514892578125,1060100
2016-02-19,1220.675711839496,1266.721608945463,1218.9505911517851,1265.4893798828125,1052500
2016-02-22,1268.2694847526238,1273.0799919799565,1249.9732880127665,1270.10302734375,827100
2016-02-23,1260.1269341613245,1270.0833221641876,1240.8153512382112,1243.9501953125,617800
2016-02-24,1230.355985593906,1246.8678541635877,1205.3269357516797,1246.2369384765625,774200
2016-02-25,1245.2908493645564,1253.8967189809157,1229.3113393514743,1245.4486083984375,729000
2016-02-26,1250.7124764476428,1255.2371877918265,1226.7086787991482,1236.4383544921875,614500
2016-02-29,1232.52483680886,1264.4050331924757,1230.7405113783627,1247.2227783203125,728200
2016-03-01,1265.3415527831746,1278.1370007679425,1259.791587988894,1277.496337890625,570600
2016-03-02,1278.9157738587112,1283.1250876920808,1263.3306028716086,1282.8687744140625,469300
2016-03-03,1278.2453262902477,1287.2750131505716,1270.3294588491397,1284.514892578125,446800
2016-03-04,1287.9555407355024,1290.3509268728085,1267.7765845732995,1279.2608642578125,601200
2016-03-07,1263.182633847589,1277.8609603368077,1263.182633847589,1273.070068359375,504500
2016-03-08,1265.7458194603737,1280.4733649260618,1262.3842645482578,1264.5333251953125,420400
2016-03-09,1261.8023401888452,1273.533182887258,1245.458100071632,1273.5233154296875,443000
2016-03-10,1277.387745154987,1287.4328178798562,1256.3806480764752,1275.376708984375,431100
2016-03-11,1288.81305444982,1309.2187197386386,1282.1096801673305,1308.0062255859375,649000
2016-03-14,1301.4507707988314,1322.2311593197455,1298.8581559635036,1306.8824462890625,490200
2016-03-15,1296.452826420611,1319.9637321609862,1296.452826420611,1313.19140625,383000
2016-03-16,1309.317286051143,1338.5951212586135,1306.1628277332072,1331.7833251953125,536200
2016-03-17,1322.6253607829324,1337.04737478799,1318.100649282593,1327.7120361328125,389400
2016-03-18,1333.764825528862,1342.2721403528367,1319.2738589286855,1325.109619140625,472700
2016-03-21,1321.8860347920795,1331.7932048421378,1314.4039734268122,1331.3101806640625,256200
2016-03-22,1292.3617514264326,1309.2679570624082,1287.4328355171024,1300.6522216796875,840100
2016-03-23,1304.1025890280357,1305.0193000883685,1281.5182604519978,1287.5413818359375,447900
2016-03-24,1281.5182598410331,1285.89507982929,1273.2672586276055,1282.6912841796875,383700
2016-03-28,1282.8491528691966,1286.1613705222258,1252.9405193879195,1268.7327880859375,453800
2016-03-29,1262.9855235657556,1295.2207098742217,1262.9855235657556,1289.296142578125,427700
2016-03-30,1298.177995706896,1304.2799363093227,1292.4013202588503,1298.30615234375,376400
2016-03-31,1293.6533911357458,1296.2952230962671,1270.0142055893944,1270.63525390625,488200
2016-04-01,1259.8309642155614,1283.213713481667,1254.9020480801328,1281.222412109375,567300
2016-04-04,1279.1030307167166,1279.7436935245298,1258.145270398463,1263.5374755859375,357100
2016-04-05,1251.9447610534726,1269.55083593015,1247.5679410669063,1260.8956298828125,373200
2016-04-06,1262.0194785220558,1276.471095520659,1255.1091279016152,1274.627685546875,280400
2016-04-07,1273.109564517906,1273.9573237389925,1253.3741630565826,1258.3524169921875,389200
2016-04-08,1264.5429580638745,1265.3020303549729,1253.236054034673,1256.03564453125,300400
2016-04-11,1263.7248366302974,1270.0733435726847,1245.2512674587863,1246.651123046875,293800
2016-04-12,1250.5153082275956,1286.0329849502907,1237.2663196389954,1281.794189453125,449400
2016-04-13,1291.7209478100574,1311.0324063428554,1282.0110076896071,1299.025634765625,605300
2016-04-14,1304.191217211056,1320.94953217144,1300.248084279201,1317.390869140625,519800
2016-04-15,1314.7095772684074,1316.1290473735482,1301.983081943756,1312.9647216796875,479500
2016-04-18,1309.997561092706,1349.5669165036502,1309.997561092706,1334.1295166015625,638900
2016-04-19,1340.54710456731,1340.6653937592464,1314.335158246329,1326.6475830078125,434700
2016-04-20,1327.455685966302,1344.9336035454053,1319.3032393237618,1330.807373046875,416400
2016-04-21,1324.212707725034,1338.1319640036395,1317.9923569408816,1320.94970703125,269600
2016-04-22,1312.0775725144167,1330.383515451063,1312.0775725144167,1319.470947265625,527000
2016-04-25,1313.063334641248,1321.9353841996349,1304.6348394268311,1316.286865234375,393400
2016-04-26,1315.0349330024806,1317.8246564438418,1302.7027741913869,1314.985595703125,320000
2016-04-27,1312.816897753601,1337.707925850675,1308.1344271214782,1334.4942626953125,395500
2016-04-28,1311.0917584586634,1336.633436860446,1291.5239844764617,1298.858154296875,743400
2016-04-29,1313.4674340593206,1349.0048464038337,1313.4674340593206,1324.5574951171875,1018000
2016-05-02,1329.8217276149985,1339.462717574743,1306.1629274202169,1337.40234375,508100
2016-05-03,1327.0811312327437,1339.2260485650015,1316.0994911120165,1335.3814697265625,861500
2016-05-04,1240.115398838606,1248.00166528591,1188.115329451693,1235.2259521484375,2884800
2016-05-05,1236.0540142651998,1245.9513174666672,1221.405288331144,1223.209228515625,816900
2016-05-06,1213.508947658991,1235.186309903534,1213.508947658991,1232.3275146484375,572500
2016-05-09,1232.327725846368,1235.1865215914088,1213.617577358684,1227.221435546875,425400
2016-05-10,1234.9400041223646,1256.430127762095,1232.7318592017714,1250.2393798828125,539800
2016-05-11,1248.6719205187178,1256.025824705914,1242.0868357753625,1249.29296875,497700
2016-05-12,1255.385158592717,1271.8575589433008,1252.161627964821,1264.0206298828125,706500
2016-05-13,1255.8878653247436,1270.6746141315498,1252.9403830227095,1260.4619140625,482900
2016-05-16,1263.7246128764311,1271.1179862198358,1251.0179744515697,1265.2230224609375,432400
2016-05-17,1266.6230340121997,1277.5257340064336,1256.0455991646431,1259.8507080078125,456600
2016-05-18,1253.137590675818,1269.6889313234458,1237.5326838544102,1249.253662109375,378500
2016-05-19,1232.998079315126,1241.0026349916093,1216.3481847426688,1232.5347900390625,548800
2016-05-20,1236.3791513012336,1240.9334650285257,1227.9705117704389,1231.5291748046875,445700
2016-05-23,1228.6309982996434,1236.0934453071166,1217.16633364742,1219.89697265625,399700
2016-05-24,1220.261720492491,1244.7091948509988,1219.3646239816144,1238.764892578125,391900
2016-05-25,1240.6180588016582,1259.0718919331562,1233.2148171391254,1252.1221923828125,344800
2016-05-26,1252.8617618422406,1261.7928969600152,1243.6347232327107,1250.9788818359375,330500
2016-05-27,1249.0071349229197,1255.4935455029392,1244.5513752999495,1254.902099609375,307100
2016-05-31,1260.2747253876785,1268.0624382268572,1237.1581530522503,1246.35546875,784200
2016-06-01,1241.1604970476717,1264.3361539182738,1231.7462175068022,1259.8311767578125,755300
2016-06-02,1261.2112430100176,1272.0055225667218,1254.084048637713,1271.6605224609375,447000
2016-06-03,1262.5814692508643,1285.234750911946,1257.9088658952571,1283.2039794921875,596700
2016-06-06,1284.0024252919654,1332.5226482505009,1280.6112683186898,1329.920166015625,842600
2016-06-07,1328.845630111085,1354.446391109114,1325.8882804909392,1340.6651611328125,865000
2016-06-08,1340.665268493338,1349.438763802659,1332.7888696677296,1335.5687255859375,494500
2016-06-09,1327.8698207238672,1332.0988695265737,1317.3121202414447,1321.0185546875,450000
2016-06-10,1308.735669625119,1312.4323567661054,1296.6992948012253,1300.1495361328125,479600
2016-06-13,1294.8262244660289,1318.9384428682288,1294.0276823186807,1296.7681884765625,414900
2016-06-14,1292.2730556356214,1302.2195741776306,1272.6658138446487,1285.559814453125,527000
2016-06-15,1287.5314712732643,1300.248099191313,1283.7559647682651,1286.8612060546875,490900
2016-06-16,1285.4614804357311,1316.0207640963968,1284.860167036143,1305.0687255859375,629100
2016-06-17,1305.3742331864487,1305.3742331864487,1285.471325579528,1290.626953125,535600
2016-06-20,1304.822216825339,1340.5667287779015,1303.5013009019906,1322.8817138671875,722900
2016-06-21,1325.237744907162,1331.7932278677863,1310.3919110995876,1323.956298828125,453400
2016-06-22,1353.7268679401316,1354.959097020725,1333.1042387267632,1340.7637939453125,685500
2016-06-23,1354.4662715552631,1374.181937807887,1351.5089216173694,1370.4359130859375,679200
2016-06-24,1275.386615608651,1295.0924121225494,1200.0234178721882,1214.6229248046875,3179200
2016-06-27,1202.773939247826,1216.367929733976,1131.7384558026763,1169.1883544921875,1758600
2016-06-28,1200.6641783392574,1218.13222740873,1171.94830949207,1187.12939453125,1206000
2016-06-29,1202.655585942113,1231.203830852072,1198.7124528734505,1221.7896728515625,778500
2016-06-30,1253.1769996748794,1257.435530514041,1222.3811395122154,1230.6617431640625,921500
2016-07-01,1231.253085648998,1257.563581525971,1227.8028444451024,1249.35205078125,644100
2016-07-05,1241.653402004515,1256.923177304473,1228.4930972942482,1256.9034423828125,568800
2016-07-06,1251.80678198421,1276.0275453446418,1242.0869729692552,1273.6715087890625,561800
2016-07-07,1271.305475413084,1287.3736695608038,1271.305475413084,1278.817138671875,494900
2016-07-08,1288.359348716362,1311.7027462283895,1285.6780474778102,1310.5592041015625,712700
2016-07-11,1323.808331386024,1341.6411164273875,1322.4183433298217,1331.82275390625,648200
2016-07-12,1342.6368667154247,1347.555915800022,1315.0448015262348,1326.302490234375,489500
2016-07-13,1323.295849101049,1340.379431118701,1318.8696915167282,1319.618896484375,351400
2016-07-14,1326.1346621497016,1331.793047855772,1321.1958788961497,1327.0416259765625,290200
2016-07-15,1309.0117327337778,1315.0348539439667,1303.7870333810124,1311.653564453125,562000
2016-07-18,1313.556257536911,1330.2456218839563,1309.2187869159677,1322.290283203125,300100
2016-07-19,1313.06331576453,1319.559593820682,1306.1628328738757,1308.1343994140625,381600
2016-07-20,1311.2002004486164,1343.6127599120357,1304.8616812668135,1333.59716796875,649700
2016-07-21,1329.8314430776277,1331.5960335642935,1306.9710674281862,1313.55615234375,523100
2016-07-22,1317.2331091434387,1317.6963983822166,1304.260168113585,1308.5286865234375,405700
2016-07-25,1311.5354577683072,1311.8115059967597,1286.5360055395608,1302.88037109375,592700
2016-07-26,1303.9447398979776,1312.392849053019,1297.3203056128834,1305.699462890625,456100
2016-07-27,1300.642411022349,1320.9495213886642,1296.758362542046,1305.650146484375,481500
2016-07-28,1291.3761055344405,1310.963614627129,1291.3761055344405,1307.2471923828125,500500
2016-07-29,1296.2950140704718,1334.740558085402,1294.747387425415,1331.6058349609375,1413600
2016-08-01,1334.4842148962437,1344.2040223915403,1323.3153350394105,1336.80078125,547900
2016-08-02,1334.0703657483311,1343.6225475220692,1306.872519689667,1326.2530517578125,597400
2016-08-03,1322.526775073262,1357.1081282606842,1317.036015355718,1351.6468505859375,861800
2016-08-04,1339.0879118562432,1344.2928759895012,1325.2080075008882,1340.6552734375,1321600
2016-08-05,1414.5989850059862,1414.5989850059862,1386.9871861317972,1394.1143798828125,1456600
2016-08-08,1395.4157070058943,1398.4124063586744,1382.087897765382,1385.0255126953125,637000
2016-08-09,1384.5426216335309,1389.3631167913431,1378.3716080614763,1387.007080078125,428100
2016-08-10,1390.9402217626257,1391.9260050523226,1381.131726164089,1386.287353515625,268000
2016-08-11,1388.7221529168958,1396.2930212214,1385.39020071975,1386.918212890625,301200
2016-08-12,1381.0330493697118,1388.3180023091663,1381.0330493697118,1387.963134765625,281200
2016-08-15,1387.9827222649192,1392.0244092499968,1376.8926614513678,1379.2684326171875,428800
2016-08-16,1378.0758450336834,1390.3193180857368,1372.6441689157064,1388.6336669921875,365500
2016-08-17,1388.6335711071376,1408.9505509779212,1384.0693895028746,1406.909912109375,479700
2016-08-18,1419.527897551175,1429.2871759138136,1417.0634393957043,1422.55419921875,523500
2016-08-19,1417.5563010103874,1422.5541690965103,1407.777287935994,1411.6416015625,476800
2016-08-22,1414.0468702479611,1414.056737707271,1400.7980011017266,1403.7454833984375,405700
2016-08-23,1405.0565285071557,1412.6273968121511,1399.319322941276,1402.2470703125,306200
2016-08-24,1399.0334898231697,1409.2068409476874,1384.0496316778374,1390.1319580078125,369200
2016-08-25,1384.167970083183,1398.432226174612,1384.167970083183,1395.4256591796875,309300
2016-08-26,1395.4257567107493,1409.3646282589318,1390.447502347192,1399.60546875,412000
2016-08-29,1402.7696590949192,1413.5836731943598,1399.5757307768974,1404.928466796875,316600
2016-08-30,1402.4638579002335,1410.172749993399,1391.9258931413644,1396.4112548828125,199000
2016-08-31,1394.0453456943726,1398.24479178132,1387.9827549067488,1396.588623046875,167200
2016-09-01,1402.2766874515803,1404.1200973345192,1388.5053241887515,1398.4222412109375,307100
2016-09-02,1406.7128511725348,1409.6504663243454,1395.6326558608675,1402.621826171875,263600
2016-09-06,1401.7051497634004,1416.53125,1396.1157146672629,1416.53125,386800
2016-09-07,1414.3527153059388,1426.743959540255,1409.50261771857,1423.4810791015625,302200
2016-09-08,1422.810444306387,1433.4372162438644,1421.4304440733556,1425.27490234375,350500
2016-09-09,1412.2921297555572,1422.4850938932989,1393.1383100900307,1393.798828125,496100
2016-09-12,1382.7286590840888,1422.6134115782295,1382.7286590840888,1415.791748046875,504600
2016-09-13,1405.72687164284,1419.5179692630936,1385.5479180109153,1395.8197021484375,523700
2016-09-14,1398.530741206755,1410.8530326473406,1395.879041849482,1409.0589599609375,393200
2016-09-15,1411.6218919281662,1438.1690880396068,1405.884686308296,1436.5030517578125,733800
2016-09-16,1432.6487988726965,1442.1122945741631,1421.716375332416,1439.29296875,740400
2016-09-19,1448.115632714431,1452.2263922966729,1425.9848462980472,1427.473388671875,503000
2016-09-20,1437.1634068921094,1438.7801056936785,1419.5277319487575,1428.3997802734375,289700
2016-09-21,1431.9884047263247,1443.867022429944,1422.0024141259491,1443.1868896484375,412500
2016-09-22,1444.0245111690497,1449.0323668903973,1437.271920247207,1445.030029296875,337200
2016-09-23,1444.1725273421378,1444.1725273421378,1431.7615493504163,1436.0496826171875,321200
2016-09-26,1431.9683770605625,1433.1020517995312,1419.7545088586116,1426.576171875,327600
2016-09-27,1426.083447736601,1439.7562574162057,1420.7305914224935,1432.826171875,471900
2016-09-28,1438.7309733753,1440.7814796278878,1428.6464295964345,1437.3016357421875,394700
2016-09-29,1438.2678196249576,1460.714126452756,1434.620469251024,1452.0391845703125,652500
2016-09-30,1457.056600918791,1459.639348230214,1443.1078641461638,1450.5701904296875,436500
2016-10-03,1443.0191457286517,1469.2410781583408,1438.671927953467,1465.583740234375,514100
2016-10-04,1473.105133399973,1477.521422979969,1461.9362528177571,1467.8509521484375,386300
2016-10-05,1472.326558867873,1480.4395361488223,1468.817112569718,1476.289306640625,399000
2016-10-06,1471.5083368340952,1475.9739642172613,1464.1642991301171,1469.2508544921875,361800
2016-10-07,1477.4329246068385,1477.4329246068385,1456.997655066724,1458.7818603515625,414200
2016-10-10,1459.944969144805,1465.455463727558,1449.337931923149,1454.207763671875,441800
2016-10-11,1449.1014694085452,1454.5430125472517,1434.3245871806184,1438.277587890625,418200
2016-10-12,1437.2718467594823,1448.4112445973913,1432.155689921667,1434.15673828125,287900
2016-10-13,1425.245482928404,1428.5577002359782,1409.2559870249013,1422.0120849609375,483600
2016-10-14,1429.385653657518,1435.6453529703554,1414.64824281065,1419.1038818359375,328600
2016-10-17,1416.2059075329569,1422.840210077823,1409.2758218556942,1417.21142578125,263700
2016-10-18,1430.0067685451622,1439.1449985759857,1425.9453463464486,1434.2850341796875,326100
2016-10-19,1436.631236361388,1453.734552170512,1434.5216457059382,1448.312744140625,344600
2016-10-20,1452.9754810875684,1453.0345655052836,1440.239118856641,1447.4156494140625,300400
2016-10-21,1440.0025623305748,1447.1297557021508,1434.8074655480111,1446.5284423828125,379700
2016-10-24,1457.194515964418,1458.791479902584,1444.6455153369077,1450.875732421875,274600
2016-10-25,1445.394966302159,1460.7830299216707,1445.0302312768554,1458.003173828125,365700
2016-10-26,1454.0302557655325,1456.5440511213108,1444.6455802171145,1448.2733154296875,416700
2016-10-27,1454.1289220709666,1458.9592843089647,1440.3082209484598,1442.220703125,358800
2016-10-28,1444.25126408464,1461.9165430433154,1439.2435285524211,1453.852783203125,600900
2016-10-31,1457.2834455014167,1458.5747590015255,1451.3490110059026,1453.271240234375,284200
2016-11-01,1453.2712366876751,1458.9690928130062,1433.2599087030042,1446.14404296875,562900
2016-11-02,1447.603011486843,1448.6578669837722,1421.2925135093617,1424.7821044921875,539800
2016-11-03,1428.7450921230648,1435.813202151514,1415.0033298129567,1417.655029296875,367700
2016-11-04,1408.7336998247467,1421.6375697737035,1401.97112036328,1404.031494140625,435300
2016-11-07,1417.0140347414026,1464.085183273385,1415.3777212450586,1459.284423828125,1395500
2016-11-08,1518.1061724665014,1566.6165266522507,1518.1061724665014,1555.694091796875,1561000
2016-11-09,1542.750927230932,1552.6087606317687,1524.592754786034,1547.9361572265625,912500
2016-11-10,1561.914320197181,1578.16999633691,1498.6862898404304,1532.2225341796875,1101600
2016-11-11,1526.091107788214,1535.5546034330207,1509.1060807257518,1518.7470703125,643000
2016-11-14,1518.5595376297292,1520.0087303766445,1461.1574016060194,1468.0086669921875,801600
2016-11-15,1478.6452036699236,1486.3343607953104,1464.4795038413936,1476.1610107421875,669100
2016-11-16,1471.1730303353186,1495.4331408766604,1467.0721384569506,1481.85888671875,366800
2016-11-17,1481.178779623293,1509.1847946733974,1478.8620927544014,1491.3914794921875,413500
2016-11-18,1490.7803746972656,1507.2626423374204,1483.1405542406828,1485.92041015625,426300
2016-11-21,1490.5044581234963,1509.263944568743,1485.7726498050238,1502.5113525390625,295800
2016-11-22,1508.4947660472783,1514.0644652837773,1503.9503198624154,1513.59130859375,320100
2016-11-23,1509.1553356933152,1511.757817912263,1489.4100683248307,1499.366455078125,319000
2016-11-25,1501.4662230907024,1506.266982846017,1489.912871941241,1500.0467529296875,173700
2016-11-28,1495.729114311677,1514.1632146899,1491.5986195308003,1503.3885498046875,348900
2016-11-29,1506.9176068263846,1511.107185687947,1493.4616412393332,1498.65673828125,327100
2016-11-30,1501.594461244861,1506.8486430865792,1478.8819747566845,1482.302734375,375600
2016-12-01,1480.3408600650016,1482.7363664217164,1448.0860594990424,1458.6241455078125,572600
2016-12-02,1460.4180156878688,1467.6340158019675,1446.1241598770234,1452.05859375,336100
2016-12-05,1455.2033749930686,1481.5041260794546,1454.2570615432014,1478.4383544921875,349300
2016-12-06,1485.5359823308286,1486.6499222875234,1472.750401646069,1483.4263916015625,254900
2016-12-07,1483.2980931367576,1506.0796492087122,1480.5182374082044,1505.3304443359375,389900
2016-12-08,1513.532121584103,1529.7088580395362,1501.111276985808,1526.6529541015625,505900
2016-12-09,1533.3857213272895,1537.013456341156,1527.9047091399548,1535.8304443359375,333900
2016-12-12,1538.364217823423,1544.3577371261158,1506.8387659704931,1514.93212890625,396400
2016-12-13,1523.222335109408,1537.821842541969,1516.3909246964108,1518.214599609375,388000
2016-12-14,1520.8073410564027,1527.106510876539,1504.029289789244,1506.720458984375,307600
2016-12-15,1498.390685185923,1501.3480352224742,1479.236861835179,1479.85791015625,584200
2016-12-16,1486.0682021843172,1486.5314914167368,1452.1868377711282,1463.1783447265625,714500
2016-12-19,1463.168587048672,1480.1240115484582,1456.977839090403,1467.6636962890625,390100
2016-12-20,1466.9046163232815,1482.578473041926,1462.882543825631,1480.892822265625,306500
2016-12-21,1476.8116398056463,1491.2040503075568,1473.74586852602,1484.3529052734375,290700
2016-12-22,1480.0548977449537,1481.809620694287,1454.4442698570942,1460.280029296875,406400
2016-12-23,1456.5340057431576,1468.8956440375125,1449.436295194656,1465.07080078125,275600
2016-12-27,1468.8269219587746,1482.0167067649224,1465.2978612154973,1472.1884765625,193900
2016-12-28,1473.479866805275,1474.7811681612134,1455.4893214087324,1459.4127197265625,248700
2016-12-29,1456.2089324491014,1466.2837293843272,1452.4038232928508,1459.1170654296875,200900
2016-12-30,1462.3995413868524,1462.3995413868524,1441.5502021887098,1445.2174072265625,407400
2017-01-03,1455.9131903916616,1466.2145773400766,1438.740802656298,1456.563720703125,458500
2017-01-04,1463.5334020178702,1472.4153195968074,1459.6986903597212,1466.145751953125,387700
2017-01-05,1468.7085401933102,1483.544505090826,1468.7085401933102,1482.3221435546875,447500
2017-01-06,1480.1931492141823,1504.7686603992656,1479.867763698898,1498.9525146484375,473400
2017-01-09,1496.4189016975838,1516.893638071227,1496.4189016975838,1507.8934326171875,397500
2017-01-10,1513.137912457666,1522.601528510619,1507.755574087079,1513.423828125,325100
2017-01-11,1510.4269056567452,1524.6814131915132,1505.3107483815468,1514.271484375,404600
2017-01-12,1509.786343381905,1518.0373448696992,1494.447497324091,1516.71630859375,314900
2017-01-13,1513.916720858458,1526.9290124382185,1509.4905634159632,1523.843505859375,326200
2017-01-17,1522.0494737747335,1524.9969563283748,1512.2015078555332,1518.2344970703125,330200
2017-01-18,1523.2520367725035,1525.2532057450778,1507.4696365663126,1519.9398193359375,246000
2017-01-19,1519.4863056362935,1526.9782341708035,1510.9296541914678,1517.14013671875,279200
2017-01-20,1525.5587171861373,1525.5587171861373,1506.2866073603886,1523.044921875,596500
2017-01-23,1519.5552481048414,1533.6125266047254,1512.8125244990274,1532.883056640625,430300
2017-01-24,1536.2250348946825,1543.7959038375018,1530.0638890650337,1541.1046142578125,360300
2017-01-25,1546.6939289497593,1558.9866172739817,1543.0071091984278,1556.374267578125,308000
2017-01-26,1554.1465244308424,1564.9408030653249,1553.0521991103146,1558.95703125,294200
2017-01-27,1558.523422333859,1582.6455111919506,1555.2408072126866,1580.1318359375,428000
2017-01-30,1575.9222733768213,1580.7821169698764,1548.66534492589,1579.5302734375,469200
2017-01-31,1576.26745839199,1576.6716632289315,1546.7235624893651,1552.73681640625,517600
2017-02-01,1561.5693923291385,1564.0338505133689,1540.641232682235,1552.914306640625,330700
2017-02-02,1547.709573875719,1562.9102772183428,1544.7226212287062,1551.7117919921875,444500
2017-02-03,1554.0773241786728,1565.4138308097097,1550.4497094442636,1560.869384765625,317500
2017-02-06,1558.8585394377076,1566.2815166123598,1548.9809714578714,1564.6156005859375,210200
2017-02-07,1567.3952918898487,1576.1983888350355,1565.423725484956,1575.9715576171875,295400
2017-02-08,1572.5017011249497,1581.4920391138594,1566.409507989206,1578.4261474609375,373600
2017-02-09,1580.052614121758,1593.1043732660742,1575.3307947097626,1588.914794921875,414300
2017-02-10,1594.4748655971034,1626.1974247450485,1591.0739613882292,1623.10205078125,843800
2017-02-13,1628.5139390013294,1628.5139390013294,1616.6845399286806,1622.7767333984375,413500
2017-02-14,1622.776688869469,1622.904845502634,1607.161795880938,1614.0130615234375,391000
2017-02-15,1608.1082444994356,1627.7943068845725,1604.8551116796514,1625.51708984375,280600
2017-02-16,1624.0286314414752,1635.384874185121,1619.1490522945371,1625.4383544921875,301600
2017-02-17,1625.3399235960335,1625.3399235960335,1610.829221359935,1614.1217041015625,414000
2017-02-21,1619.6222149177472,1633.679494297841,1614.1413223847032,1623.5850830078125,460300
2017-02-22,1618.1828927178335,1629.9530866196808,1615.6986997465235,1628.257568359375,278400
2017-02-23,1638.273234634124,1641.319271233791,1610.1784115393748,1613.9835205078125,412300
2017-02-24,1604.411621063521,1617.3549603075414,1598.9602106598184,1608.4237060546875,562400
2017-02-27,1607.9207544881165,1612.070863081518,1589.48665754358,1608.8079833984375,813000
2017-02-28,1679.6662863257804,1723.5336422577411,1673.9585626310693,1699.6185302734375,1739800
2017-03-01,1716.248566668012,1717.2540847946525,1701.6885294192086,1708.539794921875,623700
2017-03-02,1712.8182542217417,1722.4197741362457,1706.193819188611,1709.7130126953125,503300
2017-03-03,1706.3909296360423,1717.234546173302,1704.8235678485137,1710.4326171875,291700
2017-03-06,1705.4050845640008,1712.1576760052708,1702.4477347063753,1705.612060546875,353800
2017-03-07,1695.547118188439,1712.9166135043936,1695.547118188439,1711.7730712890625,282600
2017-03-08,1710.5310653343315,1724.7658381888252,1707.0513418795765,1718.7032470703125,421100
2017-03-09,1713.4393964517565,1731.3510033520704,1713.4393964517565,1724.5491943359375,419500
2017-03-10,1732.1593328299073,1734.1605018677678,1725.91936767908,1729.300537109375,330700
2017-03-13,1732.021314018751,1747.2910882019494,1729.9905425944469,1741.9974365234375,327900
2017-03-14,1742.7959727937298,1744.698467230084,1731.272103110146,1743.8507080078125,320900
2017-03-15,1747.5767782188464,1748.1682240745956,1734.76159655987,1742.844970703125,353200
2017-03-16,1745.822272633564,1749.7654059427307,1743.7915012186013,1748.7598876953125,302200
2017-03-17,1749.4991980366435,1749.4991980366435,1741.6622688402642,1747.4290771484375,414600
2017-03-20,1748.286534941024,1751.431125641784,1737.5118714343907,1740.341064453125,262400
2017-03-21,1746.808072987027,1746.808072987027,1719.2849589002185,1722.301513671875,432800
2017-03-22,1722.3013727351813,1729.951060430339,1714.27708258926,1727.0823974609375,277800
2017-03-23,1728.028678980705,1733.7956071911085,1722.8238349383764,1723.474365234375,220900
2017-03-24,1728.66954762123,1732.5042590469684,1723.3364263460137,1728.1865234375,300400
2017-03-27,1711.319785090117,1749.1146825947137,1708.3624352310903,1746.8079833984375,400400
2017-03-28,1742.5198279579354,1773.1776637054088,1741.3960205856456,1763.0240478515625,454900
2017-03-29,1764.3843155602085,1771.9058462493902,1757.9472426675372,1759.67236328125,287800
2017-03-30,1763.0536926405523,1770.0331154010987,1754.3394019845098,1763.763427734375,277400
2017-03-31,1759.3670008468816,1765.321170904445,1753.4917704731863,1754.664794921875,420500
2017-04-03,1751.007522823051,1759.623259576484,1740.9032436013931,1748.769775390625,359800
2017-04-04,1747.7838918823363,1749.2724342652496,1736.368564795006,1742.253662109375,258300
2017-04-05,1745.48701627049,1762.1565245122931,1733.7463039808986,1736.723388671875,324100
2017-04-06,1739.6610577935662,1749.7061317392534,1730.4144057371605,1748.306396484375,326800
2017-04-07,1748.7203251841856,1748.7696624818873,1736.220660644061,1744.4027099609375,289700
2017-04-10,1744.836460132028,1756.7841490456387,1742.076218727812,1750.7215576171875,262000
2017-04-11,1744.8461297133538,1755.2363231381162,1731.626743320816,1743.259033203125,352900
2017-04-12,1749.351257585788,1749.666775624339,1725.130615234375,1725.130615234375,426800
2017-04-13,1729.6850466218643,1732.198842301802,1713.6265973209397,1714.050537109375,418300
2017-04-17,1718.2202818273654,1747.6458890928902,1714.967148822486,1745.437744140625,425000
2017-04-18,1743.446543859934,1745.8124479704077,1730.4342517546515,1738.24169921875,287000
2017-04-19,1741.7804047045386,1746.058670208222,1732.4253315240096,1738.1329345703125,291100
2017-04-20,1739.1878509450505,1746.669912192842,1735.2151155278607,1735.7672119140625,346600
2017-04-21,1734.8798947456423,1740.8635458809313,1721.54221903859,1727.10205078125,459500
2017-04-24,1753.1761354543355,1780.1078026937762,1748.6810261644628,1773.049560546875,852100
2017-04-25,1782.0793367077797,1782.0793367077797,1769.7866480181972,1773.5128173828125,355800
2017-04-26,1773.621094715967,1780.373805939684,1767.706395484587,1778.47119140625,321700
2017-04-27,1781.3105800366195,1813.407744873177,1774.6861445573654,1809.7701416015625,436100
2017-04-28,1825.1678601839972,1832.186632265456,1812.3526776512588,1820.564208984375,477400
2017-05-01,1823.600536731985,1863.948579503588,1823.600536731985,1843.3359375,481200
2017-05-02,1847.7324325904729,1856.200277104226,1835.9719853456124,1853.78515625,259600
2017-05-03,1857.856396076144,1858.1915286819503,1838.9490207001625,1850.108154296875,300600
2017-05-04,1853.2726614351277,1890.6338737299711,1843.9865391407843,1883.2503662109373,675800
2017-05-05,1890.732269249664,1894.931715512013,1870.405423493753,1876.5863037109373,580300
2017-05-08,1879.888687964882,1899.7325099197203,1869.045072040596,1876.8426513671875,585000
2017-05-09,1884.265735353284,1888.7313629669711,1871.0563342643688,1883.960205078125,771500
2017-05-10,1827.4254651203296,1827.4254651203296,1775.3957916625302,1798.827880859375,1761100
2017-05-11,1793.8790400670837,1798.8178236962008,1775.1096887846122,1787.777099609375,774800
2017-05-12,1798.3938915452047,1801.5878196100416,1788.210794015602,1792.3314208984375,638700
2017-05-15,1792.1242088648194,1801.2920405216105,1785.253329018923,1788.0234375,521900
2017-05-16,1793.9579043391832,1809.129123130589,1791.7202774232503,1803.7862548828125,486500
2017-05-17,1792.5877025909926,1794.579004084245,1768.1008794365043,1770.1611328125,621800
2017-05-18,1769.480952252139,1788.3784606727893,1765.932156582006,1770.496337890625,502500
2017-05-19,1774.4098294588086,1796.3139041398708,1774.084564310627,1782.5721435546875,457700
2017-05-22,1790.0838774341228,1806.4083859331536,1787.5898168620197,1802.4259033203125,367200
2017-05-23,1799.4880566076797,1806.9209005657624,1788.7036459820586,1801.9525146484373,346200
2017-05-24,1803.125834934972,1823.699127850353,1803.125834934972,1822.45703125,408500
2017-05-25,1823.6990624345704,1843.799197892615,1822.1218332583585,1833.9808349609373,532300
2017-05-26,1835.085044521093,1842.9022391041483,1826.3016811731084,1837.401611328125,419600
2017-05-30,1831.2599325099231,1837.15489683112,1819.361461820136,1831.04296875,484100
2017-05-31,1835.902975794764,1850.40380859375,1823.698974599992,1850.40380859375,560900
2017-06-01,1851.5474776070675,1867.8326369272356,1843.8387051718023,1863.938720703125,433800
2017-06-02,1872.0419047286632,1874.959784708748,1854.2780709007136,1869.005615234375,463300
2017-06-05,1862.8445782673075,1873.2347730740084,1862.0362888839504,1864.68798828125,327600
2017-06-06,1862.0853456640605,1881.78139598695,1860.074429671308,1862.9923095703125,459600
2017-06-07,1863.327490710876,1867.9015395285023,1851.7741396551212,1863.4951171875,380100
2017-06-08,1867.0736487701208,1872.1307221253276,1857.935417940986,1865.4766845703125,339000
2017-06-09,1863.1303369563943,1868.3649037590565,1800.5725706046885,1815.9310302734373,667000
2017-06-12,1808.9123094686013,1813.318731827101,1755.7884343432595,1787.2152099609375,1001800
2017-06-13,1799.7741555852303,1828.4013416099967,1796.7083839104102,1817.311279296875,512000
2017-06-14,1818.7700866583864,1829.180015484225,1789.206456773585,1805.5704345703125,551800
2017-06-15,1788.2106892357758,1793.7211835204205,1766.1389893865578,1783.4788818359375,625000
2017-06-16,1790.261383000774,1790.261383000774,1771.807547568596,1776.98291015625,523800
2017-06-19,1789.9655419821277,1829.5151612342268,1786.258987328263,1825.2762451171875,562400
2017-06-20,1823.6990403248767,1832.3935957751908,1818.001184172574,1824.3299560546875,378800
2017-06-21,1828.223774359041,1843.414728354378,1821.7669660943384,1841.226318359375,305600
2017-06-22,1844.2035447442613,1848.2353649638665,1834.5428197518625,1836.4454345703125,278800
2017-06-23,1833.113342701746,1849.9406103095212,1828.844824093774,1847.6339111328125,359900
2017-06-26,1853.2724289418948,1869.0942975463283,1841.0881629449923,1849.6644287109373,406500
2017-06-27,1844.6865625641285,1855.2936010313729,1826.2720766484088,1831.8319091796875,339400
2017-06-28,1838.1505909532332,1871.6869556842544,1835.281928060783,1863.3372802734373,499900
2017-06-29,1854.3765874985927,1862.824697026857,1824.191909114428,1850.3052978515625,516900
2017-06-30,1857.26492192745,1860.1828017485907,1843.454089402199,1843.92724609375,461200
2017-07-03,1850.9757511131843,1857.531113715492,1809.9769374928424,1816.9267578125,335000
2017-07-05,1819.2627794044283,1842.7047312835675,1815.1914902350652,1839.481201171875,374900
2017-07-06,1824.8327879518447,1850.6110454281009,1818.7800640228272,1845.68212890625,422600
2017-07-07,1847.219958965857,1894.084137555908,1847.219958965857,1891.225341796875,631000
2017-07-10,1892.7039741801548,1908.6933507483268,1884.285346121172,1894.498046875,360800
2017-07-11,1893.5814188173035,1906.0614698881272,1876.8329691047425,1901.7239990234373,318400
2017-07-12,1911.6505854296272,1923.6574784891263,1909.46217547182,1918.51171875,344200
2017-07-13,1922.2773293905848,1922.2773293905848,1907.2243999730083,1913.1094970703125,291100
2017-07-14,1921.7550110986,1927.8176026818085,1915.258732608305,1923.1351318359373,302300
2017-07-17,1921.400012881414,1927.8864234704783,1910.8915295407608,1917.8018798828125,264600
2017-07-18,1921.2915609130396,1960.7623608870824,1920.562090932299,1948.144287109375,504800
2017-07-19,1953.014132406594,1970.5807371561607,1952.264927502046,1963.77880859375,361100
2017-07-20,1972.039703973436,1980.093596639529,1964.8336908173496,1970.797607421875,342100
2017-07-21,1965.1787785432916,1974.3760935758864,1961.8862959562937,1966.529296875,232700
2017-07-24,1966.5390690245997,1976.5841427832947,1964.133695272113,1973.5479736328125,261700
2017-07-25,1976.1897214842909,1994.6042051297936,1966.982539828973,1988.236083984375,330700
2017-07-26,1990.532958180235,2008.0404783101112,1988.8769097093616,2004.3043212890625,311800
2017-07-27,2011.0470812337844,2014.8915394763656,1967.623282795656,1996.2996826171875,487500
2017-07-28,1997.6601969411984,2011.618921756782,1979.4330738813755,1995.2845458984373,505500
2017-07-31,2001.1400518682983,2004.0974016986456,1981.660964692288,1999.661376953125,501100
2017-08-01,2011.0866482093568,2012.466768916512,1988.3348126332344,1995.8070068359373,371400
2017-08-02,1994.6830762765333,1996.7039800802736,1971.5665071145631,1992.6326904296875,354300
2017-08-03,1992.2383314812523,2001.13998304482,1983.938113590525,1999.148681640625,430900
2017-08-04,2002.1454848078408,2006.5321720687773,1991.5680499519583,2003.87060546875,333200
2017-08-07,2005.802762481077,2015.4437516880569,1993.2537607778304,2013.600341796875,402300
2017-08-08,2014.9410785844464,2038.590010481747,2006.177450549048,2019.8699951171875,830600
2017-08-09,1883.348745629964,1892.693951482409,1848.4223925237152,1879.6915283203125,2064800
2017-08-10,1873.2050727191656,1876.7933382933363,1819.1743537950151,1823.324462890625,1010600
2017-08-11,1826.6465372437467,1840.851707900152,1818.93776499693,1827.809814453125,620200
2017-08-14,1843.2865193435584,1850.315158723655,1834.3060483836505,1847.3084716796875,485900
2017-08-15,1852.5826517824291,1856.7228936156591,1832.620539440663,1834.385009765625,368800
2017-08-16,1842.922014374633,1842.922014374633,1825.9665885063168,1829.337890625,396200
2017-08-17,1828.10531468828,1828.2630736916824,1785.5293966776446,1787.1953125,640500
2017-08-18,1783.8930977432028,1794.125532793077,1775.3956508573249,1784.2677001953125,486100
2017-08-21,1781.704898802514,1794.3721911239136,1761.594893854379,1775.92822265625,463000
2017-08-22,1786.7322794613974,1795.2889316836267,1778.2644343796749,1792.3511962890625,475400
2017-08-23,1790.073944065036,1797.7629811444533,1782.4637263243512,1787.2447509765625,422000
2017-08-24,1787.2643631920905,1796.5602311296466,1775.5039169861968,1789.69921875,317000
2017-08-25,1796.9153826609245,1796.9153826609245,1762.866508297774,1767.982666015625,423200
2017-08-28,1774.4098984767247,1779.3388148613822,1757.1093538326274,1764.46337890625,485800
2017-08-29,1750.6524676010288,1785.2534350133308,1749.173792751487,1781.3695068359375,488800
2017-08-30,1783.3806405812995,1792.9428113102747,1782.4441945295157,1787.2252197265625,333400
2017-08-31,1795.919699094525,1829.958825711228,1791.42458976951,1825.74951171875,532100
2017-09-01,1832.1375199563204,1840.9404976883463,1822.269819215669,1824.5074462890625,379800
2017-09-05,1819.509511321985,1821.845812910775,1799.8627973638602,1816.690185546875,453000
2017-09-06,1798.0982967374057,1825.5523368907664,1780.3541977799175,1816.25634765625,517800
2017-09-07,1822.466839997113,1827.5140455803569,1815.0833328522583,1819.1348876953125,321000
2017-09-08,1820.6823971979625,1827.701289225062,1811.928757751739,1812.431396484375,295500
2017-09-11,1825.7296859722844,1843.6610245686704,1825.5620595082091,1842.290771484375,578300
2017-09-12,1848.796840721014,1856.131129981637,1831.7822138080776,1842.0738525390625,345600
2017-09-13,1837.1451383687825,1846.7565252022396,1832.738716054736,1844.568115234375,235600
2017-09-14,1834.227125995964,1838.83065649672,1814.4423899087792,1819.055908203125,490100
2017-09-15,1819.72624427554,1821.2542564194068,1809.9078817899228,1816.99560546875,379800
2017-09-18,1820.307916770444,1841.3050271126892,1819.9037119573056,1827.819580078125,319700
2017-09-19,1833.0245698482413,1837.0071728729256,1818.375844503671,1833.340087890625,301600
2017-09-20,1835.341360456349,1846.18497732899,1826.834045314691,1839.6787109375,253900
2017-09-21,1842.1529520141064,1849.329483367245,1825.926997293002,1839.816650390625,223200
2017-09-22,1838.0816045622887,1847.801413221662,1831.3290131899157,1835.6566162109373,236100
2017-09-25,1829.7418704117529,1834.9270999385749,1784.2676842317228,1803.539794921875,614400
2017-09-26,1809.355971566492,1817.222623650112,1794.3425106489772,1799.9615478515625,452700
2017-09-27,1805.4917663142064,1808.68569466784,1788.3193774322358,1793.1300048828125,441000
2017-09-28,1784.4746537974038,1798.4333782745748,1780.3541472107324,1785.93359375,311600
2017-09-29,1786.7614905684195,1812.8551406290285,1786.7614905684195,1804.7913818359373,377500
2017-10-02,1812.4610194365005,1848.2942157172652,1812.4610194365005,1831.062744140625,433000
2017-10-03,1830.5994072859437,1843.414588920148,1830.5994072859437,1841.0980224609373,286300
2017-10-04,1839.7674272253932,1868.0593598983469,1836.44534230641,1861.848876953125,379500
2017-10-05,1867.6649315616328,1886.759548404802,1862.1544368578643,1882.4615478515625,421000
2017-10-06,1882.1953830471548,1894.6754328595464,1876.941201572109,1890.7322998046875,291000
2017-10-09,1892.9997741784616,1912.3999226991505,1889.7861109002083,1899.5355224609373,233400
2017-10-10,1910.526880342653,1915.8698692207988,1884.7191405903843,1889.401611328125,341500
2017-10-11,1889.3028664439596,1899.2493853769213,1880.8743718324624,1892.90087890625,221100
2017-10-12,1892.9009302224665,1897.0018221965972,1886.2567608084676,1891.668701171875,235300
2017-10-13,1905.2922269539563,1910.871793595552,1892.723491073236,1901.635009765625,343700
2017-10-16,1912.4196466378144,1917.33869579284,1895.168438485154,1908.032958984375,224500
2017-10-17,1901.5858008301652,1910.990211760526,1899.022788387672,1907.02734375,284400
2017-10-18,1908.1707459425272,1933.564532415504,1906.494962529949,1914.262939453125,412800
2017-10-19,1906.5246071638533,1915.8599459878044,1895.6612561149605,1900.4521484375,365500
2017-10-20,1914.17424656366,1919.2115845796557,1909.9155954949777,1914.49951171875,307000
2017-10-23,1922.2772998505664,1932.125264698396,1903.823466652369,1907.0469970703125,360800
2017-10-24,1910.8324678121555,1919.0046497158728,1900.185960247226,1904.8192138671875,342500
2017-10-25,1900.1760573811064,1908.190480116821,1885.8132481970608,1901.388671875,248000
2017-10-26,1909.807122445976,1917.348388245638,1903.557290442321,1911.7196044921875,378100
2017-10-27,1858.2014732075968,1875.4724154376204,1842.4289408090176,1864.037353515625,903400
2017-10-30,1858.3493362448212,1864.9244335732492,1837.23381549974,1853.00634765625,476600
2017-10-31,1858.1423142440688,1886.3160779496889,1843.414769514676,1884.7781982421875,420000
2017-11-01,1891.1956719477676,1900.3240349966431,1883.7726947662843,1885.8626708984373,379000
2017-11-02,1883.6643201096017,1890.259273171824,1876.6258126821324,1883.969970703125,293800
2017-11-03,1886.799150370964,1889.5495243532143,1866.6496766459911,1867.556640625,485000
2017-11-06,1858.7438077206089,1877.8975104525475,1848.8958418716647,1875.9456787109373,1021800
2017-11-07,1721.8677488147785,1723.1493153182475,1614.8116998591224,1622.3233642578125,3325100
2017-11-08,1626.5423473999826,1646.2382772985563,1607.3787789586252,1637.494384765625,1332400
2017-11-09,1633.3739936802365,1682.9489545395722,1616.862123228693,1678.927001953125,1241800
2017-11-10,1675.8313871128848,1685.2160621342944,1658.7674226986676,1673.1204833984375,725500
2017-11-13,1664.3964417217364,1697.8637344900512,1659.3492363607695,1697.6666259765625,506800
2017-11-14,1685.7091152063113,1703.689792302588,1685.6696453686195,1695.0543212890625,525400
2017-11-15,1691.387219174974,1705.4346305340632,1681.775832455597,1702.2308349609375,525400
2017-11-16,1710.8664498994412,1717.1557523981005,1702.9012435282325,1707.03173828125,522000
2017-11-17,1706.3907520219411,1724.7262958276474,1702.7827517467804,1722.380126953125,504400
2017-11-20,1726.0966659278024,1747.8725850167498,1723.0308943492353,1729.0836181640625,513200
2017-11-21,1741.3960739854065,1746.226436242008,1733.00704844153,1741.5538330078125,539400
2017-11-22,1746.403667682187,1749.6173306184248,1731.064943294656,1734.179931640625,369300
2017-11-24,1733.1745746960628,1740.6467683877593,1729.43841768278,1733.4210205078125,186600
2017-11-27,1735.1264046455692,1751.8156476140894,1721.5620175527902,1738.3302001953125,443200
2017-11-28,1738.251339532931,1742.2339425352593,1725.229180767523,1727.112060546875,352500
2017-11-29,1728.2061091308176,1728.2061091308176,1693.5459380668665,1709.7916259765625,540400
2017-11-30,1716.1992903065648,1725.337520230952,1704.9219877572643,1714.9769287109375,443700
2017-12-01,1702.250724399103,1711.8029072296329,1679.8931052381272,1710.6298828125,397700
2017-12-04,1715.262948737184,1724.943287833861,1696.828849088729,1698.7412109375,502800
2017-12-05,1701.2844887012363,1716.3176840867,1696.9667530164754,1700.35791015625,380300
2017-12-06,1692.3040000592014,1702.8223511262615,1677.704612049855,1694.6009521484375,397600
2017-12-07,1681.6377013986385,1697.80456979093,1666.3087246513576,1695.1724853515625,504200
2017-12-08,1705.0106582922035,1715.0459845665669,1691.4364038998149,1695.389404296875,385800
2017-12-11,1696.2470165579723,1708.3623309144884,1688.3903531259407,1691.130859375,325700
2017-12-12,1690.6183540010795,1708.7567907290577,1689.179148894921,1699.21435546875,457200
2017-12-13,1707.3765477696306,1721.2859346510572,1700.6436916552711,1717.835693359375,386000
2017-12-14,1720.1819177991492,1743.3872942002822,1717.8949535878676,1735.885498046875,458800
2017-12-15,1744.8856853964653,1750.4848668548193,1733.3815515774218,1734.978515625,610700
2017-12-18,1751.60873456657,1761.3482782010797,1742.470504293584,1756.0250244140625,392800
2017-12-19,1757.7600106632665,1768.071265269029,1743.8111531787158,1755.305419921875,381700
2017-12-20,1757.5530362861166,1761.1413018702117,1745.4771910902646,1748.779541015625,406300
2017-12-21,1749.9033318341071,1763.5169362457948,1747.8233435704483,1753.50146484375,246600
2017-12-22,1753.0873779554145,1760.8356199683656,1747.8824134424046,1750.0216064453125,215300
2017-12-26,1747.1233053758249,1750.0215706861834,1727.73302598824,1730.364990234375,231900
2017-12-27,1729.3004063891788,1736.7726001361882,1724.006755127005,1732.888671875,222600
2017-12-28,1733.4015702812785,1739.8978492521776,1729.4288342630275,1739.0106201171875,168900
2017-12-29,1740.3413070265788,1744.8266694220088,1712.7098910636812,1713.03515625,298000
2018-01-02,1725.2094268057256,1765.202721862954,1719.6989319642762,1759.376708984375,475500
2018-01-03,1764.7787611882964,1803.017332673531,1759.62313394857,1798.2264404296875,525000
2018-01-04,1812.4018346364608,1822.6145338755557,1776.4108813387804,1781.556640625,592600
2018-01-05,1794.3030170801435,1799.5473310466157,1780.1274490673788,1797.615234375,358600
2018-01-08,1801.5089611483472,1848.294194108059,1799.2416116158802,1825.4832763671875,555600
2018-01-09,1836.711232890652,1850.0489086324744,1831.0923167148935,1838.7716064453125,368800
2018-01-10,1829.1406611161667,1846.9143630223105,1829.042106852439,1846.283447265625,274200
2018-01-11,1853.2725425619549,1873.8359670780692,1851.182686848631,1866.186279296875,385900
2018-01-12,1871.056352038468,1898.599082311728,1863.140482502652,1892.1126708984373,555300
2018-01-16,1903.2617136683568,1922.1098863138216,1887.7356260649549,1892.1815185546875,604900
2018-01-17,1900.146600866865,1931.1099669099103,1891.4027080263768,1922.1788330078125,515700
2018-01-18,1920.9465059106683,1929.6607959279356,1898.5888894151196,1899.318359375,398600
2018-01-19,1904.020607441478,1906.307691962981,1874.0035556919868,1883.052978515625,634500
2018-01-22,1882.8459471231915,1899.29861127737,1873.9738981576893,1888.533935546875,398200
2018-01-23,1900.1465616885823,1941.3620970142292,1897.6228987945408,1935.0333251953125,472000
2018-01-24,1949.7906211438792,1956.7205860770655,1915.03189341895,1927.44287109375,405300
2018-01-25,1938.917317186651,1948.4991012670475,1917.81166461532,1921.9520263671875,329900
2018-01-26,1933.111079833612,1937.0246104436835,1917.30894550444,1922.75048828125,380500
2018-01-29,1915.0517247642583,1932.588728191826,1893.9362027383515,1901.802734375,448800
2018-01-30,1880.0069875697648,1905.6472200833612,1873.3134806504029,1894.212158203125,382300
2018-01-31,1900.6000057898475,1907.4610188194,1869.045073793786,1884.866943359375,452800
2018-02-01,1876.9215155426425,1901.418206217058,1866.4722367420625,1876.625732421875,360000
2018-02-02,1863.258437784737,1872.988113328475,1830.1754952433157,1832.6695556640625,513800
2018-02-05,1815.122674545906,1845.9874843081463,1790.6752027791915,1799.97119140625,548200
2018-02-06,1774.419749200364,1837.5000108694635,1774.419749200364,1832.2359619140625,564500
2018-02-07,1821.1262197185,1873.352999546676,1810.568519113436,1855.91455078125,491200
2018-02-08,1857.422655288225,1862.420643850964,1777.377101957271,1780.3837890625,677100
2018-02-09,1742.845207869129,1798.0688097556658,1689.7015943870244,1739.9075927734375,1137500
2018-02-12,1748.7696026328888,1776.0757502833558,1707.7215740243648,1764.552001953125,682300
2018-02-13,1753.9350250546745,1779.171050927446,1736.9499997589637,1772.3001708984375,375200
2018-02-14,1758.8542342520684,1799.8726625425677,1747.813509528925,1792.5582275390625,452400
2018-02-15,1824.5467810563237,1849.15189259595,1809.9867431252196,1843.6611328125,491300
2018-02-16,1847.9689811235876,1899.4761556524024,1842.1134864115747,1858.201416015625,559100
2018-02-20,1856.2988474914048,1888.0903579180751,1854.189377190338,1867.6846923828125,408000
2018-02-21,1886.2175288414685,1888.8002762790504,1853.923258244444,1853.9429931640625,518700
2018-02-22,1857.4028244886968,1880.627934874591,1844.1243534174143,1850.453125,432300
2018-02-23,1862.8640949074024,1880.6871324420176,1848.5012864177515,1879.9083251953125,555300
2018-02-26,1878.8537480410907,1895.878245932592,1870.6816858092652,1878.5482177734373,570100
2018-02-27,1857.2155650428856,1892.457314751104,1843.434335039936,1877.9268798828125,661900
2018-02-28,2021.8416498348183,2057.665103396946,2005.122802734375,2005.122802734375,1441100
2018-03-01,2005.684358646609,2024.3452877237887,1970.4130065794664,1999.5330810546875,837500
2018-03-02,1974.34630077692,2008.898050860136,1967.2092398726763,2004.8760986328125,642400
2018-03-05,1991.2824586273937,2047.472112162919,1986.24511991729,2043.1937255859373,614800
2018-03-06,2045.5986799078603,2066.073414877404,2029.5402341299748,2055.860595703125,533100
2018-03-07,2035.6426601695289,2097.7075426716992,2035.6426601695289,2092.7490234375,580300
2018-03-08,2107.5947332504743,2138.311652857318,2100.3885998904902,2119.512939453125,584400
2018-03-09,2138.164003676152,2146.996583644297,2128.3752427757604,2139.751220703125,489400
2018-03-12,2149.0078744862994,2186.5663193862893,2143.162246141864,2174.72705078125,529700
2018-03-13,2179.497450600132,2197.300751871448,2131.440522519235,2139.1494140625,519200
2018-03-14,2144.620700330408,2163.380183606813,2131.5886752372803,2157.78076171875,344500
2018-03-15,2158.874892601055,2176.185301887589,2140.233820509064,2156.666748046875,336000
2018-03-16,2164.9672057559646,2167.323362441599,2138.922889934453,2140.618408203125,474000
2018-03-19,2130.8887274045023,2134.9697638258644,2094.6806902231183,2116.367919921875,450800
2018-03-20,2109.0339868954024,2136.872497051374,2107.634251654356,2108.698974609375,256800
2018-03-21,2111.843519820997,2135.029161281587,2104.233301956548,2114.4853515625,297200
2018-03-22,2102.5672283895806,2123.909581150631,2071.9489821236825,2083.748779296875,443300
2018-03-23,2086.1540260054044,2108.5805959174336,2056.4818526231275,2057.339599609375,412500
2018-03-26,2081.2054747263983,2111.922396967536,2049.463299304237,2103.375732421875,292700
2018-03-27,2107.0423931862315,2109.8125015751525,2027.2728983738,2048.023681640625,428800
2018-03-28,2037.59419620838,2054.2933063205437,1991.972119561909,2025.4788818359373,632500
2018-03-29,2030.38807683164,2064.4074658683467,2011.7075326787735,2050.8134765625,395800
2018-04-02,2040.9950594826892,2044.5242403808315,1981.345428288398,2001.9876708984373,372300
2018-04-03,2020.855624555499,2050.419254041109,2007.123611193495,2038.1759033203125,378400
2018-04-04,2014.162073170548,2052.2822328712946,1985.544878050487,2041.56689453125,385500
2018-04-05,2047.994293703742,2072.569802612128,2041.557100234031,2061.361572265625,320100
2018-04-06,2045.4016047057369,2065.8173783306397,1996.743477415123,2004.5015869140625,350400
2018-04-09,2024.5426862780264,2059.114175727448,2015.926949431452,2019.61376953125,355500
2018-04-10,2046.505963694872,2057.5565565097527,2028.7421285248588,2048.0537109375,291200
2018-04-11,2038.245017114916,2074.857146177472,2035.6821247599792,2051.070068359375,306700
2018-04-12,2064.673800162961,2072.7571751501328,2052.548617347327,2056.15673828125,240300
2018-04-13,2074.7482092610576,2074.7482092610576,2047.787183679173,2056.205810546875,262000
2018-04-16,2064.338967844204,2087.534239301467,2056.1174477021427,2066.78369140625,194400
2018-04-17,2089.76186906233,2141.1212739738926,2082.467169092932,2131.569091796875,438200
2018-04-18,2140.747049609796,2154.9718365977456,2125.56584094026,2149.599365234375,297200
2018-04-19,2144.5614844342595,2154.9714127884163,2125.318977114052,2128.256591796875,264900
2018-04-20,2130.3070906318358,2136.665344117163,2088.5001118972223,2101.06884765625,414700
2018-04-23,2102.77474297347,2119.7301699336654,2082.6547490220382,2103.356201171875,253500
2018-04-24,2107.22012195291,2121.3857013207985,2025.9125025902329,2037.8997802734373,393500
2018-04-25,2031.8176860355973,2060.12935207118,2005.6352251771,2048.0732421875,267800
2018-04-26,2068.1831101883777,2086.065112312333,2048.4674453387192,2081.777099609375,356000
2018-04-27,2115.510644735413,2141.121274986506,2092.906701609387,2111.271728515625,458200
2018-04-30,2113.1743785270974,2161.8820878001284,2103.474424407502,2147.0361328125,468000
2018-05-01,2139.543581122657,2151.31401445001,2121.198292088148,2148.40576171875,279100
2018-05-02,2145.330510353454,2154.626378916464,2118.438314693594,2119.256591796875,268100
2018-05-03,2118.448223074665,2130.721176512275,2086.6073756827773,2121.612548828125,271000
2018-05-04,2118.053872625913,2147.8442119488127,2095.775076113356,2144.7783203125,302900
2018-05-07,2158.767005110468,2170.537441999343,2141.703277098974,2163.755126953125,344900
2018-05-08,2143.437631311707,2167.539980552531,2124.362631599991,2130.868896484375,394400
2018-05-09,2153.936498663627,2160.423029756302,2127.5766629932705,2152.546630859375,635900
2018-05-10,2020.8557410406536,2068.597158306099,2017.908258635389,2050.448974609375,1134500
2018-05-11,2062.5738855402883,2065.215717017497,2034.5873668959744,2042.5328369140625,479000
2018-05-14,2037.3380444869488,2045.125877003108,2025.8044279452797,2042.562744140625,443800
2018-05-15,2024.8975479427552,2041.7049604656472,2005.743725711519,2038.3533935546875,400700
2018-05-16,2040.9066125278923,2062.958459028769,2036.2044070978973,2045.09619140625,280300
2018-05-17,2044.03111130559,2068.626351348165,2039.8711355324515,2059.409423828125,303500
2018-05-18,2068.084257844057,2068.084257844057,2036.9632568359373,2036.9632568359373,277300
2018-05-21,2046.850805875514,2048.920806221357,2033.187744646135,2042.109130859375,346600
2018-05-22,2046.5157576869176,2052.874011914109,2035.751080936328,2047.6591796875,296500
2018-05-23,2026.8196698397903,2056.8465886912377,2023.81298283704,2055.6044921875,410700
2018-05-24,2057.329721245862,2065.7187466502287,2045.45098449619,2058.591552734375,279600
2018-05-25,2054.372106279858,2088.7857097684287,2051.483829007398,2080.61376953125,344500
2018-05-29,2064.9399793116286,2075.172535183354,2029.8265030755624,2046.5157470703125,487700
2018-05-30,2056.747782093866,2078.435011886749,2044.248118855308,2068.173095703125,342700
2018-05-31,2070.16437028718,2087.898599703398,2067.778852055015,2078.937744140625,354000
2018-06-01,2090.8364111202213,2105.0710635257683,2087.9382661185714,2098.67333984375,301500
2018-06-04,2103.661744768198,2115.412205709652,2095.046007605264,2095.578369140625,284700
2018-06-05,2101.640483156624,2114.3964602348387,2095.775121144376,2110.552001953125,339900
2018-06-06,2115.3429629098528,2125.8019878221435,2098.7620222008404,2123.16015625,297700
2018-06-07,2126.4923680281167,2126.4923680281167,2091.753371692186,2101.67041015625,293800
2018-06-08,2097.460740505668,2113.2234042960336,2091.9599932182014,2106.165283203125,255800
2018-06-11,2108.5904331318416,2108.94542100686,2090.7673944386897,2094.089599609375,235300
2018-06-12,2095.8640488945857,2103.3262550009463,2091.822241200907,2101.68994140625,255800
2018-06-13,2103.691096799088,2103.691096799088,2073.220622618948,2076.41455078125,457300
2018-06-14,2084.4388342689685,2099.708608299225,2081.294243232681,2092.877197265625,387600
2018-06-15,2095.844141102728,2115.3133591698074,2082.0925136905585,2111.00537109375,516000
2018-06-18,2096.3275369616977,2123.2098686625222,2090.737981609304,2114.72216796875,287800
2018-06-19,2093.5672817228547,2116.210696659132,2086.0752319065577,2108.846923828125,358900
2018-06-20,2118.448220825084,2132.160379298764,2107.634207368342,2115.26416015625,348100
2018-06-21,2115.037538732323,2121.868949609733,2087.918630538648,2092.315185546875,315300
2018-06-22,2099.757981059552,2102.232306866229,2066.172275325904,2072.95458984375,369200
2018-06-25,2061.529086053192,2063.648423769744,2002.145512785493,2021.3682861328125,453700
2018-06-26,2018.8841000902612,2033.030186024317,2004.0776163916844,2011.3724365234373,357500
2018-06-27,2019.800797965656,2031.029003907793,1972.857924959703,1973.045166015625,449600
2018-06-28,1968.6091631344984,1996.8124076614035,1951.8508477748155,1990.7794189453125,357200
2018-06-29,2007.0052649769625,2020.34294060032,1995.0970471995597,1998.271240234375,348400
2018-07-02,1984.0563560255828,2032.300649369677,1965.503848444132,2018.8248291015625,294400
2018-07-03,2030.8613679389173,2043.2724663191552,2021.7428724197011,2030.9403076171875,208800
2018-07-05,2043.4793007793223,2045.6479757538004,2021.831539531476,2039.7332763671875,248200
2018-07-06,2047.4714951278447,2059.902325891826,2034.084483638896,2057.26025390625,252800
2018-07-09,2065.0681958658784,2069.218304958455,2047.432398250136,2052.0556640625,285300
2018-07-10,2056.294345360474,2058.0984055671397,2026.188488987445,2034.6959228515625,285100
2018-07-11,2027.618283744794,2029.7080191300795,1998.202424310668,2023.665283203125,332700
2018-07-12,2033.108939853577,2040.6108564982565,2013.3736596977049,2027.86474609375,357100
2018-07-13,2023.793257748884,2024.0693059365813,1999.2472309944208,2002.5594482421875,271300
2018-07-16,2002.106107728552,2004.9846382280975,1986.6096234398312,1991.2822265625,411200
2018-07-17,1972.1580305343784,2017.4843270613487,1971.5863195453917,2001.6527099609373,352500
2018-07-18,1995.806984008604,2006.0492869684044,1985.5154640845724,1995.13671875,265800
2018-07-19,1987.7038580071603,1991.962388894818,1974.0902532754176,1982.015869140625,347100
2018-07-20,1980.2316269968208,1996.8716535216467,1973.883120120459,1981.09912109375,359300
2018-07-23,1977.4714400282949,1981.966669654512,1956.7798581076397,1967.5938720703125,330000
2018-07-24,1980.438597894818,2020.845844678037,1980.1921520762648,1997.443359375,338000
2018-07-25,2000.6273373891893,2038.5898593365305,2000.1541806907076,2036.322509765625,338800
2018-07-26,2038.520922964584,2056.2847572688524,2011.9935810255597,2053.5146484375,454900
2018-07-27,2088.4412849004075,2101.5914810955123,2030.900993774667,2055.387939453125,520700
2018-07-30,2059.301146056144,2065.8367732816105,1998.4783695315627,2001.0413818359373,375900
2018-07-31,2003.466317022912,2013.5115103404169,1978.8908093925368,1999.8780517578125,280500
2018-08-01,2001.7809076152173,2019.8700073327989,1982.755241549825,1994.3677978515625,290200
2018-08-02,1982.5973178658733,2009.0262240400111,1968.6091115838576,2004.166259765625,375500
2018-08-03,2006.8279079292715,2010.987884201849,1991.9720875429591,2000.85400390625,303400
2018-08-06,2003.1115650332447,2058.1380534641557,1997.817913791409,2046.3382568359373,403700
2018-08-07,2063.244124412688,2079.016654747424,2046.4858109320303,2048.447509765625,398400
2018-08-08,2048.3295689473234,2055.2594134452,2012.614540513687,2015.9267578125,555700
2018-08-09,1883.8317625016348,1928.9214780537177,1873.9739301494544,1914.7755126953125,1680200
2018-08-10,1882.698158885522,1892.151786774874,1863.228939253974,1870.6815185546875,936400
2018-08-13,1874.683671493388,1877.8185151392497,1825.8480516844136,1827.8984375,658500
2018-08-14,1836.6523266118245,1841.3742671635453,1806.3789597351752,1807.4830322265625,688600
2018-08-15,1794.0762710087558,1845.6031834196144,1789.6895834520633,1836.997314453125,686200
2018-08-16,1846.3720189095643,1857.767730988825,1796.2153625627373,1799.0445556640625,941400
2018-08-17,1796.245003863512,1816.463428294586,1790.221882542888,1814.5115966796875,615300
2018-08-20,1818.0405383148563,1852.0303238768488,1814.4720079358967,1832.1766357421875,493300
2018-08-21,1847.3578412498084,1874.565435335713,1844.4004914505824,1871.095458984375,557400
2018-08-22,1872.4359276555265,1899.0028563020091,1871.1051444422935,1889.746337890625,461500
2018-08-23,1882.8657311971497,1902.561661161188,1865.4075484508544,1867.960693359375,427000
2018-08-24,1873.3924840231327,1891.9054030333084,1873.3924840231327,1876.28076171875,411400
2018-08-27,1886.7793473690683,1911.2268210661075,1886.7793473690683,1908.1806640625,340700
2018-08-28,1916.0768485086328,1916.8556558345697,1897.6526161137824,1903.7742919921875,265100
2018-08-29,1902.03927140256,1925.500962032498,1902.03927140256,1916.392333984375,271400
2018-08-30,1912.0351897111093,1930.1045548242555,1904.2770797196365,1916.36279296875,266900
2018-08-31,1911.3056349080853,1925.1263358313468,1911.3056349080853,1923.805419921875,304700
2018-09-04,1922.8786985788715,1923.312505793773,1894.084007638685,1897.9876708984373,389500
2018-09-05,1900.5605199379809,1900.5605199379809,1862.745888583536,1865.2794189453125,530100
2018-09-06,1863.9978697854096,1883.6641978393693,1845.248252782757,1882.3531494140625,411900
2018-09-07,1868.5423652059085,1895.6415383150604,1862.7360871675169,1874.7725830078125,348200
2018-09-10,1887.8438498925616,1888.780416168215,1845.297532043716,1849.0927734375,391000
2018-09-11,1843.286631962131,1860.7448158647076,1820.110856730998,1854.189453125,376200
2018-09-12,1846.77623885216,1862.6670600870689,1840.62496097638,1849.408203125,503600
2018-09-13,1862.2925201867272,1882.1166076426164,1849.7237832809617,1855.845458984375,393400
2018-09-14,1860.3505751269945,1891.4322310226755,1856.6045504649533,1889.0269775390625,392000
2018-09-17,1890.67316133144,1892.6447279279885,1852.602215165482,1863.879638671875,417600
2018-09-18,1869.695665921869,1890.771716319099,1861.9966410886464,1883.940185546875,298700
2018-09-19,1873.9245931873452,1905.7950422019328,1861.543218324934,1899.387451171875,268300
2018-09-20,1912.4097399502623,1930.7551527749752,1905.5289917503776,1920.049560546875,328400
2018-09-21,1928.192160834316,1934.2251498983776,1912.03515788898,1928.921630859375,597400
2018-09-24,1910.4480923226376,1945.0194607363617,1896.0162099404483,1930.9129638671875,438500
2018-09-25,1936.285221952092,1944.565825075204,1924.4558233004657,1927.216064453125,380000
2018-09-26,1932.3620426775387,1958.1993853160664,1925.6291858368952,1939.53857421875,303600
2018-09-27,1946.7248657527769,1961.5017474649103,1938.0301898522853,1941.3424072265625,345800
2018-09-28,1946.547293721368,1962.438114713637,1936.68946133572,1955.7939453125,416600
2018-10-01,1969.3287018969304,1988.433185601815,1959.076532294792,1960.9298095703125,311000
2018-10-02,1951.840822610288,1968.017558235377,1948.0947984044944,1948.4891357421875,297300
2018-10-03,1954.8673432908345,1959.254030515681,1943.96452304285,1944.5855712890625,350800
2018-10-04,1937.0640562283609,1941.983104942833,1902.453221297462,1905.913330078125,443400
2018-10-05,1905.489430618151,1911.8970217792864,1873.1064747400003,1876.7735595703125,387600
2018-10-08,1868.0592210862285,1889.647897892932,1854.238520946302,1873.8753662109373,323500
2018-10-09,1873.973982284044,1888.425598608152,1842.6358938574692,1843.9075927734373,327800
2018-10-10,1838.4857774579723,1839.2152474426136,1760.0765385545633,1763.3099365234375,635300
2018-10-11,1754.3196294586764,1782.3158985742157,1732.1789755788368,1756.3798828125,613000
2018-10-12,1789.0686331154766,1803.0470940401624,1766.306929136695,1781.4781494140625,698600
2018-10-15,1777.9389151450243,1800.286664798767,1764.5717568158457,1785.5787353515625,407100
2018-10-16,1799.0546582228703,1809.5434077663397,1794.027187080567,1804.249755859375,359400
2018-10-17,1808.3209494242035,1831.8713274202023,1797.575887150515,1824.201904296875,326600
2018-10-18,1826.7648205754551,1832.5710984744967,1782.3848385175068,1785.953369140625,351800
2018-10-19,1791.4543276852417,1809.918031247669,1770.4669608944243,1780.0684814453125,262100
2018-10-22,1785.1351530354727,1824.8030608656416,1781.6750442468065,1801.3118896484375,269200
2018-10-23,1761.634068124216,1815.3395182129789,1760.2835499383632,1803.9832763671875,404800
2018-10-24,1802.2186631332588,1820.948543907988,1720.812729907644,1728.649658203125,533500
2018-10-25,1745.6152906300804,1788.8813351560889,1734.9885175181037,1778.8756103515625,470400
2018-10-26,1764.55201042624,1775.592734648032,1726.185283169492,1745.6348876953125,525800
2018-10-29,1775.1788442447494,1814.629910372952,1734.8010792590014,1762.610107421875,466700
2018-10-30,1764.9464975912815,1828.7364983500704,1749.7654102466724,1809.898193359375,433000
2018-10-31,1822.713272615304,1871.056122852617,1818.8982961604345,1847.9295654296875,463700
2018-11-01,1855.9636176478648,1880.9630656010252,1842.0937007263435,1869.1336669921875,349200
2018-11-02,1874.4470463467223,1877.8775526775776,1830.481139072964,1848.3533935546875,354000
2018-11-05,1847.1214033598508,1858.349490058287,1812.451359923168,1844.5189208984373,679500
2018-11-06,1960.269357406571,1981.4143588519116,1918.550945114835,1921.744873046875,901000
2018-11-07,1945.1969317140704,1986.9941684528692,1937.9317134757823,1969.7626953125,616500
2018-11-08,1962.8126919855656,1990.7694898325465,1946.9908230755616,1949.4947509765625,418600
2018-11-09,1939.5284901601428,1945.788189555694,1894.8823295084608,1910.093017578125,370500
2018-11-12,1900.7182953948827,1911.354935352864,1864.963917047575,1879.178955078125,400900
2018-11-13,1888.8493715770887,1903.6361201531283,1877.1579968098183,1882.9248046875,410400
2018-11-14,1905.1148671425703,1907.490638530836,1858.3098964646545,1861.5235595703125,301000
2018-11-15,1845.396066670444,1872.130502948188,1814.2846902947977,1862.016357421875,366900
2018-11-16,1838.4363343529133,1847.9098168183853,1805.461934381448,1828.9432373046875,334700
2018-11-19,1828.2830859470232,1848.343752743153,1754.5168419898896,1754.6943359375,558500
2018-11-20,1736.2600143336583,1755.3250279040208,1702.230758701715,1725.5445556640625,829900
2018-11-21,1753.9843947218442,1763.408419721027,1731.7944048361346,1735.372802734375,368800
2018-11-23,1725.8305595265335,1751.1553958030177,1712.5619544356568,1739.0006103515625,160600
2018-11-26,1752.8113863661745,1792.8538990197435,1741.6523724074132,1776.815185546875,451900
2018-11-27,1768.0712919529224,1806.359201782381,1764.335255091558,1798.6700439453125,397000
2018-11-28,1802.2680824822876,1849.240678104491,1790.724599207457,1842.8724365234373,348500
2018-11-29,1839.471436568237,1858.34920876505,1833.270821782403,1838.633544921875,358100
2018-11-30,1841.7585311640173,1870.1392697849496,1826.4592760186408,1864.983642578125,361000
2018-12-03,1898.0960697333949,1918.1764699789007,1888.1298153888229,1892.4080810546875,535500
2018-12-04,1890.5351679016085,1898.1651206415945,1826.587413188813,1836.6522216796875,355400
2018-12-06,1813.4863691940616,1862.6473765958697,1792.035715376319,1855.480712890625,396800
2018-12-07,1840.6742543462287,1855.4019193407569,1789.1868121261075,1808.4293212890625,409400
2018-12-10,1806.9801338284408,1826.498569618269,1785.5097461582493,1800.050048828125,431700
2018-12-11,1813.673477900744,1851.2909988459392,1808.2320556689292,1826.0155029296875,264200
2018-12-12,1857.3537840278125,1867.0933279643757,1815.8128608173536,1829.76171875,325900
2018-12-13,1838.0914182116544,1839.087068917872,1795.387340900759,1807.0096435546875,361600
2018-12-14,1781.2117859036175,1807.2167529602195,1770.999085831307,1781.4483642578125,399100
2018-12-17,1771.1173413610236,1781.2708364844566,1676.8271508305158,1714.7896728515625,632900
2018-12-18,1727.318971728815,1774.05498949001,1712.305512025487,1744.2646484375,391900
2018-12-19,1744.264667657169,1780.9554918912718,1682.4855871339298,1711.9407958984375,524100
2018-12-20,1702.457593987977,1715.2727766427936,1661.7940336409613,1680.93798828125,473800
2018-12-21,1680.3857760531366,1691.495572119357,1594.169214734768,1610.16845703125,1043700
2018-12-24,1598.625139487086,1625.645373514697,1583.4341849065995,1593.843994140625,387200
2018-12-26,1606.0775689626253,1680.7703886199029,1603.277978093285,1679.035400390625,413600
2018-12-27,1646.0412084200834,1695.2318173898782,1643.1824128858111,1693.3785400390625,316500
2018-12-28,1700.3776453936623,1709.5946952204808,1677.5666052954684,1691.4365234375,281000
2018-12-31,1705.8782119012733,1714.9671047601023,1688.1439805206687,1697.932861328125,280200
2019-01-02,1667.2059697645363,1712.078843855474,1666.8017649265869,1697.2230224609375,312600
2019-01-03,1680.4155623534418,1688.33143130212,1634.4090114378785,1639.4759521484375,445200
2019-01-04,1662.148979220202,1712.3844590784906,1654.7556042645335,1693.1322021484375,541000
2019-01-07,1697.2625341924686,1706.7852345915985,1679.3804106388975,1687.4835205078125,334800
2019-01-08,1705.444343137602,1731.0253681032168,1657.2493898212178,1662.9373779296875,652400
2019-01-09,1619.001165705817,1658.954991414811,1613.7469840795034,1626.0396728515625,786300
2019-01-10,1616.6846388393826,1662.0109364722869,1616.6846388393826,1653.48388671875,459700
2019-01-11,1646.8396763078172,1654.1937014948312,1631.4023965941512,1642.20654296875,331200
2019-01-14,1624.1374568442416,1684.5363084213127,1621.6137934232102,1668.8131103515625,439200
2019-01-15,1670.90264901719,1679.952192417618,1657.653779578642,1674.1656494140625,436100
2019-01-16,1669.3450226377392,1674.076709776337,1652.7049974803815,1656.6776123046875,503700
2019-01-17,1657.8213257134926,1713.2026843164722,1652.705168160015,1699.9931640625,363200
2019-01-18,1722.18310245232,1751.5791065283572,1712.7984264964407,1735.23486328125,552600
2019-01-22,1718.3978217258946,1734.6533790555625,1667.4327518506882,1684.6839599609375,758000
2019-01-23,1692.836244823781,1721.749223521387,1690.726654279988,1719.5115966796875,437900
2019-01-24,1724.1151962567671,1779.5162879728823,1724.016641997202,1770.1414794921875,695700
2019-01-25,1786.229347551957,1808.005265436337,1773.4339004640108,1776.5784912109375,483200
2019-01-28,1762.2057776983097,1808.912191018772,1754.8716083739332,1787.81640625,387800
2019-01-29,1790.7937337409946,1794.5200236620549,1768.6924278457718,1783.0849609375,212300
2019-01-30,1799.3797420673868,1809.3854663757904,1779.9105223857885,1792.843994140625,300500
2019-01-31,1794.490333265833,1824.8623743685423,1794.490333265833,1806.7535400390625,314900
2019-02-01,1798.1181064480177,1835.5974870569703,1795.259310763427,1810.844482421875,278200
2019-02-04,1814.2257251883996,1835.7848009470915,1811.810483924758,1834.5328369140625,319500
2019-02-05,1860.6953752341656,1888.9873046795728,1853.20344705016,1875.2159423828125,487900
2019-02-06,1868.985833544305,1882.846003772604,1848.1267466567049,1879.8197021484373,243000
2019-02-07,1865.200488098176,1873.6289831318716,1835.5383034044075,1850.3743896484373,362600
2019-02-08,1865.4666320482795,1872.9782955518024,1835.5382672100347,1844.4891357421875,276000
2019-02-11,1846.5002628222544,1853.9527219367087,1830.5897060469072,1838.48583984375,327700
2019-02-12,1850.1475738271145,1872.988215544599,1835.24253557786,1868.34521484375,262200
2019-02-13,1872.288385335196,1896.6470519494871,1871.7757587702783,1892.67431640625,277300
2019-02-14,1882.7277459603888,1895.296482582388,1873.9739857584952,1875.2850341796875,208900
2019-02-15,1897.9580879790417,1907.1456555788525,1871.5785176569025,1906.0809326171875,331800
2019-02-19,1900.1564590989144,1924.1109203768544,1882.037757769408,1907.9835205078125,338400
2019-02-20,1908.979097745726,1917.338520306157,1892.7038069456692,1898.7861328125,322200
2019-02-21,1897.2878501709424,1905.1741165616277,1873.274183451492,1879.2086181640625,414100
2019-02-22,1893.0784510269864,1896.5582947956243,1870.23780970043,1883.358642578125,385800
2019-02-25,1901.2112453865195,1907.3230536955127,1859.019672130317,1863.1600341796875,454100
2019-02-26,1859.0196840623496,1892.5363163839368,1859.0196840623496,1888.49462890625,366000
2019-02-27,1878.903076171875,1924.4955563780395,1870.040893429943,1878.903076171875,750600
2019-02-28,1729.0638734204604,1738.813284501539,1667.94531004984,1672.9136962890625,1989800
2019-03-01,1683.914893408566,1701.787148479639,1673.8599524289828,1689.7113037109375,1248100
2019-03-04,1699.1552995981556,1705.4051321110862,1666.0132694164208,1683.5404052734375,1043400
2019-03-05,1690.6183130004008,1723.868763541284,1685.068348360655,1721.108642578125,619600
2019-03-06,1723.5139776488495,1740.7158484416511,1720.4778083450851,1726.7177734375,621400
2019-03-07,1721.6704341828292,1731.7352425883576,1694.837443184322,1700.4859619140625,598900
2019-03-08,1683.757211665347,1695.0641163322755,1668.8620416330243,1691.426513671875,773200
2019-03-11,1697.2131231199917,1699.4804727519015,1669.246456847659,1685.5908203125,681200
2019-03-12,1685.413409980967,1715.6375599250473,1665.421695596474,1711.31982421875,699300
2019-03-13,1715.6966201540529,1744.6786730934364,1714.8784633397745,1735.678466796875,680900
2019-03-14,1743.682889689105,1756.8333244848354,1714.0108388344686,1719.087646484375,520700
2019-03-15,1726.8852852453513,1733.0759126267358,1719.4228386241214,1727.2598876953125,760100
2019-03-18,1732.7212256896205,1740.499070815478,1727.8909835088832,1731.36083984375,403000
2019-03-19,1726.155846330107,1761.89048993515,1715.4009171403145,1738.9512939453125,499100
2019-03-20,1741.662224997067,1755.670167000677,1726.2346924857886,1749.2034912109375,389200
2019-03-21,1740.696157144426,1759.2781478327167,1735.9742167445495,1749.1343994140625,400000
2019-03-22,1729.1033640505714,1736.1418711958142,1686.7638994571755,1697.1146240234375,656100
2019-03-25,1689.642438880253,1734.860313909949,1688.360872459928,1727.476806640625,559700
2019-03-26,1736.161532804511,1758.4994165005849,1734.2097010870157,1743.7225341796875,462400
2019-03-27,1743.8309655293451,1761.5553304442672,1721.3846599845083,1727.2008056640625,355500
2019-03-28,1734.9686255466515,1740.479120134651,1702.6842246114586,1704.310791015625,417300
2019-03-29,1711.9112325364426,1731.5579463982788,1708.7863765302432,1720.1031494140625,440100
2019-04-01,1730.12845778536,1746.7783516519405,1723.247709815953,1734.219482421875,502400
2019-04-02,1740.9228726918398,1746.384030228529,1726.343099491628,1738.4781494140625,492600
2019-04-03,1753.18587988433,1770.6047129555511,1743.8604089946948,1749.6962890625,486200
2019-04-04,1750.070932925914,1765.7250555361582,1742.371907922813,1755.28564453125,373200
2019-04-05,1762.6101199441562,1762.6101199441562,1743.2394542831346,1744.294189453125,365800
2019-04-08,1742.7859420235927,1767.5980290610194,1741.287532251196,1763.2901611328125,324000
2019-04-09,1751.4903243628123,1771.3341452614318,1742.519721188079,1768.9583740234375,378500
2019-04-10,1768.347294167897,1783.2621998508705,1746.8178212528312,1780.3245849609375,392700
2019-04-11,1784.2676294607916,1797.4771486850989,1780.472388128083,1792.7354736328125,421000
2019-04-12,1801.8836188044515,1821.727440379119,1801.1640162877509,1807.0096435546875,413500
2019-04-15,1807.9265556207636,1821.865545795124,1799.990951994585,1819.982666015625,386300
2019-04-16,1825.4734748903663,1836.809982292731,1812.993425221478,1815.5169677734373,416500
2019-04-17,1822.3486905891211,1829.84062002928,1811.485338750194,1813.6343994140625,324200
2019-04-18,1821.37270301704,1827.868981384997,1813.6835450073013,1818.090087890625,344600
2019-04-22,1807.8574936389848,1826.8534354176356,1805.008565661425,1817.951904296875,315900
2019-04-23,1822.939923349648,1868.33528972788,1821.0767785841283,1860.892578125,549300
2019-04-24,1860.3110395815904,1867.053763400235,1837.10566308582,1840.7333984375,506600
2019-04-25,1844.0556306503197,1858.014356450691,1830.5307120940647,1839.72802734375,384400
2019-04-26,1841.541669492628,1856.7227556445105,1823.708884152885,1841.443115234375,541100
2019-04-29,1843.227680432363,1858.2016722212416,1839.0971854939748,1849.64501953125,432900
2019-04-30,1845.386347714193,1862.2432181696072,1825.867790133265,1828.6181640625,422400
2019-05-01,1831.1614028354625,1838.968849769232,1802.19908512355,1803.51025390625,407400
2019-05-02,1798.719325461796,1804.407314152696,1774.5873703955122,1782.296142578125,529000
2019-05-03,1790.3499819504498,1803.9438509388565,1788.4572348179363,1798.1375732421875,496100
2019-05-06,1773.3845854946403,1785.9434543919888,1756.6953425671236,1774.91259765625,540100
2019-05-07,1756.1234683116943,1774.9815061148474,1746.0290577704166,1759.623046875,477200
2019-05-08,1739.9173239140612,1746.4333368320438,1721.1775744871563,1726.7275390625,464600
2019-05-09,1704.8430980897922,1726.2049430892278,1690.628060978828,1711.3492431640625,627900
2019-05-10,1799.054546287821,1833.5569622440255,1740.518728346442,1803.8355712890625,1168400
2019-05-13,1774.4097421073548,1788.496622400463,1744.8362464055656,1751.9930419921875,493000
2019-05-14,1761.7129933201647,1788.999527191194,1756.370004674236,1768.169921875,410400
2019-05-15,1753.3142457292604,1775.9773953640324,1734.988566910089,1763.9903564453125,380800
2019-05-16,1764.5522610737255,1790.971303954482,1764.5522610737255,1777.673095703125,305000
2019-05-17,1760.9736513074345,1793.5538364425606,1759.6231330439273,1761.880615234375,346200
2019-05-20,1744.5701766498275,1744.8363573816512,1721.3550532482984,1727.3189697265625,352000
2019-05-21,1737.2852978720805,1758.1642410009822,1732.2479596763942,1746.9952392578125,340600
2019-05-22,1732.3660893651966,1749.765186981592,1718.1314376611344,1720.21142578125,367900
2019-05-23,1722.114110060973,1722.114110060973,1680.9084397892768,1692.52099609375,483800
2019-05-24,1706.9035258713905,1706.9626102954976,1683.3136784582784,1684.1910400390625,269300
2019-05-28,1683.3136318666086,1704.3995505966616,1661.4194237969573,1661.83349609375,390800
2019-05-29,1653.089478792154,1665.5004556184415,1638.5786585961864,1661.95166015625,317500
2019-05-30,1663.0162964948618,1669.433754900656,1646.5241624346531,1649.2745361328125,265800
2019-05-31,1626.6409613533094,1638.5098305158594,1617.2169357990765,1632.6739501953125,366400
2019-06-03,1634.921463099775,1668.1521767910467,1624.945341771132,1626.9957275390625,462300
2019-06-04,1649.7083196789754,1723.4548246432903,1649.7083196789754,1722.1929931640625,648000
2019-06-05,1730.7890968906306,1742.0664005244082,1711.4085627583793,1739.9075927734375,388700
2019-06-06,1740.9031286615186,1741.5143094777643,1721.5620656466103,1729.91162109375,335700
2019-06-07,1740.1540139309072,1764.2465006258922,1731.3411687688094,1753.0086669921875,337600
2019-06-10,1757.2275553197094,1788.6149799319578,1753.0183620185603,1755.7982177734375,298300
2019-06-11,1773.9169915379932,1786.889933044283,1765.6265205567413,1777.98828125,351000
2019-06-12,1778.5209035040125,1788.2111111329766,1753.8368483360046,1773.3258056640625,212300
2019-06-13,1776.430905110009,1813.1906838059372,1776.430905110009,1783.794677734375,319200
2019-06-14,1782.4932431896884,1785.9238700169185,1747.5275398262518,1750.2581787109375,325500
2019-06-17,1750.7511072709956,1761.9989282023514,1742.8648410220271,1756.084228515625,281200
2019-06-18,1782.6706593338745,1795.801238841113,1765.4687903257472,1783.27197265625,412800
2019-06-19,1786.239125957346,1818.1883925828276,1783.3704632036863,1815.871826171875,420200
2019-06-20,1835.5974732786435,1845.3174026002675,1818.5237593137708,1834.848388671875,545000
2019-06-21,1832.92588075596,1856.4170516610145,1823.2947594048492,1853.2724609375,755800
2019-06-24,1854.2287282165448,1862.4698619123376,1842.7443290557733,1844.2132568359373,351200
2019-06-25,1854.0906799652585,1858.191572008192,1814.876313455824,1819.2333984375,322200
2019-06-26,1822.0233568062645,1841.5911316232068,1802.3963772294355,1804.2003173828125,277500
2019-06-27,1808.9124064470209,1832.324760481417,1806.7732133052164,1818.9378662109373,427100
2019-06-28,1826.2423503999848,1850.315221482177,1818.6025299596613,1848.0577392578125,613700
2019-07-01,1872.98840260684,1878.903102825598,1856.6637722423225,1871.430908203125,454500
2019-07-02,1875.1964918862368,1882.8461802348188,1862.5588024091808,1880.86474609375,222000
2019-07-03,1879.1197643965647,1897.2483332524853,1877.9171376821985,1892.35888671875,172900
2019-07-05,1877.6805545610955,1901.1914615283108,1874.3782046672927,1897.3863525390625,170200
2019-07-08,1891.451850232136,1894.675380669268,1848.3435685509248,1849.0927734375,343100
2019-07-09,1846.3719700268684,1862.8739714936453,1839.4813549497128,1851.1727294921875,360800
2019-07-10,1863.642959268832,1866.077815003192,1832.452762962239,1842.8133544921875,319200
2019-07-11,1848.7873460062008,1852.385479320884,1842.1629107373697,1847.525634765625,270400
2019-07-12,1851.3206084642247,1858.181621117815,1842.911848779091,1855.7171630859373,268200
2019-07-15,1855.135660589172,1858.438010420034,1845.6721654265248,1855.1553955078125,284200
2019-07-16,1853.1641037245129,1870.247684268812,1848.9054526615,1862.0460205078125,259100
2019-07-17,1860.912299714402,1870.119481424868,1839.994008372315,1841.186767578125,284800
2019-07-18,1835.3607732205692,1868.729632286312,1835.3607732205692,1859.0985107421875,230600
2019-07-19,1869.0746447537708,1874.555537050741,1855.332763671875,1855.332763671875,198000
2019-07-22,1856.8706604061151,1879.4943380725988,1855.9735639464084,1866.7777099609373,279400
2019-07-23,1871.6375331241995,1883.2204855465525,1861.0994483036927,1873.2344970703125,219500
2019-07-24,1869.3014511561755,1893.5220939037124,1869.3014511561755,1891.964599609375,212100
2019-07-25,1884.807714447901,1901.487210428428,1877.946701506276,1898.7467041015625,248100
2019-07-26,1912.4195604202596,1941.8747695972404,1912.4195604202596,1938.8878173828125,381800
2019-07-29,1930.9325109009835,1935.0727523475337,1881.0616504795548,1892.26025390625,304900
2019-07-30,1882.7079831382684,1897.9186716309573,1876.5271029080643,1889.34228515625,207500
2019-07-31,1879.2279448728705,1888.247884742441,1839.7375345451223,1859.788330078125,270000
2019-08-01,1858.6647511828687,1890.2295507074816,1841.1868330783784,1853.134521484375,238400
2019-08-02,1847.466126523629,1848.3237530886693,1813.239762922091,1819.8345947265625,304200
2019-08-05,1794.1056336025,1794.1056336025,1747.8822463437027,1763.1717529296875,431400
2019-08-06,1773.6212467575622,1790.1725866993754,1742.19447066741,1761.12158203125,393900
2019-08-07,1733.401464228025,1800.237503061513,1730.0497767758418,1795.66357421875,542300
2019-08-08,1872.9881803089336,1930.9621511664968,1868.059264044963,1913.4151611328125,797000
2019-08-09,1899.1511590990317,1900.2157618331817,1870.0409468894377,1890.4268798828125,402000
2019-08-12,1873.421975942915,1899.397462429972,1864.283865740281,1889.63818359375,281100
2019-08-13,1880.5492869568727,1935.979863125808,1880.5492869568727,1915.564208984375,384300
2019-08-14,1881.426515097736,1898.845227904618,1863.090850597002,1864.3033447265625,440400
2019-08-15,1873.0178699989408,1892.4180179307543,1847.22974520995,1877.5919189453125,290500
2019-08-16,1901.57579017158,1908.9296943262589,1877.9268608630573,1894.862548828125,240800
2019-08-19,1917.2202428793196,1932.0168589208652,1903.9516389918983,1916.096435546875,283400
2019-08-20,1914.8938577526185,1924.3672204793413,1901.7828922076533,1906.899169921875,230400
2019-08-21,1918.028641004994,1929.7693537392536,1912.1238086962203,1927.9456787109373,203000
2019-08-22,1934.5503782996905,1939.5483669907023,1900.885975057942,1924.7122802734373,204600
2019-08-23,1915.3571171967208,1924.179949473006,1866.166509022412,1871.6771240234373,303400
2019-08-26,1890.9690510506505,1891.2253643494405,1875.1767824684905,1889.5594482421875,219200
2019-08-27,1894.4192125930724,1904.3362504736688,1885.1429579323244,1892.694091796875,276200
2019-08-28,1884.6205066154596,1920.256475612813,1876.5074092096024,1914.39111328125,228300
2019-08-29,1938.4737605681316,1948.6568579643724,1920.305722779504,1929.3157958984373,312800
2019-08-30,1943.767365389928,1945.1769679809397,1925.23459306265,1938.4539794921875,270900
2019-09-03,1928.7442223940327,1939.922971271179,1903.961615905109,1914.17431640625,341500
2019-09-04,1933.002636081402,1935.644588100486,1908.190428717657,1930.9423828125,280000
2019-09-05,1946.083989292076,1982.3508725281308,1939.4693019852175,1966.08544921875,440300
2019-09-06,1977.8162456429764,1977.8162456429764,1934.845989347859,1939.6566162109373,413000
2019-09-09,1952.4819496245725,1966.154759881562,1945.3251528737007,1963.9268798828125,369700
2019-09-10,1955.143208295049,1990.0596923828125,1936.107797373557,1990.0596923828125,456100
2019-09-11,1984.5789150400108,2024.9664284412008,1972.9270092427128,2021.013427734375,399600
2019-09-12,2026.7704842443425,2037.6831728675663,2008.3363844914404,2012.387939453125,442200
2019-09-13,2017.918077414624,2042.3260806712108,2010.6035222712476,2034.5579833984373,392800
2019-09-16,2027.9929958286411,2052.213760919916,2006.0790504931256,2043.4796142578125,393900
2019-09-17,2038.2056858219776,2051.6516643930995,2028.9095758452795,2047.9056396484373,263300
2019-09-18,2042.7501436431985,2049.2958800751862,2008.0210143466052,2029.1070556640625,185100
2019-09-19,2024.5425448191045,2033.375124505015,2017.632194396174,2029.303955078125,256100
2019-09-20,2017.129493684615,2028.180086071471,2000.6077557987965,2002.687744140625,507400
2019-09-23,1987.3391738953808,2001.1401403807656,1978.6051481169588,1980.8428955078125,315500
2019-09-24,1984.204081459025,1992.2579734983383,1957.6866097300096,1962.3394775390625,282800
2019-09-25,1963.3354431822077,1972.1976259174512,1934.1069426375532,1965.188720703125,333400
2019-09-26,1965.7305503726495,1965.7305503726495,1936.078234581084,1950.32275390625,307400
2019-09-27,1941.559486949476,1951.210223990824,1909.324299629196,1916.6092529296875,305600
2019-09-30,1925.234888371167,1954.522473281059,1914.7264041346264,1934.708251953125,226500
2019-10-01,1948.893549885331,1959.5005876339044,1936.7881022934837,1949.908935546875,234700
2019-10-02,1941.0071097860728,1941.0071097860728,1902.4728784104907,1913.8388671875,289300
2019-10-03,1909.018547159164,1936.374031576272,1890.9589311402367,1933.564453125,212200
2019-10-04,1942.624116852207,1956.6517946804488,1937.3699349130236,1955.0054931640625,162200
2019-10-07,1942.9887445975603,1952.107240088948,1921.3704639609043,1923.8153076171875,254100
2019-10-08,1909.5115668522085,1927.9259312912488,1896.2133599190183,1910.63525390625,170300
2019-10-09,1925.9444509977493,1926.378258208344,1898.815676300071,1915.7021484375,230300
2019-10-10,1915.071276725443,1942.4170158243908,1906.3471186994425,1935.00390625,227500
2019-10-11,1956.089817085214,1975.3027236489495,1944.8912130928152,1949.071044921875,277200
2019-10-14,1936.5910520945608,1966.0363948220204,1936.5910520945608,1960.4765625,176500
2019-10-15,1963.887218703904,1994.3479453312611,1963.2859053589157,1987.7235107421875,273400
2019-10-16,1988.127842999139,2008.129304684817,1988.127842999139,1998.8038330078125,300000
2019-10-17,2004.0973402003813,2015.7000282656463,1992.6326762298145,1999.69091796875,199900
2019-10-18,2001.9877551941704,2005.0043096977067,1978.427511469386,1984.9041748046875,352200
2019-10-21,1993.924041562707,2006.068837795534,1988.7190773194104,1993.490234375,194500
2019-10-22,2000.1936503003424,2004.393096501196,1981.4341664893548,1994.288818359375,186400
2019-10-23,1990.947014442474,2005.7534979775885,1987.5459900597089,2003.3382568359373,176100
2019-10-24,2006.0689763713683,2016.7449659815768,1987.8023832982904,2014.694580078125,171900
2019-10-25,1991.41032572379,2029.5898121559535,1991.0554581932456,2026.7012939453125,242400
2019-10-28,2023.832562835535,2050.1331901625163,2018.184044581088,2027.8052978515625,195700
2019-10-29,2024.936930081864,2028.18019585122,2008.7701792069192,2013.75830078125,177700
2019-10-30,2006.591530183474,2021.7036653423456,2001.485119689568,2020.4122314453125,150300
2019-10-31,2016.9914908435444,2029.895360800764,2002.411837377291,2019.643310546875,192400
2019-11-01,1994.850622522108,2012.5552505368007,1979.206247730728,2003.1312255859373,333200
2019-11-04,2012.9694807810465,2016.6957705024308,1974.3563059412977,1979.137451171875,328300
2019-11-05,1980.4289128116168,2000.9431223978768,1973.1340918436877,1996.63525390625,255700
2019-11-06,1989.8628507926828,1993.6875745808877,1972.956642663555,1983.4847412109373,378300
2019-11-07,1914.5883778167488,1917.5654627928973,1818.2280551740337,1823.6302490234373,1827300
2019-11-08,1913.4053204934492,1926.2205029594024,1814.826993832272,1852.4739990234373,1033700
2019-11-11,1842.42909628672,1870.997078750843,1826.498803526076,1869.084716796875,471200
2019-11-12,1874.3190950991063,1874.3190950991063,1833.7836897144268,1849.1717529296875,496600
2019-11-13,1829.2094267454531,1845.2481387713285,1826.3014144197632,1832.65966796875,426000
2019-11-14,1829.0126055952437,1848.343802874723,1824.6455323563025,1839.0281982421875,276900
2019-11-15,1847.2099506529648,1847.347974750518,1816.8281633138024,1822.5357666015625,366400
2019-11-18,1820.7812090745888,1826.804330544924,1800.7302902861834,1811.8992919921875,362000
2019-11-19,1818.7700128030608,1827.9969291595364,1807.344819153523,1819.0657958984373,274000
2019-11-20,1819.815041314249,1830.293801493011,1810.8837875192592,1825.4930419921875,354700
2019-11-21,1825.0201048933816,1849.3295558835712,1818.366067312244,1846.6778564453125,342700
2019-11-22,1854.7020844441831,1858.191796102016,1843.8485998487856,1850.837890625,239900
2019-11-25,1858.2901584585445,1875.5216308360395,1848.353506376282,1870.563232421875,298700
2019-11-26,1872.692442523189,1872.741779820971,1855.263861579498,1860.62646484375,329600
2019-11-27,1866.0876989209253,1889.1057138237368,1856.25946876366,1879.346435546875,262800
2019-11-29,1877.8086966670655,1882.8460347071712,1872.0812381410665,1876.9609375,153600
2019-12-02,1871.2235463214904,1876.4285106557309,1841.2064951049797,1857.6492919921875,400300
2019-12-03,1838.8702634409503,1854.830036777904,1826.183237604112,1853.2528076171875,192700
2019-12-04,1867.70443159738,1901.575930359451,1853.2528151461927,1894.212158203125,423600
2019-12-05,1901.5758080614796,1901.5758080614796,1874.4766373027787,1877.1480712890625,362800
2019-12-06,1895.9275196368155,1908.397702797339,1892.9109648937608,1902.8280029296875,299300
2019-12-09,1900.66907344891,1901.231037332728,1876.123164879068,1878.696044921875,343100
2019-12-10,1875.354090756205,1899.0128889061957,1874.545681098553,1877.5523681640625,238800
2019-12-11,1888.6622680289831,1902.3842946922812,1877.4045793062423,1898.5003662109373,267400
2019-12-12,1903.3995671264067,1931.188859560829,1897.100397709023,1920.7789306640625,302400
2019-12-13,1932.9927468510164,1961.708616997648,1921.3703241255664,1945.541748046875,395700
2019-12-16,1955.2715037878888,1969.6048309684315,1955.2715037878888,1966.6573486328125,264100
2019-12-17,1971.5665022431724,1983.041033726412,1962.694452983078,1973.409912109375,311300
2019-12-18,1980.1132172473465,1980.1132172473465,1949.652491783759,1963.1971435546875,379800
2019-12-19,1967.6234397280268,1986.3237197913647,1966.401078079635,1974.6422119140625,277500
2019-12-20,1988.3249584634173,1996.2112250314428,1973.8733412837448,1994.4959716796875,583200
2019-12-23,1997.2068185191988,2012.4765920967088,1988.99528701136,2003.210205078125,219600
2019-12-24,2003.348340317024,2018.194295289786,2002.4118942709356,2014.941162109375,97300
2019-12-26,2020.2050327936151,2039.398202846363,2018.538996608959,2034.9720458984373,182600
2019-12-27,2033.6706633688,2051.4048928278107,2024.453494535475,2043.0750732421875,280000
2019-12-30,2042.5331670076407,2053.061265454141,2021.3190907551495,2024.6708984375,224700
2019-12-31,2017.415266666132,2028.7320389996023,2010.9682057740176,2024.5325927734373,226900
2020-01-02,2038.993868201576,2047.8757844324405,2024.0297466601464,2045.086181640625,329000
2020-01-03,2013.4325973027303,2038.2940208952696,2006.068825629069,2036.115478515625,294000
2020-01-06,2020.85561486167,2030.5064711588248,2006.068866460243,2018.2926025390625,384000
2020-01-07,2018.2827327167488,2043.3611205503344,2009.5585752370955,2038.6490478515625,345300
2020-01-08,2037.4563124178776,2058.9659293692853,2027.894022482177,2033.5721435546875,325800
2020-01-09,2042.543131208965,2060.2872317696606,2042.543131208965,2054.658447265625,273800
2020-01-10,2058.6805145029034,2064.2303593075385,2047.4128373969445,2057.231201171875,198500
2020-01-13,2060.533751429288,2060.533751429288,2043.5388552435488,2050.92236328125,254900
2020-01-14,2045.106399470517,2056.3442343008933,2037.7719878447049,2042.0306396484373,331700
2020-01-15,2044.080649958651,2054.362301246558,2032.073637417894,2035.7999267578125,309000
2020-01-16,2043.538374136495,2043.538374136495,2011.9538429356764,2025.5379638671875,546800
2020-01-17,2030.7134485344004,2034.696051280431,2017.8095797809224,2025.4788818359373,470800
2020-01-21,1977.4811962825945,1985.870221353235,1935.9501432142715,1962.2705078125,711700
2020-01-22,1975.8349075720123,1985.604053319852,1963.7197131994628,1972.33544921875,357300
2020-01-23,1958.002267794231,1977.865825920552,1947.0403620001864,1964.86328125,368500
2020-01-24,1969.5949850776417,1972.36509384342,1926.9499909391104,1935.0531005859373,580400
2020-01-27,1879.307107811212,1890.6337478986015,1841.4826087487943,1881.7518310546875,708900
2020-01-28,1887.449677468665,1909.481909259468,1872.9881937260268,1890.1900634765625,512500
2020-01-29,1896.686599069107,1905.5586490499063,1863.2191827739407,1867.0242919921875,445200
2020-01-30,1844.814577806727,1858.7042304425468,1832.4330821255076,1845.4749755859373,588900
2020-01-31,1839.4026520916684,1839.4026520916684,1794.5592598912058,1804.525634765625,717800
2020-02-03,1812.727250750936,1831.743048262176,1804.03269538226,1812.885009765625,634600
2020-02-04,1830.6587702568097,1868.5522220802245,1821.905009847492,1838.0028076171875,662600
2020-02-05,1871.706576422348,1916.3428700943675,1855.9439121529683,1911.7196044921875,552300
2020-02-06,1931.0508943743196,1943.9646312961784,1909.4720839001216,1933.0224609375,412000
2020-02-07,1922.5040175381312,1932.1351389896329,1877.0890368868747,1882.4417724609373,449500
2020-02-10,1874.654203910376,1885.3992660499157,1856.2299716182515,1859.8182373046875,470200
2020-02-11,1867.5465095956904,1891.6095108421368,1865.712967311253,1882.1558837890625,408900
2020-02-12,1896.59770908962,1939.035727778145,1884.0388396254627,1932.4901123046875,473200
2020-02-13,1916.3626007951752,1933.002626545516,1901.6744065883624,1932.075927734375,388800
2020-02-14,1970.0287914640005,1996.092965431776,1956.444788553746,1962.6551513671875,535900
2020-02-18,1944.2112241553048,1959.9245530914989,1934.057607453067,1948.1839599609373,363500
2020-02-19,1954.5716632417575,1961.6988570929595,1934.4221904516169,1940.5045166015625,241300
2020-02-20,1932.1352075584236,1959.5005607371631,1928.576544396932,1942.89013671875,359200
2020-02-21,1937.0641735602,1940.1200777059664,1894.833250920469,1901.2999267578125,358500
2020-02-24,1804.9002654974863,1809.405242218864,1752.604413441057,1767.0560302734375,886000
2020-02-25,1777.3672947169723,1785.559211722914,1686.6850983309978,1702.03369140625,958300
2020-02-26,1706.6076787377292,1718.1610297474283,1636.045355801364,1654.3414306640625,903300
2020-02-27,1590.048662773127,1705.4050390619857,1569.810503573716,1636.2523193359375,1338000
2020-02-28,1620.272759864563,1693.5755862835435,1611.3021565536667,1671.55322265625,977000
2020-03-02,1685.4429431351916,1708.2835847844146,1628.2773810278625,1704.3995361328125,869200
2020-03-03,1702.0830125596542,1725.11089585144,1623.5161322159472,1659.093017578125,704300
2020-03-04,1673.0220816056983,1712.1970986804902,1647.4804036784678,1707.5047607421875,593500
2020-03-05,1639.347777435997,1656.155431009199,1609.3700732784407,1624.018798828125,788800
2020-03-06,1580.2992155165157,1660.0589709062556,1561.4806472182356,1589.1712646484375,1077500
2020-03-09,1462.8924895570378,1566.0843341030866,1455.5188500299685,1506.0797119140625,770300
2020-03-10,1567.3460024842816,1592.0399205940057,1478.6156440942314,1536.8360595703125,742000
2020-03-11,1500.6481208379803,1506.799399095722,1400.364403474021,1421.992431640625,829800
2020-03-12,1278.5608773236283,1350.5131872310344,1261.802562046449,1262.1968994140625,1282100
2020-03-13,1317.795122705374,1401.4585439683383,1252.8023788046387,1401.123291015625,1153100
2020-03-16,1256.873599914131,1391.7582739867175,1234.417429381965,1271.3350830078125,986900
2020-03-17,1290.9423131914298,1351.0356189304746,1235.097670496713,1348.8077392578125,1080100
2020-03-18,1259.6929676650748,1308.2230577419714,1148.457219582464,1216.2100830078125,933400
2020-03-19,1193.9414071538522,1219.0591478954516,1133.6508632047771,1174.5411376953125,980600
2020-03-20,1199.0476606576035,1281.4689903520502,1140.9555164693215,1160.69091796875,1146500
2020-03-23,1150.3893222528063,1208.708293240712,1091.547977594894,1135.85888671875,859900
2020-03-24,1201.295111627693,1260.8167057229905,1183.5115442923563,1241.5643310546875,854000
2020-03-25,1241.5644940944717,1428.8731930988968,1229.222467625439,1346.43212890625,998700
2020-03-26,1360.7060116265463,1409.1572774984843,1334.277227958736,1386.0111083984375,616500
2020-03-27,1325.7504860178856,1336.1898982913142,1235.787885365001,1237.3060302734375,701500
2020-03-30,1243.3388818226515,1303.0970587220838,1199.678502370902,1289.6312255859375,600800
2020-03-31,1284.4853033610984,1370.6230392483171,1277.5848213570157,1326.1937255859375,770300
2020-04-01,1275.4162383134044,1309.4552412502655,1230.4349454294131,1253.551513671875,562800
2020-04-02,1252.9009276005957,1316.0107914877317,1223.573875463009,1242.0869140625,573800
2020-04-03,1226.4917889577528,1260.974465878076,1185.976003360322,1213.1837158203125,442300
2020-04-06,1284.7517243527975,1343.9676759071915,1274.430601790964,1337.392578125,751500
2020-04-07,1391.93594501982,1473.7460948665937,1347.3588512180056,1356.8026123046875,783400
2020-04-08,1362.9932440029593,1408.4082256937756,1340.6750966301088,1352.5538330078125,780900
2020-04-09,1404.504659790398,1429.3858212872565,1383.0540050110487,1400.4432373046875,1032800
2020-04-13,1393.0988475511704,1407.7082213849033,1348.9358341387049,1400.8077392578125,404400
2020-04-14,1439.3321948368264,1449.0618704510746,1403.7553119517008,1428.81396484375,579000
2020-04-15,1387.8250847661352,1419.5279084144895,1370.8992630391497,1404.356689453125,452800
2020-04-16,1411.9866011503725,1411.9866011503725,1371.244223121232,1387.391357421875,488400
2020-04-17,1448.1155745359902,1463.5529737145955,1429.572934095184,1449.958984375,691300
2020-04-20,1441.2646428446587,1449.1015726033554,1389.954569639953,1391.5614013671875,459200
2020-04-21,1363.1510932029864,1368.0109375927273,1298.6709724196876,1323.1380615234375,652700
2020-04-22,1345.604028264359,1360.3710423652535,1322.921145641144,1335.736328125,356600
2020-04-23,1334.799799186802,1369.2430066687,1331.586136306121,1340.6651611328125,372700
2020-04-24,1352.8789812500866,1355.0377886350586,1319.6285341271252,1343.395751953125,334500
2020-04-27,1355.3830512600991,1391.1767794016646,1351.5483398801164,1383.0440673828125,456900
2020-04-28,1413.8103383426148,1442.8417282689154,1390.7431057557155,1418.8575439453125,613500
2020-04-29,1466.6777808995832,1506.010554801136,1452.3544424017878,1498.9129638671875,703000
2020-04-30,1492.9984006448658,1498.8046786847767,1443.9556817847022,1459.5211181640625,450900
2020-05-01,1422.2388236606043,1439.539368315256,1395.1889882858402,1428.1929931640625,458500
2020-05-04,1395.6030277285886,1424.7723230454403,1368.7700341125412,1393.2076416015625,471400
2020-05-05,1422.7315622739986,1425.7973334971948,1364.185885278158,1373.39306640625,425900
2020-05-06,1377.5926033225255,1396.2239305613832,1336.7220688399316,1359.306396484375,526600
2020-05-07,1372.4667130639348,1427.9958449007584,1362.3525664388358,1423.3824462890625,654800
2020-05-08,1420.5038733103336,1423.7175365074988,1346.6785472488596,1410.48828125,877400
2020-05-11,1406.7324526902212,1408.654681921132,1383.1722086129207,1390.940185546875,564700
2020-05-12,1381.1710521103216,1393.8778129379723,1365.4182546632258,1366.216796875,506900
2020-05-13,1359.730289290782,1369.1741702216063,1317.3218729090138,1346.64892578125,780900
2020-05-14,1329.565185572161,1369.1936209465268,1284.721918711561,1362.8551025390625,708700
2020-05-15,1357.4333729705834,1389.4515929755478,1352.62274600258,1364.629638671875,632600
2020-05-18,1409.6700402955937,1559.0754066627642,1409.6700402955937,1535.2884521484375,1322000
2020-05-19,1534.1645839538858,1576.0997197034317,1522.2070288534185,1525.5587158203125,828400
2020-05-20,1556.0788112571158,1582.9118061701297,1555.7632931857484,1576.41552734375,700000
2020-05-21,1582.1820756129353,1600.3598605153163,1553.3873861271618,1572.99462890625,631900
2020-05-22,1569.1106329331174,1614.013108453827,1562.1214633300176,1608.1082763671875,574600
2020-05-26,1680.0901104054003,1739.808938649482,1668.0537350380898,1722.07470703125,1201000
2020-05-27,1750.6820026367477,1762.58035285437,1668.5464794327668,1674.5794677734375,1017900
2020-05-28,1671.4841039553053,1683.7177071724925,1620.6473172311664,1625.546630859375,664100
2020-05-29,1633.4426955243691,1633.4426955243691,1595.4210920043713,1616.1126708984375,688800
2020-06-01,1609.902486162463,1660.2267738895362,1609.902486162463,1646.977783203125,490100
2020-06-02,1665.973977264681,1667.9948814065615,1630.0717018423577,1631.4715576171875,513600
2020-06-03,1679.80422469177,1719.0481924664311,1670.202705667536,1701.4322509765625,597500
2020-06-04,1690.5198585382211,1724.3125400080578,1681.7463628246223,1717.865478515625,502400
2020-06-05,1800.7894945150465,1827.0310409112933,1777.2193823305777,1786.8702392578125,1034400
2020-06-08,1820.3473301965944,1845.3566465018323,1799.6162795139066,1814.73828125,672000
2020-06-09,1782.3651686703126,1792.48918247389,1744.8364511679608,1752.693115234375,450400
2020-06-10,1766.4741908061235,1767.5093113198166,1693.2995217277055,1708.66796875,536400
2020-06-11,1632.309083042989,1633.206179446217,1554.1561622873446,1565.7884521484375,920100
2020-06-12,1630.061630385922,1640.333535641764,1550.4793642234054,1600.833251953125,489400
2020-06-15,1545.3727717738277,1641.2599133836854,1532.9025914633396,1627.20263671875,409800
2020-06-16,1691.9194310978362,1697.3708412746817,1618.4096281178165,1649.94482421875,454600
2020-06-17,1654.0655183123988,1654.7160486336572,1602.8934747452038,1614.9495849609375,355000
2020-06-18,1599.3349544984796,1634.428818204778,1568.3123809006222,1605.2003173828125,546600
2020-06-19,1630.4855979453837,1633.925972077257,1577.253299100734,1603.78076171875,754200
2020-06-22,1586.854797212292,1613.0273919199606,1571.2104210793625,1610.2967529296875,333900
2020-06-23,1628.809847714017,1654.637322880312,1616.6846645955982,1653.2572021484375,363300
2020-06-24,1637.100043671022,1646.0312975734896,1559.5090834678422,1587.436279296875,597300
2020-06-25,1563.2648930641635,1600.8822928276004,1539.5172894554194,1592.42431640625,498600
2020-06-26,1574.5915761968515,1588.7966256725622,1511.0380409220224,1519.33837890625,601700
2020-06-29,1545.481444189783,1572.6200862777612,1518.5793804579362,1570.569580078125,365800
2020-06-30,1561.3821951345303,1580.447210489598,1544.1507222798582,1569.7021484375,293600
2020-07-01,1583.2171997008832,1646.2579889273586,1578.3769703630287,1635.2073974609375,538800
2020-07-02,1666.0821027493057,1689.7211656680136,1634.8229546141272,1646.23828125,360800
2020-07-06,1681.933471856445,1713.2912949171332,1656.2834926766634,1679.5380859375,440800
2020-07-07,1657.45633923047,1673.1992672231836,1631.1359773136169,1633.88623046875,267100
2020-07-08,1638.3717628369277,1642.2754260029549,1610.030494376301,1637.6817626953125,332500
2020-07-09,1648.1310216512636,1655.820058715943,1604.3424868463555,1646.5340576171875,406600
2020-07-10,1637.070815738083,1684.5067077293038,1629.480211421699,1683.1265869140625,323400
2020-07-13,1696.424572712193,1714.8488041239784,1661.0546644472122,1662.77978515625,400600
2020-07-14,1644.9667230281111,1679.341103179998,1629.194189787892,1672.115234375,261100
2020-07-15,1722.1635319836043,1777.101219448653,1720.2314351028515,1773.7593994140625,646800
2020-07-16,1742.0859150429656,1748.2865299659588,1706.0654782324127,1721.956298828125,251700
2020-07-17,1732.139596153476,1732.139596153476,1694.6010103509116,1707.56396484375,368700
2020-07-20,1699.5001755260157,1723.149105858926,1676.245582556614,1689.2874755859375,308300
2020-07-21,1711.2310267328648,1737.6105959991094,1679.3901797814883,1687.375,382600
2020-07-22,1693.5361919868774,1703.7488922478024,1657.3481265676144,1696.07958984375,367500
2020-07-23,1696.8090707436636,1704.744553935819,1668.093199023387,1671.3560791015625,263800
2020-07-24,1654.4105411337482,1684.9402207404685,1648.2000582736548,1677.1131591796875,324900
2020-07-27,1666.604818388806,1687.5428476324246,1647.2538859376457,1678.6214599609375,223900
2020-07-28,1672.223485974238,1678.6310769511897,1653.4443876965538,1657.8409423828125,210600
2020-07-29,1664.8499198557145,1699.8846957981116,1653.1092074097364,1683.264404296875,311300
2020-07-30,1659.862043064361,1675.0528777570617,1633.600760335218,1663.7459716796875,205400
2020-07-31,1663.8739285352583,1668.191663877703,1602.499055269512,1638.4998779296875,305200
2020-08-03,1642.2261974153632,1646.1495954722104,1611.449953088626,1626.7789306640625,201300
2020-08-04,1617.6703966758644,1656.1159454085632,1612.1006969591522,1651.315185546875,240200
2020-08-05,1675.959796336212,1709.7722122592336,1659.4577932286277,1700.24951171875,314400
2020-08-06,1677.8030680670945,1740.8734602676475,1676.5511041035008,1726.88525390625,451100
2020-08-07,1787.6195062241209,1795.5549897921169,1717.2345527284365,1729.537109375,566000
2020-08-10,1734.9785463446235,1760.5004895148436,1706.440168957733,1743.4365234375,357100
2020-08-11,1792.42031003263,1821.1559187356663,1774.4198964451375,1779.4375,476000
2020-08-12,1790.4782097356924,1802.011825914214,1779.831702236386,1782.3651123046875,274200
2020-08-13,1773.4833653497194,1798.0490082252954,1763.5663275692214,1767.4798583984375,220200
2020-08-14,1754.6942622005292,1761.8115886982985,1743.1310434228665,1753.580322265625,262500
2020-08-17,1766.9079798746732,1766.9079798746732,1725.1206152178693,1727.9991455078125,244500
2020-08-18,1725.1206028533509,1766.5234973218312,1719.3340602731744,1753.61962890625,238900
2020-08-19,1757.6613953082615,1781.3990125545083,1735.29391087945,1742.34228515625,311600
2020-08-20,1726.9937029048983,1749.7159346580916,1721.1874251115798,1743.544921875,245900
2020-08-21,1737.9357323337222,1759.6722994114882,1729.72420183105,1754.072998046875,270400
2020-08-24,1777.9193572079214,1811.5936275436336,1771.3933563472578,1808.3602294921875,362400
2020-08-25,1809.9179338926012,1831.8713479670507,1790.5867371770962,1827.4451904296875,313200
2020-08-26,1812.658297100976,1857.1860497069767,1808.9221400580416,1840.427734375,394400
2020-08-27,1865.673602504185,1897.4947143967495,1847.6239739397377,1866.58056640625,398900
2020-08-28,1869.1930345791104,1927.8076712849088,1868.2860706195384,1917.594970703125,320800
2020-08-31,1895.1386846303224,1908.9692524270613,1881.002586602008,1883.28955078125,321200
2020-09-01,1878.0453694975547,1909.4622788960423,1872.7221155358768,1901.43798828125,315900
2020-09-02,1912.4195220294469,1927.6006082816032,1868.7000585696137,1921.025390625,335300
2020-09-03,1924.3969347113411,1938.2668530944595,1882.7377219270936,1917.7921142578125,428100
2020-09-04,1920.276284409542,1934.698299040045,1878.9818071369136,1890.47607421875,379300
2020-09-08,1860.0349166835967,1902.640438677788,1856.1706031310168,1864.70751953125,346900
2020-09-09,1860.7151689323907,1882.9247734708936,1797.4771511702995,1844.4693603515625,460900
2020-09-10,1844.400415011788,1874.861140748384,1785.9828914386603,1790.763916015625,341800
2020-09-11,1787.7377592302769,1808.9321002959932,1744.816715606776,1758.381103515625,382800
2020-09-14,1777.3672984749471,1779.7824194376483,1749.3710285529032,1759.218994140625,377000
2020-09-15,1771.8567642313712,1791.8976950524036,1759.6231599966775,1761.5947265625,268000
2020-09-16,1774.409869515591,1811.7020069526905,1762.481916126377,1780.9752197265625,382300
2020-09-17,1757.838767841565,1780.1667824198653,1731.5184033197768,1761.8016357421875,480600
2020-09-18,1765.695508788327,1769.0077259725194,1695.5471410497394,1707.652587890625,629300
2020-09-21,1652.369750835188,1664.0907275171944,1608.96580801656,1628.8983154296875,656100
2020-09-22,1635.6313874517327,1655.4653432322325,1601.8979107892071,1650.2012939453125,434000
2020-09-23,1668.043956657407,1669.0198725320156,1610.513655681793,1615.1763916015625,288900
2020-09-24,1594.2876046341576,1656.4609028707716,1578.2488914886644,1627.104248046875,394100
2020-09-25,1611.7557210172386,1637.1297739341692,1589.0827047582804,1634.2020263671875,302600
2020-09-28,1670.892830786523,1704.665776367248,1647.4903448048365,1676.2259521484375,296300
2020-09-29,1675.9794535248122,1687.9271419649708,1646.6622686498956,1649.1956787109375,228400
2020-09-30,1658.718340404044,1705.1980446576272,1655.1300749377883,1686.3597412109375,326100
2020-10-01,1710.866269963533,1725.1206569993526,1705.4049923479313,1718.200439453125,339500
2020-10-02,1674.8358097915466,1695.547124703228,1660.0885314466334,1686.38916015625,269900
2020-10-05,1681.0364820862849,1696.0104718275404,1638.8350435776676,1682.5250244140625,317000
2020-10-06,1689.7213002156086,1734.022465267379,1675.9302011716802,1685.403564453125,330400
2020-10-07,1699.49032636918,1736.141800624183,1695.5471933613626,1733.8448486328125,215500
2020-10-08,1744.895471223824,1769.017557281618,1728.077952047273,1763.37890625,262900
2020-10-09,1781.3103381612666,1802.8103286698167,1761.3087574508477,1792.0455322265625,264900
2020-10-12,1804.8015492801987,1839.4715903677595,1800.690910039515,1818.7701416015625,357000
2020-10-13,1813.8413316896167,1820.722080096468,1746.679908437084,1755.6505126953125,426200
2020-10-14,1758.0261193863116,1765.7054093331644,1706.2724992856724,1707.968017578125,316800
2020-10-15,1675.831754661698,1686.8331309331277,1662.4448596126654,1677.9117431640625,321600
2020-10-16,1679.7746792824605,1688.4889696291057,1643.8724095420318,1644.1583251953125,416200
2020-10-19,1655.8694996285503,1662.4939345299952,1628.8787480374624,1629.51953125,317900
2020-10-20,1649.2153023575345,1664.7216529222967,1637.4844581482694,1647.943603515625,292600
2020-10-21,1636.400144014608,1680.0309189269915,1633.8173967934736,1677.8326416015625,284500
2020-10-22,1689.8198636709965,1771.817373764104,1678.1778251524254,1766.54345703125,475100
2020-10-23,1775.1888058658064,1800.198124198302,1763.5170445677225,1797.625244140625,316800
2020-10-26,1749.893257336879,1767.775378214774,1689.7506174033197,1724.420654296875,294900
2020-10-27,1713.8435650128724,1720.1919520493773,1661.3998183998935,1673.57421875,244900
2020-10-28,1639.5250362003835,1646.238157005894,1579.7668653201472,1582.2313232421875,420800
2020-10-29,1577.2534367046571,1619.7406770889113,1566.4098193273126,1607.083251953125,340900
2020-10-30,1597.7379532125772,1611.7162936083523,1568.4798506877546,1599.4334716796875,411100
2020-11-02,1629.9925763065964,1629.9925763065964,1575.291474316057,1581.324462890625,342700
2020-11-03,1599.7192766099315,1658.4127308753907,1576.0506105908496,1645.843994140625,341100
2020-11-04,1678.7594466437577,1726.924806798608,1650.990006622835,1688.9622802734375,423200
2020-11-05,1709.3579970596177,1757.8191345891128,1709.3579970596177,1743.17041015625,388200
2020-11-06,1696.572557926178,1770.4767043007948,1676.9061085565572,1758.3909912109375,452300
2020-11-09,2019.869866121673,2097.766477283956,1984.5985127855536,2088.12548828125,1649300
2020-11-10,2050.0250394022805,2073.1021382372264,1961.3241630482455,1978.900634765625,738500
2020-11-11,1968.559759757381,1979.4527125094696,1927.896201793728,1971.586181640625,441300
2020-11-12,1946.921890038837,1961.7086385707776,1925.3825504109504,1935.013671875,381500
2020-11-13,1941.9930818085768,2040.4628687777752,1941.9930818085768,2023.68505859375,445500
2020-11-16,2087.7607427709986,2091.8220443317805,2031.4822942806463,2079.6181640625,845900
2020-11-17,2050.429147897898,2061.78539012445,2028.702446688976,2051.661376953125,339100
2020-11-18,2046.4862137145155,2073.6051230230432,2014.9608817568292,2015.5325927734373,376700
2020-11-19,1994.0817354088872,2025.7648231810992,1971.5664799021677,1982.3804931640625,388800
2020-11-20,1988.9162861393795,2007.5673487844297,1959.5793666237407,1964.4393310546875,307800
2020-11-23,1976.3672433973927,2013.0285847382077,1971.56648382268,1991.1243896484373,336500
2020-11-24,2020.855589618571,2077.0748352189125,1997.7981057924464,2073.545654296875,445600
2020-11-25,2078.7606378592586,2088.8353141664925,2014.7931459607955,2034.4595947265625,215900
2020-11-27,2038.4617787278908,2054.096165695675,2019.160066421984,2023.487548828125,117200
2020-11-30,2028.416743143776,2028.742128662696,1991.154204818247,1999.6121826171875,335500
2020-12-01,2018.105210997585,2059.1533587216604,2001.139920425665,2023.487548828125,295100
2020-12-02,2023.487421774632,2068.1631815262995,2007.921987661693,2048.871337890625,247700
2020-12-03,2066.9902565646066,2091.8615473829027,2035.8196763395051,2066.822509765625,337300
2020-12-04,2073.7922572252464,2108.5608530867166,2060.287074298008,2094.819091796875,339500
2020-12-07,2089.830817099836,2107.0425535568597,2055.358006891005,2098.515625,321500
2020-12-08,2063.3036440991136,2097.9538306992604,2052.8443774297443,2056.984619140625,342300
2020-12-09,2070.6083165398213,2139.1794638697693,2047.2847692072808,2077.154052734375,697900
2020-12-10,2065.2061366731555,2120.991700008242,2049.6307124698496,2074.94580078125,380200
2020-12-11,2060.5037072877512,2074.107563422346,2020.983572621572,2059.508056640625,354500
2020-12-14,2089.949296686345,2112.59270905363,2035.7213504886608,2036.6380615234373,339200
2020-12-15,2048.6744968167964,2075.8822115799658,2025.794505422679,2068.22265625,314700
2020-12-16,2088.0864448707207,2088.0864448707207,2047.8664321845065,2068.87353515625,238600
2020-12-17,2087.8397931884406,2096.711843318001,2041.084156393193,2083.384033203125,295300
2020-12-18,2088.628115579397,2088.628115579397,2058.246210541299,2069.799560546875,536200
2020-12-21,2020.855788931796,2042.3656481800544,1995.245157748084,2038.7969970703125,357100
2020-12-22,2038.9448627298325,2039.9405134300025,2002.5102323158412,2023.6356201171875,198800
2020-12-23,2026.1689998663023,2084.0936353083957,2021.2795532808157,2070.98291015625,314700
2020-12-24,2088.8748063160097,2088.8748063160097,2051.4150410304937,2058.66064453125,182500
2020-12-28,2099.1760795741966,2121.661853117423,2094.257030816302,2107.525634765625,251000
2020-12-29,2135.186733166546,2168.723097777576,2123.337599533292,2154.33056640625,341900
2020-12-30,2168.7232175822523,2182.534050971918,2144.0490331854808,2173.908447265625,229700
2020-12-31,2166.820887051417,2196.295713105344,2153.936631210828,2195.605712890625,176600
2021-01-04,2218.01213370108,2225.0998569364856,2091.053080660876,2133.313720703125,334000
2021-01-05,2133.235019668424,2194.2943783209294,2123.9292832583355,2156.962890625,348200
2021-01-06,2144.95569362811,2255.954977826579,2129.2917045297445,2217.824951171875,393400
2021-01-07,2245.762144051003,2255.472205890592,2188.2122301232303,2208.0068359375,299700
2021-01-08,2224.262555040897,2257.4242020012503,2216.5043243300715,2249.104248046875,310500
2021-01-11,2220.4075917819364,2257.483003928692,2182.553613067649,2189.690673828125,320600
2021-01-12,2205.5518331789085,2211.7423393997856,2160.471749564156,2165.114990234375,259400
2021-01-13,2137.572608155488,2176.688666381241,2137.572608155488,2151.393310546875,239600
2021-01-14,2154.2026227881424,2184.2788799421664,2147.795031541764,2151.560791015625,273100
2021-01-15,2148.3077663610325,2148.3077663610325,2085.9175016353,2089.1015625,340800
2021-01-19,2104.647174228979,2139.1002496263222,2078.977340678767,2132.28857421875,274900
2021-01-20,2148.987902774684,2148.987902774684,2094.355868192199,2129.34130859375,339000
2021-01-21,2110.4631689177986,2126.344242257078,2075.07364809934,2079.943359375,460800
2021-01-22,2071.9489823143567,2079.519730641087,2035.6425065036544,2036.8648681640625,356700
2021-01-25,2015.788804109872,2031.058697981273,1919.4087525853104,1989.734619140625,879500
2021-01-26,2004.4620808231912,2027.4899630867403,1946.576917304449,1954.9659423828125,447600
2021-01-27,1921.616801426296,1947.8682139416237,1834.2764303602903,1859.27587890625,705600
2021-01-28,1950.9047161808608,2019.643369806144,1908.3582731732872,2005.181884765625,843300
2021-01-29,2007.054658317319,2010.9977912413217,1911.236576398003,1916.6878662109373,536200
2021-02-01,1967.8106282017463,1977.8558221962132,1937.064106080224,1962.162109375,478700
2021-02-02,2006.069165847853,2082.871461865805,1996.615536986102,2036.1651611328125,440700
2021-02-03,2049.9658324875268,2065.018761687623,1995.934995802847,1998.4783935546875,352600
2021-02-04,2007.242023674872,2056.245272615428,1987.0039841436271,2053.327392578125,355200
2021-02-05,2079.3028690884053,2099.7085350065927,2044.3961288478747,2066.61572265625,238400
2021-02-08,2086.952767593179,2101.3549281022515,2041.3504184835303,2069.71142578125,219000
2021-02-09,2053.2682529659155,2074.9261243687542,2022.4723915720297,2055.63427734375,229700
2021-02-10,2086.2132746405628,2130.484716611846,2061.450282282221,2111.311279296875,334100
2021-02-11,2114.8404732074646,2152.6155167268766,2102.518181714237,2128.5625,258300
2021-02-12,2096.120591413885,2157.869956592125,2080.012804304508,2120.006103515625,210600
2021-02-16,2108.777512532701,2166.781082845691,2103.375439833153,2153.108154296875,242400
2021-02-17,2152.3492957396243,2206.133690404522,2143.240667664904,2202.01318359375,287700
2021-02-18,2158.895075959594,2243.5540320687114,2158.895075959594,2227.663330078125,317000
2021-02-19,2240.685436195672,2289.028287633336,2227.722482095788,2260.450439453125,353500
2021-02-22,2233.4592035281,2358.9494450322363,2233.4592035281,2316.610107421875,504100
2021-02-23,2314.9741530678,2333.349047700844,2259.5828070872617,2325.82763671875,515300
2021-02-24,2310.449091950833,2415.4251344757186,2291.137512571904,2408.76123046875,610000
2021-02-25,2385.526533936899,2404.276151714895,2229.3193494062566,2240.882568359375,751800
2021-02-26,2310.57710312982,2311.66156089749,2219.697809377061,2295.406005859375,503900
2021-03-01,2339.253762436874,2348.4314621674093,2267.5084293071013,2287.510009765625,359900
2021-03-02,2304.7607913707548,2308.703923605777,2242.6564586691475,2249.763916015625,310000
2021-03-03,2253.727309503503,2301.744775002396,2239.8375363207124,2242.656982421875,364500
2021-03-04,2244.796409467428,2244.796409467428,2132.6438077246016,2187.798583984375,484100
2021-03-05,2203.9847804093283,2279.919698008944,2147.903432869916,2274.30078125,435300
2021-03-08,2270.682884492519,2378.044703641991,2265.6851361682616,2335.064453125,564000
2021-03-09,2346.301906949474,2407.0361154647253,2310.6856756493016,2333.141845703125,481700
2021-03-10,2345.523666164454,2385.595662323597,2330.30298861648,2335.63623046875,443900
2021-03-11,2364.184288585642,2412.6749090338303,2310.45910130395,2328.479248046875,512200
2021-03-12,2325.4530357819986,2378.527697544164,2317.458226985525,2366.9052734375,404600
2021-03-15,2378.4582821059407,2408.7809829500325,2340.2591831244563,2404.818115234375,468800
2021-03-16,2381.9974586066974,2394.9900144879957,2346.1740085673287,2362.48876953125,360700
2021-03-17,2339.7565208082037,2434.4706515487683,2336.3062794672182,2426.781494140625,394400
2021-03-18,2393.5113684712005,2412.6650699120028,2310.6759718788107,2313.583984375,498000
2021-03-19,2299.6547584200857,2316.6792529928616,2233.597418675203,2255.215576171875,637600
2021-03-22,2306.732800828194,2306.732800828194,2193.3677272832188,2200.15966796875,531300
2021-03-23,2218.623478370649,2218.623478370649,2153.4137759570344,2183.509765625,501900
2021-03-24,2200.070598217052,2245.6137257322957,2167.7467343952576,2171.413818359375,441000
2021-03-25,2155.6123555522986,2250.4249286671416,2142.107172090466,2236.653564453125,421300
2021-03-26,2243.5833178908124,2296.2144167624656,2214.699822518984,2290.496826171875,377000
2021-03-29,2278.1450788279017,2341.235206497736,2274.6060303378163,2317.931396484375,341400
2021-03-30,2309.936811257013,2336.533226514353,2283.853022590011,2301.695556640625,250400
2021-03-31,2312.33218327722,2330.312861660783,2286.337201910527,2296.717529296875,530800
2021-04-01,2320.8095656192027,2355.755529887095,2314.8455294730998,2348.5888671875,248200
2021-04-05,2375.737853086963,2402.2355937858,2352.9269324586567,2374.929443359375,342300
2021-04-06,2380.6668990471458,2412.616052239616,2373.007342814021,2387.5673828125,411100
2021-04-07,2394.526699173152,2405.5180860517207,2361.5128280308777,2376.368408203125,235500
2021-04-08,2357.993593393777,2400.8060936321226,2357.993593393777,2393.471923828125,222000
2021-04-09,2399.39629150513,2419.8216903815373,2371.3508078012283,2415.22802734375,239800
2021-04-12,2401.36808091315,2415.366155418349,2362.419773717855,2374.80126953125,551400
2021-04-13,2369.744031388915,2381.4453942758387,2333.4967614506263,2370.10888671875,789700
2021-04-14,2378.793576695866,2447.5223536898666,2373.253359496054,2419.328857421875,939600
2021-04-15,2432.459692509576,2433.829825362412,2391.6875905015368,2398.61767578125,639300
2021-04-16,2408.988168873787,2454.0186819651394,2401.200577186713,2441.6865234375,783500
2021-04-19,2445.1662705258877,2452.944235115181,2408.3770130517664,2421.28076171875,327000
2021-04-20,2399.150134121177,2401.851170767625,2284.3458481826256,2311.661865234375,477700
2021-04-21,2326.3697452562124,2332.3535175240727,2309.7495729007483,2324.2109375,280800
2021-04-22,2320.2574695939184,2360.9506266021062,2309.6899031852754,2313.682373046875,287500
2021-04-23,2333.5362458848854,2370.148371382021,2317.0441109979056,2361.374755859375,253700
2021-04-26,2390.415921564664,2425.943589626003,2372.780364509178,2423.3017578125,323300
2021-04-27,2423.054961588831,2434.0169856427856,2406.9570458752773,2429.117431640625,220700
2021-04-28,2439.813666260919,2479.235130781108,2426.012700067928,2469.48583984375,323500
2021-04-29,2471.8220897232754,2480.230850381769,2440.809384767396,2465.867919921875,218800
2021-04-30,2462.190602702443,2462.190602702443,2401.5057323279098,2431.020263671875,328100
2021-05-03,2448.7549709023465,2451.6333813373526,2400.688164005196,2405.7451171875,190100
2021-05-04,2375.5306321178277,2393.3043328130843,2335.152989119836,2349.062255859375,339100
2021-05-05,2367.9010308910624,2369.5768145136026,2294.105180707444,2304.6826171875,381500
2021-05-06,2265.043667312485,2290.959943737389,2223.088680461625,2246.94482421875,432700
2021-05-07,2279.3672292513997,2327.8479773536333,2258.1728914508763,2293.996337890625,381600
2021-05-10,2298.491654357954,2299.832425532851,2229.536161057689,2230.92626953125,382900
2021-05-11,2198.296518208826,2230.600652664961,2173.730878077952,2215.72509765625,418900
2021-05-12,2199.587841806786,2204.75333584753,2132.72209422593,2141.367431640625,417100
2021-05-13,2162.7591918232765,2203.886041627934,2131.4112351997805,2175.889892578125,299500
2021-05-14,2219.116249061618,2259.267176945062,2195.7431287399945,2250.0302734375,340400
2021-05-17,2229.3882992163904,2243.1497949378995,2180.1484738029208,2191.5439453125,322300
2021-05-18,2199.824570504248,2220.5753552095875,2179.1724603878038,2180.177978515625,344600
2021-05-19,2136.4784018547816,2240.3996039789704,2131.0467260540845,2237.738037109375,405800
2021-05-20,2247.4282832380163,2276.922842532463,2228.767232104026,2273.265625,311900
2021-05-21,2291.5226468845717,2303.0858672226123,2236.0920640719146,2260.77587890625,263200
2021-05-24,2268.99681033599,2322.652920919093,2267.498400663244,2315.092041015625,332500
2021-05-25,2323.9837121115256,2340.130724142298,2296.174808723168,2305.756591796875,278100
2021-05-26,2332.846206805175,2338.967882314996,2308.320034928509,2313.63330078125,293900
2021-05-27,2327.207656500464,2327.207656500464,2293.612084678359,2301.587158203125,689000
2021-05-28,2306.5754878074063,2334.1478202725198,2282.561698595723,2327.976806640625,232300
2021-06-01,2346.1643734923277,2346.450289171049,2283.123576380551,2295.1796875,316000
2021-06-02,2306.43694003778,2322.998146183986,2277.8590942612705,2284.966552734375,292700
2021-06-03,2260.8152296786798,2293.9672497106203,2229.841993066939,2263.17138671875,283300
2021-06-04,2272.0132591562533,2295.356536162965,2271.480897761732,2282.76806640625,173700
2021-06-07,2286.8498744659373,2307.837240573718,2258.981759802797,2265.8427734375,198800
2021-06-08,2267.7154134918974,2286.5439697230463,2257.621002698597,2270.98828125,233900
2021-06-09,2267.301450984819,2297.210201114133,2262.135956436321,2281.16162109375,266400
2021-06-10,2274.5275669824964,2295.642969260306,2250.415344822731,2291.404052734375,269400
2021-06-11,2281.003922368139,2294.8344911946883,2260.8150992769047,2271.609619140625,291700
2021-06-14,2279.002996612553,2282.748780687953,2258.281811999097,2272.27001953125,190200
2021-06-15,2269.6382119360187,2299.8326415541783,2251.351881975733,2269.23388671875,212100
2021-06-16,2279.1508758825894,2286.3767449657944,2252.199472029582,2265.556884765625,167900
2021-06-17,2263.4961889573774,2286.021431922497,2254.92979049059,2261.38671875,247800
2021-06-18,2250.6317782843657,2266.335236753415,2198.809089786995,2210.727294921875,482900
2021-06-21,2221.846821192816,2244.342461512532,2199.509060215888,2230.896484375,203000
2021-06-22,2235.64810778308,2244.283579602401,2207.168932542822,2218.899658203125,214400
2021-06-23,2219.0375527133165,2228.8855176968937,2200.987803749796,2214.34521484375,162200
2021-06-24,2235.4507685521885,2235.7268167435595,2202.782017423202,2214.2958984375,212300
2021-06-25,2225.799706261175,2266.6899725866338,2214.522404643311,2249.221923828125,337200
2021-06-28,2217.7658505352865,2227.870128774196,2140.736853835981,2173.20849609375,612200
2021-06-29,2161.1527833628525,2165.6381460757425,2135.1082216468685,2141.308837890625,517700
2021-06-30,2147.568144298261,2188.438676754273,2144.0784333065512,2156.982421875,414700
2021-07-01,2163.4684752504286,2192.381570002216,2163.4684752504286,2178.600341796875,245200
2021-07-02,2188.566756002232,2214.650781824011,2183.805586767474,2207.06005859375,243300
2021-07-06,2202.00313233988,2211.279265787206,2186.427709349697,2190.725830078125,302200
2021-07-07,2193.289026163221,2195.7830869328463,2122.4211666355945,2135.9658203125,273200
2021-07-08,2119.581751300808,2153.532309220978,2096.0512303539317,2133.156005859375,299600
2021-07-09,2148.3962409917517,2173.9873770048284,2129.735430960566,2163.784423828125,296200
2021-07-12,2151.038233252651,2174.8151998401177,2135.6993882859465,2172.666259765625,302200
2021-07-13,2173.0609462528764,2197.055002125971,2154.7353859010013,2157.327880859375,394900
2021-07-14,2174.6579617008165,2186.566302441116,2144.956182077079,2145.676025390625,211500
2021-07-15,2142.107123472328,2152.2706071157186,2114.9980825632206,2138.54833984375,271900
2021-07-16,2152.842056444628,2155.395321680103,2109.280352782502,2114.22900390625,187700
2021-07-19,2071.830643981915,2091.506840741504,2029.4123584117503,2038.1563720703125,456500
2021-07-20,2038.1559192071784,2111.0051948395226,2024.374690569481,2100.141845703125,314000
2021-07-21,2113.213478901643,2167.2936498343147,2113.213478901643,2162.837890625,270400
2021-07-22,2160.3833297379924,2173.287077660605,2139.149521327886,2163.21240234375,248800
2021-07-23,2161.872402556785,2182.701890942612,2151.4328693762145,2171.257080078125,215300
2021-07-26,2172.547799019349,2204.300078576046,2168.180846759064,2198.986572265625,251100
2021-07-27,2196.0094906727063,2217.7164563766214,2171.798837758801,2214.25634765625,311300
2021-07-28,2218.012861649593,2232.444626108015,2181.7655833191848,2194.679443359375,302200
2021-07-29,2212.5510414308837,2215.390222347672,2181.0355797141287,2182.859375,283500
2021-07-30,2167.342907896423,2173.839064760481,2139.179016198785,2147.2919921875,276700
2021-08-02,2160.52155276143,2204.181935185768,2129.479245161941,2140.076416015625,252700
2021-08-03,2142.6888812977263,2155.996956292488,2085.937267432532,2108.87646484375,269700
2021-08-04,2101.4828086612783,2118.044014572767,2049.610781100861,2055.98876953125,391600
2021-08-05,2119.4241063851005,2196.6109824967275,2104.7064299449544,2176.323486328125,438400
2021-08-06,2176.4421249513225,2198.267262368533,2121.8197156420647,2151.9453125,457900
2021-08-09,2151.9353391640666,2151.9353391640666,2100.112643752287,2127.103515625,274000
2021-08-10,2127.1034926224124,2171.670716577496,2127.1034926224124,2169.1865234375,277500
2021-08-11,2163.5674709565724,2178.5019905679283,2137.986444366656,2168.93994140625,224900
2021-08-12,2150.348073947126,2165.2727251930933,2123.504976907489,2161.989990234375,206300
2021-08-13,2165.174751381022,2176.669140851135,2136.2125480972404,2172.094970703125,228100
2021-08-16,2161.9900656142586,2166.790945323912,2062.938588845496,2100.595458984375,414400
2021-08-17,2073.9896562654303,2095.9726748264475,2063.294050481936,2083.2265625,282400
2021-08-18,2080.0028073169515,2093.784038890997,2052.0165247283608,2056.649658203125,300700
2021-08-19,2049.561563062444,2063.037141608125,2029.1655269320884,2046.347900390625,346800
2021-08-20,2044.464967198832,2053.3863530645253,2029.224797823905,2045.2437744140625,350000
2021-08-23,2042.6021015617107,2116.5457128725784,2040.7191015229912,2106.934326171875,493200
2021-08-24,2119.4342317258056,2217.795724625527,2108.117457965335,2201.36279296875,459600
2021-08-25,2208.480007289747,2246.1072793439166,2178.74862853211,2231.6064453125,340000
2021-08-26,2218.0123567236733,2259.79960362966,2218.0123567236733,2244.431396484375,292600
2021-08-27,2246.6001919899018,2286.6524528618147,2246.136902708695,2272.69384765625,240500
2021-08-30,2267.3015166943565,2273.7781801534857,2238.141970608813,2245.328369140625,244900
2021-08-31,2253.5204719064327,2283.1531771535256,2251.6670740610725,2266.976318359375,388400
2021-09-01,2273.0783731000456,2296.875075931964,2252.514827684351,2254.338623046875,324700
2021-09-02,2271.4814168966927,2293.7108795743143,2250.316677251451,2267.755126953125,231800
2021-09-03,2251.8050606701927,2278.8746310432707,2244.1356378681826,2271.688232421875,196500
2021-09-07,2275.098973191441,2308.7142788653764,2272.5064787206047,2305.3232421875,238900
2021-09-08,2306.732793380146,2322.505325300694,2263.7034510022963,2283.024658203125,264700
2021-09-09,2273.491819996802,2312.085131130544,2271.37224198289,2285.70556640625,223700
2021-09-10,2296.874892020633,2311.661640252526,2268.908106676577,2272.033203125,242200
2021-09-13,2281.5953936453548,2295.8892511557706,2242.8244603631288,2289.107177734375,232300
2021-09-14,2290.0238457754504,2310.242270025097,2277.7999889736343,2295.553955078125,172000
2021-09-15,2295.692087230234,2344.291249726706,2282.40374823621,2342.19140625,249000
2021-09-16,2334.453290915438,2353.8238367165586,2304.928888203188,2311.661865234375,243000
2021-09-17,2317.4087927335,2331.5546372251915,2287.0170197200628,2292.310791015625,369200
2021-09-20,2277.1591922584744,2312.4404114976355,2253.401720867887,2307.462158203125,311800
2021-09-21,2329.918462209192,2329.918462209192,2289.373071711464,2292.557373046875,211100
2021-09-22,2305.5990468663745,2392.781652034402,2305.5990468663745,2371.90283203125,417000
2021-09-23,2376.3783960507503,2453.545541011308,2376.3783960507503,2440.31640625,419500
2021-09-24,2417.515688952371,2466.913407355011,2417.515688952371,2455.931884765625,298900
2021-09-27,2458.7013686480414,2503.8897650649765,2430.705217149081,2441.312255859375,320800
2021-09-28,2425.026407630896,2444.111274197001,2388.43402371462,2398.163818359375,309800
2021-09-29,2401.9992331220533,2412.813489148204,2341.008937401863,2344.015625,294300
2021-09-30,2349.052350992642,2372.18865438363,2321.5194929289964,2340.121337890625,311600
2021-10-01,2382.480418220694,2441.558339558763,2382.480418220694,2420.95556640625,306600
2021-10-04,2420.95545445677,2453.466564488572,2387.320416824413,2424.553466796875,257400
2021-10-05,2424.0411502113097,2451.554275649254,2391.5793733221185,2397.76025390625,267300
2021-10-06,2365.880065541617,2417.495788199547,2350.10753177134,2413.394775390625,239900
2021-10-07,2437.8617938325783,2461.6880987689,2431.3851302755947,2433.89892578125,156800
2021-10-08,2438.522121057854,2455.5762194946133,2427.8265171483968,2439.192626953125,164300
2021-10-11,2445.225420416279,2472.255519412261,2428.1713225019485,2432.331298828125,150500
2021-10-12,2435.367635596372,2462.3387710330926,2418.5698506200506,2429.659912109375,220100
2021-10-13,2429.955851981897,2446.69443328274,2401.6343168227227,2427.52099609375,178500
2021-10-14,2447.3056903414385,2479.9547077355505,2439.320749430022,2460.73193359375,278400
2021-10-15,2484.1738221480514,2503.889487403195,2479.737797465644,2502.253173828125,233300
2021-10-18,2484.5187989863957,2501.9177763007374,2458.908170553491,2466.5576171875,209800
2021-10-19,2466.942261481589,2467.6717314430743,2420.8667630597965,2428.082763671875,274600
2021-10-20,2429.965605974623,2429.965605974623,2335.064232178707,2350.28466796875,406900
2021-10-21,2366.422138885782,2385.428069709329,2356.051679360302,2376.8515625,212500
2021-10-22,2372.88890093959,2404.285954057664,2351.8028617704617,2360.546875,161900
2021-10-25,2363.7503975632903,2386.1078924200037,2338.0904328267766,2378.675048828125,142400
2021-10-26,2388.454153620503,2429.9557249473373,2388.454153620503,2408.298095703125,175400
2021-10-27,2396.803954605994,2422.6511627404752,2375.7376508691355,2393.570556640625,195800
2021-10-28,2391.529875349704,2396.6756349825478,2361.5325587416305,2395.2265625,149400
2021-10-29,2384.5012367597265,2395.5619370643262,2358.180871047295,2386.364501953125,216500
2021-11-01,2385.72329878382,2454.600084136041,2385.72329878382,2454.29443359375,289800
2021-11-02,2440.484045920664,2458.583134042601,2386.2264920656044,2418.94482421875,273000
2021-11-03,2408.58367286884,2439.803347170609,2370.8083964370526,2400.707275390625,361500
2021-11-04,2502.9037986702656,2503.278280802781,2397.7109012356755,2402.36376953125,533100
2021-11-05,2508.16792550011,2594.266083428972,2479.8856201951708,2581.73681640625,755500
2021-11-08,2621.197373277596,2649.0852168580946,2563.0855052194684,2602.32958984375,497200
2021-11-09,2601.4821113656303,2648.7997094503407,2583.9252531488764,2610.55126953125,407300
2021-11-10,2621.059994747049,2631.9527081076844,2523.6053479543966,2533.246337890625,366100
2021-11-11,2536.6766113603867,2538.717250072066,2440.000780803956,2443.796142578125,342300
2021-11-12,2460.17998916681,2460.17998916681,2407.6968932279333,2416.795654296875,316800
2021-11-15,2420.097649752749,2428.969698163248,2366.1062870055025,2370.818359375,337100
2021-11-16,2377.836969117536,2377.836969117536,2333.368426463055,2346.4892578125,431200
2021-11-17,2352.285706828608,2368.6300694077568,2321.391415163509,2332.737548828125,457800
2021-11-18,2340.397355539093,2353.11410467456,2302.63217973921,2342.201416015625,340500
2021-11-19,2281.9601506976965,2324.545938277899,2245.6142073340784,2306.722900390625,485400
2021-11-22,2297.6735212050576,2332.3927784880866,2260.7263841439253,2264.47216796875,373600
2021-11-23,2279.367506809293,2316.176740884804,2269.4406018571035,2307.8466796875,256500
2021-11-24,2279.091278943319,2317.832606673712,2258.5770728771886,2290.0927734375,295100
2021-11-26,2091.792384652701,2131.8448793804864,2069.2772514256826,2124.914794921875,721800
2021-11-29,2175.0521440946086,2196.207017465055,2110.000306806044,2150.9892578125,450100
2021-11-30,2091.3198073082563,2139.524520663283,2046.0329743925656,2071.968994140625,660700
2021-12-01,2116.397502825608,2151.5408168477743,2028.0714761760448,2037.6236572265625,572600
2021-12-02,2069.927841544727,2158.746761959712,2045.500105381777,2141.052001953125,531600
2021-12-03,2153.936315647636,2163.8730874270423,2057.75338038014,2084.37939453125,406100
2021-12-06,2132.2492984990918,2262.323358056752,2121.780164230471,2195.615478515625,570400
2021-12-07,2256.517103241952,2284.602058896002,2198.7895773574505,2213.113037109375,402500
2021-12-08,2236.702586256463,2291.4628905454824,2228.3234291490253,2274.39892578125,375200
2021-12-09,2266.8776646005726,2266.8776646005726,2225.701478830824,2235.3720703125,240400
2021-12-10,2241.0009178426158,2251.361509762388,2188.6951991431843,2204.56640625,313700
2021-12-13,2170.724532513956,2180.3063177665967,2111.252146174048,2118.951171875,392800
2021-12-14,2089.860371085306,2134.427590774738,2081.254503056065,2094.72021484375,392400
2021-12-15,2125.4966737603186,2127.0542884675883,2056.8468271634133,2100.093017578125,436200
2021-12-16,2155.898499422745,2158.816379875788,2104.64762839371,2134.13232421875,525000
2021-12-17,2121.937696746942,2199.479312558362,2100.703889223423,2179.0341796875,486900
2021-12-20,2120.419415521541,2179.8720511298297,2077.5773211609257,2177.348388671875,332600
2021-12-21,2209.5053266965474,2336.641775544194,2209.5053266965474,2332.116943359375,557700
2021-12-22,2313.327718807971,2372.612860329912,2296.599005345564,2351.2705078125,328600
2021-12-23,2373.529086525724,2387.970712429726,2360.980087127556,2368.097412109375,186500
2021-12-27,2355.696739687662,2381.918672160677,2340.742483798541,2360.468017578125,165100
2021-12-28,2353.12359781271,2380.5873817602182,2331.426500925214,2352.9755859375,146000
2021-12-29,2354.986901719593,2376.664266264418,2340.249489923317,2350.777587890625,103000
2021-12-30,2351.763255424449,2394.181536451207,2351.763255424449,2361.857666015625,195800
2021-12-31,2357.155886842719,2383.052436082424,2349.86118593144,2365.12109375,182300
2022-01-03,2388.5530388090588,2430.9417225353445,2362.5383222959244,2426.4267578125,389000
2022-01-04,2439.8136237906897,2482.4487507518807,2407.016594733669,2429.88671875,381600
2022-01-05,2443.953992204638,2445.275028512601,2378.49807513014,2378.990966796875,255000
2022-01-06,2378.6850044295547,2425.17445370153,2378.6850044295547,2395.423583984375,247100
2022-01-07,2400.3819694866847,2431.197560372674,2389.311643969282,2399.968017578125,229900
2022-01-10,2399.140277194184,2399.140277194184,2328.8242762689515,2391.904541015625,327400
2022-01-11,2358.0625557856497,2439.0840216096926,2358.0625557856497,2434.312744140625,288900
2022-01-12,2444.742587539759,2459.479999762147,2382.648107009642,2401.466796875,278100
2022-01-13,2408.11080471427,2459.529171616868,2407.0559492651696,2424.021240234375,252400
2022-01-14,2424.0213373254173,2425.0268555190905,2368.620365426776,2416.10546875,276100
2022-01-18,2389.67671441274,2415.169177420947,2342.822644160163,2350.314453125,349900
2022-01-19,2338.4355694637525,2379.4837198533583,2333.0828336623526,2343.295654296875,272900
2022-01-20,2384.3630541866733,2447.236333959453,2376.0924392442957,2399.041259765625,558000
2022-01-21,2399.0416136904764,2399.0416136904764,2306.052836743164,2312.509765625,582500
2022-01-24,2284.375459378673,2322.8506110515,2187.127790931835,2316.21630859375,584100
2022-01-25,2252.603784082933,2334.236321191573,2203.2554113350616,2295.9091796875,453600
2022-01-26,2341.235234446607,2390.20887924742,2287.99307113036,2336.92724609375,439300
2022-01-27,2385.013936476641,2404.266313603688,2308.773608508465,2326.103515625,331100
2022-01-28,2326.1726260374394,2380.518986529577,2307.975104151935,2378.635986328125,302800
2022-01-31,2371.5776282679813,2434.8845989605884,2339.3916611308914,2421.211669921875,379300
2022-02-01,2429.9161605810737,2441.883703613024,2400.953965180983,2430.58642578125,368100
2022-02-02,2449.6712961083003,2452.0765493988747,2403.408557086826,2406.277099609375,367100
2022-02-03,2405.134049103631,2435.7130684936296,2391.687829162193,2402.86669921875,460900
2022-02-04,2374.1704457556143,2434.865195393957,2357.274224643997,2408.19970703125,312700
2022-02-07,2432.321614554096,2465.828379244741,2419.2698533081925,2447.749267578125,432500
2022-02-08,2449.671649682809,2510.652314229167,2441.0361778221263,2505.25,449400
2022-02-09,2559.17220693492,2601.945235426409,2550.418326696794,2589.6328125,693500
2022-02-10,2544.1097744127296,2620.478383355829,2544.1097744127296,2591.01318359375,473200
2022-02-11,2641.8991247737968,2648.799607562385,2476.731092178711,2494.04150390625,594000
2022-02-14,2485.7213869703032,2544.158643381481,2478.396844582941,2509.46875,451700
2022-02-15,2536.893489010334,2622.084801470257,2536.893489010334,2597.696533203125,455100
2022-02-16,2596.356142740136,2677.0522301172728,2594.798528088379,2664.82861328125,507600
2022-02-17,2626.924958970751,2638.35989956711,2575.003594724403,2586.645751953125,330600
2022-02-18,2587.701079611533,2601.482311862246,2546.2587082545447,2579.21337890625,328600
2022-02-22,2551.660598723709,2580.53423004841,2451.48542506288,2482.419189453125,513400
2022-02-23,2500.666092750029,2520.4113614562507,2429.965742184065,2434.71728515625,518000
2022-02-24,2130.8788068293225,2264.8861096031264,2108.3140958983654,2262.372314453125,1518100
2022-02-25,2286.2875554605416,2303.499291635938,2218.022068818687,2249.02490234375,546100
2022-02-28,2209.9286973464887,2209.9286973464887,2123.041636377501,2141.367431640625,817700
2022-03-01,2117.9057996879733,2117.9057996879733,2033.8973869702647,2042.542724609375,836600
2022-03-02,2061.4301035035937,2162.1279917046845,2058.9853806659103,2132.761474609375,580100
2022-03-03,2142.1957482386483,2166.7712565721595,2060.1783916438885,2072.175537109375,448900
2022-03-04,2019.170130159515,2030.6840118077653,1935.7925009665687,1956.8193359375,746700
2022-03-07,1942.249187179787,1950.9142598807496,1790.1526611001016,1791.3258056640625,1089300
2022-03-08,1817.1831342207904,1953.6057027306176,1770.910402465145,1872.5250244140625,1207000
2022-03-09,1980.970933977327,2053.3766664062355,1978.9598976165505,2006.5322265625,776400
2022-03-10,1947.9175772617432,2031.847057608241,1938.1681664400076,2001.494873046875,638500
2022-03-11,2032.685024289112,2051.168459888249,1982.0552119361396,1988.7191162109373,360700
2022-03-14,1981.6214904787728,2011.471036914208,1957.519137548608,1971.5172119140625,425200
2022-03-15,2003.8214513593875,2071.387078956848,1986.44208652758,2050.606689453125,475400
2022-03-16,2106.8156910243106,2207.878198383121,2099.7279679668927,2171.128173828125,740400
2022-03-17,2136.369696737737,2158.4809885284867,2089.890112324515,2130.41552734375,393000
2022-03-18,2130.4159384021577,2177.9701223847023,2103.750688625953,2155.228271484375,509200
2022-03-21,2173.158836279417,2173.158836279417,2111.547392746886,2130.66162109375,313500
2022-03-22,2140.135462148201,2185.698335644843,2133.2448467724967,2170.6552734375,271600
2022-03-23,2173.4749786072766,2177.418112126058,2121.425568025412,2129.045654296875,292100
2022-03-24,2133.2348985349445,2233.755185090625,2131.2534646262443,2229.831787109375,340000
2022-03-25,2234.741277533157,2265.409103795801,2194.5311357213154,2215.971923828125,247800
2022-03-28,2228.629059558193,2248.3644580794094,2189.128660139989,2244.450927734375,264800
2022-03-29,2307.077970086369,2386.4727524164205,2307.077970086369,2338.198974609375,536700
2022-03-30,2334.37447060248,2334.37447060248,2284.976760447594,2294.893798828125,246300
2022-03-31,2330.717108102292,2355.4897269246803,2314.4220812631406,2315.062744140625,355300
2022-04-01,2343.8183380295686,2383.9100700971844,2316.59088621983,2334.16748046875,282100
2022-04-04,2341.8958107451544,2346.124859745561,2300.857766165519,2341.205810546875,293400
2022-04-05,2314.155705631168,2338.8890932011955,2259.9770985004743,2265.329833984375,355200
2022-04-06,2205.808240508761,2207.20797558832,2163.3899620515217,2190.548095703125,422200
2022-04-07,2176.786944183115,2193.0128991232514,2140.362298642848,2181.735595703125,299500
2022-04-08,2172.123751460821,2196.403714673929,2135.580704086929,2136.60595703125,301600
2022-04-11,2119.434475802367,2178.147797460229,2114.4562211089656,2138.371337890625,252600
2022-04-12,2165.7163878389297,2200.632992998322,2141.929554362915,2150.36767578125,278400
2022-04-13,2161.083400342709,2240.00526767418,2159.5455206617808,2227.978759765625,328400
2022-04-14,2244.628491677062,2274.655411385311,2181.981917128499,2195.625244140625,402200
2022-04-18,2178.5806883684004,2194.5305918124664,2142.1067130427755,2168.042724609375,329400
2022-04-19,2173.464618323283,2220.9595834001943,2173.464618323283,2207.54296875,339700
2022-04-20,2227.8702400954617,2251.775484928344,2211.8709965186217,2219.786865234375,265500
2022-04-21,2283.1432449289323,2304.662731182926,2192.6581553367328,2207.484375,389800
2022-04-22,2194.35367641772,2231.773972841743,2178.4037696433293,2182.396240234375,301800
2022-04-25,2160.905949618406,2234.435367982809,2155.424937004401,2214.108642578125,420200
2022-04-26,2200.1106696009538,2211.3781052437625,2128.2567906542945,2129.25244140625,443600
2022-04-27,2156.8941624240124,2247.655310951579,2152.951028671866,2226.83544921875,463900
2022-04-28,2253.3131931844146,2329.849296263486,2227.10113080127,2284.848388671875,483200
2022-04-29,2259.9479125549005,2282.285677740106,2174.825419764347,2178.886962890625,473100
2022-05-02,2175.623557035025,2192.963570440172,2085.917284406938,2161.74365234375,595000
2022-05-03,2172.4297320959754,2174.1153829676155,2032.3794366113784,2075.990478515625,620200
2022-05-04,2058.31535650777,2079.6182377157334,1968.8456621316293,2073.427490234375,872700
2022-05-05,2267.3020543846924,2275.1883223999434,2126.039230427547,2141.032958984375,1039500
2022-05-06,2114.642969981476,2213.063656068527,2053.0907217585905,2163.03515625,690000
2022-05-09,2075.4188963494557,2112.7405160432945,1992.1891622132905,1994.8013916015625,671800
2022-05-10,2069.967421717716,2069.967421717716,1984.963232207946,2015.906982421875,491500
2022-05-11,2034.2622979742528,2105.7019772532485,1982.9522345278365,2042.6905517578125,461700
2022-05-12,2022.275087795496,2084.7146841076265,1973.4690708778617,2023.8623046875,436400
2022-05-13,2074.383704118766,2094.779501436833,2042.749833549252,2072.0078125,301900
2022-05-16,2056.4524916768733,2064.8119147496486,2004.6987484488795,2016.9224853515625,289300
2022-05-17,2094.78960487956,2130.277805244578,2079.8649509540774,2116.07275390625,407100
2022-05-18,2089.860572712088,2103.7207435163805,2012.9694761689072,2021.230224609375,360500
2022-05-19,2030.3391991758087,2111.971734689322,2013.5412922125256,2073.49658203125,387200
2022-05-20,2097.5199657720214,2101.9658576881548,2023.6651644897324,2085.818603515625,431000
2022-05-23,2126.7188279826223,2126.7188279826223,2064.88066372644,2076.7001953125,296300
2022-05-24,2059.7250793515745,2064.959646298639,1990.64143081192,2020.9149169921875,339000
2022-05-25,2009.0955632228572,2136.547660523673,2009.0955632228572,2116.69384765625,356300
2022-05-26,2139.9581920201263,2219.984013724125,2127.685237946765,2189.927490234375,302200
2022-05-27,2231.4287116508417,2241.838398850572,2206.675590753345,2233.764892578125,308600
2022-05-31,2211.4274841322026,2236.742332165567,2163.8338370072515,2211.6640625,505100
2022-06-01,2232.79930392926,2244.431595677502,2165.9138068791904,2206.7451171875,258500
2022-06-02,2227.4265484163843,2350.0085488266177,2224.7649818258237,2338.6328125,480100
2022-06-03,2284.4150058311902,2345.109513301667,2278.046643238795,2302.661865234375,308700
2022-06-06,2332.796985775711,2359.285098694052,2299.586004001647,2313.92919921875,206600
2022-06-07,2269.302811389731,2312.667410131462,2267.301642364143,2293.651611328125,234600
2022-06-08,2270.7021820299437,2321.5193522915424,2267.6661335388303,2312.4501953125,269700
2022-06-09,2296.8751589624603,2302.839196243074,2243.869570053338,2245.456787109375,372500
2022-06-10,2168.5558031464257,2176.8066844067043,2066.72433780776,2075.034423828125,431500
2022-06-13,1977.9247239031365,1987.4868934843853,1886.227268456782,1951.180419921875,729600
2022-06-14,1955.1532980143456,1967.485456812607,1875.9653682778048,1923.7659912109373,578600
2022-06-15,1964.5674216291552,1975.3913022326856,1904.1487290015773,1945.1868896484373,380300
2022-06-16,1875.807599452282,1882.1265041113572,1806.2507922429056,1819.9925537109373,553100
2022-06-17,1825.5917566817104,1895.1288251955348,1824.2017686077152,1879.760498046875,565500
2022-06-21,1921.86324103738,1926.0922896338363,1886.1779359702489,1909.748046875,603200
2022-06-22,1869.7056331247925,1918.9947975499224,1855.47085986468,1862.97265625,438700
2022-06-23,1845.0313428543225,1849.56592165473,1769.490768969752,1808.971435546875,602000
2022-06-24,1841.2753748792252,1905.538643693988,1826.9815186054227,1903.5966796875,509200
2022-06-27,1912.330813963595,1921.88299587419,1864.1259890784413,1869.2816162109373,344500
2022-06-28,1894.4387064182351,1926.220346729293,1809.2374126480645,1812.2835693359373,405200
2022-06-29,1797.9108364529643,1807.778536123929,1734.9784693055526,1784.5928955078125,423000
2022-06-30,1727.7133877179815,1758.5585856433215,1678.8382950860484,1724.1251220703125,640700
2022-07-01,1718.318679760859,1742.844970703125,1695.3006660019007,1742.844970703125,356300
2022-07-05,1687.1975508897003,1771.610171204815,1665.4412482560836,1762.5408935546875,525600
2022-07-06,1768.1893104717467,1781.7536961651235,1721.3055266994372,1725.96826171875,389400
2022-07-07,1757.8388618816148,1773.424153588006,1735.777147187809,1760.5301513671875,334700
2022-07-08,1738.5865248862513,1756.1728644179811,1701.0675565334575,1744.32373046875,230700
2022-07-11,1712.9560740530212,1729.48767761931,1689.6324097785357,1700.032470703125,355300
2022-07-12,1707.7707901706322,1737.2752131025995,1692.6193076398722,1713.53759765625,322700
2022-07-13,1668.4679030141472,1722.6859866388731,1654.1543096836383,1713.321044921875,288700
2022-07-14,1667.3538890288048,1684.900759476763,1645.6074517829886,1650.112548828125,537200
2022-07-15,1684.94002111016,1698.8100577427665,1656.539670468161,1674.44140625,481000
2022-07-18,1720.1031794394487,1764.5521149427611,1704.5672249347267,1714.0701904296875,444400
2022-07-19,1748.404817953796,1816.2759681222967,1748.404817953796,1808.715087890625,447200
2022-07-20,1801.2723764962896,1822.791980722004,1780.876579573917,1808.715087890625,475500
2022-07-21,1788.920636258391,1805.5310607496444,1760.5104145797336,1803.40185546875,337700
2022-07-22,1826.6763683619408,1831.1813455359195,1771.4922330877323,1784.149658203125,308500
2022-07-25,1792.9722635040282,1817.774605956561,1777.8799831887895,1808.587158203125,339800
2022-07-26,1794.7464849590576,1798.610798451017,1769.234410748713,1770.26953125,300400
2022-07-27,1810.6473415798607,1876.103376688934,1810.6473415798607,1850.886962890625,407500
2022-07-28,1859.7786254312025,1886.0596401467087,1830.668417647155,1885.734375,320300
2022-07-29,1886.404724901105,1918.7876815289223,1872.998096382108,1908.1707763671875,398600
2022-08-01,1896.400488740282,1897.2186455006415,1836.504290057815,1879.5633544921875,408300
2022-08-02,1879.563366146384,1944.1616501552717,1875.748389835968,1928.48779296875,440000
2022-08-03,1907.5005005704647,1946.0051326368036,1895.3063662977704,1938.5230712890625,613500
2022-08-04,1873.8063051155436,1926.6345153724849,1848.9054109480555,1919.56640625,804600
2022-08-05,1906.268222668364,1928.1132131308063,1876.931303590496,1897.6031494140625,383600
2022-08-08,1895.5428460694395,1961.2058520236976,1895.5428460694395,1927.994873046875,349700
2022-08-09,1923.90387341606,1929.384765625,1892.013809851315,1929.384765625,299800
2022-08-10,1971.5861442242324,1998.38953179802,1952.4816609046568,1994.9195556640625,463800
2022-08-11,2032.3007062316476,2068.843517924524,2021.723030572632,2034.4200439453125,378400
2022-08-12,2054.332942861315,2092.8080942309903,2042.888133437022,2090.82666015625,329700
2022-08-15,2072.116337519231,2127.290595704016,2070.1447710705925,2099.481689453125,377600
2022-08-16,2086.183639304854,2130.327044269512,2085.1287837884674,2120.755126953125,263700
2022-08-17,2082.5853711580867,2112.5925533087334,2071.761250457221,2099.373046875,256400
2022-08-18,2088.7467921170246,2124.096846746087,2078.731079684984,2114.239013671875,215900
2022-08-19,2091.625358581136,2099.028601399598,2054.293626419356,2057.2509765625,236300
2022-08-22,1989.7344491263768,2013.0285110939508,1941.085951649905,1944.625,465000
2022-08-23,1947.8782427799388,1983.4945990334304,1947.552977604087,1964.49853515625,323400
2022-08-24,1943.945002910812,1990.4543136324344,1942.476195367537,1962.6551513671875,229100
2022-08-25,1971.5664800449251,2005.0337729097407,1966.5980940080544,1979.985107421875,250400
2022-08-26,1984.904344372881,1992.1103579665933,1880.8746003087656,1883.79248046875,383800
2022-08-29,1870.0308024593053,1894.0543351556275,1859.2857410982847,1871.667236328125,320400
2022-08-30,1893.6896709464825,1897.62293658626,1843.3063022101576,1853.499267578125,325300
2022-08-31,1864.7273831627367,1889.648013626954,1846.7861754095816,1849.1422119140625,389600
2022-09-01,1832.571186013592,1846.8946464877104,1776.2928501487154,1826.1734619140625,576900
2022-09-02,1837.3620341805824,1846.2735536570915,1793.1003402547808,1811.781005859375,337600
2022-09-06,1811.780925545929,1822.279541218708,1754.7828706797486,1789.0487060546875,338400
2022-09-07,1798.256042717708,1854.0514757033225,1781.4583765300588,1845.8299560546875,395100
2022-09-08,1817.094428981384,1885.162694542903,1803.776486796004,1878.9227294921875,461800
2022-09-09,1892.7038306081647,1956.7698740809712,1890.7816014141508,1952.8662109375,526900
2022-09-12,1981.6312501073603,2002.076384483369,1971.8227551927123,1984.697021484375,411500
2022-09-13,1913.4053276368884,1939.814499955172,1886.2765527848712,1893.4925537109373,396000
2022-09-14,1889.5297882733316,1942.0326177256984,1870.1492544336616,1939.410400390625,303000
2022-09-15,1927.817375035213,1986.40252472139,1919.5565068418512,1928.9510498046875,380900
2022-09-16,1906.504823938884,1907.1160047464,1828.026633087561,1849.77294921875,792000
2022-09-19,1822.8117948325864,1882.846019197534,1822.8117948325864,1875.9356689453125,267500
2022-09-20,1860.8925209832585,1899.0620180191877,1852.119026341517,1869.666015625,310500
2022-09-21,1861.365855229032,1863.958470133744,1780.216226534842,1781.0146484375,372600
2022-09-22,1780.32454479751,1780.403364136749,1690.6182692844573,1696.118896484375,578800
2022-09-23,1672.0364402358905,1674.747344427421,1622.638851389678,1646.139892578125,629000
2022-09-26,1653.8288824354636,1689.9282599451908,1645.2722309473052,1645.5186767578125,448900
2022-09-27,1672.3813348984722,1686.3104574614194,1631.8557986886858,1645.4300537109375,401300
2022-09-28,1638.2536708297057,1711.3100618992246,1629.4407049327112,1702.32958984375,381900
2022-09-29,1666.5159336261058,1673.367079129832,1636.0945564136312,1655.05126953125,344800
2022-09-30,1635.3847075624224,1677.5664087110888,1618.5278391038084,1619.8487548828125,498400
2022-10-03,1648.663313100904,1669.9168581471515,1603.1004392755108,1655.0611572265625,386900
2022-10-04,1704.4095114097693,1740.4300728226017,1702.6449207405622,1734.0323486328125,466100
2022-10-05,1702.260539833539,1720.1918805294345,1685.265524815809,1702.161865234375,350300
2022-10-06,1699.1649761212975,1708.2736032863995,1668.546492088254,1685.423095703125,371300
2022-10-07,1656.875033546765,1674.8754464178976,1644.404850605697,1661.20263671875,443400
2022-10-10,1675.0920796134253,1677.4579833279315,1634.0440532885264,1647.5689697265625,278300
2022-10-11,1647.5691494968617,1647.5691494968617,1597.796960607888,1611.3712158203125,304700
2022-10-12,1620.6080195429852,1658.6396164886746,1605.8508723380112,1651.7982177734375,290800
2022-10-13,1603.110343333041,1686.5865254280682,1593.8636912427771,1668.073486328125,477700
2022-10-14,1690.8846180223916,1711.1818634092651,1643.5472825253746,1646.7412109375,389000
2022-10-17,1679.0453073815638,1727.0825093153476,1677.1525600864595,1722.646484375,318800
2022-10-18,1774.518245914007,1789.778151148533,1725.593819114523,1748.739990234375,367400
2022-10-19,1725.97838140534,1774.3901842601013,1725.97838140534,1746.6304931640625,313600
2022-10-20,1744.4519067126153,1801.0260226525422,1738.4977372931296,1748.4049072265625,345100
2022-10-21,1746.8376067210452,1803.29343546032,1734.9983396833386,1796.8759765625,306900
2022-10-24,1787.2448215231143,1802.642751543009,1738.92170588491,1782.8482666015625,313800
2022-10-25,1776.657565324963,1853.499325881036,1776.657565324963,1847.959228515625,324800
2022-10-26,1847.9592124052092,1890.7817014115965,1821.254376576652,1825.197509765625,375600
2022-10-27,1842.7935035607911,1849.181359331561,1797.2010313576927,1807.6700439453125,375600
2022-10-28,1812.8652973032133,1848.067579296174,1787.7574263477368,1845.1102294921875,460700
2022-10-31,1844.3119448051243,1858.536731032857,1811.712022320097,1842.9022216796875,358200
2022-11-01,1864.3626123687477,1899.6043643276012,1859.2267200309936,1862.6572265625,348900
2022-11-02,1836.3072544469665,1857.9352816113771,1746.1375673633192,1752.900146484375,605900
2022-11-03,1822.7132435121327,1875.6497563173964,1796.8463004565226,1799.7740478515625,742600
2022-11-04,1858.0338494504729,1888.9086490534205,1825.7691820689731,1847.752197265625,438700
2022-11-07,1849.339407056126,1860.0055298115656,1772.3596199892052,1807.7491455078125,433900
2022-11-08,1809.6910690246389,1866.0383528912596,1804.5451890108247,1832.75830078125,317700
2022-11-09,1813.8411965824605,1855.5792260752733,1804.0523158731264,1839.2940673828125,359500
2022-11-10,1919.1819141241224,1927.501987113528,1889.154995611222,1918.8369140625,516200
2022-11-11,1908.7820067968648,2004.4719331363813,1908.7820067968648,1987.1123046875,442800
2022-11-14,1968.1260783040373,1990.8089599626544,1945.945955717505,1951.1114501953125,415700
2022-11-15,2000.765582637248,2032.645782237474,1947.1389447424049,1973.439697265625,411200
2022-11-16,1980.3892246233468,1999.9866005721185,1961.7086800502836,1985.150634765625,302500
2022-11-17,1933.042248433349,1944.4082385247248,1875.413274396418,1913.1688232421875,494900
2022-11-18,1931.9084625909927,1944.1616810230696,1898.1256512989744,1912.695556640625,306100
2022-11-21,1895.6018315376105,1920.7196877955084,1872.997890832518,1892.200927734375,279900
2022-11-22,1902.5616922278443,1922.3266947292373,1872.308061732379,1919.2904052734373,327100
2022-11-23,1927.087996421537,1973.5380991158029,1923.9926225251968,1941.4508056640625,254400
2022-11-25,1940.4947363994363,1967.8995609127023,1935.309506493682,1956.4151611328125,168800
2022-11-28,1957.7852247451624,1976.3968168938711,1949.9384287613711,1956.68115234375,331400
2022-11-29,1956.9870577975812,1998.7448288810767,1956.9870577975812,1988.48291015625,284700
2022-11-30,2003.1115950861688,2055.062325033441,1983.593038299313,2049.886962890625,444100
2022-12-01,2054.0769824805207,2070.7760968168136,2018.8845604926112,2030.9998779296875,291900
2022-12-02,2002.7569196289471,2064.7133797280203,1995.9451229186736,2055.7919921875,270400
2022-12-05,2026.83940466229,2057.2112032429463,2017.671572437016,2027.282958984375,279000
2022-12-06,2028.7812538079213,2045.450760736789,1994.7421317299809,2013.156494140625,262800
2022-12-07,1948.2035586010247,1959.382307383957,1912.6758904236565,1927.7584228515625,415400
2022-12-08,1934.4913710084188,1992.061141773852,1920.9368501676008,1982.1737060546875,314100
2022-12-09,1973.1930873285464,2002.3327779330475,1962.9803871905629,1991.262451171875,242000
2022-12-12,1991.3214358225464,2052.301846798051,1986.3530502319336,2050.428955078125,335000
2022-12-13,2121.7704967790783,2121.7704967790783,2009.3417440136743,2018.716552734375,418900
2022-12-14,2027.795513769305,2040.2359726144591,1959.7468705414549,1978.269775390625,401500
2022-12-15,1938.877693241931,1948.1243439841537,1924.554355555071,1937.7440185546875,342300
2022-12-16,1921.666224025992,1944.2406853088853,1900.6000400488103,1910.990234375,807900
2022-12-19,1924.30804455992,1931.5928766397096,1892.3094395046971,1903.9810791015625,278500
2022-12-20,1897.356726979132,1935.20096076418,1897.356726979132,1930.6663818359373,245300
2022-12-21,1947.4936472875395,1969.092192183696,1939.8636944904808,1942.8802490234373,251000
2022-12-22,1920.0099883774528,1920.0099883774528,1880.2632606747263,1905.5091552734373,252700
2022-12-23,1899.0326535913707,1945.2855276852777,1891.4420501983475,1943.491455078125,157800
2022-12-27,1949.760949385323,1983.7803384472536,1934.2939478561827,1969.861083984375,231500
2022-12-28,1978.9500801735733,2001.1400715793045,1927.5513251756815,1930.99169921875,240900
2022-12-29,1956.5825242741464,1984.45051398311,1946.5077286146168,1975.0264892578125,206600
2022-12-30,1951.1510632477075,1988.916358836252,1949.8793642855785,1986.62939453125,196700
2023-01-03,2009.8443615562544,2019.8698202363976,1977.057201992392,2003.3184814453125,266900
2023-01-04,2039.418213649508,2083.541885344129,2027.5394763306283,2080.4365234375,368100
2023-01-05,2055.841273897957,2122.854805634317,2055.841273897957,2114.446044921875,376000
2023-01-06,2134.339065131428,2160.0481276647806,2120.577329318732,2148.26806640625,350400
2023-01-09,2163.7941614347765,2190.922934821697,2153.8573895925524,2177.013427734375,271600
2023-01-10,2169.275229722165,2189.385111599839,2148.337203279744,2189.375244140625,216700
2023-01-11,2191.7412149301463,2214.3352892818966,2184.002720397699,2193.180419921875,289900
2023-01-12,2193.8899359730644,2235.4208632979453,2183.164490479025,2224.685791015625,292100
2023-01-13,2191.74156681374,2269.2832005824257,2190.568301686463,2268.622802734375,290700
2023-01-17,2265.241150796061,2303.115107742929,2265.241150796061,2300.837890625,344000
2023-01-18,2326.448327650769,2340.959027322529,2260.8345407847664,2263.8017578125,307100
2023-01-19,2237.727719610058,2289.3236956099167,2236.111141161048,2282.482177734375,284200
2023-01-20,2294.0358498793403,2317.073477452022,2287.293006344309,2310.961669921875,303700
2023-01-23,2306.732888259601,2369.6061750943286,2296.677946880624,2367.4375,340900
2023-01-24,2368.463059954844,2396.301573919298,2359.8374550885765,2368.18701171875,237100
2023-01-25,2265.5767521142684,2358.969863990928,2257.1383882518794,2356.76171875,304300
2023-01-26,2365.87986129731,2399.2585889018005,2363.425270568004,2396.5869140625,238000
2023-01-27,2387.350157765688,2439.4094282982014,2387.350157765688,2429.47265625,299000
2023-01-30,2399.3472761599933,2421.379629745413,2379.552910646044,2402.334228515625,317200
2023-01-31,2385.437838344855,2401.358141644705,2369.2708485615226,2399.4951171875,338100
2023-02-01,2387.902250963217,2427.234905818804,2356.169705681665,2410.969482421875,411200
2023-02-02,2420.9361431866205,2449.46465565526,2404.28612758314,2419.79248046875,346000
2023-02-03,2388.247204860549,2437.0730789450645,2375.6192634522213,2420.1669921875,287300
2023-02-06,2395.2659727012087,2439.685422153977,2391.421273758782,2434.835205078125,246100
2023-02-07,2429.7782329212696,2454.580451781108,2378.5764702142287,2451.830078125,428200
2023-02-08,2427.786986025012,2450.627506440832,2385.743186880174,2390.603271484375,350600
2023-02-09,2426.821155405308,2455.2904621088264,2400.9542107667226,2401.486572265625,349000
2023-02-10,2349.821559963728,2370.45393782163,2298.087669686471,2314.984130859375,567600
2023-02-13,2343.1476809497603,2398.253111389085,2332.9449682766926,2388.58251953125,269000
2023-02-14,2383.7518659947605,2445.856208952138,2375.6980940890467,2435.919677734375,263600
2023-02-15,2464.458369454454,2483.602205054052,2446.7340041149187,2480.802734375,299300
2023-02-16,2439.616526133257,2500.9321984339117,2434.3918265796387,2457.735107421875,341200
2023-02-17,2430.5865785631668,2439.4882304544603,2407.7855268373946,2427.00830078125,287000
2023-02-21,2380.725672657935,2414.8829648425813,2380.725672657935,2391.00732421875,225200
2023-02-22,2388.8194120082085,2414.843998078097,2384.215880442329,2392.21044921875,166000
2023-02-23,2395.196715124424,2419.1512935420405,2348.677666544143,2391.992919921875,419600
2023-02-24,2395.453380556472,2453.821570305588,2370.8482682905083,2417.61376953125,563700
2023-02-27,2445.1268218379173,2492.809273401074,2439.931965500519,2485.238525390625,362900
2023-02-28,2476.13014854682,2512.653229306126,2465.591941575052,2488.1171875,340000
2023-03-01,2494.0316738476013,2517.936918152267,2489.0139503606897,2516.034423828125,328900
2023-03-02,2503.554612430516,2546.8701184446904,2491.883090865981,2541.18212890625,328700
2023-03-03,2563.036843396883,2590.8852244837917,2552.489009136859,2583.146728515625,419100
2023-03-06,2538.056796193189,2589.120420306421,2538.056796193189,2576.275634765625,448000
2023-03-07,2562.8099861981755,2592.6101974652693,2534.872799558519,2542.236572265625,297200
2023-03-08,2540.757700215772,2563.0759681918794,2527.2426501104565,2546.150146484375,211400
2023-03-09,2534.852665684769,2550.5859675580487,2467.957553193593,2469.771240234375,326300
2023-03-10,2473.2217351348213,2488.6987253397742,2426.4759684885503,2445.2255859375,383600
2023-03-13,2424.87901589035,2432.5778001387985,2398.351434690532,2404.216796875,418200
2023-03-14,2463.4921749115088,2477.6283939213604,2425.026891708952,2440.552978515625,378900
2023-03-15,2384.2547731805457,2399.9091368594404,2349.298936480147,2381.38623046875,425600
2023-03-16,2369.803286010216,2417.574305570546,2366.8755385294544,2405.222412109375,337600
2023-03-17,2405.22235074713,2410.841507873057,2358.7921035357654,2406.149169921875,798800
2023-03-20,2415.691553769256,2468.2928153321614,2403.4676965752265,2458.27734375,322900
2023-03-21,2482.0151298302285,2544.996719518016,2482.0151298302285,2534.764404296875,282500
2023-03-22,2540.728029832325,2574.8557172967144,2520.647511569109,2521.869873046875,273100
2023-03-23,2536.430314568888,2578.444273935109,2487.969293872308,2502.667236328125,352500
2023-03-24,2474.4046443028424,2478.1405604760835,2430.9611112004827,2463.797607421875,329600
2023-03-27,2489.103057629337,2506.650050090342,2468.8747632301893,2472.650390625,246400
2023-03-28,2484.1737769467686,2517.867780867195,2472.6500285755583,2508.936767578125,235800
2023-03-29,2544.730588116518,2547.7668777800127,2518.814305925352,2535.2080078125,236700
2023-03-30,2551.601278641513,2587.1782829230465,2543.8136872020286,2572.65771484375,265400
2023-03-31,2588.371182379353,2623.031477499836,2584.713964815673,2614.701416015625,365800
2023-04-03,2607.1894365624858,2639.118846660769,2592.609665374386,2627.29931640625,223100
2023-04-04,2634.1509284028666,2636.9210372860703,2587.681208705791,2600.82177734375,260700
2023-04-05,2595.5870623220526,2597.6866651474693,2553.178647160806,2578.414794921875,260900
2023-04-06,2568.7050145982644,2568.7050145982644,2515.7191584974657,2547.116455078125,272700
2023-04-10,2528.593339907395,2548.3287405978917,2515.906193462184,2535.99658203125,205800
2023-04-11,2545.105156265237,2551.8773621663995,2524.650153459466,2529.983154296875,236700
2023-04-12,2551.0691405249386,2551.128104610782,2498.487375467235,2511.036376953125,276200
2023-04-13,2532.477193684799,2593.694430368354,2524.0980359789523,2592.2451171875,334600
2023-04-14,2589.110403916743,2620.192179090838,2578.4345348299835,2612.187744140625,185400
2023-04-17,2594.5519674838647,2638.133407397532,2594.5519674838647,2638.00537109375,175700
2023-04-18,2657.79956797606,2683.154123902965,2649.598024958717,2658.341796875,245000
2023-04-19,2645.694624755885,2656.548108592729,2634.565092712711,2638.232177734375,198500
2023-04-20,2626.3728890929533,2661.3188553789555,2619.038719849896,2622.9423828125,247700
2023-04-21,2624.7663341995462,2651.480916092169,2595.567318573195,2649.125,210100
2023-04-24,2659.396809428016,2668.5153046507794,2628.946070195011,2641.593505859375,243600
2023-04-25,2637.4732733653427,2637.4732733653427,2603.650988186697,2607.416748046875,283600
2023-04-26,2605.85870678739,2622.2326717744445,2549.04813600582,2560.44384765625,357400
2023-04-27,2584.7235262570684,2603.3056356713905,2540.6689332213,2601.91552734375,376900
2023-04-28,2593.782658918148,2655.6208154775177,2583.441803499857,2648.119140625,295300
2023-05-01,2642.2146380723093,2681.310715274833,2640.6372885984174,2652.83154296875,252300
2023-05-02,2648.651701970789,2692.913271629935,2648.651701970789,2677.4365234375,291500
2023-05-03,2682.9372994180385,2682.9372994180385,2598.3079471313035,2608.589599609375,399900
2023-05-04,2573.801271097023,2608.3826264698328,2563.618293206184,2566.555908203125,487800
2023-05-05,2592.9254623127504,2612.4733804805924,2488.4521728608584,2532.77294921875,788200
2023-05-08,2536.5389756016493,2610.5020887531127,2536.5389756016493,2601.945556640625,344900
2023-05-09,2588.114856316889,2626.7084170170137,2571.494684609476,2597.4501953125,339500
2023-05-10,2597.4502270161925,2626.1070153611827,2561.685979479592,2608.3037109375,411800
2023-05-11,2599.382748003189,2630.4642863198437,2597.923567178279,2618.8125,212300
2023-05-12,2641.632782325028,2641.632782325028,2587.680887307244,2593.418212890625,220300
2023-05-15,2589.642837949994,2615.3718781125235,2583.688668365303,2608.45166015625,198700
2023-05-16,2622.1836909247227,2654.0146735596886,2608.688374727285,2608.6982421875,225200
2023-05-17,2624.0466414635293,2661.3586361898606,2603.088878567883,2658.36181640625,297600
2023-05-18,2660.343192729124,2747.2302669682854,2656.0354448860376,2741.443603515625,337600
2023-05-19,2741.43363795949,2741.43363795949,2714.3739356629217,2725.947021484375,343600
2023-05-22,2725.030246702376,2746.579333441898,2654.733986462032,2657.297119140625,282800
2023-05-23,2638.2026236492493,2641.9782507984905,2585.8182036511,2599.99365234375,289700
2023-05-24,2584.9705741999364,2605.5832188798267,2558.48245817172,2588.499755859375,270100
2023-05-25,2599.9637424544303,2600.141116044428,2534.576665223552,2560.44384765625,380300
2023-05-26,2577.803507648785,2626.422405752733,2551.571949695456,2554.29248046875,465300
2023-05-30,2558.324590220789,2569.1879417939786,2484.3020331731955,2492.8193359375,485700
2023-05-31,2480.989536872532,2487.170416624077,2422.000185128019,2473.103271484375,823200
2023-06-01,2467.533671066808,2531.6882757784338,2464.803032446656,2513.7470703125,319100
2023-06-02,2540.6691675347142,2597.026320735534,2531.9646241429305,2588.32177734375,327400
2023-06-05,2580.1692914121368,2636.595756648398,2580.1692914121368,2632.79052734375,312800
2023-06-06,2650.4264181638923,2690.469055031122,2646.3453808195145,2669.60009765625,314700
2023-06-07,2671.7884703926984,2687.127076833551,2599.0869463211384,2606.588623046875,314300
2023-06-08,2579.7950983198443,2641.15024609444,2579.7950983198443,2609.822021484375,237800
2023-06-09,2609.822094988197,2634.7427283478683,2566.979986712517,2569.07958984375,318400
2023-06-12,2588.8934426490096,2589.908828244425,2543.4193783014034,2568.300537109375,317500
2023-06-13,2592.5309735725405,2592.5309735725405,2548.0722939867824,2576.88671875,267100
2023-06-14,2558.472338688633,2586.2023054435576,2542.6899395401547,2572.687255859375,234300
2023-06-15,2558.6396387221903,2640.2822666904794,2550.398385683647,2633.716796875,398400
2023-06-16,2663.793472861229,2663.793472861229,2594.739304036675,2603.44384765625,828900
2023-06-20,2582.7525737246106,2632.0121425957705,2576.80827079097,2599.165771484375,292500
2023-06-21,2599.1653723785757,2627.3095329771504,2582.7521771390816,2606.2138671875,244900
2023-06-22,2604.7055158986623,2644.048038593887,2603.4535519230303,2639.828857421875,225100
2023-06-23,2600.545595956317,2620.310598595994,2582.002954941077,2586.626220703125,324600
2023-06-26,2576.8175426535554,2613.873219678703,2567.9652287959675,2578.572265625,226000
2023-06-27,2609.900827985199,2684.1794572703034,2609.900827985199,2661.969970703125,388200
2023-06-28,2659.633184764716,2683.9721140163606,2625.189977794284,2628.561279296875,242200
2023-06-29,2633.4408742177707,2637.8670311507262,2595.567160758725,2618.1513671875,224000
2023-06-30,2647.43935231002,2681.3304652426027,2638.852977959105,2661.940185546875,306600
2023-07-03,2655.4044188446715,2704.0726557362877,2645.1721037438706,2682.109375,179300
2023-07-05,2676.785837273323,2684.415789898778,2629.7541575563782,2635.984375,276800
2023-07-06,2613.4888419218623,2622.183517815833,2587.188211469043,2595.26171875,309200
2023-07-07,2590.638632032511,2623.997627086099,2590.638632032511,2599.421875,268900
2023-07-10,2599.51036163692,2694.618707832992,2599.51036163692,2690.034912109375,401100
2023-07-11,2700.967263547392,2749.526957835073,2694.757021382345,2743.8291015625,278100
2023-07-12,2764.333255080944,2781.3478830707204,2741.571674578785,2748.826904296875,306900
2023-07-13,2784.837634638748,2812.4593000950085,2783.802514109625,2794.232177734375,311100
2023-07-14,2804.3465956799014,2826.990009872045,2787.8544598353906,2826.161865234375,238600
2023-07-17,2816.6096996502224,2912.97988812857,2816.6096996502224,2907.7255859375,251600
2023-07-18,2894.8708142832074,2942.139071209373,2878.4869817628,2939.22119140625,308000
2023-07-19,2938.087441968296,2955.3781182989906,2885.1607982041915,2886.2548828125,299900
2023-07-20,2878.684271786922,2930.6056405413938,2874.6819339293133,2876.022705078125,257200
2023-07-21,2897.3254033054577,2930.7334904791724,2881.57236615508,2881.680908203125,698800
2023-07-24,2865.0605765235814,2878.171541744833,2830.193548485532,2852.6201171875,255100
2023-07-25,2844.4874388855146,2918.529724780138,2844.4874388855146,2900.59814453125,245700
2023-07-26,2900.5983837609438,2924.0403402889765,2881.7305966709337,2916.104736328125,166900
2023-07-27,2932.133434633053,2949.828437092826,2910.2194915128184,2913.876708984375,223500
2023-07-28,2945.53016122051,2973.348935114555,2938.866256953216,2969.425537109375,189100
2023-07-31,2957.349517771322,2974.709265335317,2923.280793565864,2928.564697265625,368500
2023-08-01,2900.3715640464493,2909.263348625931,2872.444486938821,2872.878173828125,305000
2023-08-02,2848.913862257875,2868.6887338860547,2829.1981953910386,2843.906005859375,283500
2023-08-03,2774.9603773035487,2809.482529249877,2754.633649906866,2799.535888671875,655400
2023-08-04,3110.146239215195,3121.739060180549,2908.0705348715496,3019.61181640625,974800
2023-08-07,3040.6978499980696,3200.6313189579246,3035.719596323794,3196.905029296875,512100
2023-08-08,3147.2020898237497,3193.8491837416973,3125.3076398903186,3180.107421875,332000
2023-08-09,3205.244669851268,3205.244669851268,3143.2686013980983,3159.10009765625,298000
2023-08-10,3169.29319205168,3205.481257146455,3159.425491957569,3177.36669921875,259600
2023-08-11,3152.909210555584,3171.727898812133,3122.695051217744,3160.647705078125,214500
2023-08-14,3154.5066145242354,3190.921392494909,3135.2739723820177,3188.3486328125,156700
2023-08-15,3178.6680551821714,3182.9464412603143,3149.636785707676,3155.05859375,162900
2023-08-16,3138.034003653809,3180.74806893492,3136.2003409122226,3149.922607421875,160100
2023-08-17,3157.660577779703,3161.938963345772,3063.754864099301,3067.81640625,294800
2023-08-18,3015.3535439407488,3038.9531389136428,2991.438430917217,3014.94921875,464100
2023-08-21,3023.466417244405,3030.60347862446,2976.345927932667,3008.610595703125,234500
2023-08-22,3013.135108300421,3042.462158017382,3009.6256624054904,3030.18896484375,186700
2023-08-23,3022.1846742817224,3086.152042223882,3022.1846742817224,3054.508544921875,187100
2023-08-24,3043.05397565769,3065.766462391886,2978.2979256044628,2983.36474609375,226300
2023-08-25,2983.3646726121124,3008.778195453904,2965.2855605720024,2999.255615234375,197500
2023-08-28,3022.815515921599,3040.214734610713,3013.647924272028,3025.97021484375,140900
2023-08-29,3017.2365648928826,3075.3879184819803,3016.4972273371627,3066.63427734375,167900
2023-08-30,3054.232537584135,3104.211699912534,3054.232537584135,3086.083251953125,164000
2023-08-31,3080.2969796639954,3095.665429026638,3046.0706099753243,3060.886962890625,230100
2023-09-01,3090.8939426928187,3090.8939426928187,3048.9685499559905,3070.6064453125,197600
2023-09-05,3045.7056429860827,3115.7061270747413,3045.7056429860827,3099.93359375,262100
2023-09-06,3078.926313888259,3113.675171629774,3070.95124117258,3096.552001953125,232800
2023-09-07,3066.5152555357604,3077.358870854555,3024.294083602903,3059.328857421875,242900
2023-09-08,3070.7149208747023,3103.186564396022,3063.8144379064447,3098.41552734375,164400
2023-09-11,3107.0805537033784,3141.484536760764,3100.0619014525896,3137.432861328125,177900
2023-09-12,3119.2053375515534,3156.428521427358,3105.9663363436257,3128.31396484375,165200
2023-09-13,3122.1924815647835,3128.679012541482,3065.618485194884,3071.345703125,250900
2023-09-14,3123.690976159033,3180.6989016266803,3082.278209943548,3152.101318359375,306300
2023-09-15,3155.245797368721,3171.639257606126,3099.568777604763,3115.222900390625,857600
2023-09-18,3109.1601926947897,3157.640942769768,3100.347348704512,3113.4287109375,211500
2023-09-19,3087.4536645557014,3096.079268720904,3047.1648248774814,3068.4970703125,281400
2023-09-20,3090.3412259217785,3090.3412259217785,3024.3134928266554,3025.279541015625,182300
2023-09-21,2997.8560354186,3007.408218513488,2971.693306270728,2993.1044921875,267300
2023-09-22,3001.710055369174,3052.655267345021,2993.6957529103056,3019.000732421875,236300
2023-09-25,2980.3187611507524,3060.344583725416,2972.1367114562418,3053.867919921875,195200
2023-09-26,3036.2121916992605,3049.3527584912827,2997.1161174563367,3017.068359375,216900
2023-09-27,3024.698738043668,3056.943671872235,3006.984240697409,3038.834716796875,178400
2023-09-28,3038.8349598401387,3072.864221956876,3018.153243425442,3060.68994140625,270400
2023-09-29,3076.974886170165,3092.35296168036,3024.196008298188,3040.1064453125,252300
2023-10-02,3028.128850984252,3068.279781056832,3023.269007245382,3049.776611328125,160700
2023-10-03,3011.567766195088,3043.526781481933,2954.343001587287,2967.986328125,228200
2023-10-04,2971.8800536652784,3015.855948391984,2968.705860621433,3003.158935546875,186200
2023-10-05,2995.8056197070177,3002.7159709669927,2947.6500043547944,2975.843505859375,182000
2023-10-06,2954.8752807089268,3011.143862896689,2954.8752807089268,3006.086669921875,205600
2023-10-09,2978.4748792984783,2978.4748792984783,2892.731475450165,2966.931396484375,242500
2023-10-10,2976.5825400626004,3040.116225576357,2972.245189813047,3016.89111328125,220500
2023-10-11,3039.16980869061,3050.9893404216537,2996.2586342467307,3028.27685546875,145200
2023-10-12,3023.949270729512,3042.3833690450283,2985.85847184712,3005.653076171875,171600
2023-10-13,2999.551565582798,3023.860896941126,2903.220843169343,2908.139892578125,273200
2023-10-16,2931.423825044635,2957.487878393569,2919.07193110359,2924.296630859375,237700
2023-10-17,2931.5720070536227,2958.749881615214,2918.461039938062,2936.05712890625,212300
2023-10-18,2903.910636950805,2908.070613612389,2801.56654696478,2809.718994140625,456300
2023-10-19,2796.6076837149217,2797.070972930283,2730.008114151297,2745.603271484375,436300
2023-10-20,2740.2801110537566,2753.4303045463066,2707.956242320276,2717.44921875,313700
2023-10-23,2714.6104716889404,2801.0636139284643,2703.0176511295163,2779.455322265625,266800
2023-10-24,2796.6176765769887,2818.2555702669747,2777.187927687804,2795.060302734375,188500
2023-10-25,2782.491978750243,2810.9810219510955,2766.9658906314557,2772.9296875,235400
2023-10-26,2755.806361426971,2778.6468818904327,2694.1850419885354,2703.69775390625,289200
2023-10-27,2708.3804838816136,2745.0024788505466,2698.345277008773,2707.11865234375,209800
2023-10-30,2728.865082713763,2772.919681677249,2727.317335508441,2748.6103515625,209900
2023-10-31,2758.980636654817,2764.047456721693,2725.710451595919,2749.901611328125,218300
2023-11-01,2763.150838914298,2773.136709121741,2716.947055957947,2726.903564453125,310500
2023-11-02,2767.103445778956,2803.5280886741893,2717.202982222376,2798.26416015625,504900
2023-11-03,2740.477715415938,2828.182831262385,2723.167302013934,2818.108154296875,580500
2023-11-06,2847.4940600253035,2959.69573380106,2847.3855179754955,2929.185791015625,479000
2023-11-07,2929.1859459229545,2992.0592324364984,2921.6250651754917,2969.08056640625,308300
2023-11-08,2991.8521304084697,2997.490781655264,2961.164813699427,2977.400634765625,235100
2023-11-09,2988.185296001889,2990.2061999451357,2955.891024759246,2967.464111328125,205900
2023-11-10,2980.0424924592835,3036.596752226704,2970.1451901460687,3030.5244140625,226400
2023-11-13,3033.76750265642,3101.569699356476,3032.811321842325,3074.86474609375,241500
2023-11-14,3120.753104125174,3136.0524789921333,3100.623487735801,3128.383056640625,298700
2023-11-15,3151.5492991054675,3161.722650436312,3072.9725485504778,3076.452392578125,284200
2023-11-16,3069.9065594448803,3115.8540247974884,3058.1363646433474,3084.3681640625,259000
2023-11-17,3110.09712994227,3110.09712994227,3059.2700826883147,3090.67724609375,212400
2023-11-20,3097.2124532532,3123.9075397403194,3089.405127201612,3113.044189453125,227000
2023-11-21,3111.131924895931,3125.9186735884027,3096.946609878305,3100.337646484375,184200
2023-11-22,3121.4038595231577,3123.730413990756,3085.462239145471,3085.501708984375,192600
2023-11-24,3092.569670489434,3092.569670489434,3062.5822199808376,3071.296630859375,117000
2023-11-27,3054.9519531516075,3098.178642016346,3046.070037041407,3086.2900390625,253300
2023-11-28,3091.682475823159,3103.0781880390123,3076.195859357146,3097.2421875,180100
2023-11-29,3107.730915071376,3128.875916848076,3059.9302967183403,3081.84423828125,155800
2023-11-30,3083.924750690195,3083.924750690195,3035.720037785287,3081.26318359375,255700
2023-12-01,3080.858787962211,3134.091087195425,3055.001710754917,3114.6416015625,205000
2023-12-04,3102.684059293012,3142.4309118315296,3071.267268698189,3089.918212890625,235800
2023-12-05,3060.3444404198763,3115.0751470675027,3060.3444404198763,3103.255615234375,183700
2023-12-06,3135.0569638452835,3143.475591436644,3082.849920631212,3105.21728515625,189100
2023-12-07,3133.03584852542,3194.272816342969,3131.990860574186,3192.232177734375,279300
2023-12-08,3175.168419520036,3230.83557148786,3175.168419520036,3228.440185546875,244900
2023-12-11,3240.910198849803,3337.172077413811,3240.910198849803,3299.130615234375,330700
2023-12-12,3312.182557906673,3356.48360174431,3300.9545919899374,3354.127685546875,243000
2023-12-13,3365.7108312974733,3384.588486342256,3332.066160797965,3375.5390625,220000
2023-12-14,3404.796644412584,3445.292697021779,3369.900013902028,3391.39013671875,275400
2023-12-15,3392.95775579217,3445.3128155157765,3386.422127689373,3429.65869140625,904300
2023-12-18,3434.350491896972,3440.383601011052,3411.253657344188,3421.1904296875,202000
2023-12-19,3437.968347703878,3479.2133639678623,3429.470780750228,3465.31396484375,216400
2023-12-20,3485.81847079822,3491.772399622206,3414.536424355518,3419.88916015625,315900
2023-12-21,3432.467616803683,3474.018524499172,3432.467616803683,3469.513427734375,218000
2023-12-22,3469.9570887819946,3513.784974185986,3469.9570887819946,3485.433837890625,254900
2023-12-26,3477.3206845833483,3523.494856962569,3475.1717445646154,3515.943603515625,197700
2023-12-27,3529.715205447934,3529.715205447934,3479.026068954289,3484.388671875,169000
2023-12-28,3505.524246521752,3512.040139159027,3489.850148132603,3499.993896484375,139700
2023-12-29,3506.60864657359,3524.0865656021683,3480.041834205331,3496.790283203125,164500
2024-01-02,3469.957115322592,3481.7766471198697,3415.462987199315,3431.077880859375,333400
2024-01-03,3413.2947233383347,3431.196463062459,3356.6220458650278,3360.8017578125,327400
2024-01-04,3351.663119426696,3399.641114183701,3335.989261694922,3371.319580078125,176600
2024-01-05,3371.142417841957,3400.4596045155854,3346.0049428701795,3359.6875,321800
2024-01-08,3363.1276993006923,3415.739068527015,3358.386264628281,3413.60986328125,264700
2024-01-09,3392.08020425016,3440.876475714961,3392.08020425016,3439.62451171875,224300
2024-01-10,3444.06047661368,3487.454674303508,3444.06047661368,3471.090576171875,148500
2024-01-11,3452.755336189961,3502.4387181073894,3436.40110464618,3501.7783203125,167500
2024-01-12,3521.40527864712,3525.880773450641,3449.176915156922,3452.607421875,167200
2024-01-16,3448.072647057169,3460.099154388619,3417.365354889173,3453.888671875,173200
2024-01-17,3447.027756267116,3460.9273965386,3412.3381010146454,3440.284912109375,182400
2024-01-18,3448.269806031629,3490.2050639637687,3432.0537197146846,3478.641845703125,223000
2024-01-19,3511.251374374467,3571.0886098431765,3501.0190598194386,3565.094970703125,235100
2024-01-22,3601.1352551149967,3617.489245070576,3431.127115712758,3456.17578125,456400
2024-01-23,3473.160618825004,3480.800438535752,3436.489532347357,3440.99462890625,238200
2024-01-24,3450.241148868145,3472.470607832655,3427.0752440114597,3447.037353515625,260900
2024-01-25,3469.947560463678,3489.9392758890217,3441.8231323166374,3453.445556640625,278100
2024-01-26,3446.239201446315,3486.419738257576,3430.525873453364,3469.56298828125,209600
2024-01-29,3472.421704051992,3513.4696151215944,3447.06738623876,3503.35546875,219500
2024-01-30,3475.8716926520683,3524.6482279510774,3474.5901263103938,3504.607177734375,185500
2024-01-31,3479.8149506107816,3503.18783348577,3451.3061753951665,3457.605224609375,186400
2024-02-01,3541.180119946532,3548.3862537534305,3461.77522564049,3507.860595703125,196500
2024-02-02,3488.63738368503,3532.4850008680523,3461.577683163744,3510.75830078125,197600
2024-02-05,3490.6585607489224,3577.101837976061,3485.1479456258644,3573.46435546875,230800
2024-02-06,3583.322465045117,3608.164157246553,3554.172784097368,3593.12109375,277000
2024-02-07,3598.2075641899296,3692.2117208427935,3594.481274596499,3656.191162109375,284800
2024-02-08,3696.687414464288,3790.100250596314,3672.979277712239,3785.624755859375,376500
2024-02-09,3647.398172151176,3708.398326600701,3610.934057889353,3704.7509765625,398900
2024-02-12,3703.6961988704174,3772.592484068375,3696.3519211487614,3736.34521484375,247300
2024-02-13,3691.758298631856,3733.940002719377,3649.488028079811,3694.331298828125,264100
2024-02-14,3688.0222494806944,3716.609964779127,3642.469242334732,3685.16357421875,253700
2024-02-15,3699.289478028146,3709.236117469887,3659.059847280654,3697.337646484375,297500
2024-02-16,3700.827507523082,3702.7793391459086,3656.240549433322,3663.998779296875,209600
2024-02-20,3656.270019248983,3677.138973323236,3636.1206676828256,3648.245849609375,254900
2024-02-21,3663.722351916414,3699.4273894131056,3656.831737192688,3687.94287109375,224800
2024-02-22,3749.998406472486,3862.298756812977,3721.2037163715513,3846.516357421875,474000
2024-02-23,3645.7223413522775,3645.7223413522775,3441.694805398156,3456.11669921875,958500
2024-02-26,3508.757765816828,3535.2160356599816,3447.86591189258,3449.9951171875,433200
2024-02-27,3466.319612576067,3483.482012589815,3414.1323042536314,3428.672607421875,392900
2024-02-28,3428.672516130493,3457.4968084236507,3410.8100083111585,3445.933349609375,339600
2024-02-29,3455.8502381636,3465.0279374884926,3402.420837019629,3419.514404296875,480900
2024-03-01,3433.0394092830416,3461.794628865968,3405.052888824219,3449.97509765625,348400
2024-03-04,3412.574531637096,3452.4395472927645,3403.4165670162297,3412.18994140625,270800
2024-03-05,3402.92394100512,3423.931040823455,3367.130091732822,3381.483154296875,287500
2024-03-06,3384.194236237886,3398.4486249535607,3350.6479999997587,3379.294921875,236500
2024-03-07,3393.3486314931547,3443.3570113199366,3369.055992941396,3437.091064453125,270700
2024-03-08,3436.3197458551167,3468.9536251875074,3410.26813808049,3444.937744140625,305400
2024-03-11,3437.0904602173628,3504.552225181296,3435.825399812754,3461.7783203125,235500
2024-03-12,3481.080639130558,3502.003000210864,3456.639850736005,3459.071044921875,188400
2024-03-13,3459.071044921875,3478.5604105407,3441.5088277709483,3459.071044921875,232600
2024-03-14,3508.486027246782,3508.486027246782,3459.347485701139,3470.49560546875,347900
2024-03-15,3457.3805208534804,3460.0587911092243,3369.1445453495844,3374.056396484375,771100
2024-03-18,3425.982238964684,3429.421524245227,3386.24249673756,3410.574462890625,231000
2024-03-19,3413.717651663768,3469.141686573217,3404.7338635034757,3464.98095703125,187700
2024-03-20,3469.033140992085,3580.6325753479705,3459.080832186245,3536.64306640625,430400
2024-03-21,3573.012615324261,3617.38745545262,3544.717290833953,3605.15234375,304300
2024-03-22,3582.5792247812205,3603.482039427518,3562.309061033592,3582.342041015625,205400
2024-03-25,3566.2424639988417,3587.382462201893,3527.7578903760154,3584.526123046875,166600
2024-03-26,3606.328277201112,3645.771479333381,3598.0266040446327,3618.26708984375,274900
2024-03-27,3634.930012799516,3668.028370187252,3613.384894328781,3630.5419921875,209200
2024-03-28,3646.84875620096,3651.4343893926784,3576.08595753387,3585.455078125,274100
2024-04-01,3608.33487610396,3612.110272575538,3506.5096801962936,3527.1357421875,227600
2024-04-02,3477.453301039158,3543.145966481737,3477.453301039158,3524.387939453125,257200
2024-04-03,3556.913293572326,3603.472495392412,3553.375080881345,3589.90283203125,255000
2024-04-04,3615.222992376519,3628.5453366431702,3477.156706014999,3480.744140625,322600
2024-04-05,3488.7197132155866,3568.258550150582,3488.7197132155866,3559.77880859375,258500
2024-04-08,3547.8993611676533,3591.750608441457,3547.177917185323,3559.057373046875,165600
2024-04-09,3567.7844047973035,3571.955026864702,3489.550194296208,3539.597900390625,158000
2024-04-10,3530.791871386807,3575.038343259466,3505.451574464546,3544.193115234375,181000
2024-04-11,3535.091173753989,3614.047069707178,3526.3250256139186,3595.32861328125,174500
2024-04-12,3537.512557892456,3556.4978753724,3460.5530626693726,3490.498779296875,240800
2024-04-15,3541.169615649443,3582.836509377963,3440.273370139292,3444.868896484375,207600
2024-04-16,3429.945263199788,3456.570165919897,3410.436114617742,3427.217529296875,223300
2024-04-17,3432.3665945929006,3452.5576165070647,3390.452628367218,3403.636474609375,170900
2024-04-18,3429.421321347633,3444.403951266263,3384.097508612223,3390.02734375,156700
2024-04-19,3420.042356044384,3437.5155362670303,3365.339529622451,3374.88671875,218800
2024-04-22,3400.8794001487854,3451.6782281749893,3384.473425281003,3422.50341796875,202300
2024-04-23,3427.662668124724,3505.422518045806,3427.662668124724,3492.66357421875,152200
2024-04-24,3464.2592096537965,3529.3491415231406,3464.2592096537965,3476.3857421875,155900
2024-04-25,3481.525030853375,3483.7783973242176,3425.735209456897,3461.521728515625,142700
2024-04-26,3443.4851270949894,3500.451215621681,3443.4851270949894,3479.904296875,146000
2024-04-29,3479.904344141815,3490.7658167326463,3446.459984387454,3473.69775390625,146500
2024-04-30,3471.711345247408,3475.022025454818,3403.953030459464,3411.661865234375,232100
2024-05-01,3397.0544179173226,3444.354843943791,3365.408844039824,3375.697021484375,226200
2024-05-02,3399.7720610818715,3447.1217066162726,3354.260529274512,3432.297119140625,454200
2024-05-03,3656.7318399000665,3704.3780288623625,3525.198120450135,3535.545654296875,534600
2024-05-06,3576.4026307328527,3576.4026307328527,3479.7561491609067,3556.330078125,350000
2024-05-07,3538.8765091575506,3580.6917915588638,3508.4959940888743,3563.248046875,266300
2024-05-08,3561.6569619727597,3620.75770489668,3531.217091044441,3617.19970703125,273200
2024-05-09,3597.433660640639,3756.471777019976,3597.433660640639,3735.826171875,437000
2024-05-10,3739.2060904321975,3766.997369505045,3731.2699647160575,3761.245361328125,283000
2024-05-13,3756.303867673174,3763.271472930128,3674.00761129576,3701.205810546875,238400
2024-05-14,3685.9560725164897,3734.4817470334992,3685.392670598179,3728.72998046875,210800
2024-05-15,3739.028209043257,3752.469266255653,3705.356558322561,3748.179931640625,192400
2024-05-16,3748.179895593061,3752.617379541215,3691.33251953125,3691.33251953125,198300
2024-05-17,3714.290851452916,3714.290851452916,3647.352910427901,3664.984375,198400
2024-05-20,3660.6655709084616,3729.214579966993,3651.059265720314,3724.5498046875,219900
2024-05-21,3728.097455917433,3783.057254589737,3705.267733814089,3777.641357421875,224000
2024-05-22,3785.2117432078026,3807.942779785813,3753.803351538346,3780.369140625,203300
2024-05-23,3804.977900884244,3804.977900884244,3688.150293343575,3708.7958984375,218700
2024-05-24,3716.029845834432,3762.539575164509,3711.009175107924,3750.966552734375,151800
2024-05-28,3752.152835117776,3770.387030823613,3720.675195502157,3745.798095703125,170700
2024-05-29,3707.135402466008,3731.902406038592,3683.139306443785,3690.620849609375,255400
2024-05-30,3701.788947278549,3722.899027120319,3661.248618156884,3710.71337890625,210200
2024-05-31,3703.182091074888,3739.275040712954,3668.443236294423,3732.18896484375,353100
2024-06-03,3732.189256804211,3740.1746047760425,3670.459464718714,3719.627685546875,229900
2024-06-04,3728.3838806731055,3779.0444490318346,3724.835775750216,3756.906494140625,162700
2024-06-05,3764.516557412116,3793.1180724626784,3710.021234560122,3786.239501953125,142600
2024-06-06,3786.239521553483,3809.8104727947593,3755.562467424401,3765.5048828125,146400
2024-06-07,3751.607122134137,3784.2566287039863,3734.4898557901215,3777.174072265625,161400
2024-06-10,3769.705000352589,3769.705000352589,3711.3893896562063,3753.033447265625,226700
2024-06-11,3737.4417697104977,3783.909830987951,3727.2784003700326,3753.013671875,219300
2024-06-12,3771.1413305705614,3874.845182667257,3771.1413305705614,3839.8974609375,256500
2024-06-13,3813.7365430751697,3829.754159166952,3784.484659478398,3819.818603515625,153700
2024-06-14,3800.8687139392655,3826.722971384496,3778.174593268745,3822.750732421875,143700
2024-06-17,3842.215413844375,3920.699114055943,3818.203744077065,3915.83544921875,180100
2024-06-18,3920.431846204456,3951.546146664106,3900.3527522643135,3935.756103515625,179800
2024-06-20,3957.370539852142,3966.6819032095,3923.9681822388193,3934.66650390625,212100
2024-06-21,3945.077675851168,3955.072482359622,3903.6316839086794,3951.5263671875,498200
2024-06-24,3951.536333396086,3980.243348915741,3922.7004166003608,3943.70068359375,161900
2024-06-25,3979.034649599072,3995.0126027647193,3948.455302410159,3976.56787109375,150100
2024-06-26,3950.614802261069,3970.4363354236784,3933.735265303035,3944.869384765625,175100
2024-06-27,4001.94663638951,4001.94663638951,3962.323402365852,3971.634765625,168500
2024-06-28,3956.379912763868,3993.695015974092,3913.7849362368656,3924.18603515625,321200
2024-07-01,3939.886821228174,3939.886821228174,3833.3101410347854,3848.28759765625,231100
2024-07-02,3840.2939635226,3885.434560616885,3840.2939635226,3879.32275390625,196200
2024-07-03,3875.657465739092,3899.887034476933,3865.1968739897143,3879.99609375,79400
2024-07-05,3899.897092453801,3902.65093632032,3868.218335267955,3893.13134765625,201700
2024-07-08,3895.766176896128,3965.096918176287,3877.172955728546,3947.097900390625,159500
2024-07-09,3967.108108844055,3982.372873164417,3936.46926805528,3940.015625,150800
2024-07-10,3942.630641208902,3953.2989741244473,3912.794230888664,3952.467041015625,159000
2024-07-11,3961.322902352165,3961.322902352165,3889.149075235084,3899.332275390625,229400
2024-07-12,3912.794607190514,4013.526722213272,3912.794607190514,3988.504638671875,197600
2024-07-15,3996.617296774268,4061.3813545839193,3975.4583840876553,4049.494384765625,145500
2024-07-16,4078.221832749005,4105.28433058621,4071.9218732428376,4080.2919921875,144400
2024-07-17,4063.44188319414,4070.009318004749,3951.734063794048,3952.060791015625,226800
2024-07-18,3964.443460378725,3984.849524291667,3868.367025564457,3893.537841796875,189600
2024-07-19,3900.996828063433,3939.520412899009,3893.537724856866,3929.882080078125,160100
2024-07-22,3938.549441194357,3947.107953288309,3868.218201173029,3872.57666015625,254600
2024-07-23,3870.199385811151,3908.227678280364,3864.879850556276,3882.284423828125,208500
2024-07-24,3843.4537438716734,3854.419541727539,3764.207274925867,3769.932861328125,322100
2024-07-25,3750.339157278952,3750.339157278952,3608.735670905207,3625.406982421875,482500
2024-07-26,3663.70325202926,3679.2553243490393,3624.684133547325,3666.130126953125,234000
2024-07-29,3699.918886780922,3763.8408606550206,3680.2855052535688,3719.760009765625,224600
2024-07-30,3716.7686443915454,3755.728027127436,3649.052426978235,3685.941650390625,219700
2024-07-31,3740.433339438476,3740.433339438476,3665.268179622649,3680.017822265625,393100
2024-08-01,3681.226285981018,3713.103110305437,3597.2249807767607,3629.66650390625,551900
2024-08-02,3280.3977341187456,3432.9174390374733,3260.051164703129,3296.78173828125,801500
2024-08-05,3174.8115232864902,3355.444032276031,3150.047002824037,3351.560791015625,665200
2024-08-06,3382.83355743922,3457.899802267681,3354.5920881103543,3384.89404296875,429300
2024-08-07,3370.5999821826545,3439.633748483679,3260.7942351890074,3274.484130859375,419700
2024-08-08,3284.8355458487995,3377.464771902145,3276.742335756623,3362.87353515625,377300
2024-08-09,3362.873436992514,3423.447358182276,3362.873436992514,3410.619384765625,251800
2024-08-12,3409.985689942081,3438.772030466195,3367.2521340574176,3406.7861328125,212700
2024-08-13,3452.1346414313048,3538.602483552075,3439.792042587887,3534.15478515625,263300
2024-08-14,3538.3550731728915,3576.264624617131,3524.1302246433565,3538.9296875,190000
2024-08-15,3585.902826028197,3619.5429143976967,3573.263004183252,3600.4345703125,201800
2024-08-16,3600.4345817806857,3602.2969996193538,3558.443964080381,3584.773681640625,196300
2024-08-19,3582.455391499485,3670.8845612654086,3576.432582682719,3667.14013671875,198100
2024-08-20,3657.372880051604,3684.475277713341,3631.01365984634,3667.62548828125,176000
2024-08-21,3667.625639187327,3709.764987724168,3648.4478873013336,3702.791259765625,261600
2024-08-22,3717.075333943325,3755.460342068517,3717.075333943325,3732.597900390625,173900
2024-08-23,3743.682421634436,3816.9358270811817,3724.019295036946,3794.499267578125,223300
2024-08-26,3805.811570428352,3821.9779173810566,3749.10081758946,3762.116943359375,219200
2024-08-27,3762.741092524432,3864.8304103310375,3762.741092524432,3844.889892578125,236300
2024-08-28,3841.4726254605457,3874.7264930823553,3823.969138823919,3861.52197265625,232200
2024-08-29,3878.123957520093,3892.7548557569207,3845.712181715969,3854.161865234375,224000
2024-08-30,3893.082231615274,3903.136531374877,3849.100292971391,3872.40869140625,239600
2024-09-03,3839.501496274292,3868.644309057215,3762.434253637356,3777.857666015625,276700
2024-09-04,3740.5916240223128,3772.7064190177703,3733.984527268147,3763.424560546875,219600
2024-09-05,3718.927599095141,3754.211961137496,3697.134821678156,3746.257568359375,212300
2024-09-06,3750.239070239219,3767.316765614874,3674.611631193609,3704.775390625,283100
2024-09-09,3722.815891906864,3781.892132176185,3692.096305143261,3775.8056640625,241000
2024-09-10,3791.166054639508,3810.1000651079135,3750.9346154199297,3807.5087890625,174900
2024-09-11,3808.6802163916186,3808.6802163916186,3692.851149838709,3800.2109375,245400
2024-09-12,3807.0617197210936,3867.746296817069,3786.71741686741,3843.1328125,186200
2024-09-13,3868.2527812303647,3910.5989319902246,3866.773402670784,3904.582275390625,159700
2024-09-16,3921.8684010243232,3971.0258042734895,3902.010839500149,3950.661865234375,180500
2024-09-17,3971.512145368649,4018.663913618464,3956.618974823517,4013.639892578125,173900
2024-09-18,4021.156491272047,4044.8267935372032,3989.8907681508,3999.611083984375,136000
2024-09-19,4074.533198798048,4075.7549042726114,3969.367870420456,3988.897705078125,298600
2024-09-20,3981.113324777944,4038.491787103734,3957.1851087837,4035.06640625,443900
2024-09-23,4035.06633391826,4075.635437700512,4001.983569417756,4067.90087890625,253700
2024-09-24,4098.601006142963,4153.000838804827,4055.80786088648,4147.80810546875,216000
2024-09-25,4147.807554870138,4151.332077915794,4119.282188778892,4145.9609375,196700
2024-09-26,4180.304422393464,4242.448502301864,4166.999953934637,4238.53662109375,213900
2024-09-27,4238.606455265568,4240.572819384899,4200.927020916805,4217.845703125,162600
2024-09-30,4190.094179408993,4198.255850242334,4153.337814836884,4182.12158203125,217800
2024-10-01,4197.888663751656,4197.888663751656,4056.105620667747,4071.783447265625,238500
2024-10-02,4071.7831267999086,4099.236107515944,4043.237640882404,4095.631591796875,164500
2024-10-03,4050.942290985692,4084.243458309122,4032.057731795861,4074.890625,120600
2024-10-04,4135.098439820364,4166.910290442015,4104.875290995279,4157.87548828125,167600
2024-10-07,4146.129761653349,4225.966755653162,4129.836477783847,4140.12255859375,184500
2024-10-08,4150.230308298479,4229.660553433378,4150.230308298479,4203.03173828125,160900
2024-10-09,4198.881299647236,4274.111689357255,4197.163640002169,4261.4326171875,153900
2024-10-10,4258.453919058558,4277.318601842917,4236.849125586053,4257.6796875,124400
2024-10-11,4269.375622711786,4297.712401094269,4247.393166900032,4254.21435546875,125000
2024-10-14,4266.814150373606,4287.436248016046,4253.589188538307,4267.1123046875,139800
2024-10-15,4247.879937128514,4340.038703958423,4244.066955718601,4277.09033203125,182800
2024-10-16,4269.782536324317,4324.896960123316,4248.376028963169,4306.3798828125,124000
2024-10-17,4328.948285602475,4363.649567272089,4325.989528414098,4339.6416015625,148700
2024-10-18,4339.642097601415,4346.592244725941,4303.630387322612,4319.833984375,146100
2024-10-21,4292.440224223673,4344.943500029508,4292.440224223673,4332.64208984375,132300
2024-10-22,4300.8802042481175,4363.699626453861,4299.99640691772,4346.60205078125,124200
2024-10-23,4323.09016687322,4339.214253383817,4240.184854446383,4282.29248046875,177800
2024-10-24,4269.455435641484,4310.371904295691,4258.781995821926,4307.830078125,159800
2024-10-25,4343.841581095051,4343.841581095051,4303.292595621525,4316.85498046875,149600
2024-10-28,4348.796101049017,4348.796101049017,4289.312622782674,4316.62646484375,215300
2024-10-29,4301.356182058875,4409.242466205702,4301.356182058875,4396.00732421875,201900
2024-10-30,4353.770626076267,4445.989030989031,4353.770626076267,4432.138671875,320700
2024-10-31,4700.285000250601,4822.011954209818,4610.757258116501,4642.9462890625,514000
2024-11-01,4635.747781682361,4756.005291763548,4635.747781682361,4715.287109375,519700
2024-11-04,4738.004489296603,4790.636723473986,4694.575769485156,4742.4423828125,200000
2024-11-05,4736.028150149629,4880.998036983329,4736.028150149629,4879.9755859375,385200
2024-11-06,5000.769498567587,5024.459433384848,4906.932340818184,4965.57177734375,272300
2024-11-07,4977.516609117482,4981.289352011846,4878.049905584487,4885.82421875,335200
2024-11-08,4887.770083316432,4940.164279067163,4887.770083316432,4908.064453125,282400
2024-11-11,4900.845900096386,5033.335484729677,4900.845900096386,5029.32421875,175400
2024-11-12,4993.192956013128,5014.76865949158,4960.626752852479,4987.146484375,311500
2024-11-13,4962.404283533725,4998.108137913868,4936.937059591578,4951.91943359375,199300
2024-11-14,4922.689123110727,4959.435305178307,4916.682405133296,4935.57666015625,242100
2024-11-15,4934.603857088136,4944.313991002326,4897.370930601051,4939.7568359375,235600
2024-11-18,4933.998920354048,4993.6113636845685,4895.832742175463,4982.0439453125,229200
2024-11-19,4958.234287239659,4958.234287239659,4901.948087909394,4941.54443359375,204600
2024-11-20,4931.436402633999,4983.304096890866,4872.081884721838,4980.703125,167400
2024-11-21,5014.649945061091,5174.543067945,4980.713198161372,5173.80810546875,242700
2024-11-22,5165.4881195437,5178.852220115756,5104.2273462546445,5140.27880859375,246600
2024-11-25,5175.873342760944,5199.702416274518,5037.545745543993,5072.4453125,444500
2024-11-26,5073.606655663285,5177.85884721801,5073.606655663285,5177.5810546875,162700
2024-11-27,5150.743753091949,5192.752483848059,5124.243894673007,5185.951171875,171100
2024-11-29,5140.486867147391,5192.75210244747,5140.486867147391,5164.931640625,132700
2024-12-02,5169.330391507247,5195.919452516983,5148.112471110638,5187.07275390625,205900
2024-12-03,5187.073048689986,5220.751881477984,5167.1064056064,5177.24365234375,195900
2024-12-04,5162.965589842123,5211.288884438456,5125.007883368951,5205.818359375,203200
2024-12-05,5216.462298744245,5292.040296403382,5162.966142832568,5250.27978515625,183700
2024-12-06,5231.194546782452,5307.971968974332,5231.194546782452,5271.3134765625,188300
2024-12-09,5211.304260674823,5251.3833721008405,5113.920576309912,5121.3994140625,273000
2024-12-10,5145.665562665708,5195.063476560661,5083.577273993744,5156.93359375,254700
2024-12-11,5224.551283301917,5266.550001452421,5190.200394445436,5264.01416015625,196400
2024-12-12,5270.975849821269,5308.012147185856,5226.868624598003,5240.076171875,147500
2024-12-13,5211.303728839839,5231.602111162707,5185.048402594612,5198.9814453125,164100
2024-12-16,5178.126775980297,5202.750948572068,5113.035008556098,5123.9150390625,342500
2024-12-17,5100.912183426952,5148.897953138465,5081.856953469458,5126.72998046875,220500
2024-12-18,5126.730341068169,5138.97298725187,4912.7984635941,4916.279296875,316300
2024-12-19,4969.714317578319,4993.165262937473,4919.749216321504,4953.12548828125,278200
2024-12-20,4928.292403433458,5057.36146638397,4928.292403433458,5020.94189453125,463800
2024-12-23,5039.042890770656,5043.61779701561,4977.710690501292,5035.39306640625,165200
2024-12-24,5058.415662247943,5094.884765625,5023.030434220255,5094.884765625,78600
2024-12-26,5066.163186822248,5097.7689346524285,5064.909834511427,5068.13232421875,68700
2024-12-27,5032.289755078599,5050.827812201728,4988.659885261059,5009.8037109375,116500
2024-12-30,4965.159042849923,4989.007699208817,4910.9973267713885,4963.5380859375,147700
2024-12-31,4962.67332519338,4979.808949334836,4936.079528030608,4941.21142578125,105300
2025-01-02,4963.33922191777,5012.279691444629,4869.853999660277,4898.3173828125,141300
2025-01-03,4910.738995358712,4934.77704096879,4852.141736966417,4876.9951171875,165500
2025-01-06,4915.602656590891,4915.602656590891,4819.014392838454,4882.90283203125,278200
2025-01-07,4854.678328510249,4862.5845009496215,4761.779709731204,4769.83544921875,220300
2025-01-08,4782.564655107194,4850.530731159567,4759.292898956138,4845.73681640625,266300
2025-01-10,4782.873404640062,4809.367652644,4674.42078667215,4713.5947265625,306200
2025-01-13,4684.494759194582,4754.399864162895,4634.798199617549,4737.81103515625,209900
2025-01-14,4755.64361789124,4782.7443902880605,4725.062012342534,4752.64013671875,206100
2025-01-15,4825.160278601117,4872.708513266449,4789.3375167870245,4803.19140625,230300
2025-01-16,4791.395802768774,4874.757083568004,4771.893330507975,4838.357421875,188400
2025-01-17,4922.892480797488,4949.704801803915,4867.646881644789,4899.8193359375,260100
2025-01-21,4898.477084244841,4907.596789122123,4589.726999027273,4660.74609375,405900
2025-01-22,4655.922221238289,4678.74624775944,4570.741367296849,4593.91357421875,372900
2025-01-23,4595.345682540594,4796.040849806782,4583.80911088762,4791.75439453125,402300
2025-01-24,4775.703026952414,4801.560644341161,4697.921363648155,4738.79638671875,240000
2025-01-27,4631.367856335792,4754.97725004687,4631.367856335792,4649.75634765625,299600
2025-01-28,4644.52515760315,4725.499198324097,4634.4803712650055,4659.025390625,331000
2025-01-29,4679.790923043389,4718.030067314835,4663.092831546558,4696.00146484375,179100
2025-01-30,4763.111648632099,4763.111648632099,4674.310594824982,4748.18408203125,237000
2025-01-31,4769.735628969908,4803.549434513065,4685.240934908297,4711.61572265625,245200
2025-02-03,4644.61411491554,4716.886067256905,4580.208999647374,4667.19970703125,251600
2025-02-04,4644.932397102263,4702.674498216074,4630.372920573595,4653.31640625,261800
2025-02-05,4662.754357300098,4752.510110285415,4658.4178848594,4673.654296875,218600
2025-02-06,4704.733083277597,4820.455709079497,4703.976992854091,4753.5341796875,428000
2025-02-07,4858.148841366119,5044.9206880638585,4842.336011278841,4860.705078125,430600
2025-02-10,4935.532647706968,4959.689667107797,4879.123535665018,4886.572265625,191800
2025-02-11,4869.248109703272,4904.772226842785,4836.965906963839,4870.5009765625,177400
2025-02-12,4850.32143288467,4993.165232906054,4850.32143288467,4990.62890625,198900
2025-02-13,5031.753278693215,5051.275664079157,4957.014913248859,4981.271484375,224400
2025-02-14,5057.590683223705,5057.590683223705,4948.292622763818,5016.775390625,202500
2025-02-18,5080.524108239156,5136.714694931044,5032.647603360319,5113.72119140625,277900
2025-02-19,5140.315569868348,5140.315569868348,5015.403287107911,5082.61328125,187200
2025-02-20,5082.006280327468,5082.006280327468,4948.560918450145,4990.74853515625,301600
2025-02-21,5184.919349621984,5253.07384066912,4942.831998452589,4963.3095703125,724500
2025-02-24,4976.595998497561,5074.98439116815,4970.738118636423,5021.42919921875,350200
2025-02-25,5062.125500665226,5062.125500665226,4924.801594062003,5006.26318359375,359000
2025-02-26,5030.301269024062,5100.912457260659,4997.481984350714,5006.9794921875,257200
2025-02-27,5014.497807485945,5018.506009977344,4889.724901677233,4891.19677734375,209600
2025-02-28,4911.10704902524,4988.54052734375,4869.297234365067,4988.54052734375,305400
2025-03-03,4988.540768745175,5027.068851344781,4887.189185086914,4919.0634765625,351900
2025-03-04,4822.862956508742,4940.7441204821735,4764.405068145053,4871.57470703125,389700
2025-03-05,4867.805796719775,4922.375431884312,4815.72295655833,4890.53076171875,213100
2025-03-06,4789.635589634892,4845.030750940954,4660.586434465763,4670.25341796875,305600
2025-03-07,4662.659754795748,4709.179397213494,4585.655467257273,4657.30810546875,296900
2025-03-10,4567.398127109048,4567.398127109048,4390.767442835709,4435.72216796875,360800
2025-03-11,4384.877826646488,4414.206790010546,4293.20443967435,4338.4384765625,403400
2025-03-12,4399.816412966108,4407.091112960561,4285.849843668395,4385.38623046875,305700
2025-03-13,4366.97984115329,4385.386536530907,4264.682954031653,4280.6279296875,319100
2025-03-14,4346.97946376791,4450.12353515625,4338.209920938046,4450.12353515625,252900
2025-03-17,4458.743486725864,4591.884137724642,4446.426128637132,4547.69677734375,284200
2025-03-18,4543.939167969217,4549.709294559587,4401.470859368994,4456.1318359375,286100
2025-03-19,4432.892622275342,4621.5813265613815,4432.892622275342,4576.0986328125,278400
2025-03-20,4553.316827157631,4636.689274948039,4531.621675031193,4573.248046875,239300
2025-03-21,4515.74668686033,4629.135179641156,4442.001175263007,4601.380859375,574400
2025-03-24,4658.105621005556,4711.700456915134,4641.433175115561,4693.5234375,232000
2025-03-25,4706.438958407674,4778.101330242604,4706.438958407674,4761.47900390625,264900
2025-03-26,4761.568126473301,4765.554370195757,4715.78617571314,4747.77587890625,179300
2025-03-27,4723.6988045903045,4790.807061852577,4598.112176823593,4736.45458984375,194000
2025-03-28,4736.455070199562,4736.455070199562,4613.67904322705,4618.30322265625,185400
2025-03-31,4507.256018894217,4610.130989271101,4425.587652041184,4591.06689453125,359400
2025-04-01,4556.365985893767,4677.8271986384825,4514.1620209091525,4669.63525390625,222000
2025-04-02,4608.526797076914,4713.335040424548,4608.526797076914,4673.17333984375,193400
2025-04-03,4473.801442536696,4508.202258852876,4368.38495440293,4435.22412109375,394300
2025-04-04,4307.355932741775,4497.728759095535,4269.287109375,4269.287109375,508500
2025-04-07,4155.738975145613,4448.568289749956,4093.284578101427,4230.08251953125,558400
2025-04-08,4359.963803126322,4415.272934770956,4115.378165370668,4149.8291015625,350900
2025-04-09,4111.990273971744,4637.805641685553,4082.143077149992,4600.4443359375,602600
2025-04-10,4510.036595349802,4543.172248867452,4358.798243735122,4479.18310546875,423300
2025-04-11,4492.716090129416,4627.710193582568,4419.687833329153,4570.75634765625,305000
2025-04-14,4685.531124471581,4685.531124471581,4531.781418396299,4541.1689453125,288100
2025-04-15,4584.170744563945,4601.630025676013,4508.531377418337,4596.57763671875,215700
2025-04-16,4558.120362545725,4611.844632047332,4476.322562558222,4525.2236328125,248800
2025-04-17,4570.8069036807165,4588.754734014047,4501.0972659545405,4557.58251953125,216800
2025-04-21,4550.935736029663,4563.063806275509,4356.088098082582,4422.369140625,235500
2025-04-22,4449.644679632336,4592.660909215441,4441.592389231459,4582.26708984375,236300
2025-04-23,4703.598574405406,4783.492791781817,4648.957057012954,4714.759765625,237900
2025-04-24,4689.935647229791,4827.101949322605,4675.495245149141,4811.36669921875,238000
2025-04-25,4812.014239639935,4861.63304814967,4777.064535781907,4821.80029296875,189600
2025-04-28,4863.217324914441,4899.29302512121,4807.6493211806965,4873.13330078125,232900
2025-04-29,4833.311147007012,4913.165463632441,4825.15910280128,4892.34716796875,372300
2025-04-30,4715.955657899211,5098.545532221595,4706.528230134533,5081.7431640625,458000
2025-05-01,4985.067088463478,5142.174828870294,4952.908046332366,5083.88623046875,311600
2025-05-02,5161.238903495387,5208.80473918892,5100.697824492138,5184.9072265625,270900
2025-05-05,5157.20289888062,5231.944969878889,5157.20289888062,5173.267578125,192500
2025-05-06,5172.3009495478245,5197.962395162471,5134.362047654675,5144.61669921875,182700
2025-05-07,5145.88213281685,5210.568573351747,5114.968792607413,5178.3701171875,157400
2025-05-08,5183.133401272589,5220.324880388499,5147.446495607588,5147.50634765625,209100
2025-05-09,5123.429717465536,5133.714538673828,5020.674446376698,5055.095703125,228400
2025-05-12,5161.498260518504,5212.013877740536,5071.020451043484,5177.12451171875,293800
2025-05-13,5144.606317264122,5284.373992340086,5133.634414629273,5244.322265625,253600
2025-05-14,5240.445472773389,5270.532076261599,5164.737009400968,5198.60986328125,195500
2025-05-15,5196.039265112404,5267.253473789231,5191.095874979517,5219.7275390625,155600
2025-05-16,5249.026202649721,5314.091706303585,5203.064694639176,5298.7841796875,200500
2025-05-19,5296.741492548145,5361.47805406392,5209.253366289728,5359.5048828125,158700
2025-05-20,5314.640108877675,5356.48594077801,5271.807934574646,5292.4169921875,178400
2025-05-21,5268.419559829241,5315.745989403999,5242.9075005218765,5275.1064453125,130900
2025-05-22,5279.272387158608,5333.395189131655,5267.741864479078,5323.53955078125,136000
2025-05-23,5262.569691728645,5318.885608387675,5254.527619418899,5314.46044921875,152400
2025-05-27,5338.497473781964,5452.962333983061,5338.497473781964,5432.99169921875,257700
2025-05-28,5432.991528935956,5486.0681325586365,5432.991528935956,5456.43017578125,188600
2025-05-29,5461.1542713161125,5490.722158282768,5417.216052608635,5483.07861328125,193600
2025-05-30,5491.051218511145,5513.473841454249,5458.224556914689,5499.95068359375,232700
2025-06-02,5481.084987527865,5525.362363794744,5452.443593496802,5519.861328125,136700
2025-06-03,5495.1265499425945,5541.327465407278,5445.846903492456,5456.24072265625,212400
2025-06-04,5454.975576029893,5540.99903563825,5454.676802361464,5537.8896484375,209200
2025-06-05,5555.827366617215,5620.305055539667,5530.913342551667,5551.36279296875,185700
2025-06-06,5605.909011500953,5621.661677109363,5544.2451515265775,5604.96044921875,174100
2025-06-09,5591.573983540177,5613.955374581005,5518.9490115488215,5529.89013671875,199300
2025-06-10,5520.4464246898015,5536.598305784081,5425.928966228123,5478.54833984375,178600
2025-06-11,5478.56813966237,5483.809116836793,5380.68684664833,5456.88525390625,262800
2025-06-12,5455.72746215474,5478.568022346357,5416.484963982677,5452.56298828125,193300
2025-06-13,5335.8139202155135,5364.115294530517,5263.298625048018,5289.27392578125,262000
2025-06-16,5315.82816554107,5370.444098812919,5303.888759675972,5359.8125,224300
2025-06-17,5303.379229707347,5380.097246180148,5275.91674473014,5291.93896484375,196200
2025-06-18,5297.779469287181,5342.702132330559,5268.26046373983,5277.1748046875,181000
2025-06-20,5368.757149105288,5368.757149105288,5265.934169120564,5294.9140625,441900
2025-06-23,5331.161935547075,5340.805489852277,5226.651914277017,5324.25390625,175600
2025-06-24,5380.736633371653,5508.696516024378,5369.256397511954,5472.80810546875,234000
2025-06-25,5455.757372760152,5512.739351778631,5430.650693604423,5475.9228515625,177300
2025-06-26,5511.171964777292,5622.929267236342,5491.995019418074,5586.38232421875,219300
2025-06-27,5608.094885921645,5701.6637745557655,5603.992086179859,5683.34521484375,297600
2025-06-30,5694.296717151911,5789.043268139419,5681.738259841855,5779.29052734375,287700
2025-07-01,5730.93337708682,5785.809117351521,5671.515651658042,5720.880859375,226100
2025-07-02,5680.220894488099,5700.396121622365,5630.306826873968,5691.96044921875,211400
2025-07-03,5687.498374267827,5750.499773591257,5643.27470557393,5706.974609375,131200
2025-07-07,5715.539885144709,5805.92431640625,5698.120168276558,5805.92431640625,176000
2025-07-08,5805.005926894512,5829.374130111652,5668.241384850738,5703.5107421875,236900
2025-07-09,5750.37030024019,5757.088714425197,5643.404547936571,5658.298828125,185000
2025-07-10,5712.285787251616,5756.379796427115,5654.415203000644,5708.681640625,169200
2025-07-11,5682.8365060672695,5715.550205464575,5650.921236774605,5707.2744140625,150900
2025-07-14,5687.568230867823,5760.023570962825,5679.2524690340415,5756.13037109375,134100
2025-07-15,5733.738461181211,5780.048868304128,5630.306669643399,5665.775390625,163700
2025-07-16,5643.244724925465,5667.5929445005895,5615.552652648985,5648.40576171875,169000
2025-07-17,5646.778604249965,5708.592109071069,5636.695864862331,5674.17138671875,141500
2025-07-18,5739.7083307096655,5739.7083307096655,5674.231212721666,5693.0986328125,147100
2025-07-21,5655.264045068967,5706.675536387776,5640.24010520409,5667.39306640625,156300
2025-07-22,5710.169168226839,5776.055735552533,5667.742211994384,5765.603515625,143600
2025-07-23,5756.020398402512,5759.664027739379,5670.237908924451,5726.4609375,149500
2025-07-24,5736.064603704478,5748.932586614727,5634.419773509187,5640.28955078125,172500
2025-07-25,5668.750609937091,5670.517587491328,5614.544125551861,5622.59033203125,184800
2025-07-28,5629.11893562201,5675.229492832379,5573.534454397764,5668.990234375,225600
2025-07-29,5686.210751415493,5686.210751415493,5532.116173786127,5581.16162109375,324400
2025-07-30,5480.564752019096,5681.788153418726,5422.714151326508,5603.263671875,371400
2025-07-31,5615.332675674872,5654.67510023382,5484.238542359419,5494.6005859375,288400
2025-08-01,5470.052743456595,5470.052743456595,5329.943863103667,5377.03271484375,199600
2025-08-04,5402.69852854633,5471.589688782382,5330.243192018666,5466.67822265625,236900
2025-08-05,5494.471116488736,5498.03480560441,5400.492769092632,5448.47998046875,221800
2025-08-06,5465.061360931007,5529.31061030302,5405.6933562631575,5526.794921875,199000
2025-08-07,5540.461432559508,5580.392686127504,5396.379408882055,5422.76416015625,202600
2025-08-08,5444.646318571396,5444.646318571396,5357.20701350653,5396.619140625,188800
2025-08-11,5372.5903747821,5422.494693720191,5339.896660386557,5355.03076171875,174900
2025-08-12,5355.030972686847,5458.772297255952,5355.030972686847,5452.15380859375,144500
2025-08-13,5473.916178117877,5473.916178117877,5393.894272521996,5438.55712890625,190500
2025-08-14,5457.604270490133,5509.814191362329,5409.606824047752,5475.34375,179800
2025-08-15,5504.9625412523865,5504.9625412523865,5427.875528484248,5444.916015625,158000
2025-08-18,5439.675290267794,5526.365890606796,5410.20600399696,5522.49267578125,169500
2025-08-19,5529.600220370121,5592.940878554035,5516.652296992235,5574.48291015625,199800
2025-08-20,5574.402995462703,5638.163341553418,5572.685737085582,5630.0869140625,175500
2025-08-21,5638.133008057384,5704.928167085286,5589.457044920845,5700.92529296875,156300
2025-08-22,5715.380707406523,5785.040567269204,5655.313707630314,5711.0380859375,195500
2025-08-25,5698.370058333944,5764.55591972416,5690.323851811958,5693.7978515625,115600
2025-08-26,5691.072231722702,5718.315368352492,5633.940610413564,5695.8740234375,170900
2025-08-27,5666.434579342226,5683.215747393272,5571.468191137822,5606.02880859375,151200
2025-08-28,5620.323926617387,5655.982750445139,5585.384079826693,5642.2763671875,167900
2025-08-29,5624.457271682331,5624.457271682331,5578.146861314359,5589.42724609375,138900
2025-09-02,5567.73456520776,5567.73456520776,5447.591790336444,5496.087890625,244600
2025-09-03,5515.364486192932,5587.300697766796,5475.573128618959,5573.35498046875,189800
2025-09-04,5560.4271597830775,5588.878178464194,5444.576803253114,5576.259765625,220400
2025-09-05,5594.06982421875,5652.509765625,5455.0,5505.7998046875,202400
2025-09-08,5528.490234375,5638.5,5509.97998046875,5569.7001953125,214000
2025-09-09,5546.7998046875,5604.43017578125,5517.5,5571.830078125,158800
2025-09-10,5564.0,5564.0,5375.2001953125,5474.81005859375,249700
2025-09-11,5474.81005859375,5537.0,5410.0,5498.0,179800
2025-09-12,5461.0,5520.0,5437.68994140625,5458.31982421875,128800
2025-09-15,5500.0,5560.0,5424.0,5559.830078125,165100
2025-09-16,5576.580078125,5576.580078125,5430.0498046875,5475.009765625,172300
2025-09-17,5493.83984375,5557.39990234375,5454.9599609375,5553.7001953125,211500
2025-09-18,5557.0,5587.75,5410.7900390625,5442.8798828125,234800
2025-09-19,5447.9599609375,5465.66015625,5400.0,5444.43994140625,420500
2025-09-22,5400.0,5477.35009765625,5370.0,5457.1298828125,214400
2025-09-23,5425.0,5517.580078125,5423.91015625,5509.02001953125,179100
2025-09-24,5528.06982421875,5528.06982421875,5428.5,5525.60009765625,152200
2025-09-25,5522.990234375,5582.18994140625,5454.0,5575.72998046875,245200
2025-09-26,5578.4501953125,5586.6201171875,5481.93994140625,5548.0,162300
2025-09-29,5571.66015625,5586.0498046875,5448.02978515625,5454.81005859375,237300
2025-09-30,5427.0,5458.10986328125,5350.93994140625,5399.27001953125,197500
2025-10-01,5352.0,5375.22998046875,5250.0,5350.56005859375,324200
2025-10-02,5325.39013671875,5430.9599609375,5301.0,5424.5498046875,208500
2025-10-03,5449.47021484375,5465.81982421875,5370.1298828125,5418.0498046875,269600
2025-10-06,5368.0400390625,5624.89013671875,5260.080078125,5419.8701171875,353900
2025-10-07,5422.22021484375,5422.22021484375,5188.0,5242.0,264600
2025-10-08,5223.0,5238.22998046875,5110.0,5131.22998046875,289100
2025-10-09,5082.7900390625,5210.830078125,5038.77001953125,5191.93017578125,222500
2025-10-10,5194.2099609375,5239.97998046875,5130.85009765625,5164.93017578125,196900
2025-10-13,5203.83984375,5263.2900390625,5169.4501953125,5253.85009765625,204700
2025-10-14,5209.68017578125,5318.27001953125,5196.0,5280.14013671875,207000
2025-10-15,5291.97998046875,5291.97998046875,5063.0,5080.85986328125,275000
2025-10-16,5059.68994140625,5087.68994140625,4930.81005859375,4952.31005859375,305700
2025-10-17,4948.89990234375,5083.6298828125,4923.5498046875,5070.02001953125,292300
2025-10-20,5105.7998046875,5173.0,5080.43017578125,5141.8798828125,299100
2025-10-21,5140.0,5309.89013671875,5109.0,5286.0,304500
2025-10-22,5327.9599609375,5327.9599609375,5206.66015625,5230.58984375,195800
2025-10-23,5258.0,5258.0,5080.5,5093.47021484375,310700
2025-10-24,5130.0,5176.06982421875,5080.0,5146.16015625,225500
2025-10-27,5234.7900390625,5263.43994140625,5202.830078125,5254.39990234375,214900
2025-10-28,5240.580078125,5275.0,5120.56982421875,5120.56982421875,407100
2025-10-29,5200.009765625,5220.0,4928.14013671875,5075.85986328125,461600
2025-10-30,5063.39013671875,5279.759765625,5055.0,5080.2099609375,326000
2025-10-31,5065.169921875,5109.830078125,5029.52001953125,5077.740234375,177200
2025-11-03,5063.60009765625,5085.22998046875,4983.2900390625,5030.5498046875,226900
2025-11-04,4998.5,5080.0,4953.5400390625,4991.759765625,226800
2025-11-05,4981.009765625,4988.990234375,4886.990234375,4911.14990234375,254900
2025-11-06,4880.0,4930.0,4855.39990234375,4899.0498046875,293200
2025-11-07,4917.4501953125,5014.419921875,4905.0498046875,4940.0,271400
2025-11-10,4956.06005859375,5033.56982421875,4943.27001953125,4958.39990234375,263200
2025-11-11,4973.0,5071.8798828125,4958.39990234375,5050.64990234375,203600
2025-11-12,5055.0,5183.08984375,5018.22998046875,5175.580078125,241800
2025-11-13,5209.35009765625,5235.83984375,5063.10009765625,5075.60986328125,293700
2025-11-14,5081.64990234375,5128.8701171875,5020.509765625,5048.009765625,205500
2025-11-17,5030.0,5089.0400390625,4773.0,4804.009765625,417500
2025-11-18,4798.18994140625,4862.419921875,4755.1201171875,4783.009765625,325600
2025-11-19,4770.14990234375,4788.490234375,4662.5400390625,4690.77001953125,346200
2025-11-20,4673.0,4707.5,4571.1201171875,4583.10009765625,361700
2025-11-21,4600.5,4799.66015625,4600.5,4768.0,476600
2025-11-24,4833.39013671875,4900.0,4811.25,4875.3701171875,402200
2025-11-25,4882.509765625,4952.27001953125,4867.009765625,4906.240234375,335200
2025-11-26,4899.6298828125,4950.0,4889.35986328125,4911.85009765625,283700
2025-11-28,4894.14013671875,4931.77216420145,4864.723613491518,4884.162013918888,133300
2025-12-01,4871.35595703125,4925.468589857351,4864.743584683808,4891.461478333875,246600
2025-12-02,5113.59814453125,5154.576469724471,4882.508417289741,4884.490329737978,433500
2025-12-03,5026.10595703125,5145.514730452819,5021.07726719704,5071.674872636802,205200
2025-12-04,5006.1796875,5060.341913518364,4998.889983824021,5043.821437791638,186300
2025-12-05,5185.21142578125,5187.685761742801,5007.92591181544,5024.148669744101,303800
2025-12-08,5165.60595703125,5197.593044208653,5108.017118298892,5176.79040314555,304000
2025-12-09,5183.93408203125,5216.7893078808165,4990.804827738318,5142.259619314574,339700
2025-12-10,5265.18896484375,5353.377433034311,5053.162397275362,5161.724797519473,457800
2025-12-11,5267.6630859375,5347.600354407747,5228.102943640167,5264.410252701215,246700
2025-12-12,5289.5732421875,5345.834543939295,5275.056066677899,5296.836458056242,201800
2025-12-15,5445.2783203125,5472.515989897444,5334.311245721387,5345.695432143512,366300
2025-12-16,5424.55517578125,5507.585485874729,5406.5459670950395,5412.652154280177,228700
2025-12-17,5328.82373046875,5439.052254787602,5322.039402365329,5412.911692000487,178500
2025-12-18,5333.3037109375,5414.418474019388,5320.602704413207,5326.688430833424,194800
2025-12-19,5381.4638671875,5422.6297239457635,5315.434320117149,5328.155300610306,462800
2025-12-22,5394.68359375,5457.559688690735,5377.732030188064,5425.70267511325,135000
2025-12-23,5426.89013671875,5428.935276011495,5380.006853017793,5383.489143552462,120700
2025-12-24,5434.11328125,5464.5540925403175,5404.640963723708,5406.686102969875,52800
2025-12-26,5427.7578125,5474.511017863363,5402.674897344654,5423.906247498773,69600
2025-12-29,5428.9453125,5449.568188499408,5391.490716624859,5431.00068228743,104900
2025-12-30,5414.79736328125,5442.873451255392,5400.919354603292,5400.919354603292,135500
2025-12-31,5343.14111328125,5426.530959502887,5340.706725288065,5402.684967209423,112900
2026-01-02,5311.08447265625,5346.363856098125,5239.367702894152,5344.597865170901,170000
2026-01-05,5355.15380859375,5432.806742934831,5269.519082512322,5281.152699868247,178500
2026-01-06,5336.216796875,5355.851691920106,5259.022779916952,5338.122118295241,214600
2026-01-07,5433.3251953125,5461.430999546847,5309.298079202648,5309.298079202648,180600
2026-01-08,5432.60693359375,5444.569877652711,5345.80494953082,5428.616037774765,160800
2026-01-09,5479.609375,5506.2785158614,5380.725093820227,5402.734941928244,204900
2026-01-12,5379.24853515625,5441.786046383731,5348.618215679455,5441.786046383731,179000
2026-01-13,5302.61328125,5405.4387673973615,5256.0296096627935,5354.7146389563295,189200
2026-01-14,5175.2138671875,5268.281338654965,5045.978904177849,5250.551765383215,248100
2026-01-15,5181.240234375,5215.61153109,5131.443677672655,5179.334425794938,189700
2026-01-16,5104.26611328125,5216.100835475726,5091.944125006006,5181.240418956863,373100
2026-01-20,5015.55810546875,5045.899045526092,4941.167752131947,5000.661912081895,286400
2026-01-21,5151.85693359375,5167.092196923306,4990.32553278653,4998.327297893426,272800
2026-01-22,5139.17626953125,5236.6638390952285,5107.418637805016,5196.056766056068,222600
2026-01-23,5086.8955078125,5118.154276798177,5055.706891291349,5055.706891291349,207700
2026-01-26,5095.6552734375,5150.250941398082,5075.691051382616,5102.190657499635,180700
2026-01-27,5141.6806640625,5149.203541512282,5076.708764440193,5095.6552886533445,156400
2026-01-28,5073.64599609375,5200.496268252417,5056.464975331102,5149.682499300502,200600
2026-01-29,5101.681640625,5136.043194921735,5038.515679038786,5094.398450675101,244300
2026-01-30,4990.45556640625,5088.821505070596,4943.532821885919,5072.987508554925,270900
2026-02-02,5110.59130859375,5119.880176675494,4968.665082101981,5023.539897265759,216200
2026-02-03,4634.06884765625,5103.358162965691,4604.685681546967,5048.044403917807,634000
2026-02-04,4596.6435546875,4622.334944890058,4352.570476064507,4543.634601260233,613900
2026-02-05,4433.306640625,4686.349515143368,4421.633562278374,4638.697964193134,386700
2026-02-06,4447.02490234375,4513.642945808546,4359.225200231064,4433.655499683292,531900
2026-02-09,4227.40625,4428.677091636677,4209.626983824534,4408.632972510129,677600
2026-02-10,4271.39599609375,4370.030848191246,4166.375321057504,4209.916130116915,573400
2026-02-11,4302.62451171875,4367.835611156065,4189.921655939617,4243.898617804564,668800
2026-02-12,4149.6337890625,4375.029275938925,4130.427602973238,4267.72425969519,682700
2026-02-13,4131.17578125,4182.458693560539,4062.3328304256493,4144.545184410897,622500
2026-02-17,4130.7265625,4158.6228841442025,4011.38894162952,4121.786995209805,490300
2026-02-18,4260.271484375,4284.55592920288,4090.6681578146904,4096.913675843366,676100
2026-02-19,3998.328857421875,4132.113751666292,3862.1994580091555,4079.5637083427596,906300
2026-02-20,4067.510986328125,4070.6836802270213,3939.552892092656,4003.337314839932,805500
2026-02-23,3862.019775390625,4050.759132181052,3756.8795015961005,4042.6574969959174,777800
2026-02-24,4059.2998046875,4073.7068800374827,3871.1689185759083,3881.146158056774,805100
2026-02-25,4153.52490234375,4169.987347909128,4038.627097227726,4067.7206406090486,749300
2026-02-26,4240.5859375,4282.3310386034755,4153.6246497936,4169.987225045528,754900
2026-02-27,4229.701171875,4233.09333590872,4150.531678128637,4184.155170485285,920400
2026-03-02,4170.26611328125,4209.9655855208575,4018.8317968213087,4040.7817222259932,543000
2026-03-03,4144.41552734375,4184.533966717607,4064.1084961337438,4105.683573439936,438300
2026-03-04,4243.8984375,4312.901177228839,4120.100779995528,4136.59294144738,418800
2026-03-05,4602.77978515625,4623.54247926629,4462.021297817084,4500.83266250571,812500
2026-03-06,4550.43017578125,4584.759765625,4454.27001953125,4518.0,382200
2026-03-09,4440.68994140625,4488.919921875,4340.0,4461.7099609375,518400
2026-03-10,4371.77001953125,4431.89990234375,4284.52978515625,4412.5,384500
2026-03-11,4322.419921875,4434.52978515625,4275.85986328125,4377.52978515625,256800
2026-03-12,4217.7099609375,4348.169921875,4213.33984375,4274.41015625,258500
2026-03-13,4241.259765625,4320.0,4235.18994140625,4255.3701171875,229000
2026-03-16,4293.02001953125,4339.22998046875,4251.93994140625,4265.509765625,201800
2026-03-17,4442.330078125,4475.330078125,4354.0,4377.39990234375,331100
2026-03-18,4381.39013671875,4477.3701171875,4379.02978515625,4402.0,257900
2026-03-19,4294.2900390625,4436.72021484375,4260.10986328125,4379.5400390625,239500
2026-03-20,4324.0400390625,4329.18994140625,4258.33984375,4293.3798828125,477592
