Date,Open,High,Low,Close,Volume
1999-11-18,27.24522165983475,29.93980682913513,23.951843866634217,26.347028732299805,62546380
1999-11-19,25.71080465266977,25.748230685304275,23.83956848456819,24.1763916015625,15234146
1999-11-22,24.73776347656424,26.347028732299805,23.98926830583586,26.347028732299805,6577870
1999-11-23,25.44883559192622,26.122481920882283,23.951845169067383,23.951845169067383,5975611
1999-11-24,24.026698441925795,25.11201694402896,23.95184795407521,24.588069915771484,4843231
1999-11-26,24.47579237876143,24.85003998818193,24.40094349554693,24.66291618347168,1729466
1999-11-29,24.55064230920477,25.41141083360346,24.28866803046903,25.22428703308105,4074751
1999-11-30,25.149434304320955,25.710805655652745,24.51321407814778,25.26170921325684,4310034
1999-12-01,25.261716942533777,26.01021230665846,25.074593101502607,25.710813522338867,2957329
1999-12-02,26.19733246372019,26.94582931926267,25.860509277894597,26.4218807220459,3069868
1999-12-03,26.90840336129948,27.35749987932479,26.53415573072036,26.64642906188965,3041629
1999-12-06,27.095521666869185,27.80659074303841,27.058095634082378,27.394920349121094,2250780
1999-12-07,27.394922540429203,27.544620296855665,26.53415245760764,27.09552383422852,2215970
1999-12-08,27.09551814523207,27.320064732725783,26.833545529815854,27.05809211730957,1887859
1999-12-09,27.095522899629984,27.50719650562465,27.095522899629984,27.432344436645508,2029057
1999-12-10,27.35749679455705,27.507197745917665,26.796125411987305,26.796125411987305,1664738
1999-12-13,27.24522399902344,27.69432369469696,26.571579245535226,27.24522399902344,4020508
1999-12-14,27.17037169746022,27.17037169746022,25.1868605321672,25.748231887817383,2328928
1999-12-15,25.14942912488467,25.33655446679793,24.55063505612552,24.96230697631836,2917766
1999-12-16,25.14943217990652,28.29311180114746,25.14943217990652,28.29311180114746,2583923
1999-12-17,27.769167161507227,28.218263576209875,27.207795844792063,27.50719451904297,3708055
1999-12-20,27.69432535807292,28.105995846035327,27.619473275399532,28.068572998046875,1196828
1999-12-21,27.956295055859748,27.956295055859748,27.544621418895662,27.918869018554688,2259448
1999-12-22,27.91886660976108,28.48023796081543,27.731742826076296,28.48023796081543,1905754
1999-12-23,28.44281825216742,29.93980868649202,28.40539221397012,29.79010772705078,2159491
1999-12-27,29.90238029910871,31.84846707217294,29.67783047426188,31.623920440673828,2029616
1999-12-28,32.48468195778996,36.82595443725586,32.297558199077585,36.82595443725586,3560007
1999-12-29,37.724165827948525,47.34233113603996,37.686742973736926,43.11333465576172,10518552
1999-12-30,45.50850309699504,47.903686294024574,44.46060925078923,47.45458984375,6671116
1999-12-31,47.60428795987207,47.8662606075153,45.658198135442376,46.29441833496094,1931197
2000-01-03,47.155207284935656,47.267482234268,40.34389974340877,43.11333465576172,4674353
2000-01-04,40.79299211247681,41.24209186318299,38.77205600769273,39.819950103759766,4765083
2000-01-05,39.670245392030864,39.81994635930533,36.114896117821445,37.349910736083984,5758642
2000-01-06,36.90081380692318,37.12536365864132,34.8050258353809,35.92776870727539,2534434
2000-01-07,35.36639327443156,39.4831166727974,35.32897043227324,38.92174530029297,2819626
2000-01-10,41.316928901588206,41.69117645755675,40.45615888419105,41.27950286865234,2148446
2000-01-11,41.279499492383714,41.279499492383714,39.78250939094902,40.7181282043457,1855985
2000-01-12,40.71815027153396,40.71815027153396,38.36038894531689,39.894805908203125,1429874
2000-01-13,40.94268780797143,41.80345796123166,39.52054623215209,40.49359130859375,1134337
2000-01-14,40.11933265628336,41.54147064750882,40.11933265628336,40.94267654418945,1316916
2000-01-18,41.0923753736149,43.63725916267042,40.79297671725298,42.81391525268555,2101753
2000-01-19,43.11333228807701,43.11333228807701,41.80346540228175,41.91573715209961,2624885
2000-01-20,42.36482324396331,42.43967531644363,40.41873641977863,40.79298400878906,2007947
2000-01-21,41.39178234916748,41.54148011076206,39.78251704196031,41.16723251342773,1918336
2000-01-24,41.017539978027344,43.00105313529547,40.718141223342826,41.017539978027344,2095882
2000-01-25,41.16723765980035,41.69118627757666,39.78252201522773,40.5310173034668,1153769
2000-01-26,40.680711545405465,41.46662955199624,40.64328550984735,40.90525817871094,1022357
2000-01-27,41.84088420635323,42.21513185180074,40.269044734143336,40.9801139831543,868577
2000-01-28,41.61632025020904,41.61632025020904,40.38130289451358,40.75555038452149,1609238
2000-01-31,40.45616811644338,40.49359415792001,38.77205373026359,39.6328239440918,1040392
2000-02-01,39.67023970859666,43.11331994910394,39.67023970859666,42.51452255249024,1404291
2000-02-02,43.038472818993554,45.80790710449219,42.85134901024424,45.80790710449219,1945177
2000-02-03,45.02197647929402,46.55639266967773,44.19863253047606,46.55639266967773,1779514
2000-02-04,46.55640315340538,46.55640315340538,44.90971169161456,45.65820693969727,1145661
2000-02-07,46.51896641766392,47.90368166956295,45.65819644161403,47.604286193847656,1274277
2000-02-08,48.35276858077265,49.21353838778112,46.85577872279157,47.30487823486328,1169707
2000-02-09,46.48154553371281,47.117768973429165,45.321379953475365,45.35880279541016,1182848
2000-02-10,46.107289135240165,47.19260555550155,45.096818379348726,45.92016220092773,1066814
2000-02-11,45.80790458335522,45.995028381805774,44.79743351704396,45.13425827026367,751705
2000-02-14,45.05940064672242,46.069868323625776,44.79742482504427,45.770469665527344,837682
2000-02-15,45.84532746131564,49.70007835094876,45.84532746131564,49.02643203735352,2017594
2000-02-16,47.903682208362326,49.0264248349649,47.52943466616146,48.502479553222656,1801742
2000-02-17,48.50248834856027,58.08322525024414,46.48154933819444,58.08322525024414,944908
2000-02-18,52.99346390430355,57.40958669466591,52.73149119499144,56.13714599609375,4060072
2000-02-22,57.48441925846688,58.30776643299652,53.89164784483396,54.78984069824219,2227993
2000-02-23,54.864700460183215,60.17901965256635,54.864700460183215,59.28082656860352,1690042
2000-02-24,60.70294810008805,69.12351788105205,60.17900281327815,63.921478271484375,2956351
2000-02-25,61.90056525853003,68.22534980015186,61.825713167532086,64.74484252929688,2048210
2000-02-28,64.74483030049566,65.3810537937187,58.83172060281782,60.47840881347656,1675363
2000-02-29,60.74036064179649,63.99631612197801,60.66550859457879,62.19992446899414,958049
2000-03-01,62.57416765474676,66.91543920269808,62.424469957236646,65.34359741210938,1037875
2000-03-02,65.83014842347015,65.86756807232912,61.37660347318202,63.051361083984375,1188300
2000-03-03,62.83614870309849,66.9154448336619,62.83614870309849,64.66996002197266,1215841
2000-03-06,67.66395231418292,97.00495801537654,67.3645504517729,95.20857238769533,5693495
2000-03-07,93.41218949748624,96.4061700938594,78.44228651562045,85.02904510498047,7710809
2000-03-08,87.42420595761507,91.01698303222656,83.83142888300358,91.01698303222656,3953963
2000-03-09,88.02303580365839,92.2146116743214,86.82544087298436,91.61581420898438,2514583
2000-03-10,91.61580369434049,92.73854641798042,83.83145031175306,85.02904510498047,2479353
2000-03-13,77.8809033445952,83.1952206520173,77.54408185591507,78.59197235107422,2626702
2000-03-14,79.63989365676318,81.43627973843296,71.18189588328396,72.67888641357422,3522960
2000-03-15,76.72071062996413,76.72071062996413,67.8136250627073,68.41242218017578,3046242
2000-03-16,69.46031508715677,73.651888688175,67.06513290944321,70.6953353881836,2769578
2000-03-17,71.44386566979372,76.04710860201814,70.7327901193708,72.52918243408203,1563803
2000-03-20,72.1175201373794,72.75374371306474,67.66397426767242,68.11306762695312,1420648
2000-03-21,66.31663895977634,68.86151885986328,63.32265960123043,68.86151885986328,2528283
2000-03-22,68.00077405415499,72.41689246291588,65.30618921670087,71.5186996459961,1967965
2000-03-23,71.40643415719984,74.10101284261201,70.0591416211461,71.66840362548828,1951888
2000-03-24,71.10704216662113,72.45433489023374,69.6100516707618,71.85553741455078,1230520
2000-03-27,70.7701782460107,71.55609906351981,67.7761990453607,68.41242218017578,846769
2000-03-28,68.26272569562965,73.01566392806973,67.96332393829412,71.33155059814453,1392548
2000-03-29,71.25673811903889,72.45432654578426,65.86756784525056,67.0651626586914,1250371
2000-03-30,64.78225775407476,67.36456504841479,59.3556672773575,62.87360000610352,2034230
2000-03-31,63.47238005849053,63.47238005849053,53.89164778402064,62.2747917175293,3732940
2000-04-03,61.67597888823788,61.825676594983946,54.93952460442432,58.68199920654297,2030875
2000-04-04,58.68202358974502,61.30175689976392,49.10128654339899,55.9874382019043,3519884
2000-04-05,55.53834774797819,59.80476950897193,53.96650512654537,58.04580307006836,2109163
2000-04-06,58.906573966474426,62.87360000610352,58.12065268905891,62.87360000610352,1375073
2000-04-07,64.37056365502691,74.8494936618187,64.10859423687357,73.05310821533203,2975224
2000-04-10,73.05311544375803,73.05311544375803,63.09812967494567,64.14602661132812,2956071
2000-04-11,60.47839483229252,62.79873203819693,59.61762808087013,60.44097518920898,1896107
2000-04-12,58.68201648928757,59.43051163015448,49.70007479888466,51.496463775634766,4351555
2000-04-13,52.69404143132516,58.08320374346398,52.09524419960005,53.89163589477539,3736574
2000-04-14,52.5443534396869,53.55482116096023,48.5024793612462,49.51294708251953,2862685
2000-04-17,47.941107700701046,49.47552069045772,43.74953591386586,47.604286193847656,2757555
2000-04-18,46.706100029377936,52.69406189912875,44.98455971448536,52.09526443481445,3758243
2000-04-19,52.09526363914322,53.85422996619558,50.29887766033331,52.244964599609375,2423992
2000-04-20,52.61921496792984,54.93954963993176,52.31981622465742,53.85423278808594,1453081
2000-04-24,52.1701101904715,55.31378851377526,50.93509256583515,54.864688873291016,1698570
2000-04-25,56.66106590647374,57.22243711371098,53.89163589477539,53.89163589477539,1123293
2000-04-26,56.960472437348265,56.99789846913491,54.86468491093935,55.01438903808594,976503
2000-04-27,53.36769849387916,55.83773039768316,53.29284962285737,54.34074020385742,2281256
2000-04-28,53.89165322598012,53.92907287580831,52.05783810992072,53.06830596923828,1779374
2000-05-01,53.06830828730088,57.63413166195208,53.06830828730088,57.11017990112305,1895688
2000-05-02,58.8317154646932,62.3496414226536,58.34519616768102,60.33806228637695,4259426
2000-05-03,58.382618498570125,58.68201398747453,53.66709803480815,54.78984069824219,2327390
2000-05-04,54.78983877160064,54.78983877160064,52.84374900206967,54.04134368896485,1188300
2000-05-05,54.00394216918456,55.95003282202089,53.66712050645842,54.752437591552734,1263373
2000-05-08,55.01439496363062,55.01439496363062,50.635695666949154,50.74797058105469,1078277
2000-05-09,51.19705283721406,51.79585008404862,47.04290452149814,48.01594924926758,1718561
2000-05-10,47.30488747154568,47.71655784686459,45.35879772150229,46.10729598999024,1601409
2000-05-11,46.40669297995043,47.52943562930441,45.50850013780623,45.84532165527344,1681934
2000-05-12,50.298866953408414,58.68201038119404,49.25097322659838,54.22846603393555,13565912
2000-05-15,53.89165542588776,54.49044648792979,50.972520258301294,52.80633544921875,4442844
2000-05-16,53.96648797569864,58.04578462279871,52.69404769862536,52.993446350097656,5770804
2000-05-17,49.84975884011338,50.14915745278952,45.99501247945345,46.70608139038086,12450728
2000-05-18,46.70609474874312,47.267466110563085,42.51452255249024,42.51452255249024,6153437
2000-05-19,43.52500823289976,44.722600324412696,39.59540708698764,39.894805908203125,5261093
2000-05-22,40.11934510050612,40.71813938955956,35.89034626358382,37.349910736083984,7820692
2000-05-23,37.08793148320128,37.87385264084647,33.8694011722275,34.73017120361328,5214680
2000-05-24,34.5804766691461,35.89034325802812,32.3349910882055,35.32897186279297,7957276
2000-05-25,35.47866967261559,41.16723251342773,34.87987543288939,41.16723251342773,7678096
2000-05-26,40.11934011631395,41.017533034981945,38.51007487646503,38.92174530029297,4956329
2000-05-30,39.63281923448711,45.77047854632597,39.55797035377646,45.13425827026367,5338822
2000-05-31,44.31090308115749,46.818360712774606,43.56240807510181,44.08635330200195,4408313
2000-06-01,44.57287467327321,45.695617156630426,43.56240707692112,43.71210479736328,3948232
2000-06-02,44.0115230064225,49.10129247207028,44.0115230064225,48.95159149169922,17086356
2000-06-05,48.5024694825788,50.14915704901928,45.80788837688221,47.30487823486328,10643114
2000-06-06,45.021980663283216,45.20910445055654,41.35435379405656,42.51452255249024,12180774
2000-06-07,41.91571281961558,43.26300496879949,39.22113171459449,40.119327545166016,11422359
2000-06-08,40.11933664823164,41.803450620163126,40.00706174476672,41.39177703857422,9571267
2000-06-09,41.76603184760434,43.59984388067467,41.76603184760434,42.43967819213867,9270138
2000-06-12,43.48755194506314,43.48755194506314,39.07143437779963,39.5205307006836,5674901
2000-06-13,38.62235361125795,42.96362407217896,38.62235361125795,41.3543586730957,7718358
2000-06-14,42.36481748251865,42.81391708293368,40.1193354471804,40.56843185424805,5610873
2000-06-15,40.68071881087092,40.68071881087092,38.80948056572186,39.48312377929688,6797775
2000-06-16,39.63282169709379,39.85736835317805,37.12536328072373,37.499610900878906,6487699
2000-06-19,37.20020274331309,41.31692552225849,37.20020274331309,40.7181282043457,6811475
2000-06-20,41.279497029293154,45.43364559024101,40.94267555390692,44.08635330200195,11718176
2000-06-21,43.93666727557344,47.86626710355967,43.89924123796774,47.005496978759766,8977676
2000-06-22,47.7539892197978,47.79141206173258,44.53545875932441,45.35880279541016,6733747
2000-06-23,44.27348893620872,46.406699637336736,44.23606609187015,44.98455810546875,3969481
2000-06-26,44.90970922344368,45.69563046807671,44.34833781823379,44.98455810546875,3824369
2000-06-27,44.83485951223136,45.995028338881184,44.38576303503873,45.17168426513672,4110120
2000-06-28,47.15518659357998,48.01595656962987,46.556392448802015,47.604286193847656,9895184
2000-06-29,47.82883399613407,47.86626002820764,44.90970248816619,45.43365097045898,8660750
2000-06-30,45.92018787508447,47.60430567871809,44.10508848889768,44.161224365234375,8280214
2000-07-03,44.310910709999845,44.423182425559936,42.96361818980252,44.12378692626953,3195688
2000-07-05,43.188168590333206,43.524990128253286,41.69117830029258,42.065425872802734,5399915
2000-07-06,41.91572233028059,42.17769816948123,40.905254585791184,41.39177703857422,4201409
2000-07-07,41.91574560619176,42.17772159086827,39.96965790774006,40.41875457763672,5992247
2000-07-10,40.56844344267471,42.065434022749024,40.493594552340646,41.017539978027344,5362728
2000-07-11,40.71813558543662,41.05496033532496,39.59539280583787,40.30646514892578,4176665
2000-07-12,41.57890151379253,42.28997059213869,40.75555753008973,41.31692886352539,3792494
2000-07-13,41.316930952610505,43.41271545406311,41.16723000678324,42.51452255249024,5840564
2000-07-14,42.81392348928634,46.855794951037744,42.81392348928634,46.14472579956055,7603582
2000-07-17,46.03244521751702,48.46505427987978,45.65819766946122,46.85578918457031,6166159
2000-07-18,46.70610715293206,46.70610715293206,44.310923317060656,45.88276290893555,3661502
2000-07-19,45.50850796194631,45.5459340006983,43.562421007150725,44.34833908081055,3539037
2000-07-20,44.23605015160864,45.695614001867945,32.33498001098633,32.33498001098633,3551619
2000-07-21,30.83800002802028,30.83800002802028,27.694321560638297,28.779638290405277,36442085
2000-07-24,29.93981204340548,30.052083783889582,28.592519224112905,29.64041328430176,13987130
2000-07-25,29.378432494469028,29.640408361013147,26.796125411987305,26.796125411987305,9135790
2000-07-26,27.507196426858915,27.918866838327126,25.63595697801782,25.748231887817383,11385312
2000-07-27,26.49672178722273,26.90839371392969,24.17638794820278,24.400936126708984,9849609
2000-07-28,24.99973127103792,25.07458013006028,23.652439035247777,24.70033264160156,9616982
2000-07-31,24.58805987490974,25.26170441042835,24.02668863030748,24.400936126708984,8053179
2000-08-01,24.363513081267364,24.66291175369753,23.652442431750995,24.251239776611328,5931015
2000-08-02,24.02669906616211,24.662919447713836,23.652449810534144,24.02669906616211,6748845
2000-08-03,23.427899447384448,24.55064392089844,23.09107786167171,24.55064392089844,8592108
2000-08-04,24.2512377502004,24.81260901659402,23.727290915564968,23.9892635345459,5152469
2000-08-07,24.326089651932914,24.70033558836591,23.315620354540734,23.802141189575195,5560825
2000-08-08,23.76472338451983,23.76472338451983,22.866528735187124,23.24077796936035,5116121
2000-08-09,23.203347540169947,23.876993798941385,23.05364979081968,23.540170669555664,4680504
2000-08-10,23.3904651226066,23.839563041620806,23.16591696143619,23.35304069519043,3123691
2000-08-11,23.80214699099234,24.43836891034743,23.31562603737568,24.326095581054688,3431251
2000-08-14,25.1494376176098,26.085058256432387,24.850040482126676,26.047632217407227,5536080
2000-08-15,26.197330577913004,26.496729298577865,25.448835372924805,25.448835372924805,4487440
2000-08-16,25.598535715845525,26.047632217407227,24.92488936682895,26.047632217407227,3141306
2000-08-17,25.823078128018857,28.2931115214808,25.823078128018857,27.84401512145996,9532403
2000-08-18,34.58046585669785,34.80501242857308,32.97120105486444,33.75712203979492,17783678
2000-08-21,34.87986475608934,36.22715377807617,34.318493531924766,36.22715377807617,8576171
2000-08-22,36.15230492019028,36.22715377807617,35.36638392902112,36.22715377807617,4971568
2000-08-23,35.85290629529979,36.26457980369257,35.516084838139804,36.22715377807617,3263631
2000-08-24,36.152316141418645,36.33943994088773,35.4038209435423,35.77806854248047,3031004
2000-08-25,35.74065233347334,35.96520223192377,34.767610224668594,35.02958297729492,2444123
2000-08-28,34.91728833347611,35.25411299117066,34.28106823784902,35.10441207885742,3708894
2000-08-29,35.10442578270868,38.32295673703656,35.029576894006496,37.724159240722656,6009023
2000-08-30,37.9112756071104,38.28552317040545,36.45171138759874,36.7511100769043,3459770
2000-08-31,36.90080160790858,37.20020024677204,35.77805910718089,36.526554107666016,3479902
2000-09-01,36.33944183023042,37.5370335704276,36.002620251013354,37.050514221191406,3138230
2000-09-05,36.93824314820228,37.42476254816322,36.67626723333299,37.013092041015625,2044994
2000-09-06,36.9382398466589,37.34991031701136,35.81549697476442,35.92776870727539,2235402
2000-09-07,35.92776817265574,37.20021199121054,35.478671669250296,37.050514221191406,2123003
2000-09-08,36.26460110989671,36.56399991069019,35.40383075512125,35.47867965698242,2015776
2000-09-11,35.32897058625514,35.32897058625514,33.53258154774181,33.9816780090332,2978858
2000-09-12,33.42032247116427,34.65534071997168,32.933799743652344,32.933799743652344,2830251
2000-09-13,33.981694112135884,33.981694112135884,32.07303244884194,32.933799743652344,3523240
2000-09-14,33.30803671139091,34.28108185111584,33.27061386346194,33.38288879394531,3569094
2000-09-15,33.345453262763634,35.21669092711672,33.30802723213764,34.13137435913086,3772783
2000-09-18,34.20621735406069,34.543038798475365,31.43678736364934,32.33498001098633,4730692
2000-09-19,32.073015682826224,32.33498833966483,31.137396770297173,32.26013946533203,3198065
2000-09-20,32.07302031682486,32.26014412636683,30.98770030547257,31.43680000305176,1968104
2000-09-21,31.51164846271699,31.51164846271699,28.14341993644052,28.74221420288086,2929789
2000-09-22,28.77963905869753,29.939807891845703,28.66736414043353,29.939807891845703,3445231
2000-09-25,30.089503386212765,31.09997118773714,28.854485765084014,28.92933464050293,2388483
2000-09-26,29.04160453691305,29.528126933170064,27.020669282734165,27.05809211730957,3050156
2000-09-27,27.65688968342492,27.993711164742187,26.571571586198257,27.54461479187012,3916777
2000-09-28,27.58204273133105,29.004184005088742,27.58204273133105,28.714141845703125,4224616
2000-09-29,28.92933179679016,29.79010176286424,28.62993632454468,29.303579330444336,3677439
2000-10-02,29.415856552845508,30.76314905776564,29.415856552845508,30.276626586914062,3008216
2000-10-03,30.53860405487875,33.233186295993335,30.126933586476124,31.811044692993164,5556071
2000-10-04,31.661342471797884,35.10441947340991,31.436795846048973,34.65532302856445,5531187
2000-10-05,34.69275462236665,34.69275462236665,32.70924154698189,33.00864028930664,3998839
2000-10-06,33.420292372794854,33.49514441219195,30.650862715494075,31.249656677246094,2791806
2000-10-09,31.2122428147687,31.2122428147687,30.0146513539808,30.351472854614254,2161588
2000-10-10,30.912849348660604,31.698770573406588,28.96676249851322,29.677831649780277,3090419
2000-10-11,28.74221093691335,28.9293347226659,26.833550238245945,27.432344436645508,5527832
2000-10-12,28.03114309231031,28.218266886500228,25.93535691671803,26.796125411987305,4176665
2000-10-13,26.04762639169229,26.98324522458384,25.635954424554743,26.57157325744629,5075439
2000-10-16,26.87097398112394,29.153885521254036,26.68385178576577,27.80659294128418,4157233
2000-10-17,27.8814454070337,27.91887144759496,25.523687878726925,25.935359954833984,2883235
2000-10-18,24.288671915397096,25.411414898112184,23.502752146831373,24.47579574584961,5637854
2000-10-19,25.448835272809877,26.90840123612977,25.336561950507697,26.19733047485352,4599839
2000-10-20,26.197325042907707,28.555083482465854,26.159900609900173,27.881437301635746,4653662
2000-10-23,27.8814348050682,31.062541662663865,27.245214710887847,30.57601928710937,5035177
2000-10-24,30.576027354629748,30.68830226989649,28.44281673795285,28.779638290405277,3616067
2000-10-25,26.870974887383497,27.13295075974206,25.299135619971462,25.523685455322266,5268503
2000-10-26,25.523684683168145,26.683851878462352,25.149435501130068,26.347028732299805,6379074
2000-10-27,27.4697692213472,28.293113202529327,26.908397889630177,27.394920349121094,4527143
2000-10-30,26.83355353578677,27.54462273168977,26.19733162803932,27.24522399902344,2719529
2000-10-31,27.32007489405706,28.51766991284112,27.32007489405706,27.731748580932617,3913002
2000-11-01,27.54461131202542,28.330532260272676,27.282638727058576,28.0311336517334,3398119
2000-11-02,28.21826439079252,29.153883278993163,28.068566646019416,28.817058563232425,3432789
2000-11-03,28.517655991441377,28.555078821667085,27.432336434654854,28.0311336517334,2376740
2000-11-06,28.1059961784263,28.1059961784263,27.46977582161606,27.769174575805664,2365835
2000-11-07,27.32006755345716,27.731741129720582,27.28264471501793,27.50719451904297,2191505
2000-11-08,27.5071936870115,28.293111590632005,26.30960062290612,26.57157325744629,2386386
2000-11-09,26.72127461345624,26.72127461345624,24.887461242792394,26.085054397583008,3967384
2000-11-10,25.149427740395065,25.59852566225156,23.54016457792778,23.615015029907227,4960104
2000-11-13,23.46532179488053,24.400940711688747,22.791675536109093,23.540170669555664,5977289
2000-11-14,24.176394426587105,25.78565813433296,24.101543949245524,25.523685455322266,3953125
2000-11-15,25.598530775677755,26.421874735204717,25.299132101300472,25.9727783203125,2409872
2000-11-16,25.71080236060164,26.15990034211575,24.70033469637369,24.924882888793945,2773912
2000-11-17,26.3470263803245,28.442813948614,26.234751476068368,28.36796188354492,7868084
2000-11-20,28.068571871456253,28.105994717942664,26.234756593178915,26.72127914428711,4141016
2000-11-21,29.116464614868164,30.23920756485069,27.73174894855938,29.116464614868164,10100690
2000-11-22,29.116461816911578,29.341011662669214,27.24522374675798,28.74221420288086,3668492
2000-11-24,29.266161049450524,30.838000296843678,29.15388613320505,30.50117874145508,1746521
2000-11-27,30.50118028905271,31.09997455049771,29.93980887268977,30.23920440673828,2995495
2000-11-28,30.239197956620668,31.58649034584913,30.20177511952101,30.351472854614254,3540155
2000-11-29,30.912846953951163,32.33498833966483,30.576025422779743,32.26013946533203,4385107
2000-11-30,31.736178966595254,31.848453832344507,30.31403811824632,31.249656677246094,4962620
2000-12-01,31.69878129129396,32.74667235413428,31.586506336461373,31.736204147338867,3628649
2000-12-04,31.174809492901986,31.773606679918,30.239190884031057,30.538589477539062,2895118
2000-12-05,31.586487738324543,33.34545035052738,31.474212849599457,32.9712028503418,5472331
2000-12-06,33.08348250118478,34.09395025846567,31.13739585876465,31.13739585876465,4366933
2000-12-07,31.43678736364934,32.85892518970844,30.763141281473214,32.33498001098633,3059942
2000-12-08,33.757123310670664,35.85290736047516,33.60742239710442,35.59093475341797,4409991
2000-12-11,35.104408566733085,35.516082042723674,34.13136710410923,34.58046340942383,3181289
2000-12-12,34.954724659152205,35.14184845966876,34.13138057554897,34.28107833862305,2134187
2000-12-13,35.403820580889374,35.55352153493993,34.61790254717836,34.84244918823242,4095581
2000-12-14,34.87988524874424,35.703229555914724,34.76761029927808,35.47867965698242,4246844
2000-12-15,35.478676205221,35.74064893292187,32.634395857778195,34.05653762817383,6050963
2000-12-18,34.0565254912262,34.8798694248721,33.71970079563425,34.13137435913086,3403431
2000-12-19,34.131381323786215,35.85291841026972,34.01910640234538,34.16880416870117,3278590
2000-12-20,32.70924063059796,32.746663476497524,30.27663110655229,31.43680000305176,4698678
2000-12-21,31.436801365741758,32.24143250431134,29.86495874277611,30.763154983520508,4023724
2000-12-22,30.613458569248,33.382893398668685,30.576035716157048,32.74666976928711,2558759
2000-12-26,32.78408238618353,33.04605502390143,31.73618864196454,32.035587310791016,1579041
2000-12-27,32.07301402238422,33.53257817302786,32.07301402238422,33.495155334472656,3748457
2000-12-28,33.30804274888228,33.75714255222062,32.559550527798926,33.12092208862305,1763297
2000-12-29,33.15834345457305,33.79456388960523,32.11044928274722,32.78409576416016,2069320
2001-01-02,32.26014182892263,32.26014182892263,29.378432812522085,30.46375274658203,2261684
2001-01-03,29.41585064716172,33.8319716451874,28.480231926959117,33.607421875,4502678
2001-01-04,34.05652738888488,35.740638187295424,33.12090850457486,34.8798713684082,4398388
2001-01-05,34.281069100991346,34.8798663786271,32.03558409987784,32.9712028503418,3277052
2001-01-08,32.484696790061506,33.382893157999,31.32453087232996,31.88590240478516,2273288
2001-01-09,32.03560296244279,32.8963733583607,31.02513475564737,31.736204147338867,2474180
2001-01-10,31.436807406150688,33.270619894169954,31.361955310028424,33.12092208862305,2405958
2001-01-11,33.457740247876295,34.543057207932044,32.14787340964078,34.46820831298828,3517088
2001-01-12,34.46819173625578,34.730164339243125,33.34544927201266,33.607421875,2549253
2001-01-16,33.68228355941678,34.87987522508203,33.12091216675984,34.84244918823242,2600979
2001-01-17,35.291558116425435,37.836443299777216,35.291558116425435,37.08794784545898,8383107
2001-01-18,37.08792278630576,40.71812264826651,36.152304100576345,40.45615005493164,6978536
2001-01-19,40.41874118619023,40.41874118619023,38.65977794908365,39.258575439453125,6185171
2001-01-22,39.29600814851066,39.29600814851066,36.7511261591456,37.57447052001953,2822422
2001-01-23,37.5370444699734,38.32296597415019,36.82597506588887,37.57447052001953,3067911
2001-01-24,37.72415170001771,37.94870151458707,34.73017120361328,34.73017120361328,5283881
2001-01-25,33.9442429767095,34.355913254493345,32.33497830776312,33.083473205566406,4284311
2001-01-26,32.522100982516605,33.34544470485629,31.549056369440105,32.709224700927734,3729864
2001-01-29,33.23317669429317,33.831973994136014,32.33498393787607,32.58647918701172,3051275
2001-01-30,33.14337303602075,33.14337303602075,32.634397965334465,32.78409576416016,2389462
2001-01-31,32.93377974021425,33.38287933489523,31.91582683274221,32.66432189941406,2555544
2001-02-01,31.975715778204663,32.36493381262341,31.28709901012934,32.215232849121094,3490526
2001-02-02,32.257146871210765,32.778100062859046,31.13739944020817,31.257156372070312,3020938
2001-02-05,32.095474138153165,32.29906605245807,28.74221583675497,29.460773468017575,3698968
2001-02-06,29.580519488298023,31.436786362581664,29.580519488298023,30.520627975463867,3243360
2001-02-07,30.179320509403983,30.59847609767551,29.430825422239383,30.023632049560547,1774481
2001-02-08,30.089498801487693,32.778092733510114,30.089498801487693,32.460731506347656,4129133
2001-02-09,32.466728198978345,32.76612693291512,31.149376324335,31.43680000305176,2443704
2001-02-12,31.31702206504818,31.73018997535844,30.149368624585943,30.61044311523437,3014368
2001-02-13,30.538597824633904,30.897874957705877,28.35898172710183,28.36496925354004,4389720
2001-02-14,28.89191516450196,29.341011662669214,28.6044914896661,28.74221420288086,4302345
2001-02-15,29.760161006434583,32.93377630973501,29.694291837981535,32.24516296386719,3954802
2001-02-16,29.939807891845703,30.239203416085854,29.131431035023223,29.939807891845703,5005120
2001-02-20,29.46076953666724,29.610467293473803,25.74823291505188,26.347028732299805,6347759
2001-02-21,25.14943328577401,25.29913262606779,23.47280450650066,24.07160186767578,9363664
2001-02-22,23.921904926959343,24.31112293143041,23.05365122083993,23.39496421813965,6720046
2001-02-23,23.400951947789487,23.574603009850883,21.28720316374904,22.93389129638672,5408582
2001-02-26,22.56862659067737,23.20334918027209,22.335095466639025,22.93389129638672,3722175
2001-02-27,22.604544250367507,23.748244511323552,22.089580395367346,22.84406280517578,3646403
2001-02-28,22.99377805729308,23.233296778307515,21.43690716903645,21.55666732788086,3531208
2001-03-01,21.49678064845692,23.353048170559354,20.598586119587583,22.93987846374512,5090817
2001-03-02,21.826111534259425,24.09554802962201,21.820122412419806,22.77220916748047,3432090
2001-03-05,22.77820200835451,23.490768762975485,22.21533299786448,22.7841911315918,2032832
2001-03-06,23.412928360473654,24.742255184779317,23.412928360473654,24.31112289428711,3737693
2001-03-07,25.32907760536625,25.37698101891333,24.31112447913169,24.526691436767575,2736725
2001-03-08,24.532678436687775,24.68237779830846,23.712326509809092,23.951845169067383,2838220
2001-03-09,23.412926675066604,23.63448112983536,21.945875655556225,22.18539428710937,2820745
2001-03-12,21.556663811286317,21.915941035860943,20.957866308096424,20.96385383605957,3404130
2001-03-13,21.317138300999005,22.08359751836213,21.047680468881275,21.90395736694336,2649769
2001-03-14,21.07761880764104,21.96982401772708,20.921931960310456,21.13749885559082,3685268
2001-03-15,21.25725801356369,21.89796959679351,20.676426480139284,20.868040084838867,2882257
2001-03-16,20.598584883167813,21.406960070295288,20.33511454642545,20.808162689208984,4145909
2001-03-19,20.718341134936832,22.484790661225933,20.125534538789285,22.149463653564453,2405539
2001-03-20,21.706362252669628,21.706362252669628,20.53870964050293,20.53870964050293,4223218
2001-03-21,19.77224055130421,20.20337430189488,17.724358429345358,18.921951293945312,8677666
2001-03-22,19.101586552582884,20.945878130489305,19.06565821396331,20.83809471130371,4605012
2001-03-23,20.838108163499168,23.65244913754841,20.838108163499168,22.6524600982666,5074740
2001-03-26,22.22730402905232,22.538677685079808,21.640483463970757,22.197364807128903,2916927
2001-03-27,22.15545844344199,22.173422622972264,21.400974079888684,22.11354255676269,2694785
2001-03-28,21.0177352694914,21.08959035709477,19.46086545804539,19.580625534057617,4258867
2001-03-29,19.16147770832957,19.868057069094466,17.963884353637695,17.963884353637695,8742533
2001-03-30,18.323160246315133,19.05967872514098,18.083641613443024,18.401002883911133,5381042
2001-04-02,19.31117478682155,19.50278842350641,18.143522402409285,18.47286033630371,3512475
2001-04-03,18.02376311341132,18.26328176697919,16.766291379685455,17.664485931396484,5082848
2001-04-04,17.19143465943843,17.60460270585285,16.62257656233062,16.820180892944336,2869535
2001-04-05,17.215387415463216,18.68243853216968,17.19143730706231,18.33513641357422,3350447
2001-04-06,15.568693615758106,16.706406375796497,14.969898014512276,16.646526336669922,7364944
2001-04-09,16.478870039273808,16.92197900902089,16.185460434172793,16.52677345275879,2894140
2001-04-10,16.886053057764666,18.25130679431401,16.6824611456702,17.874065399169922,2968933
2001-04-11,18.7123697326299,19.52074462112429,18.562672039334043,18.96985244750977,3331015
2001-04-12,18.562676223688864,20.658461965663268,17.969868051386648,20.335111618041992,3337585
2001-04-16,19.88003771606452,20.08961559732927,19.35309525677107,19.951892852783203,2173890
2001-04-17,19.311178762495132,20.34110865840769,19.023756651621188,19.95787811279297,1803560
2001-04-18,20.65847091353409,23.281198389100965,20.478830689265077,22.74827003479004,4993376
2001-04-19,22.388989971988806,24.251245214310863,22.388989971988806,23.347063064575195,3886300
2001-04-20,23.341069187377656,24.55063727535923,23.059634704215515,24.19135856628418,3567277
2001-04-23,23.65244644582603,23.951845169067383,22.885988652208265,23.951845169067383,2869954
2001-04-24,23.293169773601143,23.5027492038685,21.856059382746427,22.287193298339844,2702334
2001-04-25,22.15544830165689,23.353039497599795,21.87401387564158,23.251243591308597,2332283
2001-04-26,22.903950466851104,24.532675904346014,22.754251120682877,22.760238647460938,2971030
2001-04-27,23.59256113047232,24.071598309942186,22.90394618290532,23.227294921875,1713529
2001-04-30,23.59256661026186,24.1015431329148,23.257239548743215,23.35903549194336,1690042
2001-05-01,22.69437989234757,23.622513964346748,22.47881447440523,23.472814559936523,2142435
2001-05-02,23.89196697995221,24.221304940682863,23.47879724800393,23.784183502197266,1801183
2001-05-03,23.50274365217789,23.50274365217789,22.6823934974972,23.023706436157227,1661663
2001-05-04,22.8740109419802,23.41292666524334,22.21533350798005,22.975805282592773,2497527
2001-05-07,22.514727861028238,23.406933034629407,22.394969366699492,23.197355270385746,2066663
2001-05-08,23.29316311539795,23.71232025944524,22.652451549354524,23.00574111938477,1601269
2001-05-09,22.694365024641638,23.915909576086083,22.4548464538354,23.35304069519043,2517379
2001-05-10,23.95184807172008,24.65842748365699,23.388980511423743,23.47879981994629,2468169
2001-05-11,23.53268139620264,24.17938207607221,23.53268139620264,23.766212463378903,2059813
2001-05-14,23.844065725123905,23.850054850206885,22.76623237451324,23.203353881835938,1747081
2001-05-15,22.664428187692675,23.28118805351979,22.15545176990728,22.424909591674805,2367233
2001-05-16,21.832103214868766,23.05364799499512,21.257259175988253,23.05364799499512,3199043
2001-05-17,22.754249021298754,23.652441822090204,22.466827005710755,23.185382843017575,2991580
2001-05-18,22.754259336278647,23.323116099103636,21.377028686288632,21.55666732788086,9310820
2001-05-21,21.556654464301765,22.93388429245253,21.37701592990588,22.75424575805664,6312949
2001-05-22,23.20334976857801,23.832086443592356,22.652457335774788,23.502748489379883,3514712
2001-05-23,22.96382701821309,23.01771794433445,22.45484899962427,22.712331771850582,3483816
2001-05-24,22.71233470281348,22.814130639002435,21.736297607421875,21.736297607421875,2746930
2001-05-25,22.03570402020806,23.053659022814504,22.03570402020806,22.568634033203125,2057576
2001-05-29,22.544671111591448,22.544671111591448,21.281211984925594,21.52671813964844,2223379
2001-05-30,20.41894455839645,20.838101731247004,19.592605265153946,19.68242454528809,3547425
2001-05-31,19.7602715665592,20.35906738433241,19.311175102397765,20.08362197875977,4622767
2001-06-01,20.658461917070277,20.80815964375852,19.25727867734753,20.341100692749023,2389601
2001-06-04,20.359060786100144,20.47283174703706,19.939903689837458,20.059663772583008,2207442
2001-06-05,20.059670052483057,20.568644975135044,20.059670052483057,20.418947219848636,3288795
2001-06-06,20.418948375434727,20.897985690148623,20.071646242433456,20.52074432373047,2005990
2001-06-07,20.059676909040665,21.826125714606203,20.059676909040665,21.46085929870605,2929229
2001-06-08,21.101578155930756,21.377025198999,20.868047001952768,20.96385383605957,1315658
2001-06-11,20.598581444684307,20.957858536023583,19.85607396568784,20.22134017944336,3188419
2001-06-12,19.772241677034067,20.149484528615865,19.22134940695513,19.939905166625977,2875686
2001-06-13,20.059668123393696,20.317149323463216,19.544702529907227,19.544702529907227,1588687
2001-06-14,19.25129524695612,19.257282774095764,18.173462124798423,18.62255859375,3332133
2001-06-15,17.975861808958417,18.538730950317117,17.36508925060624,18.23933219909668,4001635
2001-06-18,18.14352455434701,18.60459771648543,17.53275202328786,17.963884353637695,2492634
2001-06-19,18.263286889923208,18.37107039409626,17.36509208626401,17.55670738220215,3296344
2001-06-20,17.556701457658903,17.604604866309746,16.31719397295458,17.017784118652344,4626122
2001-06-21,17.215381955084283,17.754299140018162,16.957900808029628,17.712383270263672,3120616
2001-06-22,17.365089845913932,18.179452752743337,17.221379590006833,17.6046085357666,3436703
2001-06-25,17.634540974078227,17.933939620126576,17.484841651054055,17.754301071166992,2315927
2001-06-26,17.544724265063977,17.933942242505257,17.053711946553353,17.484844207763672,3507582
2001-06-27,17.035750832922137,18.263283446597136,17.035750832922137,17.874065399169922,3380364
2001-06-28,17.96388537512188,19.101598727604685,17.96388537512188,18.97585105895996,4211056
2001-06-29,18.862076838809863,20.418947225624173,18.44291961120684,19.460872650146484,5617723
2001-07-02,19.46086980451394,20.05966712496631,19.1734477932332,19.814159393310547,2152361
2001-07-03,19.880034951711057,19.880034951711057,19.353092565689863,19.47285270690918,938897
2001-07-05,19.46685199795655,19.724334711350053,18.892008132866145,19.263261795043945,2075191
2001-07-06,19.10159356629685,19.10159356629685,17.448916526410443,18.05370140075684,2225896
2001-07-09,18.05370404967682,18.35310117089983,17.730353625948982,17.909992218017578,1387934
2001-07-10,17.909994667370167,18.203405898104503,16.814197189882865,16.945932388305664,3387773
2001-07-11,16.97586488480377,17.21538185823426,15.68845277007965,16.08964729309082,4336736
2001-07-12,17.065692112810815,18.862079831874304,16.945931973535444,18.40699577331543,3449006
2001-07-13,18.41298013458995,19.215366223708283,17.856100213087316,18.14352226257324,2782020
2001-07-16,18.05370106236974,18.347110607753667,17.065687372803026,17.305204391479492,2229810
2001-07-17,16.915990737749617,17.927956290653746,16.77227890693932,17.664485931396484,2932165
2001-07-18,16.826170495703966,17.50879806113588,16.826170495703966,17.05970001220703,1461190
2001-07-19,17.14951790191663,18.26327924788243,17.14951790191663,17.34113311767578,1882267
2001-07-20,17.19143500511343,17.592628007238606,16.70641024811465,17.305204391479492,2055619
2001-07-23,17.35909927703192,17.57466621980678,16.496833102606384,16.592639923095703,2068481
2001-07-24,16.52677379962902,16.73635323386705,16.167496594277008,16.436954498291016,2478794
2001-07-25,16.407012306608216,16.670482635498047,16.11959027478965,16.670482635498047,2293000
2001-07-26,16.76628803183941,17.694421631166545,16.556710249736646,17.49083137512207,2545339
2001-07-27,17.454901495382742,18.077650454391737,17.251311257184355,18.023757934570312,1849135
2001-07-30,17.395024910908727,17.93394223297756,17.395024910908727,17.616580963134766,1809012
2001-07-31,17.39502622378371,18.14352300444753,17.023773992050977,17.13155746459961,2143274
2001-08-01,17.664486783580937,19.095609650101743,17.49682323899269,19.011777877807617,3514572
2001-08-02,18.86207851252154,19.580634507890306,18.65250067846024,19.011777877807617,2576933
2001-08-03,18.682433340625508,19.37104826268742,18.63452994378748,18.74231338500977,1418131
2001-08-06,18.74830651777212,18.8501024640036,18.26926921277236,18.454896926879883,1707797
2001-08-07,18.454898541402933,19.04171777452517,18.26328328330482,18.580644607543945,1478105
2001-08-08,17.784244331955062,18.32316169777584,17.31718367935967,17.335147857666016,3093774
2001-08-09,17.335150523518827,17.335150523518827,16.77826889375273,17.14952278137207,1616368
2001-08-10,17.155515313854558,17.24533464036627,16.472887474360842,17.119586944580078,2393516
2001-08-13,17.36508403615379,17.574663418409635,16.886048413391478,17.317180633544922,1203958
2001-08-14,17.365091724442816,17.784249077860242,17.365091724442816,17.68844223022461,2181859
2001-08-15,17.30520478537206,17.472868298935538,16.442938708489272,16.676469802856445,1619024
2001-08-16,16.317202352756464,16.61659960891848,15.927984163403714,16.466901779174805,2513045
2001-08-17,16.347127305524673,16.347127305524673,15.676476633061611,15.83815097808838,2154877
2001-08-20,15.628584270311949,15.784272813029984,15.143560843413631,15.622596740722656,2238058
2001-08-21,15.089656097151488,16.167488789567543,14.550738952606826,15.83815097808838,7619100
2001-08-22,16.077669504167382,16.1615012372506,15.568693177599185,15.796235084533691,2534294
2001-08-23,15.796243654787718,16.04174986582138,15.502834026480286,15.670495986938477,3637736
2001-08-24,15.868094596619484,16.79622984743429,15.748336085012834,16.64054298400879,1958598
2001-08-27,16.78425896094058,16.79024648940835,16.19743806089427,16.2633056640625,1373815
2001-08-28,16.287261509468,16.646540452206946,16.023791029907613,16.466901779174805,1880450
2001-08-29,16.407008263884595,16.52676674901951,16.233357262933954,16.257308959960938,1934692
2001-08-30,16.10761900051648,16.4968370971796,15.514810562678887,15.598642349243164,1991451
2001-08-31,15.508824772884305,16.017801481221394,15.478885530043696,15.868102073669434,1439521
2001-09-04,15.778272591276744,16.137549660778774,15.3291762543992,15.466898918151855,1868427
2001-09-05,15.179483257705298,15.436964519510052,14.52679481970388,14.730386734008787,4119067
2001-09-06,14.580686531701156,14.700445065654424,13.892071368953353,14.37110710144043,3933972
2001-09-07,13.89207232625717,14.520807467017525,13.838179784758957,13.981891632080078,2353114
2001-09-10,13.472911064875708,13.88009158510849,13.389079311688477,13.80224895477295,2746371
2001-09-17,12.664538109117242,13.460937555116482,12.5747188088049,13.023816108703612,3550920
2001-09-18,12.87411353586782,13.413029968423752,12.5747148968526,13.011837005615234,2132090
2001-09-19,12.892080943947732,13.772311365844883,12.041790554984615,13.62261199951172,4091666
2001-09-20,13.17351545789428,13.17950378379803,12.299273364526297,12.466936111450195,2919863
2001-09-21,10.778327363036103,12.245378181535733,10.778327363036103,12.065739631652832,4078106
2001-09-24,12.275321480429046,12.98788918883568,12.095682870944216,12.574719429016112,2779643
2001-09-25,12.694477898936716,12.694477898936716,11.077727432597834,11.844186782836914,3446210
2001-09-26,11.945983772292976,12.095683149198786,11.077729142580829,11.556766510009766,3173041
2001-09-27,11.413050381765736,11.520833015441896,11.02982084479609,11.520833015441896,2527025
2001-09-28,11.61664168380806,11.92801536239372,11.377123101048287,11.706460952758787,3049178
2001-10-01,11.466944036928597,11.65855925032587,11.20946204195101,11.293292999267578,1960695
2001-10-02,11.377126742709248,12.035801858626316,11.377126742709248,12.01783847808838,3390150
2001-10-03,11.886103982946516,12.862141193768675,11.706464590880202,12.724417686462402,4097398
2001-10-04,12.694477601300932,13.323213435504137,12.610645837405734,12.99387550354004,3655490
2001-10-05,12.874116423929204,12.90405565587761,12.215440547673223,12.634597778320312,2721487
2001-10-08,12.514836314941537,13.1675245525049,12.335197760629242,12.826210021972656,2069739
2001-10-09,12.826211528066258,12.856151556746228,12.245379921363648,12.44298267364502,1821594
2001-10-10,12.30526041860204,13.16153909798426,12.27532038690936,13.13758659362793,2042618
2001-10-11,13.251357746142906,14.586672875566652,13.251357746142906,14.442962646484377,4024702
2001-10-12,13.963924235490776,14.221407037774032,13.71243055644402,13.987875938415527,3693656
2001-10-15,14.023804861702493,14.13158832758595,13.401055770300983,13.910032272338867,2539187
2001-10-16,13.772308057160936,14.35912872967153,13.772308057160936,14.257332801818848,1661803
2001-10-17,14.67050295637297,14.844153994080516,13.83218859296158,14.143562316894531,2791806
2001-10-18,13.682488765804404,13.95194819889272,13.490873559239605,13.592669486999512,1391010
2001-10-19,13.538777916060518,14.071707696989028,13.448958630924269,13.987875938415527,1585891
2001-10-22,13.592672154313435,14.21541970200984,13.53279209113526,14.137577056884766,1441618
2001-10-23,14.137576014600093,14.760323516384792,14.131588487725889,14.281286239624023,1902259
2001-10-24,14.20943265499252,14.52080643936558,13.922010577365535,14.502843856811523,1637617
2001-10-25,14.071707547275055,14.448948860168455,13.353151677156267,14.448948860168455,2410571
2001-10-26,14.311225277557195,14.7184057942095,14.28727357638198,14.574695587158203,1924766
2001-10-29,14.287275897032616,14.293263424130553,13.508839894040747,13.73039436340332,1727089
2001-10-30,13.652553860423096,13.772312404517097,13.203456525890848,13.293275833129885,1923368
2001-10-31,13.41303134257193,13.892068575403634,13.263332007727811,13.335187911987305,1724293
2001-11-01,13.245371382440943,13.772311330367929,13.20944302367785,13.712432861328123,1543112
2001-11-02,13.862130782370684,14.041769364113687,13.658538899499684,13.951950073242188,1321669
2001-11-05,14.041769302128433,14.850142916403511,14.041769302128433,14.658529281616213,2738263
2001-11-06,14.808224921409767,15.263310432434082,14.46092286290894,15.263310432434082,2304044
2001-11-07,14.963911339124422,15.131574837417972,14.694453514015704,14.790260314941406,1567997
2001-11-08,14.730387333754596,15.413015035570847,14.700446499839726,14.82020664215088,2690032
2001-11-09,14.61062572242564,14.933976158145656,14.550745657290674,14.850144386291504,1310206
2001-11-12,14.586666227211444,14.850136457117564,14.137569970177442,14.754329681396484,2104829
2001-11-13,14.490866854299687,14.96990417097256,14.47889020287958,14.939963340759276,2973266
2001-11-14,15.035767958614551,15.389059165230332,14.975889500324318,15.15552806854248,2448038
2001-11-15,14.96990381997432,15.20343334878817,14.49685404176608,14.987866401672363,2672277
2001-11-16,14.311226170647986,14.520803968178216,13.532790245517532,14.448948860168455,11550556
2001-11-19,14.371108132020412,14.820206259067376,14.101650213796706,14.61661434173584,12996926
2001-11-20,14.520801948108186,14.526789473774274,14.131585636362752,14.239367485046388,13580172
2001-11-21,14.293261149690114,14.610622388814573,14.179490169563868,14.568706512451172,8538704
2001-11-23,14.598649071076636,15.029781341552734,14.532781485632832,15.029781341552734,2515561
2001-11-26,15.053736536594196,15.748339236249944,14.993856470472036,15.71840000152588,6878999
2001-11-27,15.688452862464514,16.52077953922528,15.628572820417585,16.167490005493164,8316143
2001-11-28,15.86810004230442,16.317198207468707,15.718402250590584,16.137557983398438,5990290
2001-11-29,16.017801261676084,16.37707855753684,15.604633010105989,16.269296646118164,4573837
2001-11-30,16.466892609451943,16.466892609451943,16.155518870030605,16.32916831970215,4702872
2001-12-03,16.287253607503636,16.5866523150833,16.107615021625396,16.472881317138672,3349748
2001-12-04,16.586657380085843,16.856115341186523,16.3052227644882,16.856115341186523,3414335
2001-12-05,16.915992251745468,17.92197036743164,16.81419629594927,17.92197036743164,6792183
2001-12-06,17.93394426759568,17.957895973885655,17.54472624620413,17.820173263549805,3114185
2001-12-07,17.784241955516297,18.484833639129015,17.6105909162158,18.05370140075684,5810228
2001-12-10,17.933942794799805,18.4129800746071,17.484844746227775,17.933942794799805,3657168
2001-12-11,17.933943788980866,18.08963067404777,17.520774072325867,17.538738250732422,3136693
2001-12-12,17.634546096413427,18.47286222952114,17.616583513638698,18.38903045654297,5034058
2001-12-13,17.784246632157483,17.826162521402356,17.071679708342895,17.077667236328125,3430133
2001-12-14,16.796229815874533,17.35909721437874,16.772276516924503,17.263290405273438,3045263
2001-12-17,17.053712554964267,17.64652083236715,16.94592908664794,17.311195373535156,4859448
2001-12-18,17.34712635704006,17.616584270323333,17.00581172287531,17.257307052612305,3012690
2001-12-19,16.79623350323293,17.418981092479594,16.766292671309188,17.095630645751953,2517938
2001-12-20,16.856112580047693,16.92198017730551,16.418991107639094,16.586654663085938,3982203
2001-12-21,16.514798435156518,16.945930754172544,16.514798435156518,16.736352920532227,3732520
2001-12-24,17.05371207727729,17.125567188584174,16.826170093135243,17.07167625427246,1246177
2001-12-26,17.18544517010536,17.293228622380873,16.826168060302734,16.826168060302734,2467051
2001-12-27,16.77227431575924,17.347119884970397,16.77227431575924,17.269275665283203,1909948
2001-12-28,17.365087090393978,17.47885809076894,17.09562920582055,17.335147857666016,1600430
2001-12-31,17.185447246343486,17.424965880706917,17.035747900282114,17.07167625427246,2142016
2002-01-02,17.071682414029556,17.568682442403958,17.04174317268421,17.51479148864746,3018701
2002-01-03,17.658498067289017,18.68243865516818,17.616582183963683,18.62255859375,4558319
2002-01-04,19.101591813703173,19.72433921014391,18.951892490454345,19.62853240966797,7155244
2002-01-07,19.568654183871555,19.694401818714905,19.281232158996552,19.550691604614254,5325262
2002-01-08,19.550692447472912,19.694402667769115,19.31117381697213,19.610570907592773,3488569
2002-01-09,19.59261312127392,19.93991532861089,18.975852965489,19.143516540527344,2959286
2002-01-10,19.143511917356285,19.143511917356285,18.742318855887834,18.99381256103516,1730864
2002-01-11,18.993808460962203,19.10159191037993,18.389025235718176,18.58662796020508,1979848
2002-01-14,18.263285042284156,18.335140172238702,18.005802164104235,18.215381622314453,3117260
2002-01-15,18.2153751344336,18.65249648014484,18.071663329036983,18.233339309692383,2600280
2002-01-16,17.844125127183077,17.844125127183077,17.155509972757883,17.28125762939453,3577342
2002-01-17,17.305203026362197,17.65849419355646,17.137541126514645,17.586637496948242,1993548
2002-01-18,17.257298940701755,17.347118202909357,16.90999694193991,17.053707122802734,2725261
2002-01-22,17.005813480990607,17.06569355569107,16.19743806089427,16.2633056640625,2172352
2002-01-23,16.119591445290393,17.20939959604078,16.119591445290393,16.76629066467285,3078815
2002-01-24,17.059695572295563,17.51478102970211,16.945924607112282,17.239334106445312,1453780
2002-01-25,17.245325563532607,17.544722628763406,16.975867725822795,17.401012420654297,2370029
2002-01-28,17.37706423740729,17.844124903331956,17.281257412604475,17.74233055114746,2885752
2002-01-29,17.60461080935788,18.02376817156463,17.365092088571966,17.51479148864746,2198075
2002-01-30,17.22736414746559,17.66448556131854,16.856110322047,17.628557205200195,2638445
2002-01-31,17.544719744063475,18.191420364244987,17.46088960145332,18.1734561920166,2756716
2002-02-01,18.023763914320583,18.095619034581745,17.46688393811712,17.73035430908203,1535983
2002-02-04,17.424965893730185,17.78424304720695,16.957905274875632,17.11359214782715,1552060
2002-02-05,16.963897588367708,17.3052106611444,16.161511293413398,16.2633056640625,3936209
2002-02-06,16.4070093038372,16.496828572549887,15.826176223265234,16.155515670776367,3709593
2002-02-07,16.299224501404442,16.31120114801395,15.73036811592934,15.802223205566406,2612443
2002-02-08,15.808218908101674,15.963905798797104,14.868108439794437,15.556723594665527,4329047
2002-02-11,15.26929710340701,16.10761137904472,15.26929710340701,16.011804580688477,2868137
2002-02-12,15.862100029433858,16.125570234694624,15.538749796612096,15.66449737548828,3290193
2002-02-13,15.81420230037364,16.19743110110567,15.81420230037364,16.083660125732422,2943629
2002-02-14,16.10761686961487,16.347135543823242,15.844146487653068,16.347135543823242,3103700
2002-02-15,16.514805212426754,16.56869617566653,16.287261509468,16.466901779174805,2813195
2002-02-19,16.04773892487424,16.0956439433926,15.568703109759186,15.598642349243164,2347661
2002-02-20,16.76629194793434,17.844125127183077,16.76629194793434,17.28125762939453,7024950
2002-02-21,17.395027275640462,17.724365240377654,16.826172242616227,16.86210060119629,3377428
2002-02-22,16.886051237198412,17.155509119439206,16.65252011458538,16.921977996826172,2054501
2002-02-25,17.06568851017047,17.72436275043956,17.035747683335202,17.36508560180664,1873739
2002-02-26,17.36508507786363,17.898014854709587,17.299217496156714,17.79022979736328,2756157
2002-02-27,17.951905269437088,19.125545056636465,17.874061040265698,18.347110748291016,6403958
2002-02-28,19.161472784081614,19.21536371277331,18.592616286375907,18.652496337890625,3846457
2002-03-01,18.83214131795601,19.939913867049253,18.80220048365132,19.75428771972656,6266815
2002-03-04,19.79021493590245,21.047686793659334,19.64051556307266,20.933914184570312,5819035
2002-03-05,20.808160767470184,21.490788249924584,20.53870292887142,20.89798164367676,4811636
2002-03-06,20.83810335199742,21.1075612133578,20.478824606843133,20.61056137084961,4095022
2002-03-07,20.957853178913748,21.077613243196907,20.66444373576432,20.83809471130371,2545059
2002-03-08,20.98780430327241,21.77222624396846,20.969840125137985,21.610551834106445,5096828
2002-03-11,21.61055416289201,22.149469984955708,21.60456663509328,21.682409286499023,4470804
2002-03-12,21.077616481287343,21.6524604074733,21.04767725895364,21.562641143798828,4149683
2002-03-13,21.43690030210635,21.46684113056363,21.173429953055955,21.37103271484375,6985526
2002-03-14,21.37702069822893,21.526718445834547,21.19738052708937,21.35306739807129,3553856
2002-03-15,21.502763518303148,22.454848778223752,21.40695671873268,22.34107780456543,4566707
2002-03-18,22.34107887613335,22.754248513277,22.00575346487959,22.19137954711914,5432768
2002-03-19,22.191388618663748,22.38899302721251,21.688401094505316,21.915943145751957,3069868
2002-03-20,21.556664850324427,21.736303471270386,20.538710003840347,20.57463836669922,5468976
2002-03-21,20.598584634527256,21.209357061725477,20.55068122782029,21.149477005004883,2314529
2002-03-22,21.017743126534437,21.185406656959746,20.41894731264586,20.58062171936035,2318723
2002-03-25,20.62253808475838,20.862056735255926,19.93991048967624,19.993803024291992,2467330
2002-03-26,20.119545323822425,20.59858253542319,19.92194259378763,20.07164192199707,3734198
2002-03-27,20.29919153603186,20.40697502913256,19.784227377150028,19.909975051879883,5377966
2002-03-28,20.32913076208079,21.17343286176316,20.179431389251,20.933914184570312,3748737
2002-04-01,20.915952205082508,22.03569977803642,20.778227883964178,21.874025344848636,3609356
2002-04-02,21.7961813097484,21.838098796307417,21.173433682900367,21.377025604248047,6854114
2002-04-03,21.856058124915386,22.125516008316783,20.724334056625164,20.9878044128418,4211335
2002-04-04,21.08959304616925,21.21534066301383,20.35307471180846,20.442893981933597,2990322
2002-04-05,20.50876840552816,20.802178012859407,20.179430439473087,20.293201446533203,1465523
2002-04-08,19.909969662369107,20.736309020231257,19.700390261217915,20.47882461547852,2808442
2002-04-09,20.406974160157755,20.616553609116487,19.502791958951843,19.64051628112793,2935101
2002-04-10,19.76026997423121,20.005776127967607,19.64649898558984,19.868053436279297,5200001
2002-04-11,19.580633029820948,19.70039155500528,19.161475796664963,19.25129508972168,4747468
2002-04-12,19.293211053152785,19.550693879215096,19.09560828826927,19.37105369567871,3185343
2002-04-15,19.37105139628429,19.640510841266387,19.131532776674497,19.424943923950195,2407915
2002-04-16,19.73032431919532,20.35905911360206,19.64649258749489,20.29917907714844,9356395
2002-04-17,20.50876341350841,20.96983645375614,20.329124856962945,20.93989562988281,4315486
2002-04-18,20.748286472386567,20.80816493963207,20.071646380450996,20.718345642089844,3828423
2002-04-19,20.957868576049805,21.11954302526915,20.850085077678813,20.957868576049805,3715604
2002-04-22,20.6944023309766,20.74829488936897,19.87405166885054,20.20937728881836,2904345
2002-04-23,20.20936336706216,20.538701230338123,19.33512234546247,19.347097396850582,8178300
2002-04-24,19.49081309222292,19.63452331769177,18.628546949388344,18.640522003173828,4041478
2002-04-25,18.502792789292503,18.69440795245222,17.93393642127103,18.53273200988769,3438940
2002-04-26,18.562675104979107,18.682433598728675,17.844119352461284,17.939926147460938,2454888
2002-04-29,17.814181119711375,18.25130084373204,17.598614222290447,17.754301071166992,4021347
2002-04-30,17.874065773830406,18.29322466241442,17.658500398282488,17.993825912475586,2715895
2002-05-01,17.963885867142807,18.472864083690904,17.365089937683745,18.227357864379883,3447748
2002-05-02,18.08364071322562,18.089628239664066,17.365084850379557,17.424964904785156,3960674
2002-05-03,17.365085822947606,17.412989230485532,16.97586943919661,17.07167625427246,3502409
2002-05-06,16.933951002962722,17.472868298935538,16.67048227642167,16.676469802856445,2487042
2002-05-07,17.00580301294488,17.06568305078575,16.62257268677125,16.65251350402832,3551200
2002-05-08,17.24532732275748,18.323160380221932,17.215386495508533,17.987834930419922,3331015
2002-05-09,17.814185131137446,18.011787898824203,17.161496766048906,17.209400177001953,4998549
2002-05-10,17.21538865314181,17.329159659595014,16.418990011295392,16.736352920532227,3757405
2002-05-13,16.736354137768267,17.341137572552384,16.586654761895247,17.04174041748047,2274686
2002-05-14,18.14352248343275,18.712377465723584,17.844123779764846,18.592618942260746,4304023
2002-05-15,17.96388001760755,18.353097963519215,17.796218106091903,17.81418228149414,3405528
2002-05-16,17.814188047809143,17.844127285388193,17.514789285321925,17.724367141723633,3368481
2002-05-17,17.784240037522743,17.987831880267294,17.065685852172454,17.969867706298828,5153727
2002-05-20,17.724367082355847,17.80819886330541,17.49083751733827,17.6046085357666,2588956
2002-05-21,17.670475192533793,17.957897285683224,16.92796745328356,17.089643478393555,2499904
2002-05-22,17.089643812001814,17.335150021705946,16.59264226796116,16.83216094970703,3736295
2002-05-23,16.832153225376775,16.945924187744517,16.389044426326937,16.66448974609375,2972707
2002-05-24,16.664496869061743,16.736353588996106,16.25731624057936,16.347135543823242,2640123
2002-05-28,16.37707357191455,16.70042399775732,16.11360320937762,16.251327514648438,1857103
2002-05-29,16.125577647273285,16.227371984579325,15.987854957580566,15.987854957580566,1714228
2002-05-30,15.92798194449712,15.987862026057572,15.239366594912468,15.646547317504885,4138220
2002-05-31,15.646542758360567,16.059712486390296,15.56870011202104,15.790254592895508,2989343
2002-06-03,15.86211091983226,15.898039280370671,15.125592302187536,15.287266731262209,1863814
2002-06-04,15.287262133364454,15.413009760754123,14.945947600927814,15.263310432434082,2808582
2002-06-05,15.179480689683892,15.293251683327949,14.670504183377014,15.029781341552734,2903786
2002-06-06,14.700445132957976,15.496843778246904,14.520806532868628,14.748350143432615,2211636
2002-06-07,14.227395640598129,14.454937633933024,14.08368381550449,14.19146728515625,3352124
2002-06-10,14.191467538565004,15.10762624862734,13.96392554116702,14.8082275390625,3656189
2002-06-11,14.826191616861312,15.568699261956665,14.826191616861312,15.125590324401855,6978956
2002-06-12,15.125583530434808,15.389053763791766,14.490859641286391,14.772294044494627,3401753
2002-06-13,14.850144430601512,14.898047844182818,14.31721616032996,14.37110710144043,3964309
2002-06-14,13.92200649737868,14.323199463644332,13.772307176581087,14.07170581817627,3019680
2002-06-17,14.341167008803383,15.311216664126512,14.281286947073562,15.09564971923828,4357985
2002-06-18,15.149540714446928,15.550733734256154,14.83816697976891,15.131576538085938,3367223
2002-06-19,14.802238374441874,14.957925239124036,14.28128525223211,14.550743103027344,3960254
2002-06-20,14.490867232067703,14.820205196281696,14.245359443283991,14.37110710144043,3845199
2002-06-21,14.3711063228025,14.484877323062404,14.08967178741816,14.34715461730957,4192742
2002-06-24,14.371104814675247,14.814215311478534,14.089670308825106,14.466913223266602,4355469
2002-06-25,14.790260450128692,14.904033023109845,14.083681295159368,14.101645469665527,2742596
2002-06-26,13.77829344274887,14.011824489577858,13.413028857802232,13.89206600189209,3285999
2002-06-27,13.91602270440346,14.67050543986115,13.892070998251944,14.508831024169922,1979428
2002-06-28,14.359128455429971,14.640561339007498,14.101645675979611,14.16152572631836,3194290
2002-07-01,14.041768185585047,14.317213562026438,13.664525279578196,13.850152969360352,2621250
2002-07-02,13.6824873139447,13.856138326987546,12.880100617646432,13.14357089996338,4059093
2002-07-03,13.023812376699231,13.826199918683844,12.886089701908272,13.77230739593506,4723702
2002-07-05,13.772311753549957,14.520807009612694,13.74237251811011,14.341168403625488,2448178
2002-07-08,14.371103091989006,14.407031440488195,13.508837098070494,13.77230739593506,3802560
2002-07-09,13.712433017863978,14.221409590556702,13.472914348948454,13.56273365020752,2677869
2002-07-10,13.802251267707293,13.951950623960082,13.215429695395915,13.227405548095703,2426648
2002-07-11,13.173511888025264,14.365115771292976,12.93399328684817,14.101645469665527,3783687
2002-07-12,14.22140737123038,14.550743693336246,13.84416444880422,14.293262481689451,4418379
2002-07-15,14.08368755108343,14.281290365078489,13.377108082254011,14.113628387451172,2868277
2002-07-16,13.688477242841014,14.652539272102462,13.59267043124003,13.94596004486084,3817519
2002-07-17,14.09566161522436,14.430987105545237,13.191479498521746,13.604647636413574,3594398
2002-07-18,13.592668513163474,13.862127926946584,12.957944484189204,13.011837005615234,3083149
2002-07-19,12.862141663493317,12.999865175829244,12.203465731314978,12.425020217895508,4639403
2002-07-22,12.245382619726035,12.51484054221214,11.796285283912123,11.96993637084961,4534553
2002-07-23,12.005866041033508,12.227420584624868,11.634612093121769,11.820239067077637,4120325
2002-07-24,11.67652341611003,11.730415148620663,10.82024481937212,11.341197967529297,6324552
2002-07-25,11.16754379387925,11.251375537732772,9.5807345728676,10.053783416748049,6308195
2002-07-26,10.209469359551075,10.532818835231677,10.125637629619966,10.365156173706056,3480601
2002-07-29,10.508869089438186,10.969942092895508,10.508869089438186,10.969942092895508,3001786
2002-07-30,10.969942943923614,11.305268355177372,10.53880913183048,11.09568977355957,4749705
2002-07-31,11.167547636157018,11.317247002161563,10.68851110194909,11.30527114868164,2289085
2002-08-01,11.08970073913162,11.305267631376882,10.538808457101233,10.63461685180664,3884343
2002-08-02,10.359175227973026,10.443007017603602,9.730439200755209,10.08372974395752,2628659
2002-08-05,10.17953214507678,10.209472170916229,9.239422678416934,9.389122009277344,1910926
2002-08-06,9.538823204286794,10.029836412091155,9.538823204286794,9.742413520812988,1985999
2002-08-07,10.167556920585277,10.227436975951928,9.550796980662613,10.101689338684082,2245328
2002-08-08,10.179532303829134,10.359170864993676,9.556784866012412,10.299291610717772,2956351
2002-08-09,9.957978651943431,10.203484811368952,9.80827930692578,10.011870384216309,2253995
2002-08-12,9.760379075342897,9.98792031498262,9.58073885956342,9.856185913085938,1577224
2002-08-13,9.856185275164227,10.01187217475724,9.496907261870092,9.514870643615724,3225326
2002-08-14,9.443012377141407,9.604686737060549,9.017866945433092,9.604686737060549,3490806
2002-08-15,9.79031687643262,9.832232760963414,9.520858987312325,9.598702430725098,3332972
2002-08-16,9.574751828359725,10.029837524609196,9.28733050187463,9.556788444519045,4784515
2002-08-19,9.496904020231057,10.568749368113725,9.460976470666136,10.443001747131348,4195398
2002-08-20,9.730437817254836,10.419053824395796,9.431039865673265,9.700498580932615,10734263
2002-08-21,9.790316382439851,10.329232931825151,9.616665325766792,10.209473609924316,3668911
2002-08-22,10.155581690410564,10.299292714409916,9.886123021451205,10.191509246826172,3439360
2002-08-23,10.09570417831436,10.10169170625222,9.592714309692385,9.592714309692385,2544500
2002-08-26,9.59271429649182,9.814269594965978,9.59271429649182,9.700498580932615,2231348
2002-08-27,9.706484764317924,9.760377298241648,8.981942093288927,9.16756820678711,4642898
2002-08-28,9.089723248036208,9.1376274485222,8.868168815591039,8.892121315002441,4611583
2002-08-29,8.592725149902993,8.706496162188529,8.50290584564209,8.50290584564209,8322853
2002-08-30,8.323263738351821,8.329252062583627,7.981950812232077,8.041830062866211,5418229
2002-09-03,7.981950904242158,7.987938430206198,7.640637175851213,7.694528102874756,7009292
2002-09-04,7.808298885006116,8.17356426748028,7.784347187522022,8.083745002746582,4638983
2002-09-05,7.96398913720313,8.221471193240388,7.844229800014139,8.215483665466309,7068428
2002-09-06,8.413086921386597,8.592725538022385,8.317279286623538,8.472966194152832,5318551
2002-09-09,8.449013820352214,8.862182765777442,7.934048921727173,8.820267677307129,5283042
2002-09-10,8.880145392607792,9.341218470192594,8.754398552510517,9.14361572265625,4832886
2002-09-11,9.628640939614888,9.628640939614888,9.161580314274287,9.239423751831056,2946844
2002-09-12,9.239423333129382,9.538821217728936,9.119663221285307,9.14361572265625,4427606
2002-09-13,9.12565087031207,9.263373539677456,8.742421288666657,8.969964027404785,3338843
2002-09-16,8.922062977026288,9.095714054712008,8.574761619991879,8.73643684387207,2697161
2002-09-17,8.922059972452747,9.011879244915388,8.742421427527463,8.838228225708008,3135295
2002-09-18,8.802302934418016,8.8621821986415,8.538832575160754,8.832242965698242,5656588
2002-09-19,8.742424298604462,8.742424298604462,8.383146292427572,8.42506217956543,3454178
2002-09-20,8.455001214262788,8.568772210194773,8.233445951038872,8.365181922912598,4106066
2002-09-23,8.323264588418876,8.353205414299023,7.928059098860324,7.993927478790283,3924745
2002-09-24,7.934048233421559,8.203506912137225,7.838240614507439,7.904109001159668,4394333
2002-09-25,8.023869084587705,8.568773222368781,7.975964871428571,8.42506217956543,2937198
2002-09-26,8.455001578708698,8.562784253972652,8.071771893870409,8.251410484313965,4163244
2002-09-27,8.191529573947467,8.389131504719225,7.838239192962647,7.8382391929626465,3408044
2002-09-30,7.694530503210793,8.053808518245498,7.395133354854106,7.820278167724609,3721057
2002-10-01,7.934048419890621,7.934048419890621,7.514891175003455,7.814289093017578,4300528
2002-10-02,7.808301598018659,8.059796105657382,7.484951972961426,7.484951972961426,2815712
2002-10-03,7.484952548239384,7.592735232651102,7.323277324116259,7.365192413330078,3280127
2002-10-04,7.377166770322339,7.4250709742336785,7.035853808098943,7.065793037414551,3176955
2002-10-07,7.071783238051107,7.484952169922183,6.898131370544434,6.898131370544434,3569374
2002-10-08,6.958011022433699,7.425071665263348,6.940046844502965,7.323276519775391,4898312
2002-10-09,7.185554530513164,7.25741045902011,6.52687931060791,6.52687931060791,4592290
2002-10-10,6.556817814898996,6.6646004915246,6.4669981193740185,6.49693775177002,6785053
2002-10-11,6.556818948178674,6.742445499454522,6.407119562819187,6.52687931060791,5277869
2002-10-14,6.407117385404233,6.694539804247808,6.287358476651867,6.592743873596191,3241822
2002-10-15,6.802322267616839,7.185551882295617,6.598732407999633,7.10770845413208,3469836
2002-10-16,6.9460328787783325,7.065791364357773,6.634658820430082,6.736453533172607,4005829
2002-10-17,7.155613092589738,7.245432376861572,7.0657930099810375,7.245432376861572,3689881
2002-10-18,7.221479875830465,7.293335782250052,6.76639592796617,7.245432376861572,4631854
2002-10-21,7.125674924349839,7.544832225880001,6.940047982528697,7.50291633605957,3410002
2002-10-22,7.197529661463707,7.425072480784731,7.155614572249889,7.365192413330078,3464244
2002-10-23,7.3053136813474895,7.455011449620571,7.005914951453311,7.185553550720215,5423541
2002-10-24,7.341240909457662,8.113687809368669,7.305313350896839,7.814289093017578,4316185
2002-10-25,7.76638584783976,7.844229292222902,7.520879661580385,7.748421669006348,2958448
2002-10-28,7.87416976862703,8.3472187873508,7.87416976862703,8.095725059509277,2695064
2002-10-29,7.904108218763949,8.083746787901399,7.395131740649929,7.616685390472412,3310045
2002-10-30,7.616684910399917,8.353204913449783,7.598721533620509,8.30530071258545,3626692
2002-10-31,8.371173501420067,8.514884596801911,8.11967888491751,8.233449935913086,4303463
2002-11-01,8.179554454504247,8.76637436990196,7.904108274011008,8.730446815490723,2990042
2002-11-04,8.832241914363163,9.37115842157312,8.802301886646813,8.99990463256836,4131649
2002-11-05,8.981942032271533,9.167568144508694,8.796314323360491,9.02385711669922,2230509
2002-11-06,8.99391709155021,9.161579809485527,8.724458439210528,8.957988739013672,2202829
2002-11-07,8.826255096948335,8.832242623970536,8.389132892513217,8.508893013000488,2371288
2002-11-08,8.383144004888878,8.652602635577656,8.2514088517381,8.413084030151367,2492914
2002-11-11,8.251409454640648,8.377156292592101,8.08374673792642,8.107698440551758,1644328
2002-11-12,8.107699986626859,8.472965517158704,8.107699986626859,8.263387680053711,2148866
2002-11-13,8.08374590382725,8.25739692744854,7.898119030128988,8.023866653442383,3037714
2002-11-14,8.023866877972432,8.389131513046413,7.904107575514717,8.37116813659668,2348360
2002-11-15,8.239435174523953,8.640628265844908,8.14362754741597,8.263387680053711,3289913
2002-11-18,8.203504348207826,8.431047072636131,8.095721708744975,8.143624305725098,2996613
2002-11-19,8.832241810111707,10.221448541706168,8.802301782748753,9.940014839172363,18513155
2002-11-20,9.934025718753505,10.299291149314891,9.586723664501717,10.18552017211914,6616874
2002-11-21,10.419050901816606,11.10167839121156,10.413063375566509,10.922039031982422,7871020
2002-11-22,10.92802619934082,11.227424035235394,10.77832688222516,10.92802619934082,4724960
2002-11-25,10.838210744232368,11.73640536648166,10.760367295460046,11.69448947906494,5346371
2002-11-26,11.754367006621932,11.754367006621932,11.1855112419193,11.23341464996338,4103130
2002-11-27,11.347182987487894,11.736400055210538,11.293290472337832,11.7244234085083,2473062
2002-11-29,11.73041549487515,11.766343051497104,11.46095682436818,11.622632026672363,1203958
2002-12-02,11.82622522877281,12.065743912487278,11.317247826295295,11.556766510009766,2778525
2002-12-03,11.407065100751494,11.413054224366045,10.778329266773234,10.814257621765137,3979547
2002-12-04,10.50887075830235,10.514858284880654,10.01187012714374,10.245400428771973,5374052
2002-12-05,10.38910904505559,10.460963333559098,10.119650473563496,10.149590492248535,2164104
2002-12-06,10.07174838829246,10.2813261512528,9.856181503147251,10.053783416748049,3040930
2002-12-09,9.940017326307164,10.059775869050558,9.790317950372332,9.820257186889648,3637177
2002-12-10,9.826245607506362,10.287318795673462,9.826245607506362,10.27534294128418,3175557
2002-12-11,10.155578231331887,10.65257871997764,10.07773481977709,10.37114429473877,3119637
2002-12-12,10.329235074460223,10.562765441357389,10.179535691447196,10.28731918334961,3609776
2002-12-13,10.179532303829134,10.299291610717772,9.934026163792684,10.299291610717772,2967535
2002-12-16,10.299295278865298,10.616656637062729,10.275343568624413,10.550789833068848,2107345
2002-12-17,10.550782468359458,10.736409290659855,10.251384702661245,10.419047355651855,1809851
2002-12-18,10.29929071213003,10.670544451260154,9.94001362114699,10.089712142944336,2022487
2002-12-19,9.940014157347829,10.27533956679892,9.862169931876418,10.035820960998535,2774890
2002-12-20,10.05977735591581,10.778332710266112,10.05977735591581,10.778332710266112,5106475
2002-12-23,10.724435692991191,11.179520360357833,10.682519821368944,11.101676940917969,4253415
2002-12-24,10.999882823239387,11.071738728960849,10.856171810133333,10.916051864624023,1109453
2002-12-26,10.97593495683184,11.17952609558304,10.922043208289969,10.957971572875977,1710034
2002-12-27,10.868148273131348,11.071738538896277,10.84419577274414,10.89808750152588,1558351
2002-12-30,10.808268875442575,10.934015718004888,10.508870984973877,10.78431797027588,2297333
2002-12-31,10.748388885138054,10.8920998947154,10.652581279307544,10.754376411437988,1627971
2003-01-02,10.910066006329444,11.490899313186029,10.862163388913672,11.46095848083496,3381063
2003-01-03,11.3771242570574,11.640593766859732,11.269340804030149,11.407063484191896,2622508
2003-01-06,11.377125086458992,12.04178843135352,11.377125086458992,11.951969146728516,5549501
2003-01-07,11.928018548697638,12.155561342936071,11.784307520319928,11.844186782836914,3382880
2003-01-08,11.796283114440628,11.796283114440628,11.239402392714185,11.269342422485352,3193871
2003-01-09,11.347186877240368,11.826223371084152,11.347186877240368,11.718439102172852,4507711
2003-01-10,11.616643498163484,11.97592142841727,11.490896661659928,11.916041374206545,4188967
2003-01-13,11.963945846046943,12.107656871299598,11.616644534326747,11.748379707336426,1796710
2003-01-14,11.748380185159345,12.01184974355744,11.682512595975576,11.922030448913574,4009604
2003-01-15,11.92801952132266,11.97592373357936,11.215451848413718,11.30527114868164,3806474
2003-01-16,11.4968853476738,11.67053640472804,11.113655676417286,11.185511589050291,2895258
2003-01-17,11.035815215109444,11.04180354208538,10.670549623017465,10.808272361755373,2108324
2003-01-21,11.017847409835168,11.077725865544814,10.568750210307678,10.59270191192627,2523250
2003-01-22,10.508871807738542,10.634619458482833,10.407076660710038,10.431028366088867,3072944
2003-01-23,10.568753381929842,10.676536071558466,10.257378772435931,10.401090621948242,3431111
2003-01-24,10.407078460023724,10.514861152863356,9.999897003173828,9.999897003173828,3558609
2003-01-27,9.796305442019564,10.011872414832547,9.652594392923262,9.718461990356444,2669761
2003-01-28,9.778341593977167,10.119655419111927,9.70049814602272,10.059775352478027,3152490
2003-01-29,9.820255810802545,10.239413845017134,9.670556455844691,10.203485488891602,2859329
2003-01-30,10.179533754572695,10.179533754572695,9.586725460241007,9.664568901062012,1953286
2003-01-31,9.580738309731649,9.999896394150635,9.4729556234563,9.86816120147705,3115303
2003-02-03,9.868158935015224,10.071750003449797,9.730435447789356,9.874146461486816,1972438
2003-02-04,9.87414519630274,9.87414519630274,9.437023886410689,9.760375022888184,1910227
2003-02-05,9.76037621208577,10.071749940081734,9.640616103365035,9.772351264953612,3479622
2003-02-06,9.77235130558943,9.77235130558943,7.341239929199219,7.341239929199219,22626071
2003-02-07,7.34124129059578,7.395133030403417,6.766397130430338,6.856216430664063,11504701
2003-02-10,6.856215376325029,7.161601588827441,6.826274549735365,7.02387809753418,9180107
2003-02-11,7.173578266505866,7.329265969672019,7.1256748491237065,7.215494155883789,5401872
2003-02-12,7.215492202748294,7.508902550634502,7.185552175820268,7.4430341720581055,6639242
2003-02-13,7.62267619606453,7.676567140030486,7.275373235849697,7.45501184463501,5804496
2003-02-14,7.395130993344568,7.544829519719229,7.25740751880962,7.478961944580078,2904625
2003-02-18,7.556805271487639,7.646624545810127,7.48495017136436,7.604708671569824,2990602
2003-02-19,7.574772261228463,7.58075978929591,7.389145319407321,7.50291633605957,3640112
2003-02-20,7.532854148558601,7.736445232755821,7.437047330900546,7.544830799102783,4268094
2003-02-21,7.754410276960709,8.203507579108564,7.568783349494955,8.053808212280273,6380891
2003-02-24,7.963988720342543,7.963988720342543,7.736445911760072,7.778361797332764,2839897
2003-02-25,7.748423279418014,7.898122671910942,7.562797118465308,7.892135143280029,2732251
2003-02-26,7.892134627427605,8.011893175589607,7.6346517530365565,7.664591789245605,3150812
2003-02-27,7.712491556520145,7.898117598228281,7.712491556520145,7.844225883483887,2404979
2003-02-28,7.886144823132974,8.083747588078813,7.83225308738984,7.904109001159668,2561276
2003-03-03,8.023869955892977,8.173568542636223,7.730459512403805,7.796327114105225,2041220
2003-03-04,7.802312351932227,7.862191603256606,7.640637175851213,7.694528102874756,2240435
2003-03-05,7.646625658200042,7.8023133277893075,7.556806370811128,7.802313327789307,3044005
2003-03-06,7.742434717550981,7.820278167724609,7.5448319290324495,7.820278167724609,2275804
2003-03-07,7.760394830339712,8.017877578735352,7.688539736603749,8.017877578735352,2847866
2003-03-10,7.874171630121706,7.874171630121706,7.658604614339787,7.742436408996582,3129004
2003-03-11,7.694530016683355,7.77237346193492,7.455011355138388,7.520879745483398,2172212
2003-03-12,7.520878163266227,7.520878163266227,7.251420324468524,7.431058883666992,3575105
2003-03-13,7.694529065250958,7.8023133277893075,7.478962935184943,7.802313327789307,2572040
2003-03-14,7.904106614485055,8.11368516872001,7.880154916573067,8.017877578735352,2359265
2003-03-17,8.017879285263877,8.466975712541275,7.790337308333162,8.419073104858398,2530100
2003-03-18,8.419075350323235,8.862183570861816,8.335243569092878,8.862183570861816,4362179
2003-03-19,8.772365363830486,8.862184684528968,8.383148041358004,8.778353691101074,4405937
2003-03-20,8.652604033205343,8.981941969279202,8.472964650950642,8.880146026611328,2893301
2003-03-21,8.981943714526375,8.981943714526375,8.682544952039157,8.862183570861816,2572879
2003-03-24,8.772363974666417,8.826256516555882,8.496918527256254,8.538833618164062,2064007
2003-03-25,8.514881699654406,8.544821733853723,8.371170653169553,8.50290584564209,3437123
2003-03-26,8.454999151256304,8.484938375509957,8.323263211525942,8.407094955444336,2253296
2003-03-27,8.383148033445663,8.538834962287712,8.269377000446593,8.466979026794434,1989074
2003-03-28,8.407096426535228,8.490928185122673,8.2933254384553,8.335241317749023,1142306
2003-03-31,8.011890604517609,8.065782333064824,7.784348637692523,7.874167919158935,2580848
2003-04-01,7.892130624537137,8.125660872512093,7.874166452255721,8.083745002746582,1631186
2003-04-02,8.29931143374086,8.712481027208055,8.2753605335681,8.598710060119629,3421325
2003-04-03,8.59870894150826,8.74241991220646,8.419070427719666,8.622660636901855,2000119
2003-04-04,8.694516854157577,8.694516854157577,8.4370348976755,8.598710060119629,3107894
2003-04-07,8.8502107893675,9.059790315219146,8.50889761441948,8.550812721252441,2400925
2003-04-08,8.550808885378482,8.700508251449891,8.45500205749631,8.574761390686035,1828444
2003-04-09,8.580745842591973,8.694516809090683,8.059793608532376,8.221467971801758,3366943
2003-04-10,8.233446723418822,8.466977062504196,8.215483342465797,8.431050300598145,2292161
2003-04-11,8.622662222733243,8.712481496146594,8.281348504760448,8.377155303955078,2024444
2003-04-14,8.353204408166272,8.460987057333432,8.311287735984997,8.443023681640625,2000119
2003-04-15,8.443027138010633,8.544822303064912,8.347219501192848,8.490930557250977,3022057
2003-04-16,8.652603768346664,8.922061635975128,8.61068788715906,8.742423057556152,2481730
2003-04-17,8.682544032157518,8.957990257727118,8.61667643912268,8.946014404296875,1548285
2003-04-21,8.951998436063517,9.155589461548804,8.862179171242863,9.149601936340332,2319002
2003-04-22,9.071759555375428,9.335229056354512,9.029842882449882,9.29331398010254,3012970
2003-04-23,9.25140128037773,9.820257150479438,9.227449571917855,9.718461990356444,3100205
2003-04-24,9.62265391160185,9.68852150051352,9.443015323056184,9.520858764648438,2477675
2003-04-25,9.520860665453784,9.526848193820983,9.251401930501872,9.35319709777832,3891053
2003-04-28,9.287328129635032,9.586725234985352,9.245411449147763,9.586725234985352,2105947
2003-04-29,9.508884810271768,9.718463489122136,9.311281987498234,9.646608352661133,2460760
2003-04-30,9.59870343430436,9.73642615691984,9.449004059139044,9.592714309692385,2515701
2003-05-01,9.59271544323113,9.730438980457992,9.311281638469174,9.69451141357422,2013679
2003-05-02,9.67055626493742,9.76636468048951,9.60468947612711,9.730436325073242,3247694
2003-05-05,9.77833872994914,9.844206304951925,9.55079598039313,9.580735206604004,3896925
2003-05-06,9.520858813703738,9.706484930377634,9.490917984342586,9.62265396118164,2970890
2003-05-07,9.490914396058756,9.72444543208331,9.45498764975189,9.574746131896973,2718271
2003-05-08,9.437027406589207,9.610679288517138,9.431039878651347,9.592714309692385,3904894
2003-05-09,9.610676674277006,9.802291087896682,9.604688349630996,9.778339385986328,2018432
2003-05-12,9.413072186919544,9.814265947574878,9.413072186919544,9.760375022888184,4654501
2003-05-13,9.7603775144599,9.880136042486876,9.634629862526127,9.724449157714844,1776159
2003-05-14,9.772355054832166,9.808282622379568,9.580739764571687,9.75439167022705,2246306
2003-05-15,9.85019633951653,10.023846596036114,9.76037704861473,10.00588321685791,2588117
2003-05-16,9.880133270650528,9.910072495089445,9.586722963457248,9.886120796203612,2673535
2003-05-19,9.640616592382935,9.724448353405052,9.26936279119485,9.287327766418455,3842683
2003-05-20,9.610675060701151,9.8142652910944,9.544807492338034,9.604686737060549,5414454
2003-05-21,9.562771192917731,9.622651238020367,9.311276759827471,9.490915298461914,2995075
2003-05-22,9.496906701584296,9.730437037196303,9.490918375797682,9.676546096801758,3061480
2003-05-23,9.64061871948138,9.814269806577489,9.538823557449447,9.73642635345459,3380084
2003-05-27,9.550799550842054,10.329234891732217,9.472956096586746,10.269354820251465,3909088
2003-05-28,10.257374934797465,10.598688653433529,10.239411559081947,10.56874942779541,4403141
2003-05-29,10.52084543205926,10.778327407851116,10.425037832499523,10.562761306762695,2741059
2003-05-30,10.562763916574712,10.975932844775029,10.562763916574712,10.856173515319824,3467459
2003-06-02,11.377128386105095,11.454971841912402,11.107670454080678,11.215453147888184,6300926
2003-06-03,11.215449077516524,11.425028457478852,11.149581500481736,11.407063484191896,4041758
2003-06-04,11.377126355516856,11.945982154373675,11.371138029983353,11.922030448913574,2874568
2003-06-05,11.826227969104186,11.856167212753109,11.520841616522056,11.766347885131836,4139758
2003-06-06,11.82622583531084,11.91604514672611,11.496887827896776,11.56275463104248,4395452
2003-06-09,11.377126667682774,11.562752789260273,11.16155971595319,11.251379013061523,2598323
2003-06-10,11.257368087768556,11.359162439152506,11.083716223336651,11.257368087768556,3243500
2003-06-11,11.257365481807312,11.37712398414618,10.928026806196652,11.311256408691406,2603635
2003-06-12,11.311260607767156,11.311260607767156,10.969946753553568,11.281320571899414,1535983
2003-06-13,11.263353040803992,11.46694329371422,11.203472991122071,11.329219818115234,3432649
2003-06-16,11.365146190684118,11.562748084925405,11.335206969386848,11.520833015441896,2694226
2003-06-17,11.658556467088635,11.676519840199669,11.437002078138216,11.520833015441896,2000538
2003-06-18,11.496886721504357,11.84418807877698,11.37712738502989,11.71245288848877,1882547
2003-06-19,11.73640222131939,11.820233175350484,11.377124309032824,11.532811164855955,2489838
2003-06-20,11.676525970351106,11.70646600570349,11.3771280118385,11.413056373596191,3144382
2003-06-23,11.37712398414618,11.431015709367063,11.257365481807312,11.311256408691406,2128874
2003-06-24,11.257366400790442,11.305269007299676,10.98790695435218,11.227425575256348,2842833
2003-06-25,11.089701216061137,11.383111543494246,11.089701216061137,11.329219818115234,3236650
2003-06-26,11.31724558866436,11.646583514071224,11.167546241356908,11.58670425415039,3374772
2003-06-27,11.46694236999902,11.939991211698036,11.40706232514071,11.706460952758787,3501431
2003-06-30,11.676520930329636,11.832207769622466,11.652569231721005,11.706460952758787,2364298
2003-07-01,11.652572564981968,11.922030448913574,11.556764944804597,11.922030448913574,4405797
2003-07-02,11.945982030695058,12.179513152355682,11.832211031768974,12.155561447143556,5441016
2003-07-03,12.083707387232131,12.089695713622458,11.86814041057359,11.96993637084961,2519336
2003-07-07,12.05975047624067,12.74836540222168,12.05975047624067,12.74836540222168,5971138
2003-07-08,12.748366128723712,12.999861372897035,12.496871682887164,12.98189640045166,2929789
2003-07-09,12.969920960042703,13.143571987453315,12.580703828205817,13.035788536071776,3286838
2003-07-10,12.802261656164298,12.802261656164298,12.431007802092935,12.610647201538086,2530939
2003-07-11,12.664536773239018,13.02980306020787,12.586693334623588,12.99387550354004,3112228
2003-07-14,13.143573055491949,13.413031705841838,13.125608879356337,13.26333236694336,4971008
2003-07-15,13.353157201421062,13.55674915335294,13.179506886055748,13.31124210357666,5370836
2003-07-16,13.341177691466385,13.389081901842069,12.826212818702388,13.13758659362793,4631714
2003-07-17,12.993875746733648,13.059742536022306,12.442983340835363,12.634597778320312,5362029
2003-07-18,12.694479764252083,12.826214161146384,12.508852027331097,12.71843147277832,2049188
2003-07-21,12.574717916560372,12.850164922201367,12.227416593439768,12.281309127807615,3716583
2003-07-22,12.454961121623926,12.874118417167123,12.454961121623926,12.862142562866213,3141166
2003-07-23,12.892078989893394,12.981898276744566,12.544777694179732,12.963934898376465,2337456
2003-07-24,12.999859234039963,13.335184574426687,12.880099157469022,12.945966720581056,3297463
2003-07-25,12.963932808237685,13.053752080607545,12.754354239929086,13.011837005615234,2022766
2003-07-28,12.96393478105557,13.263332667295622,12.886091346599894,13.155550003051758,1997742
2003-07-29,13.167527423657589,13.227405890368992,12.969923853155482,13.13758659362793,2809561
2003-07-30,13.137583972653715,13.161536472231475,12.85016275942561,12.904053688049316,2234004
2003-07-31,12.993872831806556,13.239378949395746,12.87411353586782,13.011837005615234,2180321
2003-08-01,13.011837940307188,13.083693044030008,12.766331006745498,12.904053688049316,1921691
2003-08-04,12.886092963933498,13.059743232845232,12.646574305544716,12.91004467010498,1649780
2003-08-05,12.850164463896078,12.993875488740647,12.454958945989285,12.472922325134276,2825498
2003-08-06,12.4310077021585,12.514839474448104,12.167538128541905,12.323225021362305,1968803
2003-08-07,12.263341568697095,12.44298091708048,12.16154644355981,12.377113342285156,1606582
2003-08-08,12.413040329818273,12.58669054776616,12.287293510154386,12.38908863067627,1419949
2003-08-11,12.448970914406758,12.622621163565992,12.389090857452352,12.586692810058594,1383880
2003-08-12,12.604659156200832,12.748369392514716,12.484899029265303,12.724417686462402,1517669
2003-08-13,12.754355882657988,12.951958626657124,12.634596571294557,12.86812686920166,1722616
2003-08-14,12.84417542594308,13.047765700535962,12.66453605610226,13.029802322387695,1742467
2003-08-15,12.969924551537549,13.09567221241566,12.89806942961036,13.041780471801758,672718
2003-08-18,13.041777857602078,13.484886749010467,13.029802006348085,13.44895839691162,2675073
2003-08-19,13.928000554345282,14.59865325120258,13.868122075286491,14.544760704040527,9599507
2003-08-20,14.32320203367125,14.688468314223591,14.275298625622314,14.59864902496338,4400345
2003-08-21,14.62859137915777,15.137567992527886,14.62260385104172,14.904038429260254,2594408
2003-08-22,14.993854523663783,15.14954139802773,14.508829723400376,14.556733131408691,4118508
2003-08-25,14.478887541684069,14.59864764717756,14.359129032864246,14.436971664428713,1856404
2003-08-26,14.293264453539308,14.40104793243425,14.119613381801564,14.37110710144043,3217916
2003-08-27,14.341161972782366,14.802234933177091,14.29325857888976,14.670499801635742,4515121
2003-08-28,14.664520855506677,14.712424277423423,14.46092891734908,14.544760704040527,3259577
2003-08-29,14.460926255772767,14.574698857727713,14.41901196681578,14.562722206115724,2660114
2003-09-02,14.610618112506296,14.814209908589888,14.490859641286391,14.772294044494627,4944586
2003-09-03,14.73037984233818,14.790258286367264,14.550739720230869,14.670499801635742,5211884
2003-09-04,14.670502108606437,15.083671740080442,14.670502108606437,15.059720039367676,4280117
2003-09-05,15.059717000652553,15.341149826409072,14.874089361742136,15.269294738769531,5634359
2003-09-08,15.227386476048649,15.856123197724072,15.227386476048649,15.82618236541748,4749565
2003-09-09,15.74833864833252,15.82618129437868,15.389061458360166,15.496843338012695,3394763
2003-09-10,15.209425258500572,15.317207155126216,14.616615247014208,14.664520263671877,4011841
2003-09-11,14.712420004831928,15.077684688377364,14.64056329615022,14.993854522705078,2906442
2003-09-12,14.993853553940912,15.035767835732033,14.70044240468705,14.951937675476074,2820745
2003-09-15,14.8501383270697,14.969898408474574,14.622596407743131,14.670499801635742,1867309
2003-09-16,14.562714724018331,14.874088345863251,14.520798859923074,14.772294044494627,4092226
2003-09-17,14.790265206052258,14.820206038748092,14.520807291834354,14.730386734008787,3295925
2003-09-18,14.580683446630042,14.808225411333517,14.490864166001108,14.706429481506348,2813056
2003-09-19,14.730384182002352,15.023793753539907,14.700443354493702,14.993854522705078,4707905
2003-09-22,14.70044474895088,14.778288991848948,14.490866919879265,14.628589630126951,2312432
2003-09-23,14.556737002656872,14.784279049546289,14.556737002656872,14.760327339172363,1825928
2003-09-24,14.760324090405188,14.760324090405188,13.814226150512695,13.814226150512695,4798076
2003-09-25,13.874102483870372,14.26332038138298,13.634583900529805,13.664523124694824,3201979
2003-09-26,13.592667655724998,13.736379440455414,13.35913740262732,13.401052474975586,2198355
2003-09-29,13.448959742694026,13.712431689993917,13.293273660813226,13.568719863891602,1967405
2003-09-30,13.484886017710624,13.484886017710624,13.233392356678644,13.2393798828125,2048629
2003-10-01,13.26333541595959,13.484889913658424,13.197467819436312,13.32321548461914,3335348
2003-10-02,13.233394788388372,13.281298199609015,13.077707903584315,13.167527198791504,3370159
2003-10-03,13.832187444542525,14.05374186804922,13.305246050476612,13.77230739593506,5273815
2003-10-06,13.772311394265571,13.910034109039724,13.658540386553277,13.790275573730469,1366685
2003-10-07,13.712433366694317,14.107638940957452,13.59267323085296,14.029794692993164,2712819
2003-10-08,14.17949479363478,14.22141068366736,13.904047744374129,14.017820358276367,2300968
2003-10-09,14.017814979603788,14.34715125205117,14.017814979603788,14.149548530578612,2103710
2003-10-10,14.09566046620974,14.245358221645194,14.059732110767865,14.19146728515625,1250930
2003-10-13,14.251343391840626,14.359126831591963,14.191463348273563,14.299246788024902,1346973
2003-10-14,14.25134416721216,14.460921936089209,14.203440768421608,14.413020133972168,2226175
2003-10-15,14.592665308462315,14.670507967699129,14.395060904484152,14.51482105255127,3097968
2003-10-16,14.490867086465752,14.604638091746704,14.3830836086538,14.562722206115724,2324594
2003-10-17,14.54475600482332,14.54475600482332,14.275298146094162,14.359129905700684,2534434
2003-10-20,14.311227788486477,14.36511872641756,14.161528432371146,14.269311904907228,1295107
2003-10-21,14.233385870319507,14.50284539395215,14.191469979902744,14.383085250854492,2141596
2003-10-22,14.251346709476996,14.27529841314496,13.951949615290529,14.059731483459473,1475030
2003-10-23,14.05973504995822,14.05973504995822,13.562735076932912,13.754348754882812,2337316
2003-10-24,13.75434608942044,13.826202801400704,13.562732448603455,13.814226150512695,1727369
2003-10-27,13.844164987325229,13.862130761481078,13.604646346470885,13.694465637207031,1520884
2003-10-28,13.77231123832608,14.37110710144043,13.760336183267755,14.37110710144043,2841295
2003-10-29,14.36511537455439,14.484873873498632,14.245355278936607,14.42499542236328,2505076
2003-10-30,14.520805138888058,15.155529302498582,14.484876783649662,14.856130599975586,6588494
2003-10-31,14.939960291765177,14.981876168170274,14.754334207691423,14.921996116638184,2703592
2003-11-03,14.96391732985878,15.20942514969755,14.951942273285692,15.14355754852295,3168287
2003-11-04,15.143551674861444,15.299238526645462,15.059719924668451,15.20941925048828,3488010
2003-11-05,15.119604123364963,15.359122816363165,15.05972564762106,15.329183578491213,2092526
2003-11-06,15.329177547209769,15.73037052154541,15.329177547209769,15.73037052154541,3614389
2003-11-07,15.730373519815826,16.287253449987492,15.592650818197628,16.059711456298828,4598581
2003-11-10,15.987850788883517,16.041741706738204,15.4249819305154,15.490849494934082,2868137
2003-11-11,15.389057286610353,15.688454331533803,15.269297191302144,15.550731658935549,2606851
2003-11-12,15.49683759466188,16.167489910287387,15.4070183304571,16.08964729309082,3873718
2003-11-13,16.137560049258283,16.233368500362257,15.80822358798822,15.868102073669434,3241822
2003-11-14,15.868101886867164,16.407019428375083,15.868101886867164,15.933969497680664,4589774
2003-11-17,15.9339619003902,16.167492989808746,15.329178633103028,16.017793655395508,6865718
2003-11-18,17.305207128240053,17.57466661104413,16.574676114061607,16.628568649291992,11798141
2003-11-19,16.54473877422423,16.71240232967107,16.4070160517781,16.586654663085938,3588526
2003-11-20,16.436952869031565,16.754314156078564,16.305217693903778,16.311206817626953,2583504
2003-11-21,16.311206086040404,16.341145316617933,16.023782447131342,16.281265258789062,3320110
2003-11-24,16.311209218193685,16.676473968739856,16.28126838519297,16.586654663085938,3855404
2003-11-25,16.58665240637572,16.760303466126825,16.466893880689042,16.63455581665039,2946704
2003-11-26,16.652518906115763,16.886050011781496,16.646531379391302,16.78425407409668,2086235
2003-11-28,16.706417584265107,16.95791136264861,16.706417584265107,16.933958053588867,1332574
2003-12-01,17.029766499804698,17.029766499804698,16.826176146191923,16.933958053588867,3194710
2003-12-02,16.933946692461543,16.99981585317209,16.598621347364674,16.646526336669922,3279708
2003-12-03,16.646535226137406,16.981860750302488,16.646535226137406,16.945932388305664,5003023
2003-12-04,16.915990379333785,17.005809672934404,16.64054497140493,16.760303497314453,4743134
2003-12-05,16.55671410411483,16.933953880385932,16.035760895599513,16.119592666625977,3072944
2003-12-08,16.125574742492724,16.490840937047636,16.017791301421987,16.442935943603516,2987666
2003-12-09,16.592636550301314,16.70041999977954,16.053720899583748,16.083660125732422,3697990
2003-12-10,16.02378341907541,16.227373712034048,15.742348886550117,15.88606071472168,4613120
2003-12-11,15.9459297662657,16.41299009116069,15.9459297662657,16.341135025024414,2696602
2003-12-12,16.377068618810245,16.418984490779835,16.215394253122867,16.317190170288086,2314808
2003-12-15,16.43096495592484,16.610603536574015,16.167494611859688,16.233362197875977,3442575
2003-12-16,16.13754979334867,16.53275521171689,16.065694698192658,16.442935943603516,2578611
2003-12-17,16.472876988610775,16.478864514120357,16.023779045249388,16.2752742767334,2362480
2003-12-18,16.16749037410644,16.826166061620068,16.16749037410644,16.65850257873535,3739370
2003-12-19,16.89802620127888,16.915990379333785,16.670484203713833,16.760303497314453,5827144
2003-12-22,16.76629189260156,17.065690617889118,16.670485066913056,16.98784637451172,2859469
2003-12-23,16.886050878288717,17.00580940229232,16.832158344981686,16.92796516418457,2761330
2003-12-24,16.850120528487768,16.915988108062592,16.74233707130408,16.808204650878906,742058
2003-12-26,16.754315503124307,16.84413480278073,16.718388741266143,16.736352920532227,661114
2003-12-29,16.75432051253782,17.1315635998964,16.70641868129599,17.119586944580078,2033671
2003-12-30,17.095630299615195,17.269281373230363,17.06569106497169,17.185449600219727,1762039
2003-12-31,17.155510822360828,17.616583989521896,17.095630754805423,17.508800506591797,3234273
2004-01-02,17.514779044486602,17.538730739880197,17.23334462777029,17.24532127380371,2839478
2004-01-05,17.664482540991557,17.700409294293134,17.490831510567443,17.694421768188477,5234531
2004-01-06,17.694424689937474,18.263281277325405,17.646521279843018,18.251304626464844,4921100
2004-01-07,18.26327644574357,18.48483085632324,18.143517952189747,18.48483085632324,4231606
2004-01-08,18.49681275385064,19.353089818307563,18.46088439725043,19.329139709472656,7320487
2004-01-09,19.22135310972904,19.42494498535986,19.1015945917172,19.19141387939453,4026659
2004-01-12,19.19141771758737,19.41297221772448,18.92195980066508,19.400997161865234,3736854
2004-01-13,19.43092912277968,19.520748394789944,19.18542300617338,19.3051815032959,5497635
2004-01-14,19.311175511614326,19.377041504191453,19.155488627627665,19.24530792236328,4808421
2004-01-15,19.31117531268112,19.73033254935404,19.16746348458022,19.70638084411621,6278977
2004-01-16,19.712371281428783,20.580625115335263,19.61057532163425,20.508769989013672,5920390
2004-01-20,20.508765304042903,20.526729480688143,20.09559562789743,20.36505508422852,5185601
2004-01-21,20.418947777877445,20.927924311113102,20.233320065438043,20.820140838623047,6111217
2004-01-22,20.8201417803988,20.99379284967247,20.34709358215332,20.34709358215332,5006797
2004-01-23,20.35307868880193,20.45487462661564,19.90398225042277,20.023740768432617,3013249
2004-01-26,19.820152838984196,22.664434344788955,19.76626030198593,20.305177688598636,4920261
2004-01-27,22.365040090285365,23.233295609881537,21.55666624377427,21.616544723510746,30615082
2004-01-28,21.754260117845455,22.01174292247677,21.52671813964844,21.52671813964844,7704378
2004-01-29,21.59259025162932,21.85007311026913,20.98780682622836,21.34708404541016,5479601
2004-01-30,21.33510463571313,22.191383281218087,21.16744270021093,22.07162475585937,7774418
2004-02-02,22.125518294178093,22.305156901671424,21.68240930324812,21.80815696716309,4275224
2004-02-03,21.586595293947063,22.005752437615737,21.55665606821128,21.844078063964844,5228240
2004-02-04,21.73629454506797,21.73629454506797,21.101570507486244,21.13749885559082,3855544
2004-02-05,21.125514547424046,21.394972270484967,21.0536594739424,21.0955753326416,3129563
2004-02-06,21.07164321249004,22.065643310546875,21.047691499083516,22.065643310546875,4833026
2004-02-09,22.089585995518316,22.42491141859228,22.047670118049854,22.21533203125,4809400
2004-02-10,22.09557770650719,22.442879844636483,22.03569764211532,22.377012252807617,2709604
2004-02-11,22.3350994043947,22.52072555357367,22.09558071093286,22.39497947692871,3919153
2004-02-12,22.245281945385543,22.412945523765583,22.00576323198878,22.10755920410156,2975643
2004-02-13,22.14347383713652,22.305148201484148,21.975810350647524,22.203353881835938,2794602
2004-02-17,22.20336537784347,22.526714273955758,22.07163016930164,22.448871612548828,4165760
2004-02-18,21.556658198554302,21.96982626056844,21.143488539866464,21.544681549072266,12329102
2004-02-19,21.796177949256396,21.975816537252832,21.55666089637708,21.610551834106445,5293527
2004-02-20,21.61055194692696,21.61055194692696,20.927924350972404,20.9878044128418,4866298
2004-02-23,20.909954695468898,20.915943817758755,19.981821164646615,20.1914005279541,5168126
2004-02-24,20.05967946330255,20.41895679921988,19.880040795343884,20.20937728881836,6072213
2004-02-25,19.93990277983616,20.502771630371072,19.93990277983616,20.329120635986328,3626831
2004-02-26,20.329126867997704,20.616548906238062,20.197391700609465,20.47882461547852,2824799
2004-02-27,20.47882497492273,20.616549268099615,20.221343758998252,20.47283744812012,4298011
2004-03-01,20.44290013926376,20.652479563795985,20.31116495717892,20.556671142578125,3855964
2004-03-02,20.556668391239697,20.802174543779948,20.442897403152628,20.496789932250977,2838779
2004-03-03,20.496787541976712,20.52672676797965,20.20936394698484,20.341100692749023,2549672
2004-03-04,20.365048978505,20.40097572435037,20.2153496802416,20.329120635986328,2212615
2004-03-05,20.209367265852144,20.95786240890866,20.17942803493246,20.844091415405277,3723713
2004-03-08,20.83810431592889,20.880020198080405,20.13152503967285,20.13152503967285,3055469
2004-03-09,20.57463658677928,20.57463658677928,19.610574367984903,19.658477783203125,5951566
2004-03-10,19.760276644691714,19.868060143124183,18.89801025390625,18.89801025390625,7794549
2004-03-11,18.802199298163863,19.15549058263445,18.08364486694336,18.08364486694336,8635027
2004-03-12,18.08364295595056,19.10758355090427,18.08364295595056,18.95189666748047,6545296
2004-03-15,18.927940992700645,19.0536886171749,17.568673613879632,18.12555503845215,4585160
2004-03-16,18.113582552718675,18.25130526069455,17.79622125230923,18.077655792236328,4920820
2004-03-17,18.143523707167564,19.13153598322808,18.13753617975905,18.939922332763672,5753329
2004-03-18,18.68243732101326,18.73632825476942,18.2453159375568,18.32316017150879,4859308
2004-03-19,18.502802178580392,18.65250155086816,18.22136761414725,18.2932243347168,4410690
2004-03-22,18.17346338975429,18.33513781049535,17.856102075828566,18.0596923828125,4468987
2004-03-23,18.08364029053588,18.143520343541837,17.251313461445708,17.305204391479492,6607927
2004-03-24,17.3291576562581,17.82017158051343,17.245327490497562,17.526762008666992,5443393
2004-03-25,17.784243966200314,18.53872826283251,17.664485441077524,18.383041381835938,4737403
2004-03-26,18.26926997471137,18.664475528317556,18.197414854966794,18.43693351745605,3302775
2004-03-29,18.56267749637606,18.9159670942928,18.56267749637606,18.72435188293457,3513593
2004-03-30,18.742316511873277,18.90997842877815,18.56267794542405,18.838123321533203,3018701
2004-03-31,18.862078089757027,19.13752510731057,18.80219802564991,18.939922332763672,3512615
2004-04-01,18.93992197282734,19.16147644947184,18.86806685526873,18.94590950012207,3145220
2004-04-02,19.19141587099261,19.400995295104774,18.993813098261413,19.353090286254883,4838478
2004-04-05,19.29919628940347,19.514763206719657,19.13752189975318,19.424943923950195,3123551
2004-04-06,19.221352553350204,19.580631290333677,19.077642335895813,19.5327262878418,2963061
2004-04-07,19.281228859572835,19.448892344006552,18.862071745161977,19.077638626098636,3353383
2004-04-08,19.13153414338605,19.56865553565033,18.90399215700485,19.05967903137207,2306420
2004-04-12,19.059677905564403,19.32314823072697,19.01177450038461,19.083629608154297,1325584
2004-04-13,19.10160054561952,19.10758807421796,18.359092712487627,18.56867218017578,3510098
2004-04-14,18.418960571289062,18.62853989996428,18.23333453446807,18.418960571289062,3193591
2004-04-15,18.50280090181696,18.514775956636164,17.604606326743305,17.90400505065918,4098237
2004-04-16,18.442924026683052,18.50280410115495,17.700416212589193,18.041730880737305,4137940
2004-04-19,17.993822164908778,18.251303375689577,17.850110347800193,18.20340156555176,2512905
2004-04-20,18.29322243401575,18.311185015617703,17.209400177001953,17.209400177001953,4013239
2004-04-21,17.395021796893072,17.634540386415193,17.365082571955373,17.389034271240234,5752351
2004-04-22,17.365083074644527,17.784240219273734,17.089637726558202,17.586637496948242,3742726
2004-04-23,17.52676322451399,17.814185289460642,17.40101557213922,17.664485931396484,3408883
2004-04-26,17.664487758337113,17.850113895796685,17.281258830997626,17.418981552124023,3066513
2004-04-27,17.424965206317616,17.712387237095026,17.18544658122415,17.251314163208008,2374503
2004-04-28,17.125571004941452,17.18545107604477,16.844136427097443,16.945932388305664,3082450
2004-04-29,16.85610407860297,16.99382673158812,16.353115262621017,16.646526336669922,3176815
2004-04-30,16.676469935568353,16.814192624706518,16.113600932703385,16.173480987548828,3051554
2004-05-03,16.19743540246224,16.580665901637722,16.04773603861788,16.323183059692383,4148565
2004-05-04,16.436953529709587,16.46689435950729,15.568699802381191,16.005821228027344,7329015
2004-05-05,15.99983525210616,16.305219930266098,15.921991003092971,16.053726196289062,5333370
2004-05-06,15.927979043508106,15.993846642225698,15.688460357564672,15.772292137145996,2469986
2004-05-07,15.688461125779249,16.03576331723723,15.634570177223326,15.754328727722168,4021487
2004-05-10,15.478878654520727,15.59264964278875,14.99984140180656,15.215408325195312,6914228
2004-05-11,15.389054770986268,15.718392584237217,15.269294695255043,15.688451766967772,5423122
2004-05-12,15.69443818760528,15.808209122300063,15.137556964966748,15.66449737548828,5729004
2004-05-13,15.41899598990077,15.694442922442178,15.22139327634068,15.580670356750488,4103829
2004-05-14,15.580668967620383,15.766296613509285,15.209416869189267,15.323187828063965,3197925
2004-05-17,15.239363364689138,15.323195141769416,14.963916325235957,15.281277656555176,4593548
2004-05-18,15.688454857768711,15.85013083219051,14.670501996871607,15.20941925048828,12886065
2004-05-19,15.389060904042672,15.628577957614135,15.065710486710326,15.09564971923828,7976429
2004-05-20,15.02978034666802,15.02978034666802,14.550743103027344,14.550743103027344,5571030
2004-05-21,14.616611605476365,14.742359249110194,14.44894967730508,14.59864902496338,3700786
2004-05-24,14.682482520841548,14.820205234410636,14.520806503746172,14.580686569213867,4494570
2004-05-25,14.61062477395144,14.826191717104214,14.251347599812751,14.8082275390625,6729972
2004-05-26,14.880080070164338,15.065707748790135,14.820201615990255,14.945947647094728,5301076
2004-05-27,15.01780557820125,15.323191786889687,14.969902172264584,15.215408325195312,5504066
2004-05-28,15.21540708324658,15.454925690053097,15.077682806578135,15.389058113098145,4778224
2004-06-01,15.23936338447523,15.496844647260822,15.209424148339444,15.448941230773926,6360760
2004-06-02,15.45492537842948,15.490852130888198,15.089659151162982,15.20941925048828,4273267
2004-06-03,15.149546813149964,15.251341192385024,14.999847412109377,14.999847412109377,4591591
2004-06-04,15.149539979444423,15.299239312958134,15.053733172399014,15.101634979248049,3632284
2004-06-07,15.239361254891747,15.916001309067704,15.221397077050993,15.874085426330566,5046640
2004-06-08,15.892048426718755,15.933964310561606,15.70642230970664,15.904025077819824,3578321
2004-06-09,15.904018625945351,16.011802055434142,15.664500071156183,15.688451766967772,4552168
2004-06-10,15.65851655685146,15.79025171589202,15.58067232802127,15.748335838317873,2310614
2004-06-14,15.718397782186312,15.718397782186312,15.418999090522766,15.454927444458008,3486332
2004-06-15,15.538761683177894,15.718401903278856,15.466906553142042,15.59265422821045,3746780
2004-06-16,15.634567436186222,15.634567436186222,15.448939719614302,15.610615730285645,2124541
2004-06-17,15.490847220345188,15.508811389216763,15.197437784353042,15.311208724975586,3128724
2004-06-18,15.311210573688417,15.658512558229376,15.197439619328891,15.502825736999512,3634520
2004-06-21,15.502835086901564,15.59265439960221,15.281278972675825,15.31720733642578,2256791
2004-06-22,15.287270021491052,15.766307480625786,15.2273899399306,15.646547317504885,3872320
2004-06-23,15.688459168963954,16.22737497400133,15.688459168963954,16.191448211669922,3722175
2004-06-24,16.454919038703007,16.85611213969965,16.395038970939993,16.430967330932617,5794011
2004-06-25,16.430963795153318,17.694422894022473,16.359108687304644,17.67047119140625,10515337
2004-06-28,17.670473331580098,17.670473331580098,17.31119615214886,17.335147857666016,4594387
2004-06-29,17.269280809216237,17.772269834178434,17.25730575441955,17.73634147644043,4112217
2004-06-30,17.724370517094815,17.760298886371103,17.454912537546132,17.532756805419922,4187010
2004-07-01,17.43694648512667,17.454909069521435,16.85611314616005,17.14952278137207,4608787
2004-07-02,17.077664516694487,17.107605345200792,16.814194167212676,16.92796516418457,2314249
2004-07-06,16.814198625220804,17.359103646426032,16.41899299621582,16.41899299621582,3629488
2004-07-07,16.35910987854004,16.640544400616292,16.341145701101325,16.35910987854004,3283063
2004-07-08,16.341140913529525,16.454911875077354,16.083658171250026,16.08964729309082,2949081
2004-07-09,16.167502189898627,16.430972657457776,16.041754485834147,16.07169532775879,2661373
2004-07-12,15.868094348048524,15.87408347104032,15.50881722218288,15.748335838317873,4414465
2004-07-13,15.748331473871596,15.957909206986905,15.646535571306693,15.73635482788086,2807324
2004-07-14,15.538760535855385,15.90402688074765,15.35912192569247,15.448941230773926,3624175
2004-07-15,15.62857580828064,15.65851663336487,15.311214558438396,15.472888946533203,3409582
2004-07-16,15.538756907629647,15.62857619173873,15.119599716229356,15.15552806854248,2537230
2004-07-19,15.095649125140731,15.35313194343907,14.975890603068162,15.089661598205566,2576374
2004-07-20,15.023795836568906,15.622591713004478,14.862121412966774,15.442953109741213,4263760
2004-07-21,15.508813984776449,15.838151813629825,14.640558982947848,14.670499801635742,5453878
2004-07-22,14.59865014113295,14.921998968522487,14.430986603468789,14.880083084106444,4709862
2004-07-23,14.760326162586075,14.760326162586075,14.10763931274414,14.10763931274414,5388731
2004-07-26,14.131585592488914,14.239367440837922,13.742367685278358,13.886077880859377,4041618
2004-07-27,13.802249052948977,14.035778542290348,13.664524773158746,13.92200756072998,4616615
2004-07-28,13.83219180372387,13.92799863435025,13.550757242916298,13.658540725708008,5490365
2004-07-29,13.802248415699346,14.18547721957855,13.802248415699346,14.101645469665527,5296183
2004-07-30,14.077694244045343,14.383080430929754,13.91601986138392,14.257332801818848,4327369
2004-08-02,14.263321620088965,14.46691187477364,14.071706417440886,14.389067649841309,2675213
2004-08-03,14.371107893141732,14.40104872578499,13.784288649431966,13.88009548187256,3317454
2004-08-04,13.856140638744936,13.892068991118244,13.442970973146812,13.742369651794434,3509260
2004-08-05,13.700457140505744,13.874108225204164,13.49087769460278,13.502854347229004,1995925
2004-08-06,13.275309854621412,13.401056708060166,13.035791202194586,13.083695411682127,2657458
2004-08-09,13.095670925874412,13.2753095113814,12.963935750279434,13.173514366149902,2351995
2004-08-10,13.233389867434,13.77230543827656,13.209437372393664,13.68847370147705,4130950
2004-08-11,13.682488446024209,13.682488446024209,12.808246581307197,13.035788536071776,7051512
2004-08-12,13.041781284306715,13.041781284306715,11.682514225633147,11.784309387207031,10592786
2004-08-13,12.802262325736075,12.945973373806224,11.975924398085498,12.287298202514648,11596550
2004-08-16,12.185501371497802,12.48489930032594,12.179513844023218,12.407055854797363,3200162
2004-08-17,12.526811735547383,12.748365345364428,12.484895065757412,12.688486099243164,4587677
2004-08-18,12.718427304601514,13.04177686040933,12.670523104911496,13.035788536071776,3756566
2004-08-19,13.0357912219397,13.161538873905885,12.933996073922048,13.05974292755127,3080353
2004-08-20,13.04178129385834,13.371119285959518,12.939986132209905,13.293275833129885,2047930
2004-08-23,13.37710335357061,13.472911760735975,13.143573055491949,13.26333236694336,2579729
2004-08-24,13.293269074522003,13.317220771163203,12.850160291649829,12.939979553222656,2774611
2004-08-25,12.922019900083,13.191477762376808,12.748368053599306,13.149561882019045,3653533
2004-08-26,13.143574586406498,13.233394679209614,12.826212493845636,12.92202091217041,3939424
2004-08-27,12.975912864324403,13.071720491800148,12.91004527012302,12.957948684692385,1972298
2004-08-30,12.874118395122988,12.898070103683803,12.610648004279875,12.652563095092772,3014507
2004-08-31,12.556755562556312,12.574718943809431,11.987899721691807,12.275321006774902,8376956
2004-09-01,12.233401787916508,12.544775473436031,12.113641695533,12.38908863067627,4618992
2004-09-02,12.39508025535092,12.75435825630456,12.19747747457697,12.69447898864746,2676471
2004-09-03,12.664539008500247,12.67052733483694,12.125623168354638,12.19747829437256,2775869
2004-09-07,12.365140907507106,12.532803653749308,12.299273314518706,12.323225021362305,3565040
2004-09-08,12.17352135550359,12.275316472795886,12.05975038902024,12.083702087402344,2903227
2004-09-09,12.17951044702425,12.748366113636528,12.167534597078278,12.670522689819336,3947812
2004-09-10,12.598667081387363,13.598655700683594,12.580702908025446,13.598655700683594,7680892
2004-09-13,13.664525405904923,13.8920689762359,13.592670297909017,13.700453758239746,4590333
2004-09-14,13.664527850752656,13.748359623417205,13.395069950051482,13.712432861328123,2627261
2004-09-15,13.682486922428977,13.688474447762994,13.29326983393284,13.401052474975586,2235542
2004-09-16,13.389080654618432,13.718418577548391,13.389080654618432,13.436984062194824,2210378
2004-09-17,13.466926667577678,13.760336275229577,13.466926667577678,13.712432861328123,4573417
2004-09-20,13.670516122283466,14.131589246504552,13.472913354760143,13.916022300720217,4229789
2004-09-21,13.91602100151783,14.035779517620718,13.736382429026612,13.963924407958984,3552877
2004-09-22,13.81422470012316,13.856140578819495,13.50285096981356,13.574706077575684,2481170
2004-09-23,13.51482274658205,13.760330432767052,13.401051787703311,13.544763565063477,3216379
2004-09-24,13.532790707943525,13.56871906151297,13.053754243165484,13.065730094909668,2753780
2004-09-27,12.99387657174542,13.047767512008988,12.754357910928926,12.784297943115234,4113475
2004-09-28,12.8142329724172,12.844172994779727,12.550763489971844,12.74836540222168,2758394
2004-09-29,12.694473465145368,13.221413186261744,12.694473465145368,12.939979553222656,3012410
2004-09-30,12.874117857412742,13.149564091031763,12.736394341434716,12.916033744812012,3475009
2004-10-01,12.993873489116629,13.79027192930868,12.993873489116629,13.76632022857666,4416142
2004-10-04,14.01182560225899,14.239367545267784,13.898054630754592,14.095657348632812,5186580
2004-10-05,14.071708031789086,14.143563142272946,13.760334289685243,13.898056983947754,4635488
2004-10-06,13.802248766637724,13.814223818830587,13.592669386526367,13.784284591674805,3797108
2004-10-07,13.68248607867212,13.790269511404905,13.574702645939338,13.610630989074709,3538478
2004-10-08,13.580699269257403,13.694470303175574,13.26333788008175,13.31124210357666,3189956
2004-10-11,13.526803456902918,13.592671042006694,13.23339388568567,13.26932144165039,4421035
2004-10-12,13.1795038436041,13.185491371198012,12.951961029958184,13.125611305236816,5718239
2004-10-13,13.413033669744856,13.59865979141975,13.35315360608323,13.430997848510742,4301646
2004-10-14,13.4309914149804,13.466919755302264,13.14955700692098,13.25734043121338,3488290
2004-10-15,13.389078845838553,13.838175227039414,13.341174646396809,13.646561622619627,3933972
2004-10-18,13.65255438764048,13.79027711783552,13.413035693528904,13.754348754882812,3285020
2004-10-19,13.87410713084503,14.059733256853765,13.604647636413574,13.604647636413574,4647371
2004-10-20,13.48488817966582,14.227395826209694,13.478900652572015,14.209431648254396,5017142
2004-10-21,14.221406324114309,14.784273709610714,14.131587043485371,14.706429481506348,5310443
2004-10-22,14.70642879577449,14.71840544441428,14.263321536226996,14.311224937438965,3932714
2004-10-25,14.173504853144593,14.45493941430578,14.161529797638282,14.341168403625488,2500043
2004-10-26,14.317212850944395,14.56870651245117,14.143561819345626,14.568706512451172,3351146
2004-10-27,14.508827511699383,15.03576651613902,14.454934988399945,14.957923889160156,3719798
2004-10-28,14.957927864864844,15.15553064280363,14.766312614437352,14.850144386291504,2952576
2004-10-29,14.85014576564646,15.131580341580436,14.796253223016985,15.00583267211914,3299979
2004-11-01,14.939963128627967,15.089662487546915,14.730385303480592,14.79625129699707,2830111
2004-11-02,14.652538279754232,15.203430602498008,14.598647351046898,14.921996116638184,3595936
2004-11-03,15.484870408204223,15.484870408204223,14.706434260875255,14.87409782409668,5250049
2004-11-04,14.874092544081655,14.993852645777064,14.766309091225237,14.945947647094728,3052813
2004-11-05,14.910023603551918,15.2573241295675,14.868107720008434,15.09564971923828,3431251
2004-11-08,14.916008142288137,15.496839675008207,14.916008142288137,15.4309720993042,3211905
2004-11-09,15.239354001335,15.50881175066946,15.137558106472303,15.305221557617188,2274965
2004-11-10,15.329185455728911,15.38307640983284,14.99385988313658,14.999847412109377,2208700
2004-11-11,15.03577572094188,15.490861499596605,15.0297881913565,15.377090454101562,3480181
2004-11-12,13.927994446357092,13.927994446357092,13.113632639217249,13.520813941955566,27064721
2004-11-15,13.341174646396809,13.969910378414816,13.323211270150852,13.646561622619627,7632661
2004-11-16,13.53877778391066,13.790273057176355,13.508838554715387,13.742369651794434,4765502
2004-11-17,13.79027753680131,14.005844527718343,13.79027753680131,13.993867874145508,4839736
2004-11-18,13.844166194105048,14.04177056695814,13.778298602045348,14.005842208862305,3528971
2004-11-19,14.035779062468793,14.035779062468793,13.724405334024734,13.850152969360352,2884493
2004-11-22,13.778293632737483,13.862126970283583,13.646560092803362,13.820209503173828,2619992
2004-11-23,13.712429984288285,13.790272616377278,13.62260910622609,13.670514106750488,2979557
2004-11-24,13.63458927623797,13.92201137023384,13.610637568127824,13.88009548187256,2250640
2004-11-26,13.808244873656273,13.987883541571918,13.802257343838985,13.868124961853027,866760
2004-11-29,13.856139883722658,13.945959163087938,13.66452467596236,13.80224895477295,1966287
2004-11-30,13.664530752410943,13.820217678987731,13.646568165889065,13.706446647644045,2042618
2004-12-01,13.790274584612686,14.191467644965348,13.790274584612686,14.185480117797852,2731133
2004-12-02,14.185484560036548,14.706436310246724,14.179497030994034,14.395062446594238,4096280
2004-12-03,14.484872413034967,14.850138592164974,14.389065623539468,14.496849060058594,2780482
2004-12-06,14.460924718718234,14.622600716588584,14.353142849036429,14.556733131408691,1868567
2004-12-07,14.532777840265036,14.778283943214529,14.287271737315548,14.299246788024902,2484805
2004-12-08,14.305240007606868,14.311229132018957,14.053746279195154,14.089673042297363,2414346
2004-12-09,14.053743591244586,14.299249744962216,13.700453975487113,14.197455406188965,2912733
2004-12-10,14.52080558928632,14.52080558928632,14.053744940069462,14.185480117797852,2333542
2004-12-13,14.27530002593994,14.407035209333827,14.155539897396054,14.27530002593994,2191645
2004-12-14,14.209430251223656,14.532780632606498,14.209430251223656,14.490864753723145,2709604
2004-12-15,14.490865161678876,14.74834796873294,14.442961754941791,14.478888511657717,3147178
2004-12-16,14.25134806829449,14.442963312581874,14.161528771807207,14.179492950439451,2522831
2004-12-17,14.065722249943688,14.37110853789164,14.05973472181605,14.26332664489746,3656888
2004-12-20,14.311231201446228,14.484880707677371,14.101651733569218,14.113628387451172,2171234
2004-12-21,14.083686431000777,14.335181772451635,14.077698902873134,14.26332664489746,2538349
2004-12-22,14.281287801806975,14.472903052806211,14.167516795382872,14.37110710144043,2248124
2004-12-23,14.32320381443251,14.430987294279932,14.251348693425571,14.353144645690918,1678579
2004-12-27,14.323204573975048,14.430988059538098,14.191469380139552,14.251349449157717,3111529
2004-12-28,14.251347573090824,14.502842871855462,14.251347573090824,14.377095222473145,1716325
2004-12-29,14.28727527597146,14.634575782663171,14.269311098784652,14.59864902496338,2049328
2004-12-30,14.50882716996102,14.646549842915286,14.419007896584455,14.42499542236328,1724153
2004-12-31,14.425000783763345,14.508832562519189,14.38308489438542,14.430988311767578,1650479
2005-01-03,14.430981925868378,14.478885322052657,14.071704857812874,14.299246788024902,3378826
2005-01-04,14.239368803854886,14.365116434530185,13.802249052948977,13.92200756072998,3746920
2005-01-05,13.874106417002489,14.161528479156964,13.844165587676155,13.916022300720217,3898603
2005-01-06,14.011823901835257,14.035775598367728,13.586679292542236,13.610630989074709,3158641
2005-01-07,13.580691527321676,13.742367490905448,13.550752302834136,13.598655700683594,2624326
2005-01-10,13.57470414941494,13.604643374228138,13.33518635922561,13.532788276672363,3946135
2005-01-11,13.29926300048828,13.413034811797685,13.239383730065216,13.29926300048828,3071965
2005-01-12,13.299262018021508,13.413033820926156,13.077708334654648,13.281298637390137,3756845
2005-01-13,13.203455844714885,13.251359259881111,12.975913026001244,12.999865531921388,3330875
2005-01-14,13.023814638949997,13.257345751412217,13.017827112051275,13.20345401763916,2851640
2005-01-18,13.11962327381164,13.472913733406486,12.993876417461392,13.430997848510742,3523519
2005-01-19,13.383092233724575,13.472912319792856,13.185489481380776,13.20944118499756,3640811
2005-01-20,13.209443673500813,13.508841621787424,13.203456145637087,13.32321548461914,5632961
2005-01-21,13.323216398314653,13.329203926589,13.005854247998323,13.053757667541504,5165051
2005-01-24,13.065735977352784,13.089688489961924,12.832204767358766,12.838193893432615,4936757
2005-01-25,12.88010657419182,13.17351701473656,12.844179009534434,13.053757667541504,2952716
2005-01-26,13.119622630830415,13.215429450654442,13.065730895510931,13.173514366149902,2882396
2005-01-27,13.119622630830415,13.311237867152352,12.993875780642911,13.173514366149902,2677310
2005-01-28,13.113630551376348,13.203449812949176,12.880099513282994,12.939979553222656,2934122
2005-01-31,13.137583955168756,13.32321163538104,13.11363305229651,13.2393798828125,2656899
2005-02-01,13.179505438461506,13.50285511943479,13.179505438461506,13.484890937805176,2836542
2005-02-02,13.490873559239605,13.634585363331611,13.383090903675823,13.592669486999512,2423992
2005-02-03,13.48488638330442,13.586682313707993,13.083693381333676,13.233392715454102,2773912
2005-02-04,13.203453399738262,13.46093540608252,13.185489223208965,13.442971229553224,3140467
2005-02-07,13.652550274432322,13.89805642284577,13.592670219776398,13.84416389465332,3863653
2005-02-08,13.85015314894124,14.365117153172086,13.80224974343238,14.221406936645508,4378396
2005-02-09,14.245360965566164,14.245360965566164,13.748361000707382,13.826205253601074,2506894
2005-02-10,13.826203571639905,13.95793875537732,13.766323507211812,13.796262741088867,1859620
2005-02-11,13.760333683409453,14.263322627982513,13.658537750537072,14.203442573547363,2784816
2005-02-14,14.09566314276396,14.389072779007122,14.029795543062498,14.383085250854492,3926842
2005-02-15,14.041765098912876,14.688464116086964,13.957933360450426,14.604632377624512,9975569
2005-02-16,14.478887681841936,14.526791085833576,14.191465661218404,14.329188346862791,3941521
2005-02-17,14.233383167613816,14.466914284638277,14.161528053403933,14.19146728515625,3459351
2005-02-18,14.197460174601977,14.233386942899257,14.053748311389985,14.113628387451172,2814593
2005-02-22,14.023804726294426,14.371105227816823,13.981888845707036,14.059731483459473,2407775
2005-02-23,14.10164991236836,14.1315907448693,13.694467683083094,13.760336875915527,4493312
2005-02-24,13.712428460367358,13.916018702443884,13.652548413871846,13.886077880859377,5444930
2005-02-25,13.927994443895292,14.137573818677849,13.796259293081569,14.101645469665527,4985128
2005-02-28,14.101649202540072,14.413024584166582,14.101649202540072,14.37110710144043,3712808
2005-03-01,14.401046464028468,14.724395271068962,14.401046464028468,14.658529281616213,4375600
2005-03-02,14.550742289309357,14.7184057942095,14.430983783433277,14.574695587158203,2401345
2005-03-03,14.5746986901775,14.760324812974472,14.478890268404957,14.628589630126951,2720508
2005-03-04,14.676490278742024,14.712418629724809,14.371104085409392,14.436971664428713,2358426
2005-03-07,14.472904464792364,14.898049297646384,14.40104933741017,14.82020664215088,3172621
2005-03-08,14.736375988592906,14.96391804103785,14.460928917556242,14.586676597595217,3214841
2005-03-09,14.496853748070189,14.682481458587976,14.341166866457083,14.377095222473145,3013109
2005-03-10,14.359129891908998,14.44894917806578,14.14955049309399,14.317214012145996,2554845
2005-03-11,14.287269187273512,14.40104013207329,13.927990586669887,13.9758939743042,2290483
2005-03-14,13.951946300242597,14.227391625313995,13.92200548026637,14.17349910736084,3095172
2005-03-15,14.18547945163466,14.305237972730175,13.910032458104226,13.927996635437012,2158792
2005-03-16,13.892071846541684,14.05973379984022,13.401057848767955,13.490877151489258,5131918
2005-03-17,13.472913044272646,13.634587451548104,13.454948866425624,13.568719863891602,2967674
2005-03-18,13.48488514192182,13.52680101548382,13.263330722621824,13.383090019226074,9052889
2005-03-21,13.323211215700052,13.67650079324716,13.305246242853926,13.520813941955566,3086225
2005-03-22,13.562729816919486,13.652549092792574,13.383090466836515,13.520813941955566,3907829
2005-03-23,13.532793038982408,13.592673106354631,13.472914568284247,13.490877151489258,3152770
2005-03-24,13.490879649327812,13.64656817265616,13.472917062797023,13.538783073425291,3457114
2005-03-28,13.592669986295604,13.62260921477244,13.442970650564035,13.478899002075195,2359964
2005-03-29,13.478900724376684,13.616623428311174,13.395068957921287,13.460936546325684,4043156
2005-03-30,13.323212061000197,13.37710299127376,13.029801715973932,13.335187911987305,5543070
2005-03-31,13.341179250767482,13.383095140368916,13.143576455506777,13.293275833129885,3786343
2005-04-01,13.41303189766307,13.490874533132327,13.197464974300312,13.215428352355955,4717831
2005-04-04,13.13159754719358,13.13159754719358,12.74237957522544,12.820223808288574,6827133
2005-04-05,12.84417876294224,12.862142944094597,12.622624254302949,12.790287017822266,5839166
2005-04-06,12.78429691052332,13.023814753656886,12.78429691052332,12.96992301940918,2994656
2005-04-07,12.93399596653981,12.957947671952525,12.802260788432925,12.92202091217041,4072374
2005-04-08,12.904054943905956,13.017826733378223,12.796272277832031,12.796272277832031,2677869
2005-04-11,12.778306704537425,12.796270879421686,12.580703974157764,12.658547401428224,4180300
2005-04-12,12.574720037342365,12.850167089438722,12.454961490783626,12.790287017822266,3661362
2005-04-13,12.724415604880408,12.84417491388758,12.425017731530902,12.460946083068848,3277751
2005-04-14,12.460945091419854,12.580703592559727,12.347173317831794,12.377113342285156,2925595
2005-04-15,12.257356633548849,12.293284191484531,12.041789689260824,12.21544075012207,4777805
2005-04-18,12.197473993901774,12.448969241305866,12.197473993901774,12.377113342285156,3426917
2005-04-19,12.38310376898086,12.526815600687533,12.37112871439844,12.43699550628662,3607819
2005-04-20,12.478911095471627,12.574717916560372,12.251368298711954,12.281309127807615,2722046
2005-04-21,12.383103311772578,12.80226054348618,12.383103311772578,12.760345458984377,3089300
2005-04-22,12.706453691337757,12.772321278963354,12.520826780907711,12.634597778320312,2963061
2005-04-25,12.68250260877624,12.874117055663731,12.568730807443902,12.76633358001709,3068470
2005-04-26,12.74238051255559,12.98189915933393,12.694477900871645,12.778308868408203,2782160
2005-04-27,12.742381632797972,12.844177585547138,12.544779649921214,12.712442398071287,2429724
2005-04-28,12.634596865661392,12.682501070324982,12.36513900756836,12.36513900756836,2629358
2005-04-29,12.4549602507228,12.48489948521308,12.239393291705522,12.425020217895508,3612432
2005-05-02,12.425019883032656,12.59268262534024,12.407055704153027,12.556755065917969,2168717
2005-05-03,12.514838264537891,12.760345231792163,12.50884993923743,12.682501792907717,2257351
2005-05-04,12.6944784530655,12.826212836353228,12.646574242623892,12.724417686462402,3982762
2005-05-05,12.682505427770964,12.844179878840022,12.568733601150075,12.622625350952148,3583214
2005-05-06,12.664536538062524,12.910043499909358,12.6525606860623,12.874115943908691,2177525
2005-05-09,12.814236556918935,13.16153867813156,12.760345619263004,13.107646942138672,2781041
2005-05-10,12.975909844733982,13.125608379595793,12.933993967571416,13.089681625366213,2695484
2005-05-11,13.083697183459776,13.31124001391252,13.05375714826774,13.293275833129885,2972987
2005-05-12,13.32321272354576,13.598658108283626,12.975910632638222,13.155550003051758,5483795
2005-05-13,13.173514726025603,13.347165789205883,13.095671283623574,13.167527198791504,4460599
2005-05-16,13.083695737353697,13.11363576923654,12.80226119399633,12.91004467010498,6348598
2005-05-17,13.113635224589656,13.53279166185578,12.70046551611228,13.460936546325684,6143371
2005-05-18,13.436987932155814,13.880096974867142,13.311241051883211,13.724410057067873,3796129
2005-05-19,13.72440685721126,13.844165382721876,13.68249097411407,13.814226150512695,2144672
2005-05-20,13.83219261717863,14.047759595439286,13.664529057048306,14.017820358276367,2361781
2005-05-23,13.963922457380248,14.18547687872764,13.951947405779602,14.149548530578612,3203517
2005-05-24,14.071709196189875,14.3591312585826,14.029793312437404,14.305238723754885,2963201
2005-05-25,14.19745812162618,14.22140982925234,13.981891156316674,14.089673042297363,2130552
2005-05-26,14.095657054155252,14.281283120099152,14.095657054155252,14.227392196655272,1806915
2005-05-27,14.221407199358431,14.347153241973666,14.17350219629088,14.317214012145996,1156286
2005-05-31,14.22140834086004,14.460925392054127,14.19745663574063,14.377095222473145,2871632
2005-06-01,14.377094171509851,14.59864862517421,14.341165818120148,14.478888511657717,1969363
2005-06-02,14.35913152940956,14.56870935545084,14.347154878108428,14.484877586364746,2222680
2005-06-03,14.490865683433302,14.490865683433302,14.341166334484535,14.407033920288086,1688644
2005-06-06,14.640562383165532,14.820202546993622,14.52080387062053,14.682479858398438,4541962
2005-06-07,14.670505804034091,14.7902643377645,14.448951319127335,14.502843856811523,2777546
2005-06-08,14.604635302867646,14.7722988133748,14.544755249590278,14.640562057495115,2163685
2005-06-09,14.598646713090002,14.814213611846403,14.568705890295542,14.790260314941406,3957598
2005-06-10,14.81421157998692,14.886065074152482,14.640558982947848,14.670499801635742,1914841
2005-06-13,14.640557331142976,14.826184957375292,14.610618112506296,14.772294044494627,2105528
2005-06-14,14.76630861470998,14.850140363856756,14.712417688357666,14.790260314941406,1577224
2005-06-15,14.838171595393304,14.92200178336492,14.652543844152577,14.760327339172363,1674664
2005-06-16,14.82020297261046,14.84415467580732,14.694455333321606,14.712419509887695,1531229
2005-06-17,14.880083436037822,14.892060087585929,14.74834984905254,14.83218002319336,2990602
2005-06-20,14.70044168231045,14.96990111586804,14.688466630008216,14.921996116638184,2084558
2005-06-21,14.88008415295226,14.969905052205627,14.778289794921877,14.778289794921877,1939306
2005-06-22,14.838169443477293,14.91002456417823,14.664518370944515,14.748350143432615,1993408
2005-06-23,14.74834678628653,14.99984044982966,14.730382611031954,14.862117767333984,3662620
2005-06-24,14.838166822733683,14.844154349232731,14.44296133366941,14.448948860168455,2575535
2005-06-27,14.341160099193829,14.347147623479833,13.892063844280726,13.9758939743042,3339403
2005-06-28,13.98189322841142,14.08967513036522,13.939977334685254,14.065723419189451,2806345
2005-06-29,14.041769038795373,14.119611677299426,13.88009304163328,13.910032272338867,1800065
2005-06-30,13.82021134492702,13.892068044778698,13.742368715652534,13.784284591674805,2410851
2005-07-01,13.892068955722396,14.101646752902758,13.850153076951578,14.01182746887207,2282794
2005-07-05,13.927995401349044,14.251345774667277,13.850152768702657,14.143562316894531,1992430
2005-07-06,14.11362997937709,14.395063015592475,14.11362997937709,14.15554428100586,2280418
2005-07-07,14.011824814245813,14.30523431337958,13.85015045295552,14.299246788024902,3442016
2005-07-08,14.341164504857808,14.62858651563403,14.311225277557195,14.574695587158203,3375611
2005-07-11,14.969903553445562,15.67049372408752,14.969903553445562,15.37109661102295,9869321
2005-07-12,14.981878121852066,15.5986381027064,14.981878121852066,15.526782989501951,3632423
2005-07-13,15.430974575222177,15.628577334039791,15.371096112555392,15.526782989501951,2889806
2005-07-14,15.598641514481164,15.71840165935667,15.329183583522571,15.413015365600586,2061211
2005-07-15,15.472893241881357,15.472893241881357,15.233376154758604,15.365111351013184,2025562
2005-07-18,15.329180727792608,15.37109661102295,15.13756548969303,15.37109661102295,1994666
2005-07-19,15.3711010614734,15.616607308137786,15.245353375374192,15.538763046264648,2267276
2005-07-20,15.50283259682831,15.65851948694787,15.329181527719186,15.520796775817873,3281386
2005-07-21,15.52079389888837,15.652527461487768,15.413010441603692,15.478878021240234,2903506
2005-07-22,15.436957190265325,15.448933836992136,15.191451100762375,15.323187828063965,2015217
2005-07-25,15.28726768746596,15.448942126653211,15.257326852919814,15.329183578491213,1645586
2005-07-26,15.32918158442005,15.6824712513836,15.32918158442005,15.556723594665527,2810679
2005-07-27,15.598638586464402,15.945940706067494,15.56869935420251,15.808218002319336,3298581
2005-07-28,15.808210612678527,15.856114000574394,15.71839136120549,15.820185661315918,1375492
2005-07-29,15.760315937872146,15.856122766630676,15.64654333287885,15.712410926818848,1333412
2005-08-01,15.706421895382013,16.017795655708856,15.706421895382013,15.874085426330566,1878632
2005-08-02,15.939948677576185,16.035755471097925,15.880068633288372,15.94593620300293,1791677
2005-08-03,15.81420487081486,16.02977180480957,15.640553818245449,16.02977180480957,1961114
2005-08-04,15.987855585235463,15.99384311197706,15.62857683728521,15.682469367980955,2370728
2005-08-05,15.538752887843428,15.664500491735453,15.460910273534068,15.490849494934082,1944059
2005-08-08,15.472890906179977,15.490855084170944,15.143554561932438,15.161517143249512,3385537
2005-08-09,15.209425438524397,15.38906406392569,15.161520421299707,15.31720733642578,1702904
2005-08-10,15.401032644304646,15.472887744913905,15.07768229655262,15.14953899383545,1918056
2005-08-11,15.14954392640587,15.64055633544922,15.11361556606647,15.64055633544922,2182278
2005-08-12,15.65851734715899,15.963903558227535,15.65851734715899,15.814204216003418,5382440
2005-08-15,17.784242446896915,18.47285909671476,17.57466464666774,18.16148376464844,31126190
2005-08-16,17.694424689937474,18.251304626464844,17.682449635750807,18.251304626464844,9891269
2005-08-17,18.263277630545947,18.65249555402436,18.251300982076863,18.62854385375977,7127144
2005-08-18,18.412980694390004,18.592619281195933,18.38304146214698,18.50279998779297,7106873
2005-08-19,18.502797248046036,18.538725598756795,18.329146214066792,18.35309791564941,4095860
2005-08-22,18.209390322902472,18.442919846060388,18.209390322902472,18.383041381835938,5358674
2005-08-23,18.323156245796117,18.418963039357813,18.11357688903809,18.11357688903809,9969418
2005-08-24,17.963880521227516,18.41896605858999,17.963880521227516,18.05370140075684,6360481
2005-08-25,17.993820477530413,18.610580374908853,17.933940426294296,18.442916870117188,7599668
2005-08-26,18.383041541425094,18.69441530612138,18.383041541425094,18.62255859375,6772751
2005-08-29,18.442917744174807,18.874051578829565,18.442917744174807,18.71836471557617,4843231
2005-08-30,18.77225742273044,19.20937882514924,18.74830571816937,19.173450469970703,5935209
2005-08-31,19.17345618981651,19.293216345022703,19.01178173662992,19.257287979125977,3016185
2005-09-01,19.107581398818983,19.41296760408996,19.089618819299066,19.335124969482425,6032650
2005-09-02,19.335127217098897,19.400994806349946,19.19141538751756,19.24530792236328,2614679
2005-09-06,19.101596189140565,19.47285002103508,19.101596189140565,19.448898315429688,3795011
2005-09-07,19.329147009936456,19.52674825584821,19.329147009936456,19.454893112182617,4619691
2005-09-08,19.42494272810177,19.49081030452265,19.131531598889204,19.281230926513672,5094452
2005-09-09,19.26925755584208,19.568654640542267,19.23332920314161,19.5327262878418,3532327
2005-09-12,19.62854234253757,20.02973551839318,19.5506996769276,19.951892852783203,6997829
2005-09-13,19.73032923738696,19.892003619771867,19.706377536169704,19.814159393310547,7495377
2005-09-14,19.670452446766863,19.71236833001385,19.50278891377893,19.53871726989746,3368761
2005-09-15,19.70039214794199,19.856079033704383,19.61656037945287,19.77823638916016,4178342
2005-09-16,19.92194719219093,20.359068628922916,19.80218865998477,20.305177688598636,11215735
2005-09-19,20.209376474964948,20.251292375357256,20.005786099255573,20.149497985839844,3950049
2005-09-20,20.2512798879586,20.62852116219927,20.2512798879586,20.37702751159668,5504765
2005-09-21,20.251286674514866,20.34709510415866,19.96985370349788,20.143503189086918,4228391
2005-09-22,20.05967567747241,20.20937347473599,19.83213202388404,20.167457580566406,5213561
2005-09-23,20.05966993732649,20.31116363370387,19.95787399537615,20.17344093322754,4984289
2005-09-26,20.23931083822385,20.347094319495252,20.035720527677448,20.11955070495605,3827025
2005-09-27,20.119543342402554,20.20936261114788,20.00577237510337,20.03571319580078,3930197
2005-09-28,20.08961409002864,20.191410056914915,19.784227786044056,19.897998809814453,3909227
2005-09-29,19.82014872598497,19.95188388241159,19.45488248437531,19.56266593933105,8579666
2005-09-30,19.57464415085561,19.75428272456276,19.53871579744467,19.610570907592773,6801130
2005-10-03,19.658479285295403,19.939913867049253,19.658479285295403,19.75428771972656,6663847
2005-10-04,19.78422614839224,19.850093745825426,19.359081327386832,19.43692398071289,4797517
2005-10-05,19.23332870992606,19.24530535941034,18.64052048561262,18.71836471557617,5472331
2005-10-06,18.790215511647855,18.802190561711136,18.430936866302627,18.604589462280277,5275493
2005-10-07,18.814173577952992,19.08962057941399,18.69441505340944,19.047704696655277,4799614
2005-10-10,19.041710847356292,19.13153011764205,18.748301337534382,18.772253036499023,3127326
2005-10-11,18.79022404556908,18.939923416062168,18.53274119218793,18.580644607543945,4963459
2005-10-12,18.496815844053295,18.62256191981415,17.99981427919636,18.22136878967285,5462545
2005-10-13,18.11358117347791,18.31717305296267,18.02974941094581,18.31118392944336,3057286
2005-10-14,19.820155013084,19.820155013084,18.251307690713336,18.520767211914062,3457114
2005-10-17,18.46088182787266,18.526749408023,18.23333985887103,18.466869354248047,3112367
2005-10-18,18.412977967942798,18.466868897335274,18.21537523238093,18.35309791564941,3007657
2005-10-19,18.35309849384141,18.796207382089975,18.20340075340241,18.670459747314453,5289613
2005-10-20,18.682438928251504,18.921957580751386,18.377052686231,18.454896926879883,3658426
2005-10-21,18.502800425170072,18.790222490188544,18.395016951203903,18.6165714263916,3116422
2005-10-24,18.61655775964024,18.83811207218091,18.53871517244439,18.664461135864254,2351995
2005-10-25,18.622556342640078,18.796207382089975,18.532737059707188,18.670459747314453,3410281
2005-10-26,18.62255780182124,18.82614808597664,18.5447151622944,18.556690216064453,2405119
2005-10-27,18.44291754057981,18.52674929602321,18.27525402969301,18.305194854736328,1791817
2005-10-28,18.34711801233574,18.59262425306649,17.94592484829589,18.562685012817383,3328219
2005-10-31,18.562683651252907,19.24531137159145,18.532742816525623,19.16746711730957,4258588
2005-11-01,19.167462140308373,19.45488417967849,19.10159455635535,19.23931884765625,2686537
2005-11-02,19.221356667211747,19.68242984107175,19.197404959176403,19.56865882873535,2457684
2005-11-03,19.634516450591825,19.772239100999936,19.520745496051504,19.580625534057617,2087214
2005-11-04,19.55668450154444,19.76027482576567,19.550696973481088,19.64051628112793,2857652
2005-11-07,19.52075318134069,19.73033259853653,19.454885592603983,19.70039176940918,2348500
2005-11-08,19.59260452150044,19.820148072987504,19.59260452150044,19.7423038482666,6345662
2005-11-09,19.70039214794199,19.86805568492023,19.64650120915552,19.77823638916016,4411808
2005-11-10,19.778228402270965,19.86206013690696,19.688409142781907,19.784215927124023,3984999
2005-11-11,19.62254866278515,19.7782371512202,19.58063437359956,19.71835708618164,3149414
2005-11-14,19.64051330450229,19.93392289190256,19.62853665351657,19.70039176940918,4946264
2005-11-15,20.838103002994306,20.92792228861011,20.61056102565744,20.65846443176269,21852138
2005-11-16,20.508769989013672,20.718347839953523,20.460866571465942,20.508769989013672,5939543
2005-11-17,20.47882659697703,20.83211784976919,20.45487648786956,20.81415367126465,8188645
2005-11-18,20.83212511273097,20.927931969258943,20.70637741603214,20.903980255126957,6885150
2005-11-21,20.71834869621735,21.011759935003266,20.71236116794496,20.94589233398437,5693355
2005-11-22,20.86804890568571,21.436905627606816,20.86804890568571,21.299182891845703,5379364
2005-11-23,21.227325504574257,21.43091582233233,21.227325504574257,21.34708404541016,3512195
2005-11-25,21.347081010082245,21.418936124366752,21.323129305320744,21.37103271484375,1500613
2005-11-28,21.317144809369704,21.34708404541016,21.209361324280348,21.34708404541016,4608507
2005-11-29,21.31714360915509,21.44289126745841,21.2153476576704,21.25127601623535,4499743
2005-11-30,21.19738052708937,21.42492250852284,21.19738052708937,21.35306739807129,3478504
2005-12-01,21.353066334075613,21.61653665594337,21.317139578976917,21.544681549072266,5534822
2005-12-02,21.43690214324825,21.460853850066883,21.06564829254844,21.25127601623535,8079042
2005-12-05,21.257267360044157,21.436905991771045,20.880025914082825,20.957868576049805,7176633
2005-12-06,20.957864704208426,21.053673127657213,20.86205787743364,20.921937942504883,9519681
2005-12-07,20.957867740546497,20.957867740546497,20.592602963043223,20.646493911743164,8032628
2005-12-08,20.688405222211227,20.784212041649727,20.44888657694109,20.70636940002441,7928058
2005-12-09,20.77822436423064,21.17342988656517,20.74828513254125,21.119537353515625,12569837
2005-12-12,21.09559031131772,21.466844182920152,21.09559031131772,21.34708404541016,12084452
2005-12-13,21.33510215818941,21.556658198554302,21.32312710538108,21.544681549072266,17491496
2005-12-14,21.526722229487437,21.55666306161015,21.197384252856036,21.27522850036621,20195927
2005-12-15,21.257259667595356,21.31115059894197,21.065644451312554,21.083608627319336,3683311
2005-12-16,21.185402255281225,21.221329006712256,21.119533084864987,21.13749885559082,4575235
2005-12-19,21.08959876167846,21.2572622962432,20.945888529200616,20.9878044128418,4719788
2005-12-20,20.95786204755952,20.9878028746368,20.658464953503323,20.850078582763672,4113056
2005-12-21,20.951867646351108,21.17940955477649,20.86803591271861,20.8740234375,5887537
2005-12-22,20.8680473647318,21.02972179926618,20.83810812772148,20.99978256225586,4178203
2005-12-23,20.95786009891627,21.047680975122844,20.838101591763596,20.89798164367676,1786364
2005-12-27,20.83810595940538,20.868045193300365,20.32314027902855,20.34709358215332,2991021
2005-12-28,20.47881758983608,20.508758406399508,20.119540564460795,20.29917907714844,3903496
2005-12-29,20.359071248590077,20.37104790168876,20.035722371690092,20.041709899902344,3034219
2005-12-30,19.92793269045889,20.03571775348014,19.81416169727934,19.933921813964844,3244618
2006-01-03,19.999783731210236,20.10756716701188,19.652481726590853,20.059663772583008,5307088
2006-01-04,20.089604209540585,20.25726769685186,19.9818207672224,20.113555908203125,4195817
2006-01-05,20.029724878298435,20.6404972076416,20.029724878298435,20.6404972076416,4835402
2006-01-06,20.658467900231653,20.83211897402382,20.412960108543395,20.74828720092773,6146307
2006-01-09,20.748284140441378,20.838103427888623,20.61056144591211,20.688404083251957,4082859
2006-01-10,20.50877199673258,20.957868576049805,20.418952680869133,20.957868576049805,3010873
2006-01-11,20.957863213724607,21.00576822037909,20.71834456714776,20.951875686645508,2874987
2006-01-12,20.80816211962656,20.868042175430848,20.46684915455698,20.490800857543945,5484354
2006-01-13,20.436907541369123,20.50876264194933,20.11355719374785,20.335111618041992,4101592
2006-01-17,20.16145668489694,20.21534919738769,19.93990230356144,20.21534919738769,3496678
2006-01-18,20.203379983153507,20.706368968060342,20.005777224678454,20.63451385498047,3948791
2006-01-19,20.658471388729755,21.10756796804698,20.652483860118668,20.957868576049805,4376159
2006-01-20,20.868047217295786,20.957866524366317,20.359070611671413,20.508769989013672,5196646
2006-01-23,20.478829155540737,20.70637278390366,20.44290239071701,20.508769989013672,2203108
2006-01-24,20.50876999303734,20.68840860721364,20.44888992275386,20.55068588256836,2460760
2006-01-25,20.55667108449593,20.58661191458678,20.45487673287416,20.52074432373047,1933434
2006-01-26,20.62254099671627,20.652481830177383,20.17344446154093,20.424938201904297,3194570
2006-01-27,20.41894228301179,20.65846086890331,20.40696563521415,20.442893981933597,2827315
2006-01-30,20.41894466027101,20.640499098597097,20.41894466027101,20.598583221435547,1832638
2006-01-31,20.508767991686103,20.55068387712676,20.305177688598636,20.305177688598636,4088311
2006-02-01,20.22733480535475,20.957865892622188,20.22733480535475,20.933914184570312,4049027
2006-02-02,20.65846703279168,20.838105626640896,20.359068311927,20.52074432373047,2170675
2006-02-03,20.44888766662926,20.71235803079893,20.37703254822134,20.556671142578125,1999979
2006-02-06,20.52074636310769,20.9518787118575,20.436914585200363,20.80217933654785,2263082
2006-02-07,20.68840198835543,20.7662462144866,20.07164209211112,20.35906410217285,3002065
2006-02-08,20.389005748238983,20.71235614667157,20.389005748238983,20.682416915893555,2496269
2006-02-09,20.927927798003825,21.19738572578754,20.927927798003825,21.03571128845215,6363137
2006-02-10,20.957863795565867,21.478816986083984,20.957863795565867,21.478816986083984,7803636
2006-02-13,21.077628677222183,21.149483810403893,20.371049209249637,20.628530502319336,8885408
2006-02-14,20.70635959859611,21.095577412506696,20.562647840790945,20.83809471130371,5104098
2006-02-15,20.68840533507836,21.023730801616395,20.418947456432115,20.951875686645508,4798216
2006-02-16,20.892003242246595,21.077629408575454,20.77823061491833,20.826135635375977,3285719
2006-02-17,20.71834456714776,21.04169497952759,20.67643028092016,20.951875686645508,4504915
2006-02-21,20.91594859110508,21.173429814778157,20.90995946744841,21.04169464111328,4502119
2006-02-22,21.04169019047284,21.22132873535156,21.02372601665026,21.22132873535156,3762298
2006-02-23,21.25726852744422,21.73630596947309,21.23930434395012,21.55666732788086,7033618
2006-02-24,21.610548753343263,21.72431973641041,21.412946015382307,21.508752822875977,2933843
2006-02-27,21.466842883734884,21.999771152381197,21.466842883734884,21.909950256347656,4910335
2006-02-28,21.7063651314248,21.856064531643117,21.52672648983257,21.55666732788086,3259018
2006-03-01,21.616541374894474,21.981807708740234,21.616541374894474,21.981807708740234,2668083
2006-03-02,21.8859907914158,21.9159316117048,21.67641303276,21.748268127441406,2916787
2006-03-03,21.598577461060792,21.915940383776512,21.58061328103174,21.68839836120605,2123981
2006-03-06,21.67641107935439,21.76024281393145,21.48479591413158,21.6644344329834,2164943
2006-03-07,21.562648868771515,21.826119229052992,21.502768805978285,21.76623916625977,3846877
2006-03-08,21.766229711936468,22.047664128480186,21.67641045509725,21.891977310180664,3577482
2006-03-09,21.99977220994296,22.02971144561069,21.65845757863002,21.682409286499023,4092785
2006-03-10,21.67642100304209,21.885998838758336,21.406963101403772,21.784204483032227,2974105
2006-03-13,21.7961796428586,22.13749426391172,21.7961796428586,22.11354255676269,4551469
2006-03-14,22.047673459373097,22.12551610313036,21.83210651305865,22.059648513793945,4287946
2006-03-15,21.95185773122253,22.508739089886408,21.808147545980717,22.472810745239254,5612411
2006-03-16,22.43689193967089,22.74826733342334,22.43689193967089,22.598567962646484,5037274
2006-03-17,22.604558173821,22.838089347689564,22.526713916973392,22.70635414123535,7066051
2006-03-20,22.67640528054276,22.694369456279016,22.377008206075317,22.58658599853516,2414905
2006-03-21,22.51473221936484,22.586587329871588,22.15545507015732,22.227310180664062,3594817
2006-03-22,22.20335697864397,22.263237031695148,22.041682591746845,22.21533203125,4593409
2006-03-23,22.24527020226287,22.365028697404416,21.95784821724968,22.275209426879883,2907001
2006-03-24,22.21533623861696,22.45485489951047,22.18539700475801,22.377012252807617,2495849
2006-03-27,22.22730696702772,22.23329608954272,21.963836669921875,21.963836669921875,2823541
2006-03-28,21.9458781122912,21.993781524629625,21.682407747755875,21.71833610534668,2805227
2006-03-29,21.7303075473388,22.203357258050683,21.7303075473388,22.131502151489254,3813604
2006-03-30,22.0955776984468,22.45485489131901,22.077613519468382,22.33509635925293,3540016
2006-03-31,22.33510473471835,22.54468264359233,22.33510473471835,22.484804153442383,3822412
2006-04-03,22.63449031713196,22.96981573296441,22.57461026537392,22.814128875732425,4227412
2006-04-04,22.77221448179097,22.87401041673986,22.65844349371501,22.7841911315918,2554565
2006-04-05,22.77222102938288,22.93389546980015,22.718328484794316,22.8859920501709,2414206
2006-04-06,22.844068607552387,23.08358722319821,22.81412937934929,23.05364799499512,3291731
2006-04-07,22.98179924410885,23.053655971335903,22.544677739065957,22.670425415039062,3174718
2006-04-10,22.610546745893007,22.7542586126008,21.945883154471005,22.10755920410156,3005281
2006-04-11,22.215335778636,22.30515507502706,21.82611935983272,22.13749313354492,2249242
2006-04-12,22.095577532193985,22.21533606335897,21.71234863579207,21.754262924194336,1992010
2006-04-13,21.646475800295555,21.993776254872184,21.62252409986522,21.95784950256348,1634821
2006-04-17,21.95186463382677,22.179408227019163,21.856057813539795,22.07162475585937,2351855
2006-04-18,22.203365026858144,22.88000524124943,22.12552077000748,22.74827003479004,5097248
2006-04-19,22.706346706508327,23.173407304641792,22.700357583321964,23.119516372680664,4215949
2006-04-20,23.16142627633874,23.622499260794992,23.13148705276179,23.3350772857666,4884752
2006-04-21,23.382986752897345,23.436879285335664,23.089577176312662,23.245264053344727,3201280
2006-04-24,23.155440441545988,23.185381263982364,22.88598261965992,23.00574111938477,2539187
2006-04-25,23.01173554775893,23.341075113305823,22.993772964917348,23.27520751953125,3163394
2006-04-26,23.323109012131507,23.353048244408065,23.05365113162077,23.23328971862793,2369610
2006-04-27,23.197353863667384,23.67639100527985,23.15543799402579,23.35304069519043,4104248
2006-04-28,23.29316311539795,23.32909146365218,22.9817894194398,23.00574111938477,2775030
2006-05-01,23.08359533028997,23.35305326877408,22.993776017461936,23.203353881835938,2977740
2006-05-02,23.203350099846848,23.412929526735063,23.185387517548413,23.371013641357425,2400925
2006-05-03,23.323109081981105,23.36502496529816,23.095565487306533,23.311132431030277,1912744
2006-05-04,23.3111324207742,23.520711837267267,23.1734097166067,23.269216537475582,2827735
2006-05-05,23.353044186459368,23.50274351517741,23.263224908563263,23.44286346435547,2047371
2006-05-08,23.41292073706033,23.62249848859492,23.329088997777145,23.35304069519043,3057845
2006-05-09,23.43688157915916,23.43688157915916,23.113531142903717,23.28119468688965,2259867
2006-05-10,23.173407367788894,23.3470584105182,23.035684677580733,23.15544319152832,2768599
2006-05-11,22.993768798530645,23.203346597107352,22.856044511648744,23.15544319152832,3574546
2006-05-12,23.02370682178395,23.08358687395788,22.263236705537047,22.305150985717773,4735026
2006-05-15,22.365028619969195,22.832089144414333,22.305148574269,22.73628234863281,4782698
2006-05-16,21.70635439542033,21.90994464875044,20.77223328248908,20.868040084838867,13497131
2006-05-17,20.83810460774429,21.07762325338978,20.712356959528798,20.83211708068848,6133585
2006-05-18,20.93989937549045,21.287203095168262,20.820140848596303,20.86205673217773,4384827
2006-05-19,20.927928152493003,21.035711644767023,20.6884094581812,20.94589233398437,5709152
2006-05-22,20.915952660286717,20.939902772877407,20.4488903379364,20.622541427612305,4911034
2006-05-23,20.67642705831287,21.029715051025097,20.59858283172172,20.652475357055664,3992129
2006-05-24,20.59259594221833,20.969837244524232,20.059667778590537,20.43092155456543,4552587
2006-05-25,20.598587290009228,20.628526523892276,20.047694848512897,20.305177688598636,5302055
2006-05-26,20.448885416165925,20.838103392220287,20.36505525225277,20.736309051513672,3066373
2006-05-30,20.700382160569283,20.748285570954057,20.371044218331573,20.406970977783203,3688763
2006-05-31,20.40097873435364,20.92791932011581,20.40097873435364,20.891992568969727,5449684
2006-06-01,20.778219731619743,21.047679143442377,20.72432880725933,20.97582244873047,4336876
2006-06-02,21.011750631146548,21.32312431687553,20.886003013061327,21.26923179626465,3670729
2006-06-05,21.137494233806965,21.179408501866217,20.54468619974219,20.56264877319336,4340371
2006-06-06,20.71235642330438,20.72433307377984,20.173440682059507,20.383018493652344,4452211
2006-06-07,20.388998333492257,20.61654183334674,20.119540564460795,20.29917907714844,3134176
2006-06-08,20.179421898849743,20.191398545580103,19.640506326123912,20.065650939941406,4266696
2006-06-09,20.06565255404835,20.389001285025103,19.91595323958028,20.1973876953125,3288935
2006-06-12,20.179423855635108,20.263255600856684,19.26925449943651,19.52074813842773,7134553
2006-06-13,19.46087311976325,19.62254752969013,18.742318767489177,18.83213806152344,10513799
2006-06-14,18.83214229271704,19.131539474541636,18.772262217682417,19.11357688903809,6152318
2006-06-15,19.185429656398654,20.05967257678824,19.17345300419819,19.987815856933597,5643866
2006-06-16,19.892006303198645,20.071644884898102,19.796199485405296,19.969850540161133,3529391
2006-06-19,19.99979784964381,20.0836296474103,19.31118247610025,19.37704849243164,2779084
2006-06-20,19.37105092489917,19.55667860899961,19.20338901292388,19.269256591796875,2086375
2006-06-21,19.26326762939187,19.688413930816445,19.26326762939187,19.556678771972656,1933714
2006-06-22,19.496797848673246,19.592604652038588,19.22135089398748,19.32314682006836,1848436
2006-06-23,19.16147750103649,19.16147750103649,17.86807733063117,18.67645263671875,8503894
2006-06-26,18.74231501868227,18.886025221722843,18.598604815641696,18.82614517211914,3932434
2006-06-27,18.323164702157595,18.80220048772033,18.19142950187615,18.227357864379883,5071525
2006-06-28,18.22135965827696,18.45489070481469,18.00579278403803,18.299203872680664,3484096
2006-06-29,18.365083342768667,18.886035097032952,18.263287364881688,18.868072509765625,3764395
2006-06-30,18.89801025390625,19.22734827781816,18.886033600002957,18.89801025390625,5431789
2006-07-03,19.005783531344225,19.16147036831549,18.85009669437296,19.077638626098636,1393387
2006-07-05,18.963868949093204,19.01177234885184,18.592615205953454,18.760278701782227,3467040
2006-07-06,18.75429425662517,19.08363220794456,18.74830672933044,18.94590950012207,2054221
2006-07-07,18.86207566084691,18.86207566084691,18.40699170292212,18.57465362548828,2374783
2006-07-10,18.67045839933133,18.802193551011616,18.28124206694764,18.41297721862793,2189967
2006-07-11,18.3531070693804,18.3531070693804,17.586647446438878,18.071672439575195,7294205
2006-07-12,18.071663436636783,18.071663436636783,16.69443340981016,17.06568717956543,9756362
2006-07-13,17.0357452144598,17.263288759401583,16.892035014503094,17.04772186279297,5448006
2006-07-14,17.035748699483136,17.239338989407287,16.8561101144516,17.179460525512695,3501710
2006-07-17,17.155504695233343,17.29921489003101,17.083648001161013,17.269275665283203,3440478
2006-07-18,17.263295328146498,17.365089692680556,16.57467850214376,16.945932388305664,3659824
2006-07-19,16.993835956476,17.66448860739831,16.993835956476,17.6046085357666,3133058
2006-07-20,17.664479118807904,17.939924426343012,17.197418642983163,17.227357864379883,3421046
2006-07-21,17.30520441289155,17.31119353587113,16.454915003853824,16.682456970214844,4913271
2006-07-24,16.700419324285082,17.520769415643723,16.700419324285082,17.389034271240234,4984150
2006-07-25,17.389036925485218,17.856099124515683,17.29323011372192,17.460893630981445,3711131
2006-07-26,17.412983438246933,17.43094760926652,16.646525979246217,16.65251350402832,7971536
2006-07-27,16.7662959889643,16.874079492534662,16.46090966162733,16.484861373901367,4963459
2006-07-28,16.544730881180723,16.868081185277614,16.44892409330313,16.718381881713867,4428864
2006-07-31,16.646537097308357,17.08964616059787,16.55671777889423,17.029766082763672,2374363
2006-08-01,16.95790278480324,16.96987783660137,16.61658826177937,16.796228408813477,3743564
2006-08-02,16.766288837208744,17.1076033857043,16.646530326922218,16.844131469726562,3397140
2006-08-03,16.676467994058733,16.969877514296712,16.610600420399305,16.88604736328125,2223379
2006-08-04,17.13155380926471,17.365083286063975,16.61658826177937,16.796228408813477,2121325
2006-08-07,16.7303630873257,16.76628984423266,16.472880278902515,16.61659049987793,2060093
2006-08-08,16.616589895920082,16.65251824819495,16.143541773227504,16.215396881103516,2914131
2006-08-09,16.42497476280507,16.921974542368307,16.25731126318938,16.335155487060547,2311453
2006-08-10,16.28126017367311,16.682453082807218,16.21539260963587,16.646526336669922,3337725
2006-08-11,16.55670800428577,16.57467058002453,16.227368568967467,16.287248611450195,2291042
2006-08-14,16.430961995463278,17.287240459394365,16.418985347130107,17.04772186279297,5375869
2006-08-15,18.496815921086,19.07165854840289,18.383044901269415,18.63453865051269,8751200
2006-08-16,19.00579267714425,19.3291431541491,18.466875215469504,19.16746711730957,5767309
2006-08-17,19.161476174236935,19.35907894219021,18.99381263900122,19.329139709472656,3098108
2006-08-18,19.323150151192536,19.323150151192536,18.814173626392712,19.04171562194824,4099495
2006-08-21,18.981835435825253,18.98782455953371,18.682438327335877,18.75429344177246,1948113
2006-08-22,18.670464212085157,18.850104417582987,18.47286301971831,18.496814727783203,3217357
2006-08-23,18.442918313370797,18.658485237351123,18.27525479545859,18.2872314453125,1795451
2006-08-24,18.383039083840544,18.562677647405724,18.263278977014625,18.305194854736328,2402882
2006-08-25,18.245311737060547,18.365071823773,18.173456643037127,18.245311737060547,2741618
2006-08-28,18.227351559679715,18.538725271429698,18.21537491076304,18.442916870117188,2176966
2006-08-29,18.49082040916546,18.832134947394135,18.47884535683387,18.778244018554688,3132079
2006-08-30,18.898002016273725,19.22135077394923,18.87405031558197,19.16147232055664,3505345
2006-08-31,19.26926463331633,19.311180527971064,18.939926601510805,19.257287979125977,2546038
2006-09-01,19.257280890641635,19.31117341964922,18.87405204772949,18.87405204772949,3110270
2006-09-05,18.766270898811516,18.95189701824995,18.48483635933399,18.903993606567383,2906861
2006-09-06,18.77225978446678,18.778248908865933,18.353102506903102,18.37705421447754,3316755
2006-09-07,18.293225464520606,18.532742558964884,18.149513611179856,18.227357864379883,3284321
2006-09-08,18.263281666424707,18.47286108589541,18.23334243364629,18.371065139770508,1691580
2006-09-11,18.29322260116703,18.790222490188544,18.29322260116703,18.6165714263916,6983849
2006-09-12,18.61058588538181,18.951898925473596,18.56866999677287,18.862079620361328,4209098
2006-09-13,18.921952352533115,18.969855750462383,18.682433766213265,18.772253036499023,2713658
2006-09-14,18.622563493315585,18.70639528202226,18.412985618223225,18.562685012817383,3120616
2006-09-15,18.574654381342683,18.59261855865994,18.263280630089653,18.51477432250977,6559556
2006-09-18,18.520762006875447,18.748303977415603,18.436930250358436,18.670459747314453,3412378
2006-09-19,18.682438705908368,18.84411471250916,18.466871761556582,18.83213806152344,3791935
2006-09-20,19.059675136382573,19.57464065893025,19.035723437272623,19.52074813842773,4959824
2006-09-21,19.736315220569256,19.99978551003505,19.65847100019368,19.80817031860352,5134994
2006-09-22,19.73033285213549,19.748295433834087,19.275247252285126,19.448898315429688,3529810
2006-09-25,19.478833880817696,19.86206429169773,19.32913614813736,19.69440078735352,2681644
2006-09-26,19.65248533400971,19.909968122170262,19.47883429982456,19.724340438842773,3220712
2006-09-27,19.73032892771828,19.790208978158425,19.23332754274495,19.32314682006836,5656308
2006-09-28,19.269257275097917,19.76625709906214,19.197400570743888,19.748292922973636,5407045
2006-09-29,19.76027211397649,19.86206806045428,19.54470516653761,19.57464599609375,2035208
2006-10-02,19.46087376198772,19.628537301277447,19.233331755815044,19.353090286254883,3959136
2006-10-03,19.203387179910138,19.50877334341445,19.191410531861127,19.3051815032959,3219734
2006-10-04,19.25128789504274,19.83211931929508,19.24530037018968,19.784215927124023,3541274
2006-10-05,19.664465009799827,19.766259358145888,19.460873119759896,19.70039176940918,2375761
2006-10-06,19.55069295325364,19.99978939913972,19.412968659397933,19.933921813964844,2933983
2006-10-09,19.790211662699605,20.107572939402548,19.622546540719277,20.011764526367188,3899022
2006-10-10,19.969850540161133,20.125537417412254,19.892006303198645,19.969850540161133,2865620
2006-10-11,19.76026997423121,20.155475469516265,19.634522335729493,19.868053436279297,3587967
2006-10-12,19.88601432676495,20.191400485993505,19.8620626276758,20.107568740844727,2367793
2006-10-13,20.05966866209941,20.736308664189064,20.053679538830934,20.65846443176269,4166180
2006-10-16,20.65846937040897,20.736313621444907,20.47882915955853,20.55068588256836,2612582
2006-10-17,20.29918455504553,20.71834172998735,20.29918455504553,20.598583221435547,7013486
2006-10-18,20.748288459319262,21.029721433676528,20.682420861702308,20.96385383605957,5366642
2006-10-19,20.868042006685503,21.01774134664884,20.74828349271908,20.909957885742188,3005560
2006-10-20,20.93989711506536,20.981814590795786,20.74828349271908,20.909957885742188,2711281
2006-10-23,21.01175566575412,21.2093584286611,20.70038190541716,20.83211708068848,2680805
2006-10-24,20.80816949319711,20.92792964724383,20.706375118599148,20.91595458984375,2522971
2006-10-25,20.89797982502392,20.98779909674029,20.77223220595159,20.97582244873047,2243790
2006-10-26,21.02971425301204,21.245281152820446,20.8979806994331,21.20935440063477,1299441
2006-10-27,21.209353835357287,21.22731800930813,20.8381000948428,20.88600349426269,3304872
2006-10-30,20.838101591763596,21.005765098450997,20.74828231223067,20.89798164367676,1594978
2006-10-31,20.957854333853717,21.442880545254148,20.93989016355396,21.3171329498291,3892591
2006-11-01,21.54402409050844,21.957110675503543,21.321594025611187,21.664772033691406,4555942
2006-11-02,21.5885090969719,21.59486380503693,21.09916098959948,21.23261833190918,2871632
2006-11-03,21.308883825051225,21.42327875875909,20.9085083354302,20.927574157714844,3918454
2006-11-06,20.927566016551257,21.677475641033293,20.908500201683523,21.62663459777832,5054189
2006-11-07,21.61392254722533,21.772800364365924,21.372425079345703,21.372425079345703,2615798
2006-11-08,21.213555640897,21.531314815243,21.162714579703017,21.397855758666992,2743016
2006-11-09,21.49953507403182,21.760096729035904,21.486823964100264,21.65841293334961,4703152
2006-11-10,21.6584103958425,21.868130975726856,21.62663516661948,21.823644638061523,2835004
2006-11-13,21.798227916277032,22.33841876936999,21.76645268151401,22.24308967590332,5801281
2006-11-14,20.90850327447784,21.24532650648424,20.495418466381288,20.972055435180664,16887980
2006-11-15,20.97205104471827,21.24532205881303,20.908498897319976,21.061023712158203,4859029
2006-11-16,21.092802796844836,21.575796155161623,20.972054880912808,21.385141372680664,4576493
2006-11-17,21.264395828206005,21.50589168700227,21.162712023511105,21.448694229125977,3484934
2006-11-20,21.321587224119256,21.59485995728991,21.26439147254743,21.44233512878418,3130262
2006-11-21,21.442331928939332,21.442331928939332,21.25803189868446,21.372425079345703,4763126
2006-11-22,21.321591603001103,21.35336683877917,21.162712034933023,21.23897361755371,5975332
2006-11-24,21.11187038394116,21.41691840040237,21.09916096782422,21.32794570922852,1347532
2006-11-27,21.25804144232253,21.26439784574889,20.622524804684957,20.72420692443848,3723573
2006-11-28,20.71784210205078,20.902142125078544,20.527187373287767,20.71784210205078,5114863
2006-11-29,20.71785238879621,20.7496293224266,20.152242627408118,20.361963272094727,8453706
2006-11-30,20.36831468448983,20.43186684687602,20.209435125818747,20.23485565185547,6192860
2006-12-01,20.31747436523437,20.381026529912784,20.133174273879167,20.31747436523437,3398957
2006-12-04,20.33653939558785,20.81317637572321,20.33653939558785,20.730558395385746,4452770
2006-12-05,20.97205409583611,21.499533776264386,20.813174551519985,21.0737361907959,5722993
2006-12-06,21.09279827035549,21.175416228814814,20.902143528788816,21.016536712646484,2662771
2006-12-07,21.162714688163533,21.385146450263523,21.067387274288983,21.111873626708984,3289774
2006-12-08,21.09915455990636,21.41055718985152,20.997470788908608,21.24532127380371,1995645
2006-12-11,21.19448346767628,21.41691344960453,21.13728602460553,21.33429718017578,1937628
2006-12-12,21.2898159334266,21.874491444116373,21.118225257790268,21.51860237121582,5897463
2006-12-13,21.51859909409924,21.60757007783316,21.366074260605167,21.50588798522949,3256781
2006-12-14,21.44869874342369,21.779169059999965,21.44869874342369,21.64570999145508,4210776
2006-12-15,21.62028299273237,21.81093777958469,21.544019722320478,21.65841293334961,3609916
2006-12-18,21.65841293334961,21.79822666965314,21.55673083225203,21.65841293334961,1588547
2006-12-19,21.41691414805435,21.798223669274304,21.39149362627892,21.6838321685791,1963631
2006-12-20,21.702901149731137,22.21131508828533,21.632994275544657,21.63934898376465,5934510
2006-12-21,21.58850910132819,21.855425480590277,21.486825299323115,21.76645278930664,2922799
2006-12-22,21.658413101437507,21.85542429207894,21.3914967366905,21.429628372192383,2403022
2006-12-26,21.41692455917556,21.810945380117506,21.38514931515692,21.734682083129883,1315658
2006-12-27,21.85542919570685,22.115990911194466,21.817297551649503,22.052438735961918,2027659
2006-12-28,21.93803796907072,22.579910821068676,21.93803796907072,22.471872329711918,5178332
2006-12-29,22.401961543739013,22.681588936284708,22.10327003363739,22.147754669189453,2443285
2007-01-03,22.23673824101564,22.54814101021448,21.639351538498868,21.79823112487793,3599291
2007-01-04,21.79823238050133,21.988887217302693,21.26439951529317,21.868139266967773,2899033
2007-01-05,21.79823108938319,21.861783262749142,21.60757626387439,21.664772033691406,3741887
2007-01-08,21.59485759014731,21.658408041685743,21.404201151767023,21.588502883911133,2176966
2007-01-09,21.658404843464677,21.810929632728435,21.37242277000671,21.613920211791992,1937908
2007-01-10,21.632995046734205,21.632995046734205,21.20719907821623,21.416919708251957,3016045
2007-01-11,21.499537696412503,21.632995046734205,21.19448966132317,21.416919708251957,2919443
2007-01-12,21.397851287354108,21.632992417182795,21.31523500382472,21.353364944458008,1965448
2007-01-16,21.296175037136194,21.56309147325684,21.18813650405043,21.31524085998535,4328907
2007-01-17,21.245327698799457,21.277104628228592,20.819531756830635,20.88943862915039,3723014
2007-01-18,20.813172090355447,20.83859261108941,20.27298305922904,20.49541473388672,5071525
2007-01-19,20.558967769941937,20.93392261608509,20.539901953350338,20.844951629638672,3501011
2007-01-22,20.762336038914977,20.8004676764747,20.64794282082464,20.69878387451172,4712099
2007-01-23,20.584397423371527,20.92122075798931,20.53355466256707,20.787761688232425,3739650
2007-01-24,20.78775909657894,20.97205920957397,20.628879513522293,20.72420692443848,3982063
2007-01-25,20.711487219202755,20.889430840385405,20.34288717629928,20.374662399291992,2600560
2007-01-26,20.336535167019974,20.6542925228428,20.330180460496507,20.57167625427246,2507593
2007-01-29,20.501771989107283,20.628874608577892,20.28569668871293,20.330183029174805,2829272
2007-01-30,20.33018360731225,20.38737936405337,20.253920338872536,20.336538314819336,2007808
2007-01-31,20.336538314819336,20.40008877906754,20.272986155982466,20.336538314819336,3173460
2007-02-01,20.444573818574955,20.65429440424866,20.336537019481224,20.457284927368164,3644446
2007-02-02,20.50813107986495,20.51448748313857,19.993362395451644,20.08868980407715,7517605
2007-02-05,20.107748655411637,20.260273473101005,19.85354175565494,20.228496551513672,3511916
2007-02-06,20.412799888670385,20.44457512079449,20.177658765021487,20.336538314819336,3516110
2007-02-07,20.368315330956875,20.78140185769484,20.368315330956875,20.69878387451172,4781440
2007-02-08,20.6225210868584,20.825885289702963,20.514484277744405,20.7623348236084,3546446
2007-02-09,20.7559814453125,20.9593456611823,20.679719864361324,20.7559814453125,3297602
2007-02-12,20.73055475128676,20.819527423829054,20.667004294832367,20.71149063110352,2040521
2007-02-13,20.75597121154764,21.022887460567684,20.673353268643822,20.95933532714844,3407765
2007-02-14,20.876731767382324,21.226266171747707,20.876731767382324,20.933927536010746,4033230
2007-02-15,20.965702058581016,21.70290073010073,20.946636239700823,21.499536514282227,5713486
2007-02-16,21.429630733958177,21.44234015080036,20.686075621845102,20.82588768005371,7886118
2007-02-20,20.64158497490917,20.781398698589125,20.444573803584568,20.64793968200684,5680214
2007-02-21,20.54625508074166,20.95933979964457,20.52718926718865,20.81317138671875,5606679
2007-02-22,20.851307516057403,21.067382828940534,20.851307516057403,20.972055435180664,4689451
2007-02-23,21.13728962521376,21.23261701864836,20.876727970186597,21.143644332885746,4423412
2007-02-26,21.137290202838997,21.200842365061675,20.978410644576662,21.149999618530277,4141295
2007-02-27,20.908492242068604,21.003821280116632,20.11409658350835,20.406435012817383,6038381
2007-02-28,20.406450276367163,20.49542298203629,20.088691097431465,20.177663803100582,4254114
2007-03-01,19.79635154646001,20.120465391960703,19.580276214322502,19.98064994812012,4067201
2007-03-02,19.92344656431407,20.037839742184264,19.504005476986094,19.5230712890625,3432789
2007-03-05,19.319708990708413,19.789989464168137,19.230734627659384,19.50400733947754,2994236
2007-03-06,19.599341769270517,19.701025581793655,19.319715944951596,19.592987060546875,4189107
2007-03-07,19.573923653276413,19.694671606858844,19.465885118708343,19.56121253967285,3562244
2007-03-08,19.701018714657685,20.32382401179814,19.701018714657685,20.171300888061523,6290581
2007-03-09,20.196724476235413,20.33653820819026,19.993358585776917,20.18401336669922,5203216
2007-03-12,20.145879373394536,20.425508499145508,20.12681525320583,20.425508499145508,3820594
2007-03-13,20.234860261915625,20.349253502437197,20.06962595773761,20.12682342529297,4176944
2007-03-14,20.126817715787457,20.38102465654628,20.025135617319396,20.336538314819336,4232165
2007-03-15,20.26662742432534,20.34288898303386,19.987000014472432,20.14587783813477,3006119
2007-03-16,20.139532159359792,20.285702330640103,20.037850035503133,20.177663803100582,3005560
2007-03-19,20.323830835553043,20.450935175930752,20.1967281897643,20.241212844848636,1962093
2007-03-20,20.272980330044764,20.60344874968644,20.22213929542115,20.374662399291992,3546446
2007-03-21,20.431861790487037,20.48270282997856,20.260272858556057,20.39373016357422,3251608
2007-03-22,20.52719057929117,20.83859323860076,20.336535820751077,20.71149063110352,4801990
2007-03-23,20.63523486274718,21.4105669809908,20.63523486274718,21.111873626708984,4695183
2007-03-26,20.98477298545997,21.188138961791992,20.603463262603125,21.188138961791992,4143672
2007-03-27,21.1627045305648,21.486818260006945,21.080088269002285,21.372425079345703,4205743
2007-03-28,21.149993414862937,21.448686625649916,21.08008825988779,21.277097702026367,3550361
2007-03-29,21.455055959593626,21.58215862878785,21.27711052813241,21.423280715942383,5008195
2007-03-30,21.40420420617858,21.51224270055249,21.30252211353624,21.41056060791016,3579998
2007-04-02,21.372430807969867,21.60757193830356,21.283458121986587,21.582151412963867,3137112
2007-04-03,21.64570105907029,22.039721697946025,21.607569428196072,21.957103729248047,4456125
2007-04-04,22.033366567875422,22.13505035787832,21.96981610553581,22.122339248657227,3376729
2007-04-05,22.1159876645987,22.21131506615904,22.046080790481856,22.05879020690918,3725530
2007-04-09,22.1286965342891,22.370194080918928,22.08421018871489,22.281221389770508,3633961
2007-04-10,22.128696556118413,22.24308977419511,22.09056661315206,22.18589401245117,2723863
2007-04-11,22.160470269395898,22.211311315698204,21.96981549846797,22.00159072875977,3634800
2007-04-12,22.01430252618633,22.21131201041691,21.938039259758963,22.16047096252441,2765524
2007-04-13,22.3066425938732,22.3066425938732,21.760098708863705,21.90626716613769,4574815
2007-04-16,21.92533486749092,22.24944704569674,21.874493807952323,22.230382919311523,2795581
2007-04-17,22.141403352114803,22.75149926657462,22.115982830228017,22.598976135253903,5438919
2007-04-18,22.370201547091764,22.656183840155084,22.268519405893084,22.548145294189453,4027778
2007-04-19,22.529069823413483,22.64981772895453,22.325703948793084,22.39561080932617,3168008
2007-04-20,22.681604375454757,22.71973602569895,22.363846836914192,22.548145294189453,4468008
2007-04-23,22.459169247205043,22.624403537009588,21.91262362396855,22.497299194335938,3096850
2007-04-24,22.56084959093771,22.64346588204652,22.370194786513977,22.45916748046875,2730294
2007-04-25,22.48457898247714,22.54812942871581,22.351119995117188,22.351119995117188,5173439
2007-04-26,22.427388504503877,22.4909406650451,22.255799535090148,22.287574768066406,6102689
2007-04-27,22.14776290025586,22.26851252384856,21.995239735594858,22.05879020690918,4155555
2007-04-30,22.096925131214476,22.147766193661614,21.83000701148331,21.84271812438965,4092226
2007-05-01,21.912615637860497,22.87224578857422,21.861774597155783,22.87224578857422,6170632
2007-05-02,22.808699417341625,23.23449705391265,22.751503655709488,23.12010383605957,4481848
2007-05-03,23.09468205968316,23.24085050446882,23.00570937343494,23.164588928222656,3612013
2007-05-04,23.164587685334013,23.52047671664305,23.0756150038596,23.514122009277344,4257609
2007-05-07,23.482348192590816,23.74290986956094,23.42515242954885,23.66029357910156,3363868
2007-05-08,23.54590161662528,23.78104277874297,23.501415267620423,23.730201721191406,3203936
2007-05-09,23.5713152681157,23.831876882986407,23.520474225397773,23.793746948242188,2682343
2007-05-10,23.51412587581175,23.622162697148276,22.865898169436985,22.88496398925781,4749006
2007-05-11,22.827763900708643,23.081970848335096,22.548136427778417,23.01206398010254,5716142
2007-05-14,23.170949376808576,23.348894793393114,22.694312288941624,22.82141494750977,5061878
2007-05-15,23.723848240384317,24.448337584459715,23.723848240384317,24.00983047485352,11697346
2007-05-16,23.812810406741686,24.0606626013412,23.74925995240409,24.03524208068848,3787462
2007-05-17,23.76197233603291,24.14328186088825,23.76197233603291,23.91449546813965,3485074
2007-05-18,23.88272465910951,24.28945478125396,23.86365884042064,24.149641036987305,3824369
2007-05-21,23.895431632169743,24.46739766141557,23.895431632169743,24.353004455566406,4919702
2007-05-22,24.372072602210253,24.626277867744584,24.28309991197884,24.49281883239746,5547823
2007-05-23,24.67076504680053,24.76609244824543,24.461044424703964,24.51824188232422,3648081
2007-05-24,24.060665098465982,24.689826862741928,23.88907614260476,23.946271896362305,4379095
2007-05-25,23.965347171448784,24.492825356164555,23.83188810055428,24.384788513183597,4180859
2007-05-29,24.46739766141557,24.51188230768987,24.21319072559394,24.353004455566406,2971729
2007-05-30,24.21319258348357,24.403847376331665,24.162349836747147,24.333940505981445,2766362
2007-05-31,24.26402966496965,24.35935704579395,24.21318862114182,24.257673263549805,3032961
2007-06-01,24.257674543041965,24.378424146737707,24.05431035700403,24.32758140563965,2656759
2007-06-04,24.149637815082816,24.550013175778155,24.14328310789727,24.46104049682617,2229950
2007-06-05,24.283099473327464,24.50552950029921,24.27038836298596,24.44833374023437,2744274
2007-06-06,24.26404055624586,24.467406517429502,24.244974732605325,24.384788513183597,2975224
2007-06-07,24.225901366891318,24.38478092164731,23.679357528686523,23.679357528686523,3567416
2007-06-08,23.70477987773881,23.86365944471764,23.475993436856424,23.850948333740234,3713647
2007-06-11,23.755619055504148,24.09879868971261,23.609450611051717,23.96533966064453,2103571
2007-06-12,23.79375821281561,24.04160883705144,23.577681137085342,23.812822341918945,3016884
2007-06-13,24.03524722567271,24.44833374023437,23.97169506314274,24.44833374023437,2802291
2007-06-14,24.384778989984227,24.77244493731243,24.378424282782223,24.68982696533203,2209958
2007-06-15,24.772446325280452,24.785155740396554,24.403846173494664,24.60721206665039,3917196
2007-06-18,24.658054831724325,24.931325916207115,24.613568486545752,24.72160530090332,2892462
2007-06-19,24.66441075234796,25.064786184050757,24.65805604403539,24.98216819763184,2306420
2007-06-20,24.982166404589798,25.03936385906433,24.543661059895506,24.619922637939453,2708206
2007-06-21,24.619923287580463,24.893196067684705,24.365716326137488,24.87413024902344,2449436
2007-06-22,24.73432555277148,24.81058716072421,24.16871566159053,24.56273651123047,3550221
2007-06-25,24.569082243300013,24.78515756750041,24.2195478830102,24.454689025878903,3455576
2007-06-26,24.524598493647623,24.58814896981653,24.155998275676435,24.40385055541992,2308098
2007-06-27,24.264031017365568,24.505526836302163,24.11150618279237,24.46104049682617,2300549
2007-06-28,24.467400136520723,24.68347376613231,24.181417940262364,24.454689025878903,2670040
2007-06-29,24.575436331758176,24.772447526912234,24.238613090601785,24.42926788330078,2614260
2007-07-02,24.594504509437595,24.96310471446493,24.43562493541661,24.912261962890625,2540306
2007-07-03,24.91226024176724,25.280860421328946,24.791512316121917,25.217309951782227,2221841
2007-07-05,25.34440938330712,25.34440938330712,24.867772448983747,25.14739990234375,3547705
2007-07-06,25.0965614178619,25.35712479371948,24.99487930651476,25.30628204345703,2935520
2007-07-09,25.16646457943861,25.407962100135453,25.16646457943861,25.344409942626957,2467889
2007-07-10,25.338049460008747,25.37617939015207,25.10290670028172,25.230010986328125,3061900
2007-07-11,25.10291866064864,25.357127353860005,25.10291866064864,25.350770950317383,2538488
2007-07-12,25.35711978426868,25.674877166748047,25.261790705477463,25.674877166748047,3922928
2007-07-13,25.541424284958417,25.566844812191555,25.357124191576556,25.39525413513184,3641371
2007-07-16,25.24908193687376,25.42067089390763,25.23637082784711,25.318988800048828,1977471
2007-07-17,25.128327727034588,25.35711407544817,25.077484998263,25.293561935424805,3799904
2007-07-18,25.033013578529616,25.255443644143828,24.89319981342729,25.179182052612305,2861846
2007-07-19,25.287214187081343,25.45244844093254,25.17281928681287,25.344409942626957,2842833
2007-07-20,25.344408766060223,25.344408766060223,25.02029498077848,25.02665138244629,3164932
2007-07-23,25.4206760594815,25.59226505138288,25.02665701841825,25.312639236450195,3477665
2007-07-24,25.42067338605363,25.68758975589474,24.81693208175417,24.90590476989746,2915948
2007-07-25,25.293568190394492,25.293568190394492,24.626274791601336,24.880481719970703,3018142
2007-07-26,25.039363897773075,25.039363897773075,24.079733531823035,24.42926788330078,5172181
2007-07-27,24.30852250424376,24.524597845604188,23.92085647583008,23.92085647583008,4499743
2007-07-30,23.812817872259547,24.232259136410352,23.67936052063988,24.20683860778809,3879730
2007-07-31,24.30850910426052,24.556359546239044,24.086077482394654,24.244956970214844,4769836
2007-08-01,24.18141852080375,24.651699123242743,24.03524837056329,24.25132369995117,7229058
2007-08-02,24.772443696555413,24.78515311032285,24.175057190184614,24.543657302856445,3915239
2007-08-03,24.59449945908701,24.702537953937483,24.136926651000977,24.136926651000977,5330993
2007-08-06,24.31487584181729,24.346651077270508,23.8827251834626,24.346651077270508,3780332
2007-08-07,24.022542125763227,24.588150203917586,23.99076519149488,24.34029960632324,4139059
2007-08-08,24.340295808457803,24.5563711326582,24.10515466558909,24.454689025878903,4381332
2007-08-09,24.72160673696652,25.02030005997838,22.61169104536456,22.80870056152344,7472310
2007-08-10,23.25990982005585,23.25990982005585,22.42102763208469,22.7197208404541,4841973
2007-08-13,22.87860848090724,23.571320816525027,22.87860848090724,23.088327407836918,4556501
2007-08-14,22.75150414960512,23.57767552471348,22.75150414960512,23.088327407836918,4101732
2007-08-15,19.98065322470513,21.016547097447184,19.796354792822317,20.584396362304688,11039307
2007-08-16,20.527194948191585,20.959345600247342,20.1967264037751,20.83224296569824,9505841
2007-08-17,20.87672936686601,22.243089893899057,20.7432703292935,21.499536514282227,7606099
2007-08-20,21.429628214902014,21.5376650237165,21.03560753109993,21.353364944458008,4957308
2007-08-21,21.28981505595481,21.632993003905543,21.19448765990308,21.569440841674805,3034639
2007-08-22,21.6838353323936,21.918976464066343,21.53131048489815,21.849069595336918,2837940
2007-08-23,21.92533242317803,22.128696638660667,21.69654598617124,22.014305114746094,2991580
2007-08-24,22.046079654998096,22.40832342335225,21.9380411479861,22.370193481445312,2320960
2007-08-27,22.31935065726067,22.45916609239761,22.16047279311946,22.332061767578125,2493193
2007-08-28,22.211310600551045,22.382899549943748,21.988878911904475,22.03336524963379,4307657
2007-08-29,22.230381518549105,22.63711166381836,22.19860628198693,22.63711166381836,2640682
2007-08-30,22.54813334868951,22.973930902207005,22.38289910948439,22.770565032958984,2500882
2007-08-31,23.06926393449246,23.22178710285395,22.923093779909912,23.132814407348636,3166889
2007-09-04,23.253562414029968,23.31075987329106,22.88496390867708,23.17094612121582,2215411
2007-09-05,22.948512320550023,23.00570807586149,22.78963277472347,22.980287551879883,2916927
2007-09-06,22.88496196800697,23.24720573425293,22.776923461623745,23.24720573425293,2125519
2007-09-07,22.93579926261604,23.1709403604096,22.910378740794176,23.056547164916992,2858630
2007-09-10,23.151876431065684,23.19636277152437,22.726080537633788,22.94215583801269,2804248
2007-09-11,23.005709966207117,23.19636475902935,22.891316751596012,23.07561683654785,3054910
2007-09-12,22.96121846178273,23.19635954603126,22.872245793237152,23.06290054321289,2526046
2007-09-13,23.15187080529922,23.196357134948,23.018413510941095,23.094675064086918,1909948
2007-09-14,23.02477389249486,23.25355860832938,22.85953963932006,22.980287551879883,2444263
2007-09-17,22.865895512899115,23.037484482173724,22.732436484247355,22.89767074584961,1395763
2007-09-18,22.96757580421045,23.76832821843453,22.96757580421045,23.641223907470703,2753081
2007-09-19,23.673001126392403,23.85094649885331,23.545898499340844,23.679357528686523,3213862
2007-09-20,23.58402047350694,23.679347828391737,23.425140983836265,23.52682304382324,2166900
2007-09-21,23.590383460001213,23.76832882203408,23.266269661777702,23.45692443847656,4433338
2007-09-24,23.367952270391203,23.520475406202134,23.101034240839265,23.234493255615234,2374223
2007-09-25,23.132815210594867,23.488706004973817,23.107394681651936,23.367958068847656,2174729
2007-09-26,23.60944681670737,23.60944681670737,23.35523990939864,23.469633102416992,2745392
2007-09-27,23.514126364359832,23.64758371670064,23.36795790034474,23.501415252685547,2657878
2007-09-28,23.45056990365109,23.61580415764484,23.27262623489785,23.4378604888916,3169406
2007-10-01,23.49506058081983,23.8318838583524,23.4505742317738,23.52048110961914,5086903
2007-10-02,23.450569851854382,23.672999860951798,23.450569851854382,23.514122009277344,2910916
2007-10-03,23.475990927098955,23.545897793528965,23.151877119597213,23.406084060668945,1886741
2007-10-04,23.431503319510117,23.72384187905605,23.425148612338496,23.641223907470703,2786074
2007-10-05,23.768331387178986,24.1051546364194,23.736554457907303,24.01618194580078,2162706
2007-10-08,23.97805269266565,24.143286968028296,23.914500526883447,24.079734802246094,1396602
2007-10-09,24.092444133352583,24.270389519077217,24.067023606047474,24.25132369995117,1835854
2007-10-10,24.19412473052806,24.27038630233586,23.95262890584237,24.06702041625977,1658587
2007-10-11,24.14328317976708,24.302161027410182,23.64122402966555,23.698421478271484,2441887
2007-10-12,23.75561267694817,24.028885369400783,23.622153683714814,23.90178108215332,1222551
2007-10-15,24.09244170365081,24.56272564783977,23.90178692079541,24.2640323638916,2944048
2007-10-16,24.51188861193387,24.9885273746575,24.18777642235581,24.34029960632324,3666535
2007-10-17,24.499181760437565,24.689836607664432,24.130581485351357,24.384788513183597,3214841
2007-10-18,24.435617983534875,24.53094536190924,24.175056369672383,24.42290687561035,969373
2007-10-19,24.41020797491809,24.41020797491809,23.65394332889383,23.704784393310547,2484526
2007-10-22,23.45692580101753,23.57131901259932,22.98664353928612,23.259916305541992,1901979
2007-10-23,23.475996055197804,23.75562358199971,23.323471179401743,23.723848342895508,1994946
2007-10-24,23.558605731635826,23.717483565652085,23.14551929618128,23.4505672454834,3712948
2007-10-25,23.51411736576482,23.59673532355833,22.8786010008014,23.031124114990234,2125240
2007-10-26,23.26627090426568,23.514123143963417,22.522715879761183,22.89767074584961,1818379
2007-10-29,23.03112977450137,23.190009328431263,22.80869806008177,22.89767074584961,2029337
2007-10-30,22.802349845599583,22.993004686770792,22.54178811635966,22.789640426635746,1676761
2007-10-31,22.967581920135192,23.444220671288463,22.776927097509493,23.418798446655277,2400646
2007-11-01,23.30440012906874,23.552250648542216,23.024772685342786,23.04383850097656,2688494
2007-11-02,23.101039909042036,23.348892183784915,22.764216630539934,22.891319274902344,1835714
2007-11-05,22.56720353826658,22.872251553976614,22.338418797425657,22.681596755981445,2982353
2007-11-06,22.73244283829968,23.037490921491475,22.49094693336135,22.96122932434082,3101463
2007-11-07,22.643463269893587,22.98664289502038,22.262153705034045,22.30028533935547,2974944
2007-11-08,22.408326627696617,22.408326627696617,21.690193696183147,22.230382919311523,3324304
2007-11-09,21.89356013102625,21.92533706736797,21.150004900549902,21.219913482666016,4467728
2007-11-12,20.889435614535937,21.58850593143744,20.889435614535937,21.296167373657227,3924885
2007-11-13,21.42962896908889,21.613929054833577,21.213551954677957,21.550376892089844,2565190
2007-11-14,21.639354656484656,21.91898392112377,21.474120337326976,21.734682083129883,2569524
2007-11-15,21.4232761112874,22.211315880091306,21.327947011644877,21.416919708251957,3405668
2007-11-16,22.236731932932862,23.48870075271992,22.198601995339093,23.3361759185791,8877440
2007-11-19,23.14553144787081,23.374317953610248,22.70702426096845,22.751510620117188,4901528
2007-11-20,22.745147585324183,23.463282084270915,22.745147585324183,23.20271873474121,3978568
2007-11-21,23.056548999626575,23.5840286822281,22.85318480886913,23.32346534729004,3251888
2007-11-23,23.431503914555957,23.526831302905386,23.234494430524094,23.45692443847656,1195709
2007-11-26,23.41243553278733,23.87636300903832,23.22178077697754,23.22178077697754,3260416
2007-11-27,23.17729933883419,23.61580465995898,23.13281130246381,23.406084060668945,3491924
2007-11-28,23.53319099501821,24.194128098537284,23.41879607949892,24.11786651611328,3202119
2007-11-29,24.086095194137712,24.238620089089128,23.787403503114504,23.812822341918945,4316465
2007-11-30,24.14328689222896,24.14964160041057,23.882725216305488,24.041603088378903,2632015
2007-12-03,23.81917372270496,24.27039021351725,23.81917372270496,23.99076271057129,2021368
2007-12-04,23.89542200306467,24.23860148232161,23.787385242723232,23.81916046142578,4236639
2007-12-05,24.09880324905438,24.27039225132781,23.844596252796944,24.047962188720703,2817669
2007-12-06,24.041603239100414,24.270389680961287,23.825527908271315,24.11786651611328,3259996
2007-12-07,24.111513783829004,24.302168616207062,23.99076583629551,24.1560001373291,1711432
2007-12-10,24.17506220362497,24.257678494011863,24.02253903925431,24.079734802246094,2036886
2007-12-11,24.06702125754781,24.079732367254422,23.158231987657462,23.17729949951172,3479063
2007-12-12,23.870014810440598,24.25132442602232,23.24085292797741,23.57132148742676,3051974
2007-12-13,23.406084795405903,23.64122592672552,23.24085053271073,23.48870277404785,2762867
2007-12-14,23.259916921499688,23.48870335072188,23.043841602607067,23.07561683654785,2840317
2007-12-17,22.929444443860486,23.170940247283355,22.484582772267142,22.52271270751953,2982773
2007-12-18,22.643460572064065,22.872246961556765,22.2303758242123,22.312992095947266,2798656
2007-12-19,22.31299976125337,22.726086345603488,22.300290343353456,22.56085205078125,3035617
2007-12-20,22.63710730921361,23.190007503323173,22.63710730921361,23.14552116394043,2766502
2007-12-21,23.355241178056048,23.730196005421572,23.259913794460644,23.63486862182617,3690161
2007-12-24,23.57132213042176,23.69842646880884,23.425153666406665,23.501415252685547,1075062
2007-12-26,23.387026289338017,23.83824287531264,23.387026289338017,23.812822341918945,1954124
2007-12-27,23.69842340246218,23.85094655528492,23.60309600830078,23.60309600830078,2628520
2007-12-28,23.56496740793701,23.838238515588564,23.56496740793701,23.825529098510746,3284321
2007-12-31,23.70477937472564,23.73655460961159,23.266272321437604,23.34889030456543,2844790
2008-01-02,23.304400755316845,23.3870170324986,22.95486644126653,23.069259643554688,2598742
2008-01-03,23.06926343189276,23.10103866762857,22.79599064296264,22.840476989746094,2789569
2008-01-04,22.611690568794444,22.783281247859712,22.06514668501077,22.096921920776367,4939274
2008-01-07,22.45916748046875,22.80234545059592,22.27486738430211,22.45916748046875,4901108
2008-01-08,22.471875489087715,22.71972773606359,22.33841815110572,22.42738914489746,5680773
2008-01-09,22.173182118411862,22.69430540228857,22.065143620471687,22.48458480834961,5362728
2008-01-10,22.433747409981198,23.673003663987632,22.332063602851367,23.495059967041016,6191602
2008-01-11,23.323470728170346,23.774688943336876,22.865899498812727,22.878610610961918,4102012
2008-01-14,24.041601911556533,24.041601911556533,23.00570996675056,23.28533744812012,2758673
2008-01-15,22.910377416396948,23.094677459892825,22.662525224725982,22.87224578857422,3874837
2008-01-16,22.719732757264183,23.05655607247183,22.24309397613798,22.66888999938965,5652953
2008-01-17,22.687954506716945,22.961225609272844,22.363840653030984,22.46552276611328,5145059
2008-01-18,22.344776275774294,22.344776275774294,21.03561135966908,21.39150047302246,9815777
2008-01-22,20.317476261252025,21.054675000879094,19.866259747482296,20.870376586914062,6898990
2008-01-23,20.13952276179192,21.327939231827614,19.986999647177743,21.24532127380371,6727595
2008-01-24,21.27074866092862,21.620283001834604,21.14999904758852,21.353364944458008,4278579
2008-01-25,21.639338023987456,21.639338023987456,20.97204655036657,21.09279441833496,3833036
2008-01-28,21.080088877434733,21.327939363864225,20.838591402584782,21.30251884460449,3319551
2008-01-29,21.35335925757147,21.38513617665646,21.073731859317835,21.277097702026367,2429584
2008-01-30,21.264394625606656,22.18589335644698,21.07373813805705,21.72196578979492,3739231
2008-01-31,21.34065698747113,21.690191352263323,21.181777422640348,21.51860237121582,8476214
2008-02-01,21.607573279063875,22.02701451507841,21.461404825643644,21.899911880493164,8779160
2008-02-04,21.855425534741123,22.154117149663648,21.8236486051532,21.899911880493164,2543521
2008-02-05,21.48046868388837,21.98252616291173,21.33430024380939,21.34700965881348,4682182
2008-02-06,21.60756614665263,21.969811501177944,21.302518229752067,21.372425079345703,4677708
2008-02-07,21.21356038657733,21.28982369001822,20.463650329731216,20.603464126586918,7715282
2008-02-08,20.45728623039733,20.53990251175546,20.215790399241342,20.336538314819336,7679773
2008-02-11,20.33654465638879,20.33654465638879,20.069626522793715,20.24757194519043,6432058
2008-02-12,20.3365419474264,20.527196763404,20.203082898406496,20.241212844848636,5405786
2008-02-13,20.368318446683272,21.07374198732447,20.285702145451214,20.768693923950195,8414562
2008-02-14,20.768694079684188,20.864021494291645,19.732801937168976,20.044204711914062,9346329
2008-02-15,19.9615853209095,20.04420160997578,19.370553408301443,19.478591918945312,5134854
2008-02-19,19.6628869940764,19.7645690760899,19.49129805703153,19.656532287597656,5457093
2008-02-20,19.453171990997166,20.088688574464022,19.43410617152127,20.0378475189209,4819885
2008-02-21,20.06962398343425,20.317476262613944,19.993362395451644,20.08868980407715,5573127
2008-02-22,19.974293506603537,20.069620900586017,19.56120700295364,19.961584091186523,3111109
2008-02-25,19.967936801530104,20.20307790911121,19.828123078396008,20.01877784729004,4274525
2008-02-26,19.96157897205674,20.27933630564684,19.853540495774897,20.253915786743164,9127542
2008-02-27,20.17130598705696,20.616167752292228,20.114108530255788,20.35560607910156,2893860
2008-02-28,20.15859729798203,20.2793452396165,19.802708181957005,20.114110946655277,3526175
2008-02-29,19.87261200029197,19.97429410502933,19.38961861361195,19.453170776367188,4958426
2008-03-03,19.46588092188253,19.599339960294877,19.256161996647176,19.535789489746094,2831649
2008-03-04,19.31971844777374,19.52943741953426,19.03373448850468,19.389623641967773,4606550
2008-03-05,19.300641565244845,19.56755957177493,19.167184256568195,19.44681167602539,3761738
2008-03-06,19.389621364738467,19.5103709994828,19.1290596634372,19.154481887817383,2954254
2008-03-07,19.0400823027929,19.47858929991936,18.951111317589376,19.10998916625977,4018831
2008-03-10,19.07186575088765,19.167193170527856,18.74139713685636,18.77317237854004,3436004
2008-03-11,19.160828268940328,19.326062488063368,18.715964954468745,19.28157615661621,4285849
2008-03-12,19.2879345874616,19.88531943516686,19.16083196920152,19.338775634765625,3995484
2008-03-13,19.04643379087318,19.465873168875405,18.86848847719672,19.383256912231445,4423691
2008-03-14,19.48494348102566,19.48494348102566,18.65241754373756,18.83671760559082,4064825
2008-03-17,18.353724114543372,19.059147430988315,18.353724114543372,18.85578155517578,4426627
2008-03-18,19.065501618722134,19.37690597826968,18.74138954007702,19.36419486999512,3676600
2008-03-19,19.421391652427527,19.592980593451948,18.652416229248047,18.652416229248047,3349748
2008-03-20,18.76681189608104,18.893914518305664,18.442698091172435,18.849428176879883,6058233
2008-03-24,18.89391271640751,19.42774706801686,18.811294748899225,19.28793334960937,2460760
2008-03-25,19.256161891168443,19.370553415365187,19.07821650759337,19.268871307373047,1994387
2008-03-26,19.192609733531825,19.224384968644003,19.00195493368109,19.05915069580078,2459641
2008-03-27,19.065509990390503,19.090932218102527,18.56345234297892,18.569807052612305,3697151
2008-03-28,18.627006389051644,18.900277571144013,18.620649984192266,18.7985954284668,4468707
2008-03-31,18.754105901916223,19.008312910291387,18.620646841236717,18.95747184753418,3144382
2008-04-01,19.008311563299635,19.68831454231556,19.008311563299635,19.631118774414062,3152490
2008-04-02,19.688316978520565,20.11411301986269,19.624764799419157,19.84719657897949,3447887
2008-04-03,19.68831515717422,20.145886398442983,19.68831515717422,19.999719619750977,2482149
2008-04-04,19.993353614320743,20.31746733913149,19.89802624756326,20.152233123779297,1992709
2008-04-07,20.158588401566387,20.330179022268428,20.031485807146623,20.06326103210449,1860039
2008-04-08,19.910745628414485,20.063268800776505,19.80906181891753,20.02513885498047,2227573
2008-04-09,19.99335814759119,20.075976121294104,19.53578702232377,19.739152908325195,2126638
2008-04-10,19.70101729136711,19.859895110134268,19.55484719011067,19.662885665893555,3267545
2008-04-11,19.53579072368433,19.57392066950424,19.065506705468035,19.14812469482422,2567427
2008-04-14,19.148122729460077,19.453170737653863,18.995599572657564,19.224384307861328,1849414
2008-04-15,19.287933160616664,19.357840019135423,18.296526033174025,18.52531242370605,6553125
2008-04-16,18.646060030495143,19.446812384676807,18.646060030495143,19.31970977783203,4029875
2008-04-17,19.38961800880164,19.50401122035735,18.98924261565101,19.12270164489746,2748608
2008-04-18,19.465884002820854,19.89168171258777,19.4086882313566,19.681961059570312,3037574
2008-04-21,19.523078843497647,19.69466782940501,19.30700351039414,19.484947204589844,2514862
2008-04-22,19.37054841400581,19.453166376359583,19.040079953767503,19.160829544067383,2113776
2008-04-23,19.154477991206416,19.82176972800775,19.14812158910995,19.726442337036133,3240284
2008-04-24,19.72008826898535,20.17766115547783,19.6056967419511,19.98064994812012,3332832
2008-04-25,20.04420222721657,20.203081796730505,19.6692473243499,20.0378475189209,2904485
2008-04-28,20.082333843004758,20.13317489848924,19.446817260270915,19.484947204589844,3524917
2008-04-29,19.4213981628418,19.675605153574494,19.294293820180943,19.4213981628418,4065943
2008-04-30,19.478584832979024,19.5421369746262,19.071854854531164,19.198957443237305,4500861
2008-05-01,19.192609653729345,19.7963509804722,18.995600146593105,19.76457405090332,4509529
2008-05-02,19.91709589563519,20.419155038864425,19.910741188517708,20.381023406982425,5002603
2008-05-05,20.419151186408328,20.419151186408328,19.9679331744268,20.09503746032715,2163545
2008-05-06,19.92344428176359,20.34288532103785,19.751855381910676,20.222137451171875,2374363
2008-05-07,20.20943904315852,20.438225516425096,20.133177450266025,20.177663803100582,2819347
2008-05-08,20.463641479921417,20.49541840747586,19.99335922016734,20.323827743530277,2193742
2008-05-09,20.06962335027781,20.42551413881363,19.96158652769138,20.27298927307129,3817658
2008-05-12,20.38737620838456,20.59074206843128,20.228496683178943,20.57167625427246,4555103
2008-05-13,20.584387942784662,20.64793839898953,20.34924515430821,20.482704162597656,2373664
2008-05-14,20.62251216647087,21.130925842842423,20.482698490198093,20.67335319519043,4093624
2008-05-15,21.715612387545093,22.71972915948711,21.63299440184741,22.45916748046875,12392152
2008-05-16,22.503649536833265,22.503649536833265,21.98888094643741,22.30028533935547,4595226
2008-05-19,22.147755571234576,23.42514470186052,22.084203426361743,23.031124114990234,6808120
2008-05-20,22.872252820309612,22.872252820309612,22.24944564373307,22.63711166381836,3842123
2008-05-21,22.637111199094427,23.107393502422376,22.57991543553892,22.68795394897461,3468857
2008-05-22,22.675243932191776,23.043844142726183,22.61169176271609,22.891319274902344,3048339
2008-05-23,22.79598985410721,22.9866446511022,22.643464999757946,22.83411979675293,3326821
2008-05-27,22.69430475752938,23.1963622104954,22.64981841814664,23.14552116394043,4152619
2008-05-28,23.158229893269635,23.571316349839744,23.005706758116336,23.48234367370605,4287806
2008-05-29,23.46963450675358,23.70477561353115,23.19636176849208,23.596738815307617,3906991
2008-05-30,23.62215701385016,23.83187759224441,23.425147543807903,23.761972427368164,3587548
2008-06-02,23.469633060050118,23.68570833776652,23.266267195652556,23.4505672454834,4762427
2008-06-03,23.564963109429627,23.80010422836645,23.27262623489785,23.4378604888916,3541833
2008-06-04,23.418799738322345,23.742913632498183,23.247210727413005,23.50777244567871,4756415
2008-06-05,23.545890865267957,23.990752457598013,23.463274608117548,23.92720031738281,2896516
2008-06-06,23.730198446881783,23.755618972150028,23.14552297653485,23.20271873474121,3546307
2008-06-09,23.27262874019304,23.54589982741455,23.03113119329066,23.46328353881836,3726229
2008-06-10,23.113744069211943,23.45692195307265,23.09467825464447,23.355239868164062,2406098
2008-06-11,22.967583957257443,23.40609110494359,22.967583957257443,23.03749084472656,2636628
2008-06-12,23.113747258397435,23.81917063260758,23.113747258397435,23.444215774536133,3489268
2008-06-13,23.48234563315137,23.711132049560547,23.259915618845373,23.711132049560547,3037854
2008-06-16,23.514125061517465,23.97805265120657,23.209077038714728,23.736555099487305,6624842
2008-06-17,23.819173160007587,24.00982796304152,23.39337720728664,23.77468681335449,4748866
2008-06-18,23.577677463152327,23.882727205521533,23.50777058356542,23.75562286376953,3694774
2008-06-19,23.78739469279879,24.14963843043393,23.685710902296155,24.08608627319336,3623756
2008-06-20,23.85730344541861,24.003470198920954,23.51412380266715,23.876367568969727,6029574
2008-06-23,23.93356251722937,24.028889903357943,23.54589657094153,23.56496238708496,4274665
2008-06-24,23.46963118166093,23.54589273923576,22.99299263399452,23.278976440429688,4052383
2008-06-25,22.81505328316125,23.6920672909896,22.81505328316125,23.47599029541016,3563642
2008-06-26,23.240852543503724,23.278984182266644,22.57991543553892,22.68795394897461,3817239
2008-06-27,22.62439839408856,22.85953951053523,22.48458466568305,22.6180419921875,5015325
2008-06-30,22.68794743258227,22.872245781432213,22.465515761333123,22.58626365661621,4145070
2008-07-01,22.268511984190297,22.732437869732983,22.19860511176759,22.605335235595703,4520713
2008-07-02,22.643461279901093,22.923088721447023,22.421031284810567,22.471872329711918,3692677
2008-07-03,22.579908849961008,22.681590930887392,21.988877094458378,22.071495056152344,5404388
2008-07-07,22.12234050633019,22.694306562023797,21.944396829238958,22.287574768066406,5731800
2008-07-08,22.249444295160192,22.891317252604708,22.21131435251448,22.83411979675293,4678966
2008-07-09,22.948512955287637,22.98664289502038,22.30028533935547,22.30028533935547,2905743
2008-07-10,22.376549320377222,22.55449470689993,22.15411758722383,22.47823143005371,3423702
2008-07-11,22.262155522556537,22.97393535560584,22.014304962998335,22.681596755981445,3382601
2008-07-14,22.910382547952626,22.910382547952626,22.255800189439693,22.332061767578125,2879740
2008-07-15,22.077856176564325,22.40197002191335,21.95710824673778,22.135053634643555,4336876
2008-07-16,22.052434819063944,22.522717104158414,22.03336900042169,22.319351196289062,4138779
2008-07-17,21.86177949384131,22.44010027421581,21.86177949384131,22.332061767578125,4302625
2008-07-18,22.344773564672668,22.64982158119096,22.05878967233336,22.605335235595703,3765373
2008-07-21,22.732433913808052,22.732433913808052,22.30028333835584,22.45280647277832,1989354
2008-07-22,22.249445112013305,22.344774208599457,21.95710819777865,22.325708389282227,3671987
2008-07-23,22.395617157305928,22.935806379160734,22.32571027695792,22.878610610961918,3923487
2008-07-24,22.79598997369631,22.97393535560584,22.560848830223755,22.681596755981445,3712669
2008-07-25,22.77056814242233,23.056550323031324,22.74514761711856,23.01206398010254,3517228
2008-07-28,22.99299502263997,23.13916514141212,22.764210326147992,22.770565032958984,3265868
2008-07-29,22.548142707577043,23.132818341577085,22.548142707577043,22.96122932434082,2749027
2008-07-30,23.031134905530205,23.463287320713757,22.94216219994044,23.3298282623291,2364577
2008-07-31,23.202712990142203,23.29804035994384,22.89131036176276,22.916730880737305,2710023
2008-08-01,22.96758415425391,23.05020215587567,22.408329049704136,22.789640426635746,3477944
2008-08-04,22.71972915948711,22.859542908676364,22.43374695285151,22.45916748046875,2370868
2008-08-05,22.6879519137578,23.043840963460923,22.55449288464836,22.9358024597168,3424121
2008-08-06,22.808698771464496,23.291692155990678,22.70701666718057,23.28533744812012,2653823
2008-08-07,23.15822791820076,23.482341670994867,23.050191130328315,23.06290054321289,2711561
2008-08-08,23.031128663122388,23.672999860951798,23.01206284643664,23.514122009277344,3462706
2008-08-11,23.571317764745967,23.672999860951798,23.323465537008467,23.514122009277344,2640263
2008-08-12,23.3552462150028,23.55225573169806,23.336180395254143,23.495059967041016,3034219
2008-08-13,23.38066664744399,23.558612038251205,22.81505693321949,23.22814178466797,2913991
2008-08-14,23.01206394076136,23.30440252313805,22.64346378260372,22.992998123168945,4355189
2008-08-15,23.32345976893275,23.38701191063876,22.87859986075529,23.113740921020508,3658566
2008-08-18,23.132809243599493,23.132809243599493,22.59897657890852,22.738788604736328,4201829
2008-08-19,22.649826027827565,22.72608762328169,22.31300101570752,22.401973724365234,3299140
2008-08-20,22.414667801693827,22.452799420617016,21.93803103809395,22.115976333618164,2776708
2008-08-21,21.810940522561317,22.14140908727739,21.804585814090714,22.007951736450195,2916088
2008-08-22,22.07785303517722,22.529071148996238,22.07785303517722,22.48458480834961,2253856
2008-08-25,22.312992273406657,22.4782265127792,22.07149646845952,22.103273391723636,2628520
2008-08-26,22.02066026303836,22.1414081920422,21.810939640687835,22.05879020690918,2327251
2008-08-27,22.039720407743296,22.35112305969157,21.56308182807196,22.077850341796875,2197796
2008-08-28,22.179535468811867,22.56719970703125,22.11598331540646,22.56719970703125,1959577
2008-08-29,22.42103324309405,22.440099060244425,22.001592044140587,22.090564727783203,2331584
2008-09-02,22.300285395904595,22.68795136385987,21.79187151174352,21.918975830078125,2876665
2008-09-03,21.83000391309785,21.925333009892334,21.200843736376303,21.486825942993164,3855265
2008-09-04,21.302525348076237,21.30888005618413,20.425512929400504,20.4509334564209,3656609
2008-09-05,20.336544435513744,20.9212200668524,20.177664837897865,20.83860206604004,3217357
2008-09-08,21.213551233675044,21.30252391957453,20.698782630500855,20.95298957824707,3046102
2008-09-09,21.07373086183714,21.07373086183714,20.374662399291992,20.374662399291992,2611883
2008-09-10,20.533546511700614,20.62251918955384,20.209432725000177,20.26663017272949,3605162
2008-09-11,20.0187772556002,20.336536324090694,19.770926741199037,20.29840469360352,3710432
2008-09-12,20.190369169587942,20.400088066707887,20.05055374719363,20.36831283569336,3064835
2008-09-15,19.923455638421867,20.24756950757322,19.573921239786973,19.592987060546875,3088042
2008-09-16,19.37054790445166,20.012420688658757,18.76045204089321,19.8408317565918,4133467
2008-09-17,19.44046603719525,19.516727634093872,18.811302355366813,18.90663146972656,5352942
2008-09-18,19.06549997702382,19.98700017345455,18.684190485859848,19.936159133911133,5227402
2008-09-19,20.342895567171112,20.972057442973316,20.17130658089374,20.91486167907715,4986247
2008-09-22,20.83224841817344,20.83224841817344,19.713738163035654,19.77729034423828,3885881
2008-09-23,19.872612683419803,20.063267483650566,19.40868509907757,19.61205101013184,4292140
2008-09-24,19.554853614157427,19.73915540143317,19.2688714129214,19.535789489746094,4206442
2008-09-25,19.65018525113018,19.74551436668389,19.421400457568883,19.56121253967285,6592549
2008-09-26,19.56120321747451,19.69466222105852,19.154474889420527,19.656532287597656,6307077
2008-09-29,19.300647255004044,19.440462700538102,18.201203067042258,18.474475860595703,7237726
2008-09-30,18.67783921322948,19.129055640362708,18.25839801800524,18.849428176879883,5803517
2008-10-01,18.54437888173514,19.014661092698432,18.32194888487426,18.85578155517578,3648500
2008-10-02,18.633357542673405,18.68419860430771,17.819895472757306,17.883447647094727,4544199
2008-10-03,18.099522174252417,18.61429086516536,17.9724178314209,17.9724178314209,4509249
2008-10-06,17.66736202832027,17.66736202832027,16.339132015136418,17.1525936126709,6326369
2008-10-07,17.32419391615353,17.476718807409757,15.926056140426471,15.957831382751465,5406346
2008-10-08,15.60193424163436,16.517078036882864,15.481186349110985,15.87520694732666,4655200
2008-10-09,15.887920936022534,16.332782654447616,14.445297281216993,14.464363098144531,6478891
2008-10-10,13.847910018735758,15.029971967740542,13.123421721695127,14.286417007446287,8203045
2008-10-13,14.890170663515011,16.269243240356445,14.616897694198377,16.269243240356445,4143952
2008-10-14,16.847552591954038,17.470358031027487,15.23969455226098,15.640069961547852,5027068
2008-10-15,15.45577200836723,15.49390365055109,13.962307825903244,14.076700210571287,4259846
2008-10-16,14.038568737579247,14.813900840735148,13.07258350497338,14.75670337677002,5273116
2008-10-17,14.534271925464326,15.029976511924898,14.019504059163646,14.369037628173828,2902248
2008-10-20,14.527909498479517,15.157071113586426,14.197441079459594,15.157071113586426,2529681
2008-10-21,14.883804250975288,15.214272761508562,14.375390375729337,14.445297241210938,3114325
2008-10-22,14.369035623866235,14.369035623866235,13.053516985380698,13.49837875366211,4337994
2008-10-23,13.57463765840931,13.61276844172404,12.55145613205142,13.167906761169434,6420595
2008-10-24,12.27818557829302,12.945478217507135,12.011268353148491,12.551458358764648,4753759
2008-10-27,12.360804280652976,12.646787360736043,11.915942464785548,12.023980140686035,4399786
2008-10-28,12.278183975226522,13.441179275512695,12.043043710123518,13.441179275512695,4767320
2008-10-29,13.51744083784059,14.23557523859499,13.10435524047804,13.536506652832031,5064674
2008-10-30,13.975017359674473,14.388103914893282,13.82884804930465,14.318195343017578,3457114
2008-10-31,14.07034230690654,14.731279324093386,13.85426615700708,14.102117538452148,5943038
2008-11-03,14.063986772244544,14.750345161857132,14.00679016916897,14.616886138916016,3130541
2008-11-04,14.921931831732776,15.932403020502909,14.896511311447044,15.65913200378418,4493731
2008-11-05,15.392217388795736,15.6400679125271,14.769410336728066,14.782119750976562,3003044
2008-11-06,14.616883285948385,14.85202435975558,13.542860841121568,13.619121551513672,4442145
2008-11-07,13.657252793019593,14.248282813972365,13.511084387923749,13.879684448242188,3836531
2008-11-10,14.108476122962816,14.43258914647448,13.580997167955536,13.797073364257812,3302495
2008-11-11,13.65725556306179,13.790714583264265,13.05351516039854,13.307722091674805,3041349
2008-11-12,13.059871072873822,13.091647154039324,12.214633922767597,12.309961318969728,3580837
2008-11-13,12.27818580134226,13.40940603926944,11.471079403213844,13.326788902282717,5505044
2008-11-14,13.047160785339532,14.222866466014803,12.532393016274602,13.18697452545166,6379913
2008-11-17,12.583233532914376,12.75482335838683,11.884165662314777,12.151082038879396,6550189
2008-11-18,12.220989818088068,12.373513825715836,11.566406594871484,12.074820518493652,4217207
2008-11-19,12.004910965036553,12.30995891215895,11.204160315663817,11.210515022277832,3697570
2008-11-20,10.772010780567664,11.32491017451739,10.231820802045863,10.29537296295166,4679945
2008-11-21,10.517801738872894,11.013505315525462,10.02845456377038,10.98808479309082,4383988
2008-11-24,11.1215412313306,12.208274668456989,10.91817540435961,11.826964378356934,4996312
2008-11-25,12.329026550500236,12.329026550500236,11.50285441056792,11.788837432861328,6343565
2008-11-26,11.445660736941536,11.91594222603367,11.210518721453727,11.877811431884766,4566567
2008-11-28,11.826969771496728,11.985848496017123,11.712576547573592,11.96678352355957,1329218
2008-12-01,11.706222221046083,11.706222221046083,10.95631237999019,10.969021797180176,3850232
2008-12-02,11.140608165758357,11.439300558972525,10.772008916024715,11.210515022277832,4166040
2008-12-03,10.943601724314894,11.636314926781672,10.797432417026794,11.566407203674316,4350576
2008-12-04,11.356684732618044,11.687153238342685,10.956310209723323,11.127899169921877,3465223
2008-12-05,11.032573966896985,11.10883640109826,10.403412062090757,10.969021797180176,6708163
2008-12-08,11.229582177002529,11.477433557709722,10.841916219274756,10.956310272216797,7818035
2008-12-09,10.810144576251217,11.509212609643836,10.600423064750451,11.394820213317873,13113520
2008-12-10,11.458368963572106,11.585472444820605,11.019861910900074,11.560051918029783,12064181
2008-12-11,11.324908824457154,11.70621920255222,11.229581441756952,11.521918296813965,8373461
2008-12-12,11.121543554618986,11.204160674305257,10.574998098196485,11.051636695861816,8582881
2008-12-15,11.05799260160849,11.12154476043868,10.32079315132088,10.47331714630127,6224735
2008-12-16,10.428832047859894,10.778366421212938,10.25724221531537,10.37163543701172,9241479
2008-12-17,10.295373586311936,10.486028385984287,10.155559840607037,10.37799072265625,12498959
2008-12-18,10.441543500838923,10.625842755945513,10.212757049955629,10.34621524810791,15649072
2008-12-19,10.333504983869334,10.683038521371872,10.244532286904835,10.34621524810791,20688722
2008-12-22,10.358922197113545,10.358922197113545,9.84415288947596,10.047518730163574,5734316
2008-12-23,10.187334603690251,10.193689310966022,9.755182311754432,9.926772117614746,4218046
2008-12-24,9.914062190986543,9.996679319425144,9.83779977003858,9.901351928710938,1300140
2008-12-26,9.914067331191433,9.990328944384869,9.774254373670129,9.818739891052246,4221121
2008-12-29,9.82508720857583,9.831442761873523,9.38022559114956,9.526394844055176,4997570
2008-12-30,9.596300502947113,9.62172186793348,9.456487655639648,9.456487655639648,10153534
2008-12-31,9.481911975124296,10.060232797325751,9.481911975124296,9.93312931060791,6415003
2009-01-02,9.91405855175761,10.358920957282086,9.856862816159827,10.320789337158203,4236220
2009-01-05,10.244529427839408,10.860981731489057,10.168267016396964,10.67032527923584,7171321
2009-01-06,10.867336879119632,11.890518413701953,10.733877865503942,11.521918296813965,11834210
2009-01-07,11.34397634867037,11.731642368365868,11.242294236102524,11.58547306060791,9974171
2009-01-08,11.54098560902994,11.744350647081696,11.312199199839192,11.66173267364502,6242909
2009-01-09,11.636316120911763,12.03033688816375,11.452016002620235,11.769773483276367,6917024
2009-01-12,11.985849688551324,12.151083985193887,11.67444606962062,11.769773483276367,8631392
2009-01-13,11.566406667909664,12.303607031275876,11.566406667909664,12.11295223236084,9102238
2009-01-14,11.693508394856137,11.884163151346405,11.464722009232435,11.7252836227417,9148792
2009-01-15,11.737996363439484,12.290896629752591,11.56005182996494,12.151082038879396,9169901
2009-01-16,12.373511934134113,12.697624871235847,11.998556256771614,12.398932456970217,7181945
2009-01-20,12.716691672014107,12.735756641970774,11.725285273554196,11.788837432861328,7537457
2009-01-21,11.954073812167506,12.271831275899318,11.807904497664602,12.240056037902832,5641629
2009-01-22,12.017623217009756,12.195568588397151,11.725285481966065,12.01126766204834,5811905
2009-01-23,11.801547601903613,12.106594744446165,11.445658562858693,11.846033096313477,6208099
2009-01-26,11.877807329460085,12.303604015922824,11.820610734344369,12.017621040344238,5797925
2009-01-27,12.017625882045577,12.13201911836414,11.629960667672258,11.884167671203612,6613658
2009-01-28,12.023980858185077,12.309963955333425,11.903232910108308,12.049402236938477,7473149
2009-01-29,11.935006186517471,11.979492529737955,11.712575317709428,11.80154800415039,4583623
2009-01-30,11.846032806271152,11.954071304134478,11.413881356700788,11.49014377593994,4270890
2009-02-02,11.305841479227208,11.585468882535546,11.293131219739934,11.458365440368652,5330714
2009-02-03,11.458367379927251,11.629957182991696,11.28042286969058,11.572760581970217,4807163
2009-02-04,11.604536802480672,12.043044679253605,11.566406014311251,11.744351387023926,3865051
2009-02-05,11.58547176360347,12.303606263337535,11.363040896320973,12.27818489074707,8703808
2009-02-06,12.132016141364517,12.513325705799833,12.132016141364517,12.265474319458008,4277321
2009-02-09,12.163790105062622,12.335379899541236,11.87780796155918,12.100238800048828,4673234
2009-02-10,12.030335620530968,12.125663024142096,11.528277227190513,11.604537963867188,5272277
2009-02-11,11.757061333688991,11.788838262874206,11.502855220445683,11.674444198608398,4383709
2009-02-12,11.496499129420966,11.839678764343262,11.413881998190272,11.839678764343262,6192161
2009-02-13,11.801547304910128,12.06846365382953,11.67444299050003,11.737995147705078,4232585
2009-02-17,11.229582477650554,11.426591968180867,10.962665273091163,11.216872215270996,7469794
2009-02-18,10.168273411349231,10.943605732198376,10.085656241249266,10.200050354003906,14968246
2009-02-19,10.231824069811582,10.289020693976097,9.850514371774343,9.88864517211914,7898281
2009-02-20,9.73611988207154,9.818737029265408,9.51368897081197,9.647147178649902,7148953
2009-02-23,9.742471631080829,9.81237849187482,9.043403870435183,9.07517910003662,6631553
2009-02-24,9.17686408080082,9.558175429059554,9.094247779980623,9.475558280944824,5293108
2009-02-25,9.291253714050008,9.481908449590904,9.087887871998532,9.31667423248291,6565427
2009-02-26,9.431068378763806,9.5073299418741,8.986205871443557,9.03069305419922,6687752
2009-02-27,8.833682124602097,9.056113807616953,8.770131667673688,8.814617156982422,5494420
2009-03-02,8.643027894249796,8.7065800496609,8.013866978363323,8.05835247039795,5994904
2009-03-03,8.191811488384692,8.29984913583042,7.893118221999942,8.05835247039795,7055147
2009-03-04,8.210879344265523,8.61761040110996,8.090132240033865,8.458731651306152,5427595
2009-03-05,8.249007959734193,8.407887514790719,7.950315514656483,7.969381332397461,9678214
2009-03-06,7.9185388097910625,8.318914172426194,7.638911357209245,8.039287567138672,6800571
2009-03-09,7.943962982901848,8.24901021925369,7.84863556267416,7.905831336975098,6017551
2009-03-10,8.07741654182795,8.560408921076426,8.026575506315725,8.534988403320312,6584300
2009-03-11,8.617610049175786,8.871817055233835,8.509572368154208,8.59854507446289,5358254
2009-03-12,8.554058349016055,8.827330317893567,8.299851354021685,8.7764892578125,5116680
2009-03-13,8.801904963641967,8.986204129071089,8.763774189480154,8.890876770019531,3648500
2009-03-16,8.986208702824003,9.056116428643,8.744712829589844,8.744712829589844,3028348
2009-03-17,8.833683715696512,9.16415309906006,8.706581084357907,9.16415309906006,3554695
2009-03-18,9.18321828476831,9.494620981036682,9.081534492113729,9.23405933380127,5001904
2009-03-19,9.278546685870166,9.488266459618677,9.183219284904183,9.36751937866211,3904474
2009-03-20,9.37387137777759,9.500973977469837,9.081532856602893,9.17050552368164,5937026
2009-03-23,9.532755849389178,10.09836483001709,9.532755849389178,10.09836483001709,6473299
2009-03-24,9.952194836735254,10.206400955381406,9.933129017736665,10.034811973571776,3801022
2009-03-25,10.168266734541126,10.441540297360442,9.87592989944874,10.142847061157228,4095301
2009-03-26,10.20004525928267,10.918178894118778,10.047521263950472,10.8927583694458,8359201
2009-03-27,10.6703315339982,10.778370084146491,10.301732063293455,10.301732063293455,4496527
2009-03-30,10.053879223067574,10.079299755961983,9.621727621978758,9.780607223510742,5550759
2009-03-31,9.863222145285055,9.977614517402817,9.704342579735428,9.767894744873049,6620788
2009-04-01,9.609014126128896,10.250886178817808,9.545462815251229,10.168268203735352,5530768
2009-04-02,10.41612178403746,10.65761849125259,10.282663590254677,10.37163543701172,5987774
2009-04-03,9.977614142069552,10.549580217614489,9.977614142069552,10.460607528686523,4024842
2009-04-06,10.365279178771784,10.371633886085531,10.003033748470376,10.155558586120604,4691688
2009-04-07,9.958549800952028,10.0030353009353,9.780605259135625,9.914063453674316,4978138
2009-04-08,9.818735145335651,10.390700357015987,9.818735145335651,10.29537296295166,4806883
2009-04-09,10.441543432089295,10.886404372099316,10.441543432089295,10.803787231445312,4545178
2009-04-13,10.683037128595908,10.784720923836655,10.555934502780852,10.600419998168944,4369449
2009-04-14,10.5877110920228,10.657618816118775,10.422476810000031,10.498739242553713,3114185
2009-04-15,10.435189177778833,10.58135765743654,10.238178787866415,10.39705753326416,3482138
2009-04-16,10.49873648223381,10.7974297308697,10.23817486349645,10.68939208984375,8019208
2009-04-17,10.695749295259382,10.924534891625868,10.575000517863035,10.810142517089844,4154576
2009-04-20,10.778367133944734,10.810143219249268,10.263597602271444,10.435188293457031,6736682
2009-04-21,10.48602840914157,10.695749028162068,10.371635190167767,10.549580574035645,4251458
2009-04-22,10.441539714762357,10.949952641839518,10.390697828948731,10.651259422302246,3967524
2009-04-23,10.638551006898554,10.638551006898554,10.200044855416325,10.42247486114502,5264169
2009-04-24,10.498735831536663,10.848270101981292,10.301725529350218,10.740232467651367,3901818
2009-04-27,10.600419159120676,10.937243209106033,10.600419159120676,10.752943992614746,4380913
2009-04-28,10.625841417185285,10.994440728252732,10.45425244793594,10.829206466674805,4938854
2009-04-29,10.937241412213805,11.560048363560997,10.873690114777428,11.458365440368652,5516508
2009-04-30,11.50285585190569,12.036690328881338,11.50285585190569,11.604537963867188,4977998
2009-05-01,11.572767114361495,12.074825698014966,11.553701287494295,11.95407772064209,4039241
2009-05-04,11.954073417011807,12.341737747192385,11.915941777005322,12.341737747192385,3885042
2009-05-05,12.303606927676748,12.329027454345452,11.801548560439445,11.903230667114258,4895656
2009-05-06,12.049402230125878,12.259122038190007,11.928653434822818,12.220992088317873,4313529
2009-05-07,12.297252990446886,12.303608546597534,11.814260378305672,11.9286527633667,3590903
2009-05-08,12.049399722654185,12.335381912833585,11.998557823050852,12.29089641571045,3597893
2009-05-11,12.119305228045697,12.182856536273134,11.801546992319924,11.973135948181152,2973686
2009-05-12,11.98584620121702,12.182856527521997,11.8714538464898,12.068463325500488,3025412
2009-05-13,11.86509858122002,11.99855675530178,11.343974452250508,11.471077919006348,4229929
2009-05-14,11.413882860943794,11.737996702660318,11.019862145417603,11.64902400970459,4686236
2009-05-15,11.452013340234323,11.572761256487292,10.969019980633773,11.216872215270996,7322864
2009-05-18,11.197809748521356,11.356688499450684,10.994443795011168,11.356688499450684,3707216
2009-05-19,11.363041476879388,11.782482707578284,11.038928491852928,11.674444198608398,4224616
2009-05-20,11.788837339601605,12.074819512338308,11.706220210991376,11.846033096313477,3662341
2009-05-21,11.579114912528576,11.687152556591071,11.115188259568129,11.235936164855955,4439908
2009-05-22,11.28677874482143,11.375750578820364,11.089767565588,11.242292404174805,3602926
2009-05-26,11.2232265401149,11.496498442898654,11.057992287520603,11.471077919006348,3461588
2009-05-27,11.496497869160898,11.629956883876638,11.331263624812689,11.36939525604248,3757824
2009-05-28,11.502858134263514,11.56640946684909,11.12154844416084,11.426595687866213,3126627
2009-05-29,11.471079836674631,11.58547306060791,11.293135292386449,11.58547306060791,2769298
2009-06-01,11.718929541382842,12.208277566626515,11.718929541382842,11.99855613708496,5764513
2009-06-02,11.99220582990764,12.583236162324598,11.966785297998566,12.424357414245604,5233693
2009-06-03,12.386225045777444,12.456131923310316,12.176503565884364,12.284542083740234,5618143
2009-06-04,12.322668452011492,12.85014719836589,12.322668452011492,12.735754013061523,4408174
2009-06-05,12.831080987568445,12.92640835030941,12.551453604971435,12.646780967712402,3230359
2009-06-08,12.54510056847755,12.665848472531092,12.176500454827838,12.481549263000488,3000527
2009-06-09,12.557814090677423,12.615011551401611,12.373514833286652,12.532394409179688,4124100
2009-06-10,12.659495956112604,12.691271190702102,12.17014785373708,12.36080265045166,3781730
2009-06-11,12.379869541837468,12.7738894327057,12.341737901354676,12.532394409179688,4628638
2009-06-12,12.50061552433419,12.50061552433419,12.036688828117269,12.303606033325195,3673525
2009-06-15,12.157439265269236,12.176504239190471,11.757062950800028,12.004915237426758,3293408
2009-06-16,12.017623317943642,12.14472679259029,11.763416368650342,11.80154800415039,4170653
2009-06-17,11.85238845845451,11.90958591291421,11.642668695240843,11.68079948425293,4365395
2009-06-18,11.655376826622495,12.011265820236426,11.54733918719979,11.896873474121094,3287816
2009-06-19,12.08117682770074,12.138374291348,11.884167295845698,12.004915237426758,6732628
2009-06-22,11.9222965986962,11.985847915969943,11.65537937155765,11.693511009216309,4045952
2009-06-23,11.750705798359313,11.877809269679233,11.668088669095516,11.788837432861328,3580138
2009-06-24,11.877806045238362,12.125658213040232,11.852384680039984,12.081171035766602,5450802
2009-06-25,12.049398129895096,12.754821450259524,11.992201529960916,12.684914588928224,7063675
2009-06-26,12.640426432595522,12.996316242417883,12.570519581317392,12.95182991027832,4788569
2009-06-29,12.98996295309478,13.0280937384487,12.78659791724624,12.98360824584961,3079794
2009-06-30,13.002674119125176,13.066226279762288,12.697626120491243,12.907346725463867,5433047
2009-07-01,12.945477215110405,13.314077365886186,12.856504531186776,13.10435676574707,4742715
2009-07-02,12.837441601980704,12.837441601980704,12.259120759132752,12.532394409179688,6138898
2009-07-06,12.50697456659738,12.50697456659738,12.2527675529175,12.424357414245604,3513593
2009-07-07,12.430707900372406,12.513325024655874,12.043043649522062,12.068463325500488,3558889
2009-07-08,12.074825698014966,12.176507848520645,11.75706643580042,11.95407772064209,4603894
2009-07-09,11.985845875793697,12.08752881341809,11.8714535241723,11.99855613708496,4342607
2009-07-10,11.935008998079136,12.125664678609557,11.89687820089088,12.049402236938477,3415594
2009-07-13,12.062109287639494,12.329026491402455,11.915939999769211,12.322670936584473,3290333
2009-07-14,12.233698847116774,12.456129704435469,12.233698847116774,12.386222839355469,2331864
2009-07-15,12.50697380926376,13.148846013926216,12.411646396729802,13.066228866577148,4383988
2009-07-16,13.015383103784758,13.288655842561244,12.996318135301143,13.23781394958496,4075869
2009-07-17,13.24417024289157,13.352207894640864,13.053515463652312,13.320432662963867,2873869
2009-07-20,13.428468484545077,13.790713894256651,13.37762828704191,13.701741218566896,3101603
2009-07-21,13.7843638285101,13.886046805886178,13.638195342870675,13.65090560913086,5834273
2009-07-22,13.625483478762298,13.733521152951688,13.42211754785868,13.663614273071287,6473439
2009-07-23,13.625483754514091,14.15296271866097,13.56193158208511,14.057635307312012,5450243
2009-07-24,13.879690716268428,14.16567294962768,13.866979603977583,14.152962684631348,3534144
2009-07-27,13.78435691699633,14.585108373656627,13.78435691699633,14.400808334350586,7331531
2009-07-28,14.324550526427773,15.182497106323606,14.324550526427773,14.801187515258787,8908615
2009-07-29,14.769412285859664,14.858383281106422,14.26735307583838,14.381746292114258,6997130
2009-07-30,14.54062627803402,15.00455386465156,14.534269875296678,14.718571662902832,5819455
2009-07-31,14.74399395894824,14.953712909719918,14.59146908296361,14.75670337677002,3542113
2009-08-03,15.004554356643954,15.258761331396654,14.921936369649044,15.220629692077637,3866029
2009-08-04,15.15707249561972,15.47483153227525,15.061745123540728,15.360438346862791,3824229
2009-08-05,15.398576947689149,15.506613781195783,14.896517645736662,14.953713417053224,3551339
2009-08-06,14.941002766220617,15.042684882212356,14.705861602047994,14.788477897644045,5083967
2009-08-07,15.0299733108631,15.150721229944548,14.928289514856052,15.080814361572266,3289774
2009-08-10,15.042680575525772,15.176139585497628,14.87109163026801,15.144364356994627,3605162
2009-08-11,15.06809982457042,15.322304991712386,14.921929735228613,15.182491302490234,4760330
2009-08-12,15.226980376210054,15.7099736700524,15.19520514823444,15.493898391723633,4757254
2009-08-13,15.595584154789687,15.760818429488936,15.481190934676537,15.627359390258787,3019960
2009-08-14,15.614652264451353,15.71633438853951,15.080817723810345,15.277827262878418,4312970
2009-08-17,15.17614156695093,15.195207384377424,14.794831996775834,14.972777366638184,5681192
2009-08-18,15.582879140819514,16.523444000151684,15.354092635957818,16.148488998413086,18696992
2009-08-19,15.98325584192542,16.135779059889874,15.875217291591843,16.04680633544922,7608895
2009-08-20,15.976894189094027,16.161192573737697,15.964183079158923,16.091285705566406,4521412
2009-08-21,16.269230600064944,16.2755853075518,16.02773307508906,16.237455368041992,4859308
2009-08-24,16.29464587226509,16.358198010414572,16.09763475237813,16.205673217773438,3110270
2009-08-25,16.205670697013172,16.332774953541318,16.034081814746813,16.103988647460938,4318702
2009-08-26,16.167545728246385,16.294648329121365,15.983245686036382,16.192964553833008,4660233
2009-08-27,16.20567765175144,16.250163991169014,16.034088695846922,16.231098175048828,9810745
2009-08-28,16.313711763476473,16.555207517209954,16.28828955242104,16.415393829345703,5549361
2009-08-31,16.173894278312396,16.3581942503716,16.084921644271716,16.3200626373291,7138887
2009-09-01,16.212027475807243,16.73315228291048,16.19296166542975,16.428104400634766,9285935
2009-09-02,16.50437541841756,16.50437541841756,15.862502370042234,16.02773666381836,9033177
2009-09-03,16.18660943184044,16.231095764651577,15.887917903806136,16.07221794128418,6482526
2009-09-04,16.123062877985994,16.472598955477338,15.98325081941394,16.434467315673828,4551469
2009-09-08,16.434467908564894,16.790357012744014,16.40269267064159,16.78400230407715,5757803
2009-09-09,16.72045127245579,17.279706343365735,16.62512385760424,17.25428581237793,5139747
2009-09-10,17.209789412885414,17.718203125021365,17.120816759073406,17.70549201965332,6009722
2009-09-11,17.71820587292243,17.89615120814383,17.635587911687246,17.826244354248047,6138338
2009-09-14,17.70549973919162,17.90886565163047,17.565687686714156,17.85802459716797,4913131
2009-09-15,17.572039285291925,18.035965096106665,17.572039285291925,17.997835159301758,4638704
2009-09-16,18.004196087957066,18.28382362923573,18.004196087957066,18.19485092163086,4520014
2009-09-17,18.169425266075176,18.315595399313587,17.90886362056384,18.10587310791016,5478762
2009-09-18,18.23297747749326,18.258398001915783,17.680077258478896,18.02961158752441,6202507
2009-09-21,18.25839358260129,18.67147997001282,18.18848673371264,18.309234619140625,7854943
2009-09-22,18.40456701478597,18.40456701478597,18.042323259529955,18.13129425048828,6613658
2009-09-23,18.16942847102344,18.321953338605976,17.889800959279572,17.966062545776367,6227810
2009-09-24,18.03597010229352,18.080456453070965,17.527557811930887,17.68643569946289,4159190
2009-09-25,17.648303389678453,17.692789734500973,17.464003302439103,17.527555465698242,5157502
2009-09-28,17.597459082857974,17.940636972902965,17.470354779843294,17.72456169128418,2935940
2009-09-29,17.66736482942039,17.87708369647995,17.610167388286392,17.73091697692871,4369449
2009-09-30,17.794474222006546,17.83896057278399,17.483071461153443,17.68643569946289,6334058
2009-10-01,16.923813404848644,17.36232043119709,16.720447508141344,16.911102294921875,7631123
2009-10-02,16.783997786263576,16.822129417178687,16.49165923662096,16.72044563293457,4997011
2009-10-05,16.707736459582083,17.14624518212989,16.656897103454416,17.0445613861084,4461298
2009-10-06,17.266995666769272,17.457650482577687,17.1081160887326,17.298770904541016,4036585
2009-10-07,17.20343573010898,17.28605198885382,17.08904255334918,17.22249984741211,2222261
2009-10-08,17.476716308947758,17.635594192448835,17.355966677278822,17.413164138793945,4704969
2009-10-09,17.40680627453773,17.502133665192403,17.387738762900398,17.4576473236084,2916647
2009-10-12,17.53391193530903,17.61017352212885,17.36867764990493,17.4512939453125,2649350
2009-10-13,17.419513747109125,17.495775312211414,17.25427950875993,17.343252182006836,1988935
2009-10-14,17.591106513948294,17.62288344391922,17.457649169672464,17.533910751342773,3873299
2009-10-15,17.470360522051493,17.58475375452841,17.413164753107548,17.552978515625,3953125
2009-10-16,17.425866988146687,17.470353321028266,17.12081905880753,17.292407989501953,4231327
2009-10-19,17.375032497783863,17.50849154673018,17.203443502416437,17.413164138793945,2850103
2009-10-20,17.355956989843484,17.40044331466168,16.75221764142801,16.822124481201172,5498614
2009-10-21,16.834838978682864,17.32418700497045,16.7903526404214,17.082691192626953,6195237
2009-10-22,17.222506483599105,17.222506483599105,16.7395147673824,17.076339721679688,3867287
2009-10-23,17.28605389144542,17.28605389144542,16.5488554090169,16.650537490844727,3930197
2009-10-26,16.6441802016975,16.968293905466407,16.32006649792859,16.33913230895996,4062169
2009-10-27,16.332778762452993,16.5552087213676,16.23109499459958,16.351842880249023,4801990
2009-10-28,16.243810551844096,16.339137945296887,16.015024129721915,16.091285705566406,5502248
2009-10-29,16.199319770351277,16.466236059966455,16.110347108950133,16.351842880249023,3485773
2009-10-30,16.3391374525958,16.402689611177504,15.640068791963044,15.722686767578123,7608335
2009-11-02,15.72268374746182,16.07857271689828,15.690906826980555,15.932402610778809,5675600
2009-11-03,15.900638201708604,16.00867675458193,15.729049153817549,15.90699291229248,3225885
2009-11-04,15.976893303842704,16.256519066445595,15.887920622992928,15.919695854187012,4399226
2009-11-05,16.091287551835254,16.644187852970624,16.07857813503062,16.606056213378906,3690720
2009-11-06,16.82848857500678,16.82848857500678,16.485308889770714,16.63147735595703,3416013
2009-11-09,16.796714172498834,17.1335391998291,16.74587310656689,17.1335391998291,2661512
2009-11-10,17.165311236117166,17.286059168798584,17.025497483625223,17.15895652770996,3696731
2009-11-11,17.362322941317185,17.4512939453125,17.17166812697315,17.4512939453125,4522250
2009-11-12,17.552976012499556,17.597462357373814,17.33690069067372,17.432228088378906,4887688
2009-11-13,17.77540475331335,18.360080207649343,17.63559102087238,18.18213653564453,8756233
2009-11-16,17.953348776597352,18.747744770156324,17.85802139293736,18.66512680053711,6200969
2009-11-17,18.461766123014275,18.881207407059083,18.461766123014275,18.830368041992188,4435435
2009-11-18,18.7413997335686,18.74775444386797,18.51896792719631,18.72233390808105,3923906
2009-11-19,18.4871851416943,18.65877411192619,18.220267082901675,18.512605667114254,3094473
2009-11-20,18.391851594087328,18.46175844569069,18.220262665456637,18.372787475585938,2765244
2009-11-23,18.63335165987652,18.76681067547359,18.49353793722869,18.60793113708496,2347382
2009-11-24,18.633360601229565,18.633360601229565,18.3537330217526,18.58251953125,2167319
2009-11-25,18.557095312405664,18.77317237854004,18.557095312405664,18.77317237854004,2104689
2009-11-27,18.08681280276223,18.48718826398155,17.800828877957848,18.33466339111328,1289655
2009-11-30,18.29017958430836,18.398218121557512,18.15036749873482,18.379152297973636,3572170
2009-12-01,18.493547929027063,18.74140027839147,18.48083681346938,18.709623336791992,3171503
2009-12-02,18.747746843343236,18.868494763026018,18.652419449141625,18.74139213562012,3675901
2009-12-03,18.747748587575504,19.10363767201157,18.747748587575504,18.87485122680664,5010013
2009-12-04,19.065506587112857,19.370554624723106,18.715972200831438,18.976533889770508,4944726
2009-12-07,18.86214182175045,19.059151336326806,18.849430710525095,18.98924446105957,4039521
2009-12-08,18.78587155022488,18.919330542758797,18.56979629654252,18.8049373626709,2677729
2009-12-09,18.773169193441376,18.773169193441376,18.41728010752627,18.588869094848636,4349597
2009-12-10,18.715963516440983,19.027367812644567,18.67147888300005,18.868488311767575,2565889
2009-12-11,18.90662446717004,18.989240742897174,18.78587486523348,18.83671760559082,1967825
2009-12-14,18.932050704407075,19.06550806618508,18.88756435228472,19.046443939208984,1865212
2009-12-15,18.982889213346795,19.116348251770823,18.874850702062272,19.001955032348636,2617056
2009-12-16,19.06549707969683,19.11633980610217,18.85577655250958,18.919328689575195,2867018
2009-12-17,18.715978047276103,18.912989323588697,18.646071148182497,18.709623336791992,2699119
2009-12-18,18.773167250738176,18.957467330259,18.57615775585107,18.684194564819336,4618293
2009-12-21,18.81130099602036,19.02737804683601,18.620646170256364,19.0083122253418,4401743
2009-12-22,19.008302668305777,19.268864245483456,18.951106927169203,19.17989158630371,3469696
2009-12-23,19.19260477299926,19.319709069774177,19.160829546099727,19.25615692138672,3101323
2009-12-24,19.237089034370268,19.313350587464036,19.192602704751856,19.275218963623047,1058006
2009-12-28,19.2752217472008,19.345130299200985,19.211671291072637,19.31970977783203,2347661
2009-12-29,19.32606169360709,19.364191622859877,19.20531211630671,19.275218963623047,4343866
2009-12-30,19.135412197258656,19.85354674235407,19.01466427082785,19.76457405090332,5585010
2009-12-31,19.72644809334004,20.19037576855961,19.656541206588997,19.745513916015625,5224606
2010-01-04,19.94886979115587,20.10139461389082,19.783635555036277,19.891674041748047,3815561
2010-01-05,19.834479591715503,19.84083429882413,19.54849574217596,19.675600051879883,4186031
2010-01-06,19.605693817138672,19.70102120517201,19.54849636756549,19.605693817138672,3243779
2010-01-07,19.56121278601501,19.586635013542285,19.38326905544864,19.58028030395508,3095172
2010-01-08,19.472233393545885,19.60569240501547,19.31971026151364,19.573915481567383,3733918
2010-01-11,19.62475789858658,19.732796395609498,19.49130057236841,19.58662796020508,4781579
2010-01-12,19.42139498204087,19.47859074065853,19.20531797382392,19.35148811340332,2871073
2010-01-13,19.36419363035035,19.561203086580303,19.0972773195568,19.50400733947754,3418949
2010-01-14,19.44046141692476,19.853546239559357,19.383263961902607,19.796350479125977,6163782
2010-01-15,19.840834789717288,19.92980746979364,19.275223478341285,19.338775634765625,4626681
2010-01-19,19.29428804491977,19.592981296718538,19.287933338065557,19.573915481567383,3563642
2010-01-20,19.402325172352366,19.491297840419595,19.18624990318079,19.46587562561035,4589075
2010-01-21,19.701015157746877,19.77092200048529,19.17989034259534,19.395965576171875,6081440
2010-01-22,19.28793855552417,19.28793855552417,18.487187659277573,18.538028717041016,4263061
2010-01-25,18.6968992471519,18.843067641146657,18.57615136973936,18.71596336364746,3608518
2010-01-26,18.665133207567383,18.747751205546216,18.41728260280913,18.61429214477539,2696882
2010-01-27,18.55709284276059,18.61429030368618,18.258401204753127,18.538028717041016,4362179
2010-01-28,18.51260436803823,18.66512750985504,18.10587260068288,18.23297691345215,4937177
2010-01-29,18.385500012678577,18.538024848730657,17.743628826823038,17.813535690307617,5923046
2010-02-01,17.896154960150053,18.63335358650623,17.87708744784918,18.512605667114254,5585429
2010-02-02,18.569798264332448,18.80493935537808,18.487181994429395,18.747743606567383,5884741
2010-02-03,18.67784495889983,18.995604154093314,18.65877913605395,18.77317237854004,6085634
2010-02-04,18.620644319877776,18.71597172328686,18.391857873860424,18.474475860595703,6632392
2010-02-05,18.37279443201535,18.59522448337765,17.908866814393267,18.538028717041016,9546662
2010-02-08,18.56344906972779,18.86214239948916,18.512608012446904,18.557092666625977,6924154
2010-02-09,18.76681886876832,18.88756682839198,18.54438707899635,18.69055557250977,5150651
2010-02-10,18.722328137537637,18.74139395714876,18.353727940352144,18.588869094848636,3255523
2010-02-11,18.58887225688083,18.81765874195396,18.283824174979724,18.65877914428711,6982451
2010-02-12,19.478585492937675,19.53578293073452,18.792228101493457,19.05278968811035,11457868
2010-02-16,19.218029599975083,19.28158176260385,19.046440624925065,19.224384307861328,6559556
2010-02-17,19.29428669047239,19.53578417445321,19.1481182755553,19.46587562561035,4891183
2010-02-18,19.427748975927965,19.701021732721788,19.345132694894804,19.688310623168945,3313959
2010-02-19,19.599340462660084,19.872613254626344,19.459526712526955,19.828126907348636,4186171
2010-02-22,19.8853214737347,19.8853214737347,19.605695684896357,19.796350479125977,4038123
2010-02-23,19.758216960156577,19.802703300517287,19.402327931859517,19.605693817138672,4366373
2010-02-24,19.68196226898719,19.85355128851287,19.6120553803524,19.84719657897949,3945855
2010-02-25,19.599335421802607,19.78363547181233,19.211671201786377,19.758214950561523,4778504
2010-02-26,19.80905664860316,20.031488335144243,19.68830874501878,19.993356704711918,4678127
2010-03-01,19.97428904588664,20.41915237790832,19.97428904588664,20.39373016357422,4723562
2010-03-02,20.336532497818403,20.679712023869072,20.241203439536395,20.565317153930664,6018250
2010-03-03,20.603455958084297,20.67971923128964,20.52719437946773,20.616167068481445,6419616
2010-03-04,20.628872626791296,20.628872626791296,20.234852002402477,20.50177001953125,6100173
2010-03-05,20.86401559899988,21.13093364015224,20.736912980300147,21.0737361907959,7695291
2010-03-08,21.041962303577154,21.067382828940534,20.85766222375107,20.972055435180664,7017820
2010-03-09,20.927569020739885,21.18177596809507,20.88943738553056,21.143644332885746,7083386
2010-03-10,21.09916353174294,21.448696241676625,21.02925495624938,21.39150047302246,4696721
2010-03-11,21.213548163050973,21.353361879344163,21.130931891380527,21.340652465820312,3942360
2010-03-12,21.36607794984372,21.461405351766796,21.181777854235413,21.23897361755371,4015755
2010-03-15,21.175420182812463,21.289813388030293,20.9974748203428,21.169065475463867,3619282
2010-03-16,21.219909492840188,21.34065742230349,21.11187097985257,21.23897361755371,3285999
2010-03-17,21.25168029092059,21.378782902080637,21.175418724224564,21.21354866027832,3926003
2010-03-18,21.162707164088506,21.340652510502764,21.07373449088137,21.26439094543457,4494710
2010-03-19,21.23897361755371,21.391498477383948,21.054673521945404,21.23897361755371,5882504
2010-03-22,21.13728978738497,21.499535240886686,21.02925128318878,21.429628372192383,3946694
2010-03-23,21.46776007434323,21.74103286381929,21.391498491671605,21.67748069763184,5195807
2010-03-24,21.594856708629752,21.67747297009259,21.51859515314369,21.54401397705078,3791516
2010-03-25,21.671121581456937,22.084206341181257,21.652055766019824,21.957103729248047,6941350
2010-03-26,22.020655976984308,22.05243120645681,21.67747638140952,21.80458068847656,4705808
2010-03-29,21.804578697833545,22.05242919318635,21.785512884055244,21.86177444458008,5377687
2010-03-30,21.89990863615516,22.05243177506207,21.89355223442594,22.00159072875977,5980364
2010-03-31,21.957101236940375,21.97616705021337,21.79186701288836,21.855419158935547,5293387
2010-04-01,21.95074902229852,22.1604696029297,21.76644896405397,21.957103729248047,3105098
2010-04-05,21.98252988417624,22.14140946074355,21.95075464669836,22.128698348999023,3731961
2010-04-06,22.014305579121817,22.046080814814047,21.874491830733824,21.963462829589844,3499054
2010-04-07,21.906269070615597,21.95711013021012,21.69019372004434,21.7918758392334,3269503
2010-04-08,21.67112413835592,21.702899371441134,21.321589796063627,21.60121726989746,4199872
2010-04-09,21.632992603636737,21.753742218017575,21.524955793891085,21.753742218017575,3908668
2010-04-12,21.74103164672852,21.81729322513092,21.63299313971687,21.74103164672852,4134585
2010-04-13,21.702893488587947,21.75373622016692,21.531304565097237,21.54401397705078,3616486
2010-04-14,21.56944589850403,21.988887217302693,21.56944589850403,21.868139266967773,11638210
2010-04-15,21.893551580388984,22.821406578747784,21.74738315298928,22.643461227416992,12788624
2010-04-16,22.586269246636785,22.81505568094876,22.28757594042885,22.4146785736084,8066180
2010-04-19,22.45917321906261,22.5227237070492,22.020666040090745,22.34477996826172,4006388
2010-04-20,22.48458158684339,23.177295426704397,22.48458158684339,23.06290054321289,6989860
2010-04-21,22.993004566172964,23.12646363212849,22.745153951786044,22.96122932434082,3142424
2010-04-22,22.75150352173136,23.183655863808053,22.41467857820608,23.158233642578125,4662050
2010-04-23,23.12645788923491,23.310757974191095,22.94215780427872,23.28533744812012,3653673
2010-04-26,23.304407085036367,23.50777132692797,23.177304433854115,23.399734497070312,3953544
2010-04-27,23.259915091712323,23.48870150293658,22.961221815646688,23.01841926574707,6097377
2010-04-28,23.17730063596564,23.41879478634558,23.132812597105467,23.28533744812012,4384408
2010-04-29,23.469638776176534,23.768332091567206,23.42515242954885,23.66029357910156,3237349
2010-04-30,23.672998554771414,23.787393448574075,23.024772685342786,23.04383850097656,4195678
2010-05-03,23.196367380246677,23.44421965567645,23.11375108482939,23.367958068847656,2599162
2010-05-04,23.107388780155805,23.107388780155805,22.319347500419347,22.471872329711918,4539446
2010-05-05,22.19224682646695,22.440099060244425,21.8935535433476,22.090564727783203,4609905
2010-05-06,21.938041007407524,22.128695799486813,19.48494584717053,21.149999618530277,9026606
2010-05-07,21.02924584977601,21.14999373821555,20.01877471594294,20.253915786743164,11155061
2010-05-10,21.086446107089436,21.74738307611574,20.9656982025083,21.728317260742188,5671826
2010-05-11,21.40420164362969,21.93803595526754,21.270744336661508,21.65205383300781,4720207
2010-05-12,21.70925446509525,22.236732453292603,21.69018864855792,22.122339248657227,3972836
2010-05-13,22.13504862039926,22.4273854690628,21.88084170722878,22.103273391723636,6149942
2010-05-14,21.855425625202464,22.05878984138059,21.251684295598785,21.51860237121582,4725659
2010-05-17,21.62028046460626,21.92532842681752,21.347007731625244,21.728317260742188,5824767
2010-05-18,21.60756999926117,21.63934522943712,20.228498574042984,20.381023406982425,16516531
2010-05-19,20.342890527478826,20.81317271710131,20.336535820751077,20.71149063110352,7204174
2010-05-20,20.164949352258784,20.29840668286585,19.70102181241628,19.726442337036133,6588634
2010-05-21,19.26886947828552,20.203079264197605,19.17989679494367,19.917097091674805,8263858
2010-05-24,19.85355049342052,20.095048086498736,19.68831619004549,19.955232620239254,5286956
2010-05-25,19.38326200505045,19.85989894250526,19.0464387951942,19.85354423522949,5348189
2010-05-26,20.025131761452176,20.49541391819648,19.936159095130098,20.012420654296875,5328896
2010-05-27,20.46999182652962,20.83223720027176,20.406441374137383,20.81317138671875,3739091
2010-05-28,20.81952402197692,20.87672145694612,20.43821456720163,20.565317153930664,3430692
2010-06-01,20.393725665515653,20.571670959076556,19.96792993545261,20.00606155395508,3883085
2010-06-02,20.14588247205595,20.47635269165039,19.866256692472334,20.47635269165039,3572170
2010-06-03,20.552614290442097,20.686073319967647,20.30476204912161,20.59074592590332,3770965
2010-06-04,20.088681439527164,20.152233583678573,19.19895819976055,19.28157615661621,6045931
2010-06-07,19.402327770395395,19.50400986489448,19.10998920682763,19.12905502319336,5700625
2010-06-08,19.179890929272798,19.300638807771133,18.62699257040269,18.963815689086918,8392054
2010-06-09,19.052790793276277,19.364193435161237,18.684190710276702,18.76045227050781,6052082
2010-06-10,19.078215346568708,19.370552236550058,18.91933579155815,19.35148811340332,4699657
2010-06-11,19.097277928032515,19.561203709837574,19.097277928032515,19.529428482055664,2706528
2010-06-14,19.78999083338699,20.33653629483738,19.675599331267,19.993356704711918,5820992
2010-06-15,20.209431397603904,20.476349413631876,20.050551868242746,20.463638305664062,3576503
2010-06-16,20.33018359285852,20.83224107192348,20.203079275275137,20.736913681030277,4280816
2010-06-17,20.844953323022605,20.844953323022605,20.349248829725923,20.635231018066406,3175138
2010-06-18,20.68607697682542,20.93392756737189,20.590749565909235,20.72420692443848,3728326
2010-06-21,21.01018912198805,21.207198636437788,20.47635464805509,20.609813690185547,4096000
2010-06-22,20.59710499460345,20.92121888088168,20.330188573627364,20.349252700805664,2854856
2010-06-23,20.38738123800398,20.54626080240559,20.006071639111173,20.31747436523437,3223229
2010-06-24,20.164950573160382,20.285698496062626,19.47223657520965,19.548498153686523,5806453
2010-06-25,19.650175755040948,19.720082609604543,19.345129511041684,19.50400733947754,5359792
2010-06-28,19.46588206392083,19.61205222177185,19.24980841787161,19.434106826782227,3104399
2010-06-29,19.084565417234774,19.186249188921177,18.42362852692058,18.56344223022461,6626240
2010-06-30,18.531672796009254,18.74139341650393,17.997838335242008,18.067745208740234,5267804
2010-07-01,18.11223328637117,18.182140166551804,17.43858501421333,17.9724178314209,6993495
2010-07-02,18.02325443704852,18.042320251428244,17.53390644271497,17.6610107421875,4633951
2010-07-06,18.016902775227067,18.15671651152169,17.495777770663384,17.635591506958008,5281924
2010-07-07,17.661016349450446,18.20120386265539,17.6165283053808,18.156719207763672,4614518
2010-07-08,18.28381410087096,18.398207280378585,18.03596192950639,18.309234619140625,5118078
2010-07-09,18.35371843247823,18.398204756995742,18.080445780324368,18.207550048828125,3316615
2010-07-12,18.1185850425837,18.252044072431996,17.813537041922398,17.92157554626465,5240123
2010-07-13,18.09316116702701,18.39820911120696,18.061384245086572,18.27110481262207,5721874
2010-07-14,18.188490573441765,18.588865938946636,18.16307004980563,18.23297691345215,5884462
2010-07-15,18.18849117638584,18.258398042349757,17.87708678599016,18.048677444458008,5779052
2010-07-16,17.92157550682968,17.97877126544525,17.139888841825393,17.178020477294922,8874364
2010-07-19,17.343258547928784,17.61017497105392,17.20344477996107,17.502138137817383,7919530
2010-07-20,17.178022907421013,17.50849147961164,16.993722800893746,17.489425659179688,6096818
2010-07-21,17.591105934368592,17.92157616656284,17.419516957616587,17.527555465698242,6225154
2010-07-22,17.762698436195663,18.347373992501023,17.762698436195663,18.252046585083008,5102001
2010-07-23,18.15036116021021,18.690548574042325,18.08045259995325,18.620641708374023,5194129
2010-07-26,18.569799573421868,18.8557817268127,18.49989271184265,18.83671760559082,2971729
2010-07-27,18.89392376950637,18.89392376950637,18.309248031815788,18.34737968444824,4670858
2010-07-28,18.296525376123217,18.601575015603533,18.26475014869704,18.290170669555664,4355749
2010-07-29,18.410926104850223,18.52531763772367,17.654659861881505,17.889801025390625,6163223
2010-07-30,17.654657347666088,17.90250958763593,17.57839577174795,17.749984741210938,5164771
2010-08-02,18.016894838819287,18.410915348865093,17.921567487390714,18.315587997436523,4052383
2010-08-03,18.18213127774695,18.258392829410028,17.667362838491865,17.69278335571289,5927800
2010-08-04,17.705502200454085,18.016906667856087,17.635595317203094,17.978775024414062,3288935
2010-08-05,17.813538279266144,18.19484788293168,17.76905193289332,18.086811065673828,2891483
2010-08-06,17.90886746761843,18.271111288337497,17.838960586996606,18.25840187072754,4722164
2010-08-09,18.37915038679608,18.982891801499097,18.347375147186632,18.95111656188965,5157222
2010-08-10,18.70962279289289,18.862147702203803,18.51261321689693,18.72233390808105,4874407
2010-08-11,18.34101989164642,18.366438726905283,17.78176315122606,17.934288024902344,3952426
2010-08-12,17.572040397741922,17.65465667820661,17.41951555710063,17.495777130126953,4552867
2010-08-13,17.406806114764677,17.69914299153207,17.349608664143677,17.381383895874023,3420906
2010-08-16,17.22886204919885,17.5911058187588,17.158955178449865,17.260637283325195,4635908
2010-08-17,18.271106244566905,18.76681067547359,18.06138566059517,18.60793113708496,10206518
2010-08-18,18.639716437698382,18.8494371349792,18.47448210298527,18.709623336791992,4255512
2010-08-19,18.5888679039562,18.595222611889827,17.934285538306174,18.137651443481445,4729853
2010-08-20,17.95970364381275,18.21391056736969,17.788114690611952,18.150360107421875,4716712
2010-08-23,18.26474750291836,18.29652272574167,17.74362435892235,17.769044876098633,4365674
2010-08-24,17.489424895199484,17.58475229860615,17.216152101652966,17.387741088867188,4102850
2010-08-25,17.247931095966184,17.68643652626178,16.955592447846694,17.59746551513672,6108701
2010-08-26,17.71820766439053,17.877085507372605,17.470355450213287,17.48306655883789,4125778
2010-08-27,17.597455961511695,17.826242310686393,17.178014886220808,17.769044876098633,4677708
2010-08-30,17.648300044566138,17.908861661575546,17.591102600097656,17.591102600097656,3624874
2010-08-31,17.52120028780528,17.540266107574503,17.000076918587247,17.139890670776367,7467417
2010-09-01,17.444940489171138,18.080457147474014,17.432231071083184,17.978775024414062,5088580
2010-09-02,18.09316008176348,18.58886274949913,18.016898523939915,18.56344223022461,3802979
2010-09-03,18.741395738166062,19.05915321505579,18.741395738166062,18.97018051147461,3164932
2010-09-07,18.86849532652888,18.881204742354672,18.398213049199097,18.423633575439453,3085805
2010-09-08,18.48082935572645,18.58251315538611,18.29652926934388,18.32830619812012,3923627
2010-09-09,18.588861979891192,18.67783464096257,18.37914143361791,18.385496139526367,2937198
2010-09-10,18.398207994842767,18.54437640421663,18.252039585468907,18.372787475585938,2481031
2010-09-13,18.576157827958507,18.72232627277044,18.39821245543009,18.512605667114254,4135424
2010-09-14,18.44270131008732,18.65877665287643,18.207560146989685,18.538028717041016,3676740
2010-09-15,18.52532125493171,18.81765993654783,18.27111422144487,18.69055557250977,5233972
2010-09-16,18.64606553950852,19.19261114689005,18.59522448174953,19.09092903137207,6245285
2010-09-17,19.26886893204408,19.65653488650586,19.19896206776989,19.4150390625,6663148
2010-09-20,19.56120749258105,19.789993921701143,19.427750154418305,19.7200870513916,5145479
2010-09-21,19.68831197158776,19.891677876240788,19.56756404821492,19.796350479125977,4078525
2010-09-22,19.68831189485518,19.917098324874573,19.542143445793972,19.548498153686523,5396560
2010-09-23,19.3769118123694,19.643828220614783,19.287939111424603,19.4213981628418,3913841
2010-09-24,19.681952221516205,20.438216496776388,19.681952221516205,20.39373016357422,5083967
2010-09-27,20.38102465654628,20.425510998273225,20.133172423294543,20.336538314819336,3866868
2010-09-28,20.31112402875074,20.616172112438917,20.152244430153125,20.55261993408203,3996742
2010-09-29,20.400093223808224,20.75598403516472,20.400093223808224,20.70514297485352,4729015
2010-09-30,20.82588590849038,21.315235696243853,20.74326962227723,21.20719718933105,8493689
2010-10-01,21.410555511332905,21.78551025693288,21.21990078571776,21.435976028442383,8238554
2010-10-04,21.32794124299495,21.359718165810605,20.578031622290062,20.71149063110352,6835801
2010-10-05,20.94028271981024,21.219910227016296,20.88308525992413,20.997478485107425,5904733
2010-10-06,20.984764844116818,21.048317004800104,20.52083898543612,20.7623348236084,4522250
2010-10-07,20.927570472316173,21.3025253643902,20.870374710123688,21.09916114807129,5224606
2010-10-08,21.10551014469744,21.556726495784734,20.965696436519583,21.48046493530273,4003033
2010-10-11,21.461405340183664,21.58850967240507,21.321591591493437,21.448694229125977,2680246
2010-10-12,21.35972828889471,21.55673784753192,21.156362325928782,21.40421295166016,4812196
2010-10-13,21.5757942914267,21.91261748543617,21.54401736736568,21.80458068847656,4471503
2010-10-14,21.78551745125064,21.83000209994144,21.62663789590787,21.753742218017575,4072514
2010-10-15,21.988880208580103,22.077852889285417,21.65841170417919,21.91261863708496,3888817
2010-10-18,21.918978864541668,22.0969225624205,21.69019241553712,22.02701568603516,2889666
2010-10-19,21.690191908932253,21.899912533189955,21.32794642403765,21.620285034179688,5580676
2010-10-20,21.69654712395699,22.147763618957303,21.6647701926798,22.02701568603516,3486612
2010-10-21,22.109631662683498,22.24308900030567,21.87449052664829,22.084209442138672,4276622
2010-10-22,22.07785473429685,22.192247948393533,21.938040994244087,22.084209442138672,3521422
2010-10-25,22.26215501323966,22.344772994261454,22.084209635401194,22.17953872680664,3706098
2010-10-26,22.00793957098245,22.24307890571547,21.861769494835567,22.115976333618164,4473740
2010-10-27,21.91262371349266,22.090569116127167,21.71561418450932,21.98253059387207,2316206
2010-10-28,22.32570833842343,22.45281097593398,21.874491857024893,22.192249298095703,3349608
2010-10-29,22.1286857435339,22.24943361067334,22.0015831714366,22.115976333618164,2703592
2010-11-01,22.204959058665946,22.319350578173875,21.849070000692222,22.084209442138672,2885472
2010-11-02,22.23038033613965,22.363839372862277,22.103277702062485,22.281221389770508,2930068
2010-11-03,22.357478432492428,22.42103058392673,21.963457804941324,22.312992095947266,3352823
2010-11-04,22.56084314331656,22.90402101536757,22.503645701582467,22.87224578857422,3856663
2010-11-05,22.859542165512075,23.13281325216057,22.78328058513962,23.12010383605957,3263212
2010-11-08,22.973934000165244,23.12010244405923,22.77692281116191,22.992998123168945,2605732
2010-11-09,22.993007203817747,22.993007203817747,22.395622082391437,22.548145294189453,4461158
2010-11-10,22.53542953062325,22.66253217134509,22.17318573362431,22.4083251953125,4641220
2010-11-11,22.11598766982793,22.751504245243428,21.912621755642984,22.70701789855957,5294925
2010-11-12,22.815054469339284,23.86365749209171,22.567202229565535,23.107391357421875,9890570
2010-11-15,23.221784001406046,23.272626745325,22.732435936071894,23.005708694458008,6752060
2010-11-16,22.757853052036847,22.78327357100161,22.115980288058644,22.268505096435547,6894796
2010-11-17,22.243091626470505,22.465523373083798,22.141409510640973,22.37655067443848,3886440
2010-11-18,22.649819693696998,23.132811357757976,22.573556424981117,23.0247745513916,4135144
2010-11-19,22.98664602124492,23.17730252419299,22.738793753624662,23.17094612121582,2985289
2010-11-22,22.973930892643068,23.24084721906684,22.751499208466196,23.056547164916992,3195828
2010-11-23,22.78963207183333,22.78963207183333,22.319348156206672,22.516359329223636,3200302
2010-11-24,22.637102356035605,23.15187080529922,22.58626132060506,23.094675064086918,3026530
2010-11-26,22.853187419678072,23.15823374066355,22.73243779938531,23.101037979125977,1094634
2010-11-29,22.84682463601861,22.884956262786183,22.440094627047294,22.656169891357425,4813034
2010-11-30,22.3892573614363,22.49729416450669,22.23673252324644,22.25579833984375,6086612
2010-12-01,22.65616937727165,22.97392840755566,22.630748858199524,22.95486259460449,5770804
2010-12-02,22.86589369641016,23.41243748835522,22.808696248136638,23.3361759185791,4237338
2010-12-03,23.196353634904955,23.889067298241752,23.18364422525912,23.81916046142578,4565449
2010-12-06,23.70477561353115,23.76832776780817,23.545896075132877,23.596738815307617,2309216
2010-12-07,23.889077562167472,24.07337763792016,23.83188011042249,23.882722854614254,5754727
2010-12-08,23.889080699227428,23.99711752017396,23.60309848671404,23.93356704711914,4697140
2010-12-09,24.054305550351764,24.18776454171214,24.00346281941335,24.18140983581543,4770395
2010-12-10,24.149640876631715,24.72160526596716,24.149640876631715,24.49281883239746,7753308
2010-12-13,24.49281769926309,24.842352041437955,24.359360364679027,24.594501495361328,6566406
2010-12-14,24.658054831724325,24.931325916207115,24.645343721135248,24.72160530090332,4478074
2010-12-15,24.79151227552691,24.90590549294801,24.4419796098259,24.454689025878903,4601797
2010-12-16,24.537305063227556,25.274503668108903,24.454687087077843,25.25543785095215,6021885
2010-12-17,25.26814857962869,26.04983526157295,25.160111767771628,25.76385307312012,9358631
2010-12-20,25.484231144779503,25.846474990157542,25.07749925097113,25.821054458618164,5625133
2010-12-21,25.833757431588594,26.094319068707374,25.751139459176283,25.948150634765625,5054189
2010-12-22,25.840119021692047,26.09432601928711,25.668530018515728,26.09432601928711,3849533
2010-12-23,25.99899348172833,26.25955513688573,25.99899348172833,26.100675582885746,2290483
2010-12-27,25.986281318837023,26.72983631354105,25.986281318837023,26.64086532592773,5207969
2010-12-28,26.64721662698726,26.742544004421028,26.304037051472623,26.380298614501957,4221960
2010-12-29,26.3993701726266,26.70441818570175,26.380304354074,26.49469757080078,2677030
2010-12-30,26.46291782335631,26.59637514128744,26.342169919233623,26.431140899658203,2217228
2010-12-31,26.329469680786133,26.501058700158996,26.20872172681344,26.329469680786133,2050726
2011-01-03,26.41207829941088,26.78067843449089,26.31675091200585,26.61544418334961,4994075
2011-01-04,26.685351180175857,26.755258048700032,26.170582575096805,26.36759376525879,5017282
2011-01-05,26.22142140141846,26.52011295398817,26.05618716365641,26.310392379760746,4519035
2011-01-06,26.29133541720385,26.59002705109115,26.18965160849064,26.361242294311523,4699097
2011-01-07,26.38665651052149,26.564600167670587,26.081606851945995,26.45020866394043,3810948
2011-01-10,26.316757111524115,27.14928327062127,26.246850231319684,26.831525802612305,4397968
2011-01-11,27.022182314217503,27.52423992461687,26.933209607552293,27.289098739624023,4635069
2011-01-12,27.454331703339506,27.58779075683947,27.301808523273003,27.40984535217285,3443554
2011-01-13,27.25095761346481,27.47338930273256,27.244602906511023,27.308155059814453,2343747
2011-01-14,27.193759392106983,27.5623594753686,27.174693578388563,27.49245262145996,3097549
2011-01-18,27.56236197199504,28.248719465910643,27.530585048056498,28.18516731262207,4168277
2011-01-19,28.10255689548956,28.14704324260436,26.86329896831852,26.96498107910156,6341747
2011-01-20,26.659928184881228,27.060303541229327,26.34852550651905,26.87600517272949,6814970
2011-01-21,27.009466096896453,27.49245948852225,26.7107744875247,26.761613845825195,4200431
2011-01-24,26.806099999296634,27.193764271243477,26.736193132845223,27.181053161621094,2890365
2011-01-25,27.181052136619822,27.657690768771868,26.869649450384284,27.13021278381348,4379654
2011-01-26,27.212830817728,27.308158211390417,26.717128031765693,27.05395126342773,5490505
2011-01-27,27.181057789613845,27.384423716077396,26.92685249977061,26.977693557739254,4459201
2011-01-28,27.009462989616893,27.02217409867127,25.97992585599026,26.04347801208496,5074460
2011-01-31,26.18964896808525,26.583669662475582,25.98628306575085,26.583669662475582,5160018
2011-02-01,26.73620278291145,27.13657830899074,26.647230067207328,26.72349166870117,4736843
2011-02-02,26.53282289210421,26.6345049740622,25.941792825193694,26.202354431152344,5551178
2011-02-03,26.011697855194942,26.1705773783991,25.566837901564742,26.049829483032227,4924874
2011-02-04,26.126097971146063,27.409840437592575,26.018059467028472,27.32086944580078,7265126
2011-02-07,27.613212462773188,28.388542897601663,27.562371400585928,28.242374420166016,6388720
2011-02-08,28.37582780714999,28.41395774887388,27.854702787428344,28.07077980041504,5220971
2011-02-09,27.96910033295114,28.070784147334948,27.42891110601057,27.600500106811523,5283601
2011-02-10,27.46703529572304,27.969092744225097,27.053948830606807,27.96273803710937,4579568
2011-02-11,27.81657342880484,28.69358752567006,27.740310154580875,28.61096954345703,6201668
2011-02-14,28.598260826897185,28.86517551485372,28.42031544214104,28.46480178833008,4865320
2011-02-15,28.464791021056,28.598250009140056,27.098429306100112,27.10478401184082,10243286
2011-02-16,27.263672456959867,27.708534201850878,27.136569827529044,27.689468383789062,5815400
2011-02-17,27.568721815802604,27.96274252826764,27.33993537700499,27.911901473999023,3665276
2011-02-18,27.86741512786677,28.147042620933007,27.7403107976064,27.911901473999023,6137639
2011-02-22,27.4988059144852,27.80385383453636,26.93955111196001,27.003103256225582,5792893
2011-02-23,27.04759535640977,27.16834327005544,25.382541700403323,25.706655502319336,9889732
2011-02-24,25.636751144261478,26.40572504235297,25.53506734288773,26.151519775390625,6228789
2011-02-25,26.18328983974875,26.952265280580917,26.13880350316777,26.920488357543945,6007765
2011-02-28,26.96497800451493,27.10479173819428,26.28497515336329,26.7425479888916,4292279
2011-03-01,26.67899844553448,27.00311228671561,25.833761253028985,25.852827072143555,5719777
2011-03-02,25.782921986077834,26.41843860156356,25.649462937611474,26.34853172302246,4721465
2011-03-03,26.767969750797324,27.41619739955802,26.767969750797324,27.212831497192383,6092484
2011-03-04,27.54965275050249,29.74854079793137,27.54965275050249,29.71040916442871,18664139
2011-03-07,29.399007481852323,29.742185397019497,28.83975257466007,29.151153564453125,10355405
2011-03-08,29.240127157999027,29.3672314742907,29.0304082558362,29.21470832824707,5445350
2011-03-09,29.01134386086048,29.265552520751957,28.34405205970628,29.265552520751957,4869653
2011-03-10,28.82703992122829,29.0494716216519,28.42031154237052,28.52199363708496,6788269
2011-03-11,28.642747579516023,28.916016979494625,27.89919079462943,28.81433486938477,6208798
2011-03-14,28.65545757499159,28.85882179932045,28.032650401512225,28.4965763092041,7917853
2011-03-15,27.54965342601342,28.070778420110145,27.06030535881095,27.84834671020508,9660599
2011-03-16,27.702184902936526,27.81022342998904,26.602740588983263,26.90143394470215,7049695
2011-03-17,27.40984424506172,27.632275991910745,26.62815916596861,26.977693557739254,6082838
2011-03-18,27.409846686702902,27.75938110960972,27.123864439212536,27.289098739624023,5429273
2011-03-21,27.6576945456316,28.1978837134998,27.62591931031776,27.930967330932617,4382311
2011-03-22,27.90554224002974,27.930962763041244,27.168341988930383,27.447969436645508,3381622
2011-03-23,27.29545194414701,27.867416372089234,27.16834760821169,27.753023147583008,5258018
2011-03-24,27.962740038317836,28.032646905359517,27.613205703109426,27.90554428100586,3846597
2011-03-25,27.96908955123108,28.280492194002697,27.79114591018517,27.988155364990234,2914411
2011-03-28,28.11526822993459,28.388541039541494,27.880128756355912,27.93732452392578,4169815
2011-03-29,27.924611406110884,28.35676376455476,27.65134031072184,28.31863212585449,3209389
2011-03-30,28.464796058257285,28.706291865021868,28.37582338378976,28.65545082092285,3514712
2011-03-31,28.547417279946337,28.610967745019902,28.255077006582216,28.458444595336918,3068470
2011-04-01,28.52200227190048,28.9033119371068,28.45845179075884,28.68723487854004,3092795
2011-04-04,28.642747577893445,28.858821214570227,28.19152940148156,28.49022102355957,2983192
2011-04-05,28.439379970118576,28.916016979494625,28.350407276478016,28.81433486938477,4385246
2011-04-06,28.92236983163261,29.043116044548253,28.420310691192174,28.78255271911621,3287956
2011-04-07,28.74443052245111,28.87788956677872,28.127978051929954,28.515644073486328,2939155
2011-04-08,28.71900370147864,29.024053380983634,28.452085655558925,28.52834892272949,2798097
2011-04-11,28.471157449381685,28.82704484162756,28.375830045668604,28.59190368652344,2207162
2011-04-12,28.43301913874961,28.852460294508194,28.14068228784493,28.56012344360352,3874697
2011-04-13,28.731718056948164,29.6977049207836,28.72536334845408,29.608732223510746,7127423
2011-04-14,29.40536124488545,29.69134339653808,28.985920077959523,29.63414764404297,6499582
2011-04-15,29.621444328505035,30.49210386558177,29.44350230698978,30.187057495117188,6851598
2011-04-18,29.77396570216778,29.77396570216778,28.80162421144595,29.602375030517575,6401023
2011-04-19,29.68499547536609,29.742191240935902,29.42443209229113,29.70405960083008,6125197
2011-04-20,30.17433688205837,31.03228677905227,30.12985054089309,30.91153717041016,5067750
2011-04-21,31.095841879756644,31.394536897603626,31.000514475783262,31.35640525817871,4284171
2011-04-25,31.1975051849473,31.2547009150158,30.485727438423524,30.619186401367188,4669040
2011-04-26,30.778086549559625,31.928373637289468,30.771731840397887,31.394540786743164,6710400
2011-04-27,31.432663056886906,31.84574957635147,31.2801398985112,31.79490852355957,3805076
2011-04-28,31.674160181677305,32.119023648010135,31.553413947371048,31.979209899902344,3151511
2011-04-29,31.966495195301587,32.20799101314141,31.66780023469729,31.71864128112793,3312561
2011-05-02,31.934727079995792,32.25884095863832,31.78855860753788,32.05547332763672,3657867
2011-05-03,32.08088700360431,32.20799131546255,31.83939118349768,32.15715026855469,3154307
2011-05-04,32.13172862454335,32.22705601284575,31.229295789335467,31.45808219909668,5215239
2011-05-05,31.375458248043905,31.744058316370943,31.153026587988517,31.248353958129883,4840715
2011-05-06,31.76948826073317,32.11266962470294,31.299205951538376,31.60425567626953,3613271
2011-05-09,31.68052464717886,31.794916196271075,31.43267064218174,31.69958877563477,2830810
2011-05-10,31.839399379464652,32.24613124860395,31.50893079490712,32.20164489746094,5826584
2011-05-11,32.09995484031097,32.18892752999119,31.55976738345544,31.79490852355957,4219723
2011-05-12,31.67416264227121,32.15080307584905,31.38818041563129,31.985567092895508,5065373
2011-05-13,34.36239310052948,35.16314382898246,32.86892844508498,33.41547393798828,14105680
2011-05-16,33.167626152854695,33.68239481554825,33.09136626267872,33.250244140625,7251706
2011-05-17,32.85621282511007,32.98967181950895,32.29059992813105,32.519386291503906,6319100
2011-05-18,32.49398783152166,32.945206135007275,32.411369822853246,32.87529754638672,5553695
2011-05-19,33.00873534919317,33.034154172905595,32.4431258514737,32.513031005859375,7214659
2011-05-20,32.506681457500974,32.544813088296145,32.04910866631298,32.220699310302734,4684418
2011-05-23,31.65508497519588,31.65508497519588,30.822557486209515,31.203866958618164,5963588
2011-05-24,31.29285394129991,31.29285394129991,30.752666404573567,30.943321228027344,4805206
2011-05-25,30.67003314631838,31.343679402027853,30.58741519349277,31.153024673461918,5223208
2011-05-26,30.962374394706565,31.521629249321293,30.89882393911012,31.38817024230957,4569363
2011-05-27,31.39452842196379,31.61695671173376,31.24835661210094,31.521629333496094,2993957
2011-05-31,31.578830951942575,31.794907964391246,31.280139348395974,31.693225860595703,3694075
2011-06-01,31.642379962432663,31.642379962432663,30.428542832279287,30.504802703857425,5815261
2011-06-02,30.612831696823548,30.905168440885426,30.415818910092,30.619186401367188,4654921
2011-06-03,30.11714064772997,30.473031371400037,29.76124992405991,30.142562866210938,4042037
2011-06-06,30.02817498723205,30.18705626423484,29.862942390595663,29.90742874145508,2882117
2011-06-07,30.19339604111008,30.5365738714679,29.96460969114608,30.31414222717285,5771503
2011-06-08,30.19976676946358,30.54929949093723,30.079017130159936,30.339580535888672,6588355
2011-06-09,30.403125815181223,31.22294414638483,30.320507833429996,30.956026077270508,4587118
2011-06-10,30.790781846365785,31.102186176719652,30.587417689745845,30.62554931640625,5479321
2011-06-13,30.67004522263364,30.759017916220884,29.932844841012304,30.206117630004883,5627509
2011-06-14,30.727233136851613,31.705929127133164,30.63826046599176,31.121252059936523,6710959
2011-06-15,30.79714559996829,30.79714559996829,30.021816983202022,30.104434967041016,4896495
2011-06-16,30.02817498723205,30.352288860871223,29.475274650484156,29.90742874145508,4245027
2011-06-17,30.301440716890934,30.542936541162515,30.059944892619352,30.142562866210938,5989591
2011-06-20,29.926485323129427,30.8416309448471,29.75489467176307,30.74630355834961,5328337
2011-06-21,30.94967689879189,31.979214333110114,30.930609382347075,31.661455154418945,4937736
2011-06-22,31.502577306791427,31.674164619982378,31.09584542189112,31.10855484008789,3200302
2011-06-23,30.619199668865846,31.44536923351127,30.14891743710273,31.381818771362305,4860007
2011-06-24,31.343685850686324,31.350040557722423,30.727235208882632,30.816207885742188,3699527
2011-06-27,30.72723527749398,31.235649122465063,30.409476200739917,31.044994354248047,4281515
2011-06-28,31.159401336075355,32.22707060189774,30.98145928275394,32.080902099609375,4629337
2011-06-29,32.277899733082336,32.50033145392973,32.01098505724299,32.15079879760742,4879439
2011-06-30,32.119024347265224,33.04052484103232,32.0936021247023,32.48126983642578,4887268
2011-07-01,32.557521485536235,33.1294857620727,32.366866726690745,33.046871185302734,3925025
2011-07-05,33.002378263080885,33.0468645905457,32.59564661042772,32.830787658691406,2608668
2011-07-06,32.73546657962999,32.97060767301296,32.5765887448706,32.93247604370117,3521282
2011-07-07,33.32016424083967,33.44091052088908,32.76726374715734,33.288387298583984,3384977
2011-07-08,32.44313177662424,32.89434648251449,30.987798788826183,31.922008514404297,11101238
2011-07-11,31.426301872675467,31.71228400663696,31.095833403041507,31.1975154876709,4169675
2011-07-12,30.87975433588088,30.917885962323584,30.25059436169456,30.549285888671875,5866847
2011-07-13,30.663683348088835,30.9433107799614,29.996391691312876,30.593774795532227,7282182
2011-07-14,30.67639852270157,30.67639852270157,29.894711830169,30.079011917114254,5226563
2011-07-15,30.256951044071226,30.256951044071226,29.596014106485573,29.920127868652344,5284859
2011-07-18,29.684990527022933,29.71676745334371,28.47750799696096,28.890594482421875,9249308
2011-07-19,29.081251731909507,29.920134188936373,29.049474802889865,29.83116149902344,4987365
2011-07-20,29.83752841087749,29.894724195164496,29.37995535822346,29.818464279174805,5347769
2011-07-21,29.95827807919804,30.05996022663694,29.55154610026346,29.818464279174805,5937865
2011-07-22,29.837512888851062,29.95826249435544,29.564240141533705,29.79938125610352,2894140
2011-07-25,29.354520870591283,29.69134407540485,29.297325116788443,29.487979888916016,2576654
2011-07-26,29.12573988563542,29.27190834551901,28.356764252272463,28.4965763092041,7169783
2011-07-27,28.242370684374617,28.242370684374617,26.8760101168252,26.98404693603516,9148232
2011-07-28,26.926848764911483,27.1874104218016,26.61544605710457,26.806100845336918,10474515
2011-07-29,26.399375217535148,27.250967255853748,26.240495625353415,26.79339599609375,5363986
2011-08-01,27.085727909141387,27.18741171038313,25.72572210700869,25.92273330688477,7920509
2011-08-02,25.64310242994306,26.14515988342477,24.734313214426678,24.74702262878418,7940221
2011-08-03,24.83600037741257,24.98852524295761,24.086090550406027,24.912261962890625,6587236
2011-08-04,24.67711636502016,24.67711636502016,23.42514920722296,23.45692443847656,8617552
2011-08-05,23.895435937116524,24.143288210206983,22.47823256533213,23.253562927246094,12583678
2011-08-08,22.52907511716533,22.83412145889116,20.56532615924113,20.69243049621582,13254019
2011-08-09,21.14364504610445,21.760097464976308,20.400089996561917,21.74103164672852,11422639
2011-08-10,21.175424493399,21.448695605492038,20.1967281897643,20.241212844848636,14205497
2011-08-11,20.412795745175234,22.23037390117676,20.2475615214104,21.93168067932129,11281720
2011-08-12,22.21131319656188,23.47599153242666,21.86813356307786,23.01206398010254,13183979
2011-08-15,23.336177784397,23.876366912364745,23.15823241277005,23.831880569458008,9078332
2011-08-16,23.49505170085253,24.23225014658588,22.897665263378904,23.278976440429688,10777182
2011-08-17,23.43151373275044,23.673009658481327,22.35748979236357,22.751510620117188,6578289
2011-08-18,21.9825233981186,21.995234506112645,20.33653574090262,20.482704162597656,10285366
2011-08-19,20.171302742995337,20.8195286203688,19.72008464762369,19.751861572265625,8476493
2011-08-22,20.33017752565695,20.46363481632613,19.332415878206216,19.383256912231445,9511712
2011-08-23,19.52943724070408,20.489067851652376,19.205323332532465,20.24757194519043,11927876
2011-08-24,20.24756741475576,21.054672955259758,20.05691261604108,21.022897720336918,7933370
2011-08-25,21.24532268532985,21.53130650976153,20.69242423988387,20.991117477416992,9486269
2011-08-26,20.743267855930803,22.21131201041691,20.406444642701548,22.16047096252441,10275300
2011-08-29,22.52271409053475,23.425148597278863,22.401966181408746,23.3361759185791,10804862
2011-08-30,23.183661792932856,23.564971484656866,22.802350406619613,23.272634506225582,5448705
2011-08-31,23.361600236631634,24.187773307800903,23.16459072572783,23.431507110595703,7548641
2011-09-01,23.38702603945514,23.736560488120325,22.6688913186359,22.77692985534668,6791204
2011-09-02,22.17953348864944,22.29392667673088,21.60121284184562,21.86177444458008,7926660
2011-09-06,20.83860316521412,21.632999500606363,20.43187293288571,21.556737899780277,10573214
2011-09-07,21.88084592656619,22.81505579241359,21.874491218523367,22.681596755981445,8880655
2011-09-08,22.5036442055252,22.56719634947529,21.537659412589797,21.6965389251709,8666062
2011-09-09,21.385141983909413,21.94439693228544,20.997476005752866,21.200841903686523,6258566
2011-09-12,20.76869075138569,21.31523631510983,20.38738115406285,21.23261833190918,7395839
2011-09-13,21.302521022130648,22.24308541464949,21.21990474973862,22.103273391723636,7681451
2011-09-14,22.31935060469331,23.66664695490957,22.007949585008657,23.24720573425293,9617122
2011-09-15,23.59038993569874,23.66029681931741,22.929452743154677,23.539548873901367,6804485
2011-09-16,23.6348710699296,23.774684806296587,22.700661258258226,23.107391357421875,6992516
2011-09-19,22.50364685823224,22.50364685823224,21.55672776631883,22.21766471862793,8326907
2011-09-20,22.46552089759244,23.190010129518267,22.2685113962341,22.274866104125977,6024262
2011-09-21,22.30028187352847,22.306636580064858,20.457283105491573,20.49541473388672,11669525
2011-09-22,19.758216142183866,20.07597521886581,19.529429742539943,19.88531875610352,8830607
2011-09-23,19.7010204972652,20.47635068288488,19.592982003901483,20.13317108154297,6071374
2011-09-26,20.361964590842263,20.66701266699848,19.936168565001797,20.584396362304688,7663836
2011-09-27,21.232618309996187,21.96346226897364,21.06738403835423,21.32794570922852,6660491
2011-09-28,21.38514733983967,21.416922580923277,20.069625923387733,20.10775756835937,6491194
2011-09-29,20.654300148657885,20.902152435055747,19.929812499840505,20.667011260986328,6669439
2011-09-30,20.228497724271808,20.43821830163561,19.7327950035724,19.85989761352539,5866288
2011-10-03,19.63747019542788,19.72644288134672,18.67148514945305,18.684194564819336,7265266
2011-10-04,18.347376117207045,19.720091620828534,18.22027176287114,19.70738220214844,7549200
2011-10-05,19.78364173687829,20.444578887881303,19.510370623245688,20.412803649902344,6863481
2011-10-06,20.317478613711867,21.327950278825337,19.98700999962376,21.31524085998535,7000066
2011-10-07,20.52718918413296,20.74326444948665,19.33877268280512,19.936159133911133,11309261
2011-10-10,20.425510488842264,21.25803646211007,20.349247222304623,21.169065475463867,5389290
2011-10-11,20.889435551522297,21.67747684967765,20.69242607427774,21.56308364868164,5474009
2011-10-12,21.741032875684773,21.97617402665892,21.226264226839863,21.46776008605957,10626757
2011-10-13,21.18177656334512,21.232617615327147,20.266632543902315,20.635231018066406,11806529
2011-10-14,21.073745706017064,21.321598042627635,20.98477298545997,21.188138961791992,8137059
2011-10-17,20.98475979265983,21.26438889343615,20.81952557032949,21.016536712646484,6988882
2011-10-18,20.99111559779104,21.42962250770483,20.425506095302083,21.277097702026367,8460137
2011-10-19,21.16906218972628,21.486819537487715,20.8703689610516,20.965696334838867,4883354
2011-10-20,21.05466488262392,21.512237579770808,20.641580208653817,21.435976028442383,6738500
2011-10-21,21.785518421133663,22.52271708275261,21.741032075873623,22.4146785736084,6025660
2011-10-24,22.61804768827678,23.978055376370538,22.522720276228537,23.85730743408203,8540801
2011-10-25,23.482347462206928,23.761976644278725,22.764214619470984,22.83411979675293,7371095
2011-10-26,22.865897541859415,22.916738596926976,22.135053562438348,22.74514961242676,8705206
2011-10-27,24.02253586279907,25.674878397939345,23.552251931702163,25.42067146301269,12472816
2011-10-28,25.31898873648112,26.08796422947628,25.230016057283752,25.98628044128418,8831725
2011-10-31,25.32534274961961,25.401604317732225,23.55860710144043,23.55860710144043,10448512
2011-11-01,22.395613911013893,22.916737236401488,22.027013741773946,22.42738914489746,10616692
2011-11-02,22.764212250741856,23.22813808434777,22.560846364300325,22.980287551879883,5647361
2011-11-03,23.39337293837428,23.80010299765241,22.904023214488628,23.596738815307617,6497485
2011-11-04,23.240849137857097,23.55225182682599,22.764212196109945,23.45692443847656,4422713
2011-11-07,23.38701707438678,24.05431047316476,23.164587071186507,23.98440361022949,5491064
2011-11-08,24.16235034740149,24.651698450195056,23.86365873607417,24.626277923583984,5024692
2011-11-09,23.774687417445257,23.92085587754008,22.68159793174241,22.923093795776367,9209744
2011-11-10,23.450564714038684,23.82551947988413,23.12009627918388,23.42514419555664,5333650
2011-11-11,23.89543402486338,24.276745314071544,23.64758177160752,23.80646133422852,5475267
2011-11-14,23.59674441244368,24.028895097020836,23.514126422827754,23.86366081237793,3645984
2011-11-15,24.12422117598832,24.51188549014174,23.647582473968583,24.308521270751957,5856641
2011-11-16,23.730200448763416,25.033010527962244,23.63487304731851,24.51824188232422,11574182
2011-11-17,24.36572151440668,24.505535288241852,23.450577275100724,23.64758682250977,6292118
2011-11-18,23.83188461813556,23.83188461813556,23.26627486878808,23.39337921142578,5323444
2011-11-21,22.75786072348808,22.87225225009565,22.16682879820836,22.74514961242676,5598850
2011-11-22,22.63711104871702,22.95487018406017,22.26851255300916,22.611690521240234,3709313
2011-11-23,22.24944312087666,22.31934998905785,21.353364944458008,21.353364944458008,5950447
2011-11-25,21.23897314723433,21.849070878456303,21.111870512347767,21.499536514282227,3196247
2011-11-28,22.32571414403002,22.80235127687598,22.065152398434943,22.34477996826172,4303044
2011-11-29,22.47822834790938,22.64981900269655,22.147759842184737,22.25579833984375,3942640
2011-11-30,23.247205098583525,23.952630182826987,23.21542986561673,23.831880569458008,4678687
2011-12-01,23.70477361761473,24.39113106441493,23.545894092593944,24.03524208068848,4444522
2011-12-02,24.39749091074768,24.518240527521908,23.30440320863492,23.36159896850586,4885311
2011-12-05,23.850943158421,24.073374842844565,23.3679515486815,23.552249908447266,4575235
2011-12-06,23.59674435377033,23.73655641465381,23.183657795895733,23.501415252685547,3471793
2011-12-07,23.304404422183765,23.51412504361276,22.63075621141892,23.29804801940918,4219024
2011-12-08,23.02477389559672,23.126455991536872,21.8109366733095,21.874488830566406,6042995
2011-12-09,22.14775850934484,22.5481338554395,21.89355159071885,22.45280647277832,3554415
2011-12-12,22.12233337957455,22.19224022527265,21.188123868389788,21.435976028442383,5470234
2011-12-13,21.64570161718306,21.86177691033506,20.952987704167704,21.067380905151367,4265997
2011-12-14,20.97206051151597,21.258042762018256,20.66065603490808,20.927574157714844,4577751
2011-12-15,21.308886265388598,21.46776587650368,21.09281087545852,21.258045196533203,4477375
2011-12-16,21.435979890485125,21.760093660260548,21.137286642399104,21.26439094543457,4365674
2011-12-19,21.372430130232143,21.57579602108949,21.06102743375421,21.118223190307617,4984289
2011-12-20,21.601214762035017,22.10327389294337,21.575794239600373,21.97616958618164,5132897
2011-12-21,21.8808453683904,22.020659109298744,21.512245197888607,21.83635902404785,3751253
2011-12-22,21.550376815821863,22.26851133797709,21.550376815821863,22.141407012939453,2636488
2011-12-23,22.141403843264637,22.484583438231518,22.046076460427475,22.471872329711918,1936929
2011-12-27,22.36384377393275,22.605339673498708,22.34477795142193,22.401973724365234,1954823
2011-12-28,22.40196996948441,22.46552213567186,21.620284934275336,21.67748069763184,2566588
2011-12-29,21.696545883837945,22.32570773534472,21.6266390114483,22.281221389770508,2669201
2011-12-30,22.19861221313477,22.56721081734249,22.128703623759385,22.19861221313477,1930918
2012-01-03,22.77691924087186,23.507763040370502,22.713367090388537,23.183650970458984,4156394
2012-01-04,22.973938387984365,23.107395747443014,22.61804757719053,22.999357223510746,4651845
2012-01-05,22.80234225207064,23.717486201689,22.70066015586481,23.514122009277344,6842651
2012-01-06,23.57132410974061,23.870017465984134,23.39338039348102,23.768335342407227,4711400
2012-01-09,23.90814091718623,24.416554786070304,23.812813528594045,24.39113426208496,4429563
2012-01-10,24.670769410538547,25.05208077835295,24.537312041663206,24.84871482849121,4459620
2012-01-11,24.708891535380552,24.975807864877744,24.486459848642475,24.73431205749512,3932574
2012-01-12,24.87412953757115,25.15375701770161,24.37842673950045,25.115625381469727,3973396
2012-01-13,24.82328414916992,24.91861152850773,24.46739515333621,24.82328414916992,5058383
2012-01-17,25.268146049264004,25.66852310651053,25.230016111375235,25.414316177368164,5812884
2012-01-18,25.42067406759455,26.26591123843952,25.32534666905347,26.227781295776367,4432778
2012-01-19,26.291332023419702,26.888716908670546,26.126097762002352,26.596378326416016,4322336
2012-01-20,26.54554050290684,26.62815679109037,25.852826489745283,26.05619239807129,5461287
2012-01-23,25.979929123331036,26.189649739689123,25.75749909090877,26.05619239807129,4743554
2012-01-24,26.005344612028185,27.320865511375832,25.9290830466509,27.073013305664062,7632661
2012-01-25,27.244604766749323,28.096198256478107,26.882361026821968,27.99451446533203,6512723
2012-01-26,28.134335076089844,28.50293528593899,26.99675920915812,27.11115074157715,8088409
2012-01-27,26.9332046092394,27.29545007783898,26.86329773763148,27.123859405517575,3394344
2012-01-30,26.64721683246118,27.447967486914735,26.51375782518944,27.42890167236328,4085935
2012-01-31,27.536941978146665,27.67039929964919,26.888714408091182,26.99039649963379,4697979
2012-02-01,27.37806693301462,28.2296605205247,27.3081600599574,28.0834903717041,5801700
2012-02-02,28.096194382360974,28.280492733311718,27.746660105405425,27.7847900390625,3112787
2012-02-03,28.216944245947182,28.78891023655755,28.09619634087069,28.77619743347168,4875106
2012-02-06,28.43302603874384,28.547420957626272,28.159753242121024,28.382184982299805,4172611
2012-02-07,28.445735381054355,28.52199866010956,28.102557403661542,28.344053268432617,3561265
2012-02-08,28.40760223850371,28.63003225847385,28.22330215918029,28.579191207885746,3033101
2012-02-09,28.59825506995858,28.82068336695041,28.153391697620933,28.65545082092285,3132918
2012-02-10,28.115262499459988,28.13433001088224,27.651336660981578,28.05171203613281,3698828
2012-02-13,28.401244226567545,28.40759893350456,27.65768928810426,27.861053466796875,4791645
2012-02-14,27.79750313782325,28.12161691736105,27.543296218684027,27.82292366027832,3659405
2012-02-15,28.280499244655427,28.280499244655427,27.600496348302205,27.73395538330078,3490526
2012-02-16,27.327223977850814,27.930965266307656,26.539182610101545,27.85470199584961,9901754
2012-02-17,27.98815924020964,28.051711396676748,27.31451112650639,27.416194915771484,5687344
2012-02-21,27.498813625516625,27.56872049543508,26.958624484253747,27.07937240600586,3963889
2012-02-22,27.041245631292558,27.5115279577129,26.90778658365793,27.149282455444336,3457254
2012-02-23,27.155637155287447,27.733958000262543,27.00946869054736,27.58778953552246,3357017
2012-02-24,27.66404142121168,27.95637994276625,27.30815244702258,27.339927673339844,4104528
2012-02-27,27.14292766597627,27.695826286006756,26.97769338136396,27.549657821655277,2871352
2012-02-28,27.644982117353003,27.77844114957113,27.447972617535655,27.72760009765625,2960545
2012-02-29,27.83563802373024,28.14704073115978,27.568719964857447,27.72124481201172,4183655
2012-03-01,27.7975081337265,28.14068779043065,27.644983276995045,28.064424514770508,3324863
2012-03-02,28.07077386172679,28.21694227902045,27.606846394623204,27.7847900390625,2975783
2012-03-05,27.708533667106654,27.778440535591667,27.041241909942517,27.187410354614254,4990860
2012-03-06,26.87600056565456,27.028523677837637,26.621793684094506,26.869644165039062,5251587
2012-03-07,26.990402377886618,27.75302331431339,26.90143137570408,27.61956596374512,4884612
2012-03-08,27.89918850161059,28.356761348675025,27.428906239121424,28.14068603515625,5349028
2012-03-09,28.115259954832503,28.642741292663278,28.115259954832503,28.312271118164062,4278579
2012-03-12,28.242368125160432,28.382181862306545,27.568719964857447,27.72124481201172,3690580
2012-03-13,27.93732497585119,28.70630066366252,27.810222326645977,28.668169021606445,3270901
2012-03-14,28.68722801673829,28.74442716418016,28.38218171320965,28.579191207885746,3831499
2012-03-15,28.661802894949197,29.18292609097712,28.502925070381213,29.144794464111328,2972148
2012-03-16,29.18929047684797,29.233776824747583,28.82069027687337,28.992280960083008,3186601
2012-03-19,28.884233128633173,29.043110945324145,28.699933098899866,28.82703399658203,3337445
2012-03-20,28.655456994362027,28.69358863294549,28.28050040052821,28.49022102355957,2416723
2012-03-21,28.52834968854712,28.6745181302334,28.216946987870102,28.420312881469727,2198495
2012-03-22,27.95638968657021,27.95638968657021,27.467041541034195,27.778444290161133,4339112
2012-03-23,27.68947278445805,28.153400421142575,27.42255637293811,28.153400421142575,4710421
2012-03-26,28.515641971580383,28.67451983787208,28.363117118650266,28.630033493041992,4847006
2012-03-27,28.63003309097015,29.41171977390527,28.591901454625933,29.02405548095703,5318132
2012-03-28,28.86517604950448,28.89695297999314,28.019938845434712,28.33769798278809,4318841
2012-03-29,28.026292634657715,28.299565399513654,27.930965241259354,28.255077362060547,3199183
2012-03-30,28.509860117487797,28.573557248148227,28.025779587921964,28.350624084472656,3246715
2012-04-02,28.350625237752173,28.7327944499892,28.165909665595198,28.579927444458008,3161717
2012-04-03,28.497122473081355,28.758273239665996,28.3187759394936,28.554447174072266,3852748
2012-04-04,28.24233566032251,28.3124001105004,27.611755608721523,27.860166549682617,3342338
2012-04-05,27.80921390270664,28.649985697374905,27.745518477907492,28.516225814819336,6933381
2012-04-09,28.10858017501173,28.10858017501173,27.73277836234255,27.73914909362793,5182805
2012-04-10,27.70730095234228,27.86016963255913,26.720029508336623,26.94296264648437,6056695
2012-04-11,27.369716322916776,27.4270410120856,27.006654296818684,27.051240921020508,3398678
2012-04-12,27.146791050363944,27.821957942664824,27.07035754323813,27.726415634155277,2185074
2012-04-13,27.522581305063717,27.586275018185034,26.87289252332215,26.90473937988281,3344156
2012-04-16,27.1276771229264,27.2168486762692,26.62448617284776,26.745506286621094,3447188
2012-04-17,27.00664825993972,27.235950362175736,26.96206334411276,27.16588592529297,2901130
2012-04-18,26.93658901030284,27.12767355411277,26.75824253026237,26.95569610595703,2405399
2012-04-19,27.01302863232909,27.12767972437444,26.471621735587032,26.70092391967773,3800463
2012-04-20,26.860163188883437,27.31239687996435,26.777360650318045,26.815576553344727,2782859
2012-04-23,26.34422998356723,26.369707814444187,25.834671667619283,26.28690528869629,3058824
2012-04-24,25.72001311085597,25.77733778908089,24.936564519059743,25.35058212280273,10706443
2012-04-25,25.669065925822046,26.420666212232103,25.669065925822046,26.22957992553711,5110808
2012-04-26,26.1913613763528,26.7964636436282,26.172252579776227,26.745506286621094,3424121
2012-04-27,26.87926792178231,27.17863455863316,26.471620927932044,27.108570098876957,4121164
2012-04-30,27.076721142524157,27.223220791453578,26.739138613340337,26.86652946472168,2605732
2012-05-01,26.77098512359136,27.560801208305087,26.62448548589005,27.36971664428711,3615508
2012-05-02,27.19773854448682,27.45251850746949,26.942958581504158,27.4143009185791,3348070
2012-05-03,27.48436471486656,27.48436471486656,26.866524465695264,26.885631561279297,2398129
2012-05-04,26.8474202427912,26.9365934976668,26.08945097316619,26.12129783630371,3070288
2012-05-07,25.90473311504952,26.1722528733044,25.64995312079147,26.025754928588867,3658007
2012-05-08,25.8919977029872,25.936584333932444,25.17224427282537,25.64995574951172,5999098
2012-05-09,25.261419579893637,25.720023993368518,25.15950654444974,25.433395385742188,6024961
2012-05-10,25.8665188576194,26.051234407612,25.274156310048934,25.3123722076416,3291731
2012-05-11,25.178612386799657,25.662692846601757,25.095808166965288,25.127655029296875,5398796
2012-05-14,24.75822901965252,25.121289413893106,24.484340191752608,24.77733612060547,5526574
2012-05-15,26.057605962782628,26.47799276585089,25.73913049437006,25.80282592773437,9783064
2012-05-16,25.904730042849916,26.11492508421258,25.28688977647349,25.325105667114254,4976321
2012-05-17,26.68818349527284,26.69455252844888,25.23593862978783,25.242307662963867,6900248
2012-05-18,25.477982934220776,25.62448260947478,24.59899337474233,24.669057846069336,7216057
2012-05-21,24.73274693915033,25.554411639756232,24.713639840166657,25.471609115600582,3890215
2012-05-22,25.51619792314681,26.242320397229463,25.23594006653916,25.79008674621582,6180139
2012-05-23,25.49709089730907,26.127671118529797,25.089443849534145,25.968433380126957,4817788
2012-05-24,26.013019188016337,26.21047452085082,25.764609886539706,26.127670288085938,3591182
2012-05-25,26.127666869249456,26.407924699767744,25.981168921044567,26.12129783630371,2633552
2012-05-29,26.41429415024937,26.911114394455456,26.388816319654865,26.86652946472168,5696570
2012-05-30,26.522579490624928,26.522579490624928,25.98754158502352,26.33786392211914,4297871
2012-05-31,26.407930862362605,26.509843905321063,25.64995971744751,25.89837074279785,5887258
2012-06-01,24.968422999191866,25.121291709648435,24.24230214435281,24.344213485717773,7578698
2012-06-04,24.42701737046816,24.60536221527286,23.54165708535809,24.1021728515625,7212422
2012-06-05,23.95567120434054,24.57988235576629,23.828282039972517,24.38879776000977,5202517
2012-06-06,24.66905118641854,25.331478118896484,24.44611806582962,25.331478118896484,5167987
2012-06-07,25.82830143266834,25.83467216431669,25.299634308796318,25.45250129699707,6334757
2012-06-08,25.23593579299192,25.382433730025884,25.114915684206963,25.22319602966309,4244608
2012-06-11,25.50982672396674,25.573520450763827,24.79007334452577,24.82829093933105,2853038
2012-06-12,24.80281376839704,25.172244891938757,24.554404473774056,25.14039802551269,2518916
2012-06-13,24.968421195703023,25.369700894763355,24.726380928239436,24.84103202819824,2873449
2012-06-14,24.8983429099151,25.26140480801317,24.758215752637604,25.063949584960938,3236230
2012-06-15,25.267783989005125,25.509825917774663,25.140394841028066,25.484346389770508,4036725
2012-06-18,25.382441760916084,25.599005917165567,25.1340307338813,25.57352638244629,3669610
2012-06-19,25.777347455900408,26.31875438007095,25.72639178983407,26.210474014282227,4213852
2012-06-20,26.229575452784445,26.40155291164289,25.643582022708443,25.88562393188477,4499603
2012-06-21,25.91747278064824,26.16588204276038,24.8601369124573,24.917463302612305,4337854
2012-06-22,25.14676094816366,25.20408733189035,24.439747437727668,24.86013412475586,5137650
2012-06-25,24.484342462689565,24.55440693457581,23.809175579203107,23.98752212524414,4170793
2012-06-26,24.204079070024548,24.363316778713337,23.962037141390443,24.197710037231445,3521842
2012-06-27,24.48434000380217,24.637207000706123,24.29962444206984,24.42701530456543,2155436
2012-06-28,24.235929026115077,24.293253721370775,23.681782379401987,24.025733947753903,2798097
2012-06-29,24.49194173329278,25.09865072893269,24.49194173329278,25.060333251953125,3698828
2012-07-02,25.245543248765603,25.2966326574437,24.587741355316837,24.849584579467773,2429025
2012-07-03,24.792108680510072,25.37327397403962,24.792108680510072,25.25193214416504,1357039
2012-07-05,25.073107529458905,25.443520626867823,24.907060572503774,25.14335823059082,2244489
2012-07-06,24.77932822015601,24.79848610544177,24.00018468873835,24.24925422668457,4664287
2012-07-09,24.23649353484211,24.43447206459396,23.885239931311474,24.025739669799805,3173460
2012-07-10,24.37698896066265,24.645219866590335,23.70002913809915,23.94271278381348,3077837
2012-07-11,23.917166583025026,24.025734772854445,23.514821937882324,23.75111961364746,2699258
2012-07-12,23.55952265264499,23.57229457708013,23.15079041810184,23.323225021362305,4050146
2012-07-13,23.34238322009675,23.91077643814124,23.221041421724312,23.655319213867188,4727477
2012-07-16,23.514823752884254,23.68725669899085,23.36154869851552,23.521209716796875,2448457
2012-07-17,23.553137674669568,23.891617527270856,23.31045236810468,23.846912384033203,2887569
2012-07-18,23.712799550937905,24.77294429193445,23.712799550937905,24.498329162597656,3921250
2012-07-19,24.37060060893507,24.65160341450965,24.242872835002743,24.56219482421875,2968513
2012-07-20,24.402535494792318,24.402535494792318,23.910780551480403,23.987417221069336,2571761
2012-07-23,23.514823275810954,23.540368833866854,23.163569723887747,23.431798934936523,3074202
2012-07-24,23.37431202038669,23.419017153905912,22.556849397771256,22.742055892944336,5394183
2012-07-25,22.94004210864988,23.336000780907696,22.83785988468277,23.080543518066406,2485924
2012-07-26,23.591460833504836,23.949100362605087,23.24659323244901,23.380708694458008,4271449
2012-07-27,23.53397027703088,24.35782052906825,23.43178809209116,24.230091094970703,4033789
2012-07-30,24.217326309579494,24.460009921785822,24.07043894971374,24.383373260498047,4587257
2012-07-31,24.28757776922009,24.721853899715803,24.281190103386734,24.4536247253418,3054350
2012-08-01,24.734626753387936,24.734626753387936,24.217326309579494,24.383373260498047,2653963
2012-08-02,24.204553273728493,24.41530537462133,23.661707262869385,24.10875701904297,3109432
2012-08-03,24.613281182576078,25.21360590301797,24.594123296051475,24.97730827331543,2551210
2012-08-06,25.37326943052458,25.4818393130362,25.034787857355077,25.05394744873047,2807044
2012-08-07,25.130583116064496,25.909728448317967,25.066720084573568,25.70536231994629,3077417
2012-08-08,25.730913077740052,26.018301886349644,25.61595721371148,25.96721076965332,2704571
2012-08-09,25.90334630249466,26.16518953837426,25.82670792873587,26.05661964416504,3063298
2012-08-10,25.820315341528527,25.896951992704068,25.43713038272766,25.884180068969727,2739521
2012-08-13,25.71813299474873,25.992751509671457,25.64149633893141,25.78838539123535,2601398
2012-08-14,25.941659476626675,26.1524115636028,25.705361836949503,25.8586368560791,2788171
2012-08-15,25.756450997034666,26.088546562912605,25.417971172117795,25.85224723815918,3967943
2012-08-16,23.94909276756681,24.37698287398477,23.476497521323317,23.725568771362305,17888948
2012-08-17,23.776659170426434,23.81497834712237,23.50843004232434,23.770273208618164,7518025
2012-08-20,23.64254930311064,23.744733230638253,23.342386889681773,23.425411224365234,5554254
2012-08-21,23.56591190762317,23.763890387416577,23.412636872522235,23.712800979614254,7515508
2012-08-22,23.661706451410648,23.93632328031722,23.49565950212196,23.92354965209961,6128273
2012-08-23,23.77666782066801,23.98741996332355,23.674485582867906,23.929941177368164,6280096
2012-08-24,23.795825487999146,24.274806817533783,23.757506300466925,24.17262458801269,4022465
2012-08-27,24.15345973200734,24.15345973200734,23.81497989326957,23.910776138305664,4275224
2012-08-28,23.872454227357817,23.923545325140864,23.56590593773648,23.59783744812012,6934919
2012-08-29,23.67448321933744,23.827756560735622,23.58507291872669,23.73196029663086,7025509
2012-08-30,23.60422810959703,23.77666101223962,23.572294892235725,23.655319213867188,3380224
2012-08-31,23.84053019064727,23.94909838174009,23.540367768421323,23.73196029663086,3210367
2012-09-04,23.61062723577476,23.929947666958853,23.44458020285721,23.661718368530277,5382300
2012-09-05,23.668090454879238,23.75750073623125,23.3870893895094,23.46372604370117,5695033
2012-09-06,23.70001418872947,23.974630885027416,23.44455707404435,23.93631172180176,6688591
2012-09-07,23.93632283845077,24.638829804366665,23.80220740779683,24.536645889282227,5579837
2012-09-10,24.472784592062222,24.73462780646937,24.29396400518737,24.434465408325195,4021627
2012-09-11,24.42169045977958,24.44723601324939,24.159847259521484,24.159847259521484,4093903
2012-09-12,24.21732965333269,24.408922184467546,23.94271278381348,23.94271278381348,6568922
2012-09-13,23.923551494523316,24.57496741655132,23.74473260616901,24.5111026763916,7529908
2012-09-14,24.54941751857822,25.63510939463018,24.523871967617733,25.373266220092773,9415670
2012-09-17,25.20083069369846,25.43074234679284,25.060331020055383,25.30940055847168,5097807
2012-09-18,25.264703911307897,25.45629645230364,25.194453199414543,25.25831794738769,5024272
2012-09-19,25.24554069613742,25.552087334751576,25.13697081776906,25.46906471252441,4122422
2012-09-20,25.25831358519564,25.386041356159232,24.76017272405249,25.05394744873047,6211733
2012-09-21,25.24554607017132,25.43075094469453,24.90706443786621,24.90706443786621,4927950
2012-09-24,24.82404112233656,24.90706375997719,24.50471909344509,24.709083557128903,2860168
2012-09-25,24.81765181077813,24.8623569599769,24.466398283447525,24.47278594970703,4954093
2012-09-26,24.574966650827346,24.574966650827346,24.191781627655597,24.44085121154785,5228520
2012-09-27,24.58136282991,24.798500986422845,24.42170176959132,24.63884162902832,4773751
2012-09-28,24.6388306594428,24.728473306617744,24.20342595509152,24.61962127685547,6803367
2012-10-01,24.651635569526512,25.30474257534256,24.57479804514328,24.882143020629883,5903614
2012-10-02,25.023019741881484,25.22151448434173,24.67725586321973,24.88855743408203,4474019
2012-10-03,24.971787584469123,25.163877995526747,24.72847329144265,24.958982467651367,3500173
2012-10-04,25.11265080135936,25.38157870724929,24.888545920466445,25.09984397888184,7781967
2012-10-05,25.259921255235263,25.343161337534177,24.786097822499617,24.882143020629883,3912163
2012-10-08,24.70926802444334,24.914165293795325,24.651641574467355,24.75408935546875,3770406
2012-10-09,24.754080797227665,25.048620626799057,24.41471965212696,24.427526473999023,4252017
2012-10-10,24.446743473182455,24.485160536076037,23.832053393393863,23.953710556030277,4210357
2012-10-11,24.18421682906344,24.44674223349416,24.094575881958008,24.094575881958008,4202528
2012-10-12,24.13298890248967,24.19061533385748,23.768015812664785,23.832046508789062,3731681
2012-10-15,23.8960813009192,24.10738111283139,23.684781489007,23.806440353393555,3697710
2012-10-16,23.99212406294064,24.31867843955616,23.97931894632373,24.27385711669922,3280407
2012-10-17,24.325082242448868,24.491560706743744,24.139394396245194,24.369903564453125,5400334
2012-10-18,24.068965633088265,24.075368192471675,23.339020935555304,23.460678100585938,9045340
2012-10-19,23.351824557450364,23.358227115955245,22.820372932519604,22.89080619812012,5577041
2012-10-22,22.833178274675515,23.114911339855592,22.749939891244463,23.05088233947754,3406786
2012-10-23,22.653890842108726,22.877995720130336,22.653890842108726,22.73712921142578,4611303
2012-10-24,22.820368132612607,23.031667884970556,22.69230674535705,22.954832077026367,5719498
2012-10-25,23.17253144227556,23.19174252742186,22.890800161518637,23.121309280395508,4598022
2012-10-26,23.159735540107462,23.242975641222788,22.858794761857688,23.012466430664062,5215239
2012-10-31,23.050879820637075,23.27498471216953,22.961237181084584,23.04447555541992,4775987
2012-11-01,23.07649022423895,23.78722708074312,23.01886378829609,23.755210876464844,4462975
2012-11-02,23.92809674509324,23.92809674509324,23.51830225230158,23.691184997558597,4685537
2012-11-05,23.69117713431136,24.1457910948686,23.59513024807546,24.08176040649414,3789419
2012-11-06,24.09457544963558,24.63883221818071,24.0433515643947,24.51077079772949,5208389
2012-11-07,24.19062074872124,24.280263401891247,23.844856961072228,24.06256103515625,4515260
2012-11-08,24.062560921620555,24.10738054064506,23.588735715293208,23.61434936523437,4281655
2012-11-09,23.45427277294758,23.787229724475097,23.40945144785553,23.6335563659668,5475127
2012-11-12,23.72959937126449,23.78722751560965,23.53110641344503,23.575927734375,2898613
2012-11-13,23.473478201647985,23.595135340673117,23.236566481612524,23.262178421020508,4949759
2012-11-14,23.3198149804706,23.53111483734849,23.11491768391796,23.14052963256836,4431101
2012-11-15,23.140523053299887,23.460674881429107,22.852387432392952,22.89080619812012,7306088
2012-11-16,22.916419096737204,22.95483786406917,22.69871673233707,22.92922592163086,9231134
2012-11-19,23.69758067245518,24.318673082631776,23.69758067245518,24.017730712890625,7159438
2012-11-20,23.01245934937685,23.63995607228541,22.922816716482963,23.23016166687012,14707939
2012-11-21,23.255783728604417,23.35183066805548,22.82037890405674,22.94843864440918,5597452
2012-11-23,23.15333098387761,23.633557041666727,23.057285772319783,23.61434936523437,3140327
2012-11-26,23.49269474774632,23.992130279541016,23.428664026024126,23.992130279541016,4589634
2012-11-27,23.92169488931397,24.107382770796647,23.67838055850524,23.90888977050781,4802689
2012-11-28,23.76801822884908,24.344289430503643,23.6463610889897,24.312274932861328,4828692
2012-11-29,24.389112698206088,24.7028619710074,24.33788881495047,24.5491886138916,5551178
2012-11-30,24.568399560954965,24.638832831752403,24.325085246327117,24.51717567443848,3363868
2012-12-03,24.71567058472479,24.907761027783263,24.254653862854283,24.28026580810547,3794871
2012-12-04,24.29946767100375,24.472348674764277,24.132989224736555,24.41472053527832,3059383
2012-12-05,24.421132359865023,24.93977723904567,24.389116147790197,24.75408935546875,5490645
2012-12-06,24.67725133233029,24.811715322790832,24.40832505875836,24.536386489868164,4989043
2012-12-07,24.651640257621946,24.65804281675522,24.19062185304404,24.20983123779297,4650307
2012-12-10,24.20342162581398,24.74767826257609,24.14579348835996,24.69005012512207,4262222
2012-12-11,24.811710751614275,25.57367151649529,24.798905635271936,25.419998168945312,6233822
2012-12-12,25.48403218761202,26.149946129801936,25.420001475524817,25.93864631652832,8645931
2012-12-13,25.861804161631284,25.881011833945827,25.3815782067947,25.484025955200195,4854835
2012-12-14,25.43281003661644,25.78497470875788,25.420003210385328,25.516048431396484,3679396
2012-12-17,25.599282252030253,26.117927001166247,25.464818292669435,26.08591079711914,4829531
2012-12-18,26.098717452103838,26.72621251038171,26.02828419394213,26.502107620239254,6499022
2012-12-19,26.55974245277325,26.57254757165603,25.98346941931837,25.98987197875977,6632531
2012-12-20,25.983468952417105,26.502113819532283,25.88101946644985,26.4829044342041,5324563
2012-12-21,26.047500606924626,26.284412384033203,25.39439172631212,26.284412384033203,6592688
2012-12-24,26.181958013418576,26.361243306390783,26.111524749372197,26.297212600708008,1560028
2012-12-26,26.32282355856881,26.399659373125893,26.10511952296733,26.18195533752441,3578321
2012-12-27,26.20121332597305,26.246142816698868,25.68129537289496,26.085676193237305,2823680
2012-12-28,25.816094462001537,25.925213363739665,25.546508902725023,25.56576538085937,3250490
2012-12-31,25.47590200729308,26.29749858862236,25.44380901928907,26.27824211120605,4707905
2013-01-02,27.06774462960966,27.06774462960966,26.413036362800277,26.8816032409668,8790205
2013-01-03,26.920118664723056,27.048494062759133,26.68904431748615,26.977888107299805,5751791
2013-01-04,27.04848848828257,27.568404806647496,26.868763652685928,27.51063537597656,6432897
2013-01-07,27.3437499404146,27.472125317525336,27.20253805251365,27.311656951904297,3589505
2013-01-08,27.26029897870674,27.459280250166007,27.02280647294212,27.093412399291992,3896925
2013-01-09,27.60050468383322,27.88934677468896,27.401525033208628,27.825159072875977,5737951
2013-01-10,28.01130305751493,28.31940335092449,27.812323400870397,28.03055953979492,5520842
2013-01-11,28.02413101170643,28.235948816082303,27.83156968255283,27.87649917602539,3244758
2013-01-14,27.876503277232565,27.94710922241211,27.529893518376472,27.94710922241211,3229100
2013-01-15,27.696775591304373,27.844405712912465,27.49137604502278,27.75454330444336,4768858
2013-01-16,27.69677893443206,27.754546654543876,27.51705409580024,27.632591247558597,3019540
2013-01-17,28.011288475151567,28.51836816122565,27.93426429766469,28.158920288085938,6639382
2013-01-18,28.2744658710204,28.345071820335924,27.97920556199268,28.338653564453125,3335069
2013-01-22,28.21669555698362,28.65958769143824,28.146089614144035,28.65316772460937,3164233
2013-01-23,28.58898090464617,28.6403303685528,28.319395363369043,28.4349308013916,3741048
2013-01-24,28.60181840039448,29.01261583733711,28.51837594655469,28.66600608825684,4350576
2013-01-25,28.71092928312276,29.237263726662285,28.672416338850397,29.070375442504883,4427885
2013-01-28,29.006198910527,29.16024731461054,28.832895739584146,28.999780654907227,3315077
2013-01-29,28.858567297834004,28.87140380842225,28.56330530435268,28.65316772460937,4125917
2013-01-30,28.61465787085877,28.813637486917138,28.35149056413795,28.499120712280277,4113895
2013-01-31,28.46702333305985,28.800798266182863,28.44134860151725,28.743030548095703,4729853
2013-02-01,28.93558527215443,29.307871361673048,28.588973908305967,29.070375442504883,3953264
2013-02-04,28.75586935966303,28.864986549568904,28.16534706384985,28.409257888793945,4852458
2013-02-05,28.60181186962861,28.922746812590532,28.46701826935605,28.88423728942871,3020379
2013-02-06,28.7045164313756,28.967681991135148,28.569722812590328,28.94200897216797,3853447
2013-02-07,28.820049781727317,28.92274869631837,28.51837129223245,28.89065742492676,4393075
2013-02-08,28.92916676849418,29.108888135097068,28.884235571076328,28.935585021972656,2551070
2013-02-11,28.993364703319347,28.999782959449163,28.53121603127324,28.62749671936035,4075869
2013-02-12,28.76228667680377,28.85214909723081,28.563305358496088,28.640331268310547,3318572
2013-02-13,28.762281181802305,29.038286645659174,28.67883874415789,28.72376823425293,2869255
2013-02-14,28.704515041840423,28.74302799149604,28.473440766975745,28.614652633666992,5376289
2013-02-15,27.908590630925698,28.396412151722316,27.093412492435004,27.11908721923828,20489927
2013-02-19,27.093412741707724,27.67751663280861,27.093412741707724,27.606910705566406,5754448
2013-02-20,27.497795251013063,27.50421350528789,27.09983438988785,27.1126708984375,5410260
2013-02-21,27.04849302796105,27.04849302796105,26.618437343681443,26.72113800048828,4774450
2013-02-22,26.849511988765027,27.003562119967423,26.689043601293573,26.83025550842285,4690150
2013-02-25,27.01639729988758,27.099841473409345,26.502899169921875,26.502899169921875,5064255
2013-02-26,26.07283886928467,26.502892721085427,25.79683510360324,26.297494888305664,8647888
2013-02-27,26.31034077904915,26.894444925253985,26.207641826038014,26.78532600402832,4982752
2013-02-28,26.81741256095261,26.997135674106048,26.605594751085125,26.62485122680664,4835962
2013-03-01,26.432296807105924,26.94579500676117,26.14345471162553,26.9137020111084,4318981
2013-03-04,26.798163234663317,27.07416880005934,26.650533067303368,26.977888107299805,3404270
2013-03-05,27.18328355953912,27.7224564173946,27.176865303675395,27.38226318359375,4598022
2013-03-06,27.600494928383053,27.934268121381567,27.53630724925733,27.75454330444336,4189806
2013-03-07,27.793058333486588,27.908595479942672,27.478541591849535,27.76096534729004,3375052
2013-03-08,27.92142541525339,27.93426363362983,27.613327001095502,27.6197452545166,4552307
2013-03-11,27.594083308168344,27.606919820158964,26.78532314903681,27.478546142578125,7650835
2013-03-12,27.47213298425768,27.60050668565929,27.337339314134557,27.35659408569336,5267245
2013-03-13,27.31807443167962,27.632591187062,27.21537379059997,27.60049819946289,3133058
2013-03-14,27.619761239213204,27.84441735431185,27.60050646780638,27.80590438842773,3970180
2013-03-15,27.664680125056048,27.74170430617454,27.523466559037264,27.606910705566406,3606281
2013-03-18,27.253887518744037,27.407937628969965,27.07416438693768,27.311656951904297,2582945
2013-03-19,27.39510549859101,27.484967940244605,26.69546415889967,26.95863151550293,8732607
2013-03-20,27.119096144108465,27.465707637323764,27.099841376320043,27.407939910888672,4530079
2013-03-21,27.247470661154534,27.446450280888705,26.721136037989748,26.73397254943848,6163922
2013-03-22,26.82383391100756,26.82383391100756,26.25898635284722,26.477222442626957,7615465
2013-03-25,26.63127036872644,26.733969293949706,26.181960003572694,26.400196075439453,3911045
2013-03-26,26.573500904369173,26.84308815002441,26.52215144182569,26.84308815002441,3511496
2013-03-27,26.573505293422187,27.08058517074462,26.45154987185481,27.01639747619629,4711120
2013-03-28,27.087205301046254,27.087205301046254,26.713854639759443,27.01639747619629,3002904
2013-04-01,26.92627853222157,27.02283450247663,26.25682334740556,26.34694099426269,3552178
2013-04-02,26.469245794778956,26.623734654601236,26.12807989225494,26.173139572143555,3291451
2013-04-03,26.153828989716004,26.38556400433216,25.954280442725075,26.08302116394043,7380042
2013-04-04,26.09589780736932,26.694545204069478,26.09589780736932,26.65592384338379,5478343
2013-04-05,26.218190768913654,26.939141981004667,26.17956770824068,26.73959350585937,6932542
2013-04-08,26.6752293025006,26.86834122362946,26.50142891677029,26.816844940185547,3348629
2013-04-09,26.86190200964601,27.119385118298386,26.73316131353392,26.81040573120117,2319981
2013-04-10,26.861896093270232,27.27386966294746,26.82327475115711,27.203060150146484,3032681
2013-04-11,27.261001925411414,28.27805947633769,27.24812871345558,28.232999801635746,7865707
2013-04-12,28.02701456376929,28.83165043196984,27.95620674468191,28.80590057373047,8504034
2013-04-15,28.644967603279607,28.670717456308047,27.64722344804998,27.705156326293945,10833941
2013-04-16,27.97551181998746,28.16218536444991,27.5764131639214,27.930450439453125,6298270
2013-04-17,27.730915475453493,27.75022701467985,26.990652392253327,27.158016204833984,6281214
2013-04-18,26.88765580436693,27.196633520301518,26.700980480335115,26.92627716064453,5559706
2013-04-19,26.964895657810043,27.17731908879131,26.81040510962905,27.035701751708984,4297592
2013-04-22,27.05501715690785,27.19663107241742,26.61085701005115,26.93914794921875,3272019
2013-04-23,27.170882587461325,27.576419659949813,27.11938630675975,27.42836570739746,4924455
2013-04-24,27.49917818899332,27.7051650631832,27.27388149358472,27.582860946655277,4222799
2013-04-25,27.711596346949595,27.840338762247985,27.46054983861749,27.5056095123291,2963620
2013-04-26,27.318937946901126,27.402618978243574,26.192449453721476,26.585111618041992,7383397
2013-04-29,26.8039702115778,26.829718351843518,26.424182997123225,26.68810272216797,3552178
2013-04-30,26.520739275419544,26.816843750297817,26.359812109476525,26.675228118896484,4825057
2013-05-01,26.662358652674985,26.868343806250213,26.559366075887365,26.591550827026367,3811367
2013-05-02,26.707413931320456,26.85546616515288,26.5464867692978,26.700977325439453,4805905
2013-05-03,26.99064452033716,27.389743254378235,26.739598016470417,26.746034622192383,6626660
2013-05-06,26.6752260945242,27.112947884013558,26.6430413503494,27.035701751708984,3941521
2013-05-07,27.15156848169559,27.29962069443901,26.971329811275428,27.293182373046875,4926692
2013-05-08,27.293186564121413,27.647227354363217,27.228817071739496,27.640789031982425,2963480
2013-05-09,27.660096055929312,27.808148267265437,27.44123604137662,27.782400131225582,4415863
2013-05-10,27.75666230611032,28.22656896714539,27.705166014901003,28.08495330810547,6517616
2013-05-13,27.956201087255124,28.039883818527525,27.499169517062505,27.705156326293945,5951845
2013-05-14,27.66653040587714,28.36173517157443,27.602159212810097,28.303800582885746,8503615
2013-05-15,28.902451855227085,29.92594762132812,28.89601524992353,29.404544830322266,14384022
2013-05-16,29.24361944780632,29.50754089380936,28.947514971454066,28.96038818359375,6837618
2013-05-17,28.979700281455305,29.501103113786503,28.960387031157744,29.327301025390625,4540564
2013-05-20,29.275792873005084,30.54389639114048,29.21786001132038,29.829381942749023,7966363
2013-05-21,29.80363590215901,30.22848266351278,29.745703033077923,30.09330368041992,5620939
2013-05-22,30.074013420485567,30.556793364792117,29.65560299113399,29.76503562927246,7579117
2013-05-23,29.417416879734123,29.56546909444033,29.09556259726774,29.44316673278809,5280945
2013-05-24,29.198562965122186,29.41098815293712,29.12775685775517,29.34661865234375,3111109
2013-05-28,29.668469217060174,30.21562198025911,29.668469217060174,29.887331008911133,6701872
2013-05-29,29.597651976645853,29.835823498981732,29.22430146603464,29.642711639404297,5062438
2013-05-30,29.745704173464848,30.28642012656617,29.616961789461357,29.642711639404297,4321078
2013-05-31,29.55259512924413,29.91306903279696,29.24361406477148,29.25649070739746,6442543
2013-06-03,29.38523616040576,29.507541978799686,28.9925757128546,29.29512023925781,5158201
2013-06-04,29.726398557632788,29.90019719607724,29.21143238176784,29.237178802490234,4703152
2013-06-05,29.17281164730413,29.211434714327904,28.644970502501334,28.664283752441406,3488150
2013-06-06,28.644966382540066,28.97325897216797,28.45829282924928,28.97325897216797,5284580
2013-06-07,29.069823523790443,29.559039959749548,28.928207878343663,29.063386917114254,3888537
2013-06-10,29.192119139896835,29.192119139896835,28.638531616396477,28.79302215576172,3817658
2013-06-11,28.464733254993767,28.72865296664929,28.32311763250269,28.58060073852539,5472331
2013-06-12,28.825209044947563,28.85739207133831,28.18793706242469,28.27161979675293,3817519
2013-06-13,28.239439401707227,28.683596129987706,28.104260371485346,28.63853645324707,3627391
2013-06-14,28.541980175756738,28.690034133297043,28.226564158512005,28.3231201171875,2345425
2013-06-17,28.56772804260254,28.88314403786686,28.44542223480361,28.56772804260254,2796280
2013-06-18,28.567728844803373,28.844521780490226,28.496921030292174,28.838085174560547,3524638
2013-06-19,28.79945780909638,28.88957714437858,28.001260434351178,28.014135360717773,8116648
2013-06-20,27.75021541654069,27.75021541654069,26.939143123020116,27.24168586730957,8818444
2013-06-21,27.421928148133592,27.827463490095976,27.27387591715632,27.66653633117676,5107733
2013-06-24,27.318937032690137,27.518485553114512,27.080765442828916,27.235254287719727,4013938
2013-06-25,27.04213992080733,27.563542728774756,27.04213992080733,27.344682693481445,4104109
2013-06-26,27.74378042444509,27.866084506966924,27.21593931337413,27.254562377929688,5163932
2013-06-27,27.39617614336266,27.866082625879457,27.37042800753976,27.73090362548828,4816250
2013-06-28,27.756724899361096,27.956830784605756,27.582437351595757,27.60180282592773,7767707
2013-07-01,27.78899986384762,28.2537643683008,27.69862879673478,28.1375732421875,5988473
2013-07-02,28.07947044953366,28.331218119214803,27.72444428849885,27.8148136138916,4175127
2013-07-03,27.64053673934005,28.0536611653261,27.575985725050472,27.86646270751953,2712959
2013-07-05,28.053658001133336,28.589426367761316,28.014927052683547,28.550695419311523,2932724
2013-07-08,28.647520111095343,28.834715087834745,28.479688885547297,28.63460922241211,3593000
2013-07-09,28.78954124450684,29.02192356534677,28.62170995083866,28.78954124450684,4859728
2013-07-10,28.81535480499013,29.46731435218481,28.73144003771444,29.24784469604492,4582085
2013-07-11,29.493135101590067,29.680331826711317,29.325302130469577,29.51249885559082,2979837
2013-07-12,29.55123364482182,29.660968483304583,29.42213504982289,29.531869888305664,2766223
2013-07-15,29.499587381600367,29.873980802593355,29.486678213275063,29.76424598693848,3401054
2013-07-16,29.75133267711679,29.996624081758565,29.551226802996773,29.635143280029297,2833466
2013-07-17,29.660959785951263,29.75778886747609,29.415668396444303,29.441490173339844,1671309
2013-07-18,29.47377605755233,29.72552211201739,29.402768729978824,29.62869644165039,2793484
2013-07-19,29.58350319076192,29.87398012617353,29.49313212964122,29.82234001159668,1648801
2013-07-22,29.84170546811212,30.24192068199781,29.757792428659886,30.209644317626957,2565050
2013-07-23,29.89335136728635,30.235471945429744,29.89335136728635,29.996631622314453,4099216
2013-07-24,30.12573591598822,30.21610700650977,30.00954648100104,30.18383407592773,2560437
2013-07-25,30.09346760436469,30.274213276271663,29.94500519902554,30.11928939819336,1985579
2013-07-26,29.89334599996816,30.054724381614214,29.32530125685973,29.435039520263672,5161835
2013-07-29,29.428584571665912,29.4995884424534,29.03482394157981,29.2672061920166,2743016
2013-07-30,29.402764389784707,29.435040755957903,28.93154527890394,28.950912475585938,3903076
2013-07-31,29.073555213805417,29.24138817971646,28.82826379185048,28.873449325561523,3924745
2013-08-01,29.37694383499871,29.822341130857065,29.2542964067476,29.71906089782715,3827025
2013-08-02,29.73196571771637,30.0224426215444,29.686780192069048,29.938526153564453,3354082
2013-08-05,29.861070581496403,29.95144164147723,29.564135623368777,29.65450668334961,2621809
2013-08-06,29.648055022806293,29.83525174516123,29.44149454673675,29.74488067626953,3188698
2013-08-07,29.615786563871037,29.9901766225668,29.447953569933603,29.873987197875977,2379536
2013-08-08,30.015993540407607,30.048269905342057,29.46085796424943,29.59641456604004,2379955
2013-08-09,29.596419696489672,29.9901769586773,29.570601354022635,29.83525657653809,2737843
2013-08-12,29.622238022619754,30.02244982369419,29.51249975261123,29.983718872070312,1743586
2013-08-13,29.9837160036442,30.32583306577644,29.84816284959637,30.28710556030273,2905324
2013-08-14,30.190292057839464,30.338757882553992,29.932087929464902,30.022459030151367,2778525
2013-08-15,30.71960674518418,31.09400033013825,30.241932883507552,30.312936782836918,9378203
2013-08-16,30.216108559492973,30.480767258543576,30.028911782712324,30.20319938659668,5067331
2013-08-19,30.099911844510657,30.30001774582948,29.964355234520248,29.977264404296875,2415185
2013-08-20,29.97081346986768,30.51303653342707,29.80298047254829,30.358116149902344,3207431
2013-08-21,30.293567757596332,30.493673689278637,30.106370997649467,30.267745971679688,2724842
2013-08-22,30.267746420330845,31.19727564797566,30.209651704214508,30.964893341064453,4400904
2013-08-23,30.958440704987822,30.98425905046752,30.687327422774644,30.777698516845703,2377998
2013-08-26,30.75186012536309,31.113344306474648,30.590485225906413,30.72604179382324,2813056
2013-08-27,30.39037947395089,30.59048531373609,30.20963738287618,30.319372177124023,2982214
2013-08-28,30.261284763552197,30.319379466094198,30.022447926483927,30.170913696289062,2223379
2013-08-29,30.09990949818902,30.35811008582092,29.9643528987654,30.209644317626957,2657179
2013-08-30,30.267740146831983,30.32583485090722,29.93207764918659,30.106365203857425,1899323
2013-09-03,30.364571544226667,30.667961176127005,30.093458284004008,30.293567657470703,2188709
2013-09-04,30.293561520800026,30.95843192253304,30.170914087226564,30.90033721923828,3525756
2013-09-05,30.868069610916763,31.04235721268896,30.7131492107004,30.777698516845703,1835854
2013-09-06,30.797067972241088,30.848708115198,30.42267435396843,30.616329193115234,1863394
2013-09-09,30.7195907386602,31.016522240132208,30.525939460096318,30.95197296142578,2333122
2013-09-10,31.01007882360003,31.41674527805172,31.01007882360003,31.33928680419922,2546177
2013-09-11,31.371551091916587,31.6426642818304,31.12625968113761,31.603933334350582,2493193
2013-09-12,31.565212148756192,31.591030490615044,31.30055349002949,31.384469985961918,2052963
2013-09-13,31.371561966824,31.384474582090004,31.13272849987112,31.281190872192383,2993258
2013-09-16,31.66850324813345,31.74596174268656,31.35865894258075,31.46194267272949,2600140
2013-09-17,31.455472048222195,31.836320108165587,31.3844681697737,31.54584312438965,2206603
2013-09-18,31.481285160974267,31.8556785327172,31.171441064811532,31.83631134033203,2857792
2013-09-19,34.16014275026914,34.51517250445107,32.75939781803943,32.90786361694336,25368667
2013-09-20,32.940132312689414,33.8180177301184,32.90785594916286,33.6630973815918,14947276
2013-09-23,33.50819152766448,33.72120666872665,33.16607087664908,33.353267669677734,3798226
2013-09-24,33.314525721354904,33.51463506487051,33.04987052903632,33.30807113647461,3080912
2013-09-25,33.3016301703267,33.65020199352848,33.20480447263473,33.45655059814453,4005410
2013-09-26,33.540461695267936,33.64374196377313,33.217708274354614,33.6243782043457,3747059
2013-09-27,33.54026185593839,33.708478912855824,33.25558365156062,33.40439224243164,2949920
2013-09-30,33.00973055493474,33.39792757516101,32.83504396606981,33.15854263305664,3704700
2013-10-01,32.8026773757933,33.69553216552706,32.8026773757933,33.579071044921875,4189806
2013-10-02,33.378512861205465,33.45615363088675,33.09383463956631,33.36557388305664,2825078
2013-10-03,33.35910114454862,33.365570632992856,32.9385533421289,33.03560256958008,2626143
2013-10-04,33.10676831697326,33.55319749557139,33.04206998619385,33.50143814086914,2611324
2013-10-07,33.21676408706751,33.37851165928599,33.042074086772075,33.080894470214844,1932176
2013-10-08,33.113250939103374,33.21030018885055,32.27862463096196,32.43390274047852,3367223
2013-10-09,32.49859952463152,32.5956487593998,31.955121049613904,32.317440032958984,3397979
2013-10-10,32.537419526450854,33.126187929906536,32.537419526450854,32.990318298339844,3391967
2013-10-11,32.91915609516271,33.430280360379214,32.77681349930595,33.294410705566406,2098258
2013-10-14,33.12618707974169,33.27499568657343,32.67975780885212,33.229705810546875,2950479
2013-10-15,33.04854034171312,33.11971161279288,32.73798420534793,32.91914367675781,2742736
2013-10-16,33.139131856643374,33.63732058010054,32.95797232084077,33.35911178588867,3478224
2013-10-17,33.15853701094098,34.09667850062522,33.08089623990199,34.0643310546875,4960663
2013-10-18,34.24548518915992,34.44605659473511,34.05138672280474,34.284305572509766,4027498
2013-10-21,34.31665851557012,34.38135685808601,33.57908153907547,33.63731384277344,3573847
2013-10-22,33.70847632864381,33.77317466089913,32.893262160494494,33.00971984863281,5984139
2013-10-23,32.84150360900417,32.91914436992719,32.54388644278893,32.77033233642578,3283343
2013-10-24,32.783273264398034,33.13911925983655,32.783273264398034,33.07442092895508,2496688
2013-10-25,33.216770001610385,33.58555853439172,33.05501895019664,33.55967712402344,3352823
2013-10-28,33.50791839032249,33.63084560332207,33.07443149897633,33.313819885253906,2486623
2013-10-29,33.333219187124406,33.57907699589381,33.14559022378048,33.44968032836914,1669212
2013-10-30,33.4884887709205,33.52730914149661,32.90619356345762,33.09382247924805,1901280
2013-10-31,33.09383812515422,33.21029929194236,32.640942788696925,32.84151077270508,2649909
2013-11-01,32.945027580951304,33.37204493338734,32.89326821554036,33.061485290527344,2699538
2013-11-04,33.24911342759974,33.294399847373214,32.964431779123515,33.132652282714844,1971040
2013-11-05,33.11324381709764,33.229701511588644,32.899733443338945,33.132652282714844,2206184
2013-11-06,33.11971234250666,33.20381914146259,32.86738159445751,33.02266311645508,1997323
2013-11-07,33.04853515559071,33.12617590269514,32.2462600869533,32.38212966918945,4961222
2013-11-08,32.440364288700394,32.95796131077089,32.35625748979905,32.85444259643555,2601119
2013-11-11,32.75738928832447,33.2620472708126,32.6862214749853,33.19087600708008,2774331
2013-11-12,33.12617492675781,33.25557501798851,32.84149679628612,33.12617492675781,3295366
2013-11-13,32.92560702810572,33.190873247176626,32.77679502547424,33.12617492675781,2949920
2013-11-14,33.12617877485292,33.12617877485292,32.582700398786784,32.699161529541016,3963190
2013-11-15,34.95718661929891,36.06355220483304,34.73721016049148,35.53948211669922,15397991
2013-11-18,35.22891625418473,35.57182327875531,34.72425822435321,34.97011947631836,5775837
2013-11-19,34.72426271513342,35.06070374546109,34.64662539692976,34.821311950683594,3457254
2013-11-20,34.827780698718165,35.10598594352574,34.5948618713495,34.63368225097656,3245457
2013-11-21,34.80836965652227,35.293615788043745,34.74367132245067,35.00246810913086,3379805
2013-11-22,35.002468693447135,35.157750218441244,34.776022795219454,34.840721130371094,2671298
2013-11-25,35.0089476123312,35.02189004316293,34.30372487299051,34.36195373535156,2446780
2013-11-26,34.45899546899797,34.89248227258353,34.4395870025783,34.71132278442383,4468427
2013-11-27,34.79544138244248,34.93778052149682,34.70486161664472,34.814849853515625,1663340
2013-11-29,34.84073213744851,34.918369474079334,34.58840130481225,34.65957260131836,1216819
2013-12-02,34.594860042913204,34.724256700972816,34.36194122785496,34.426639556884766,2039962
2013-12-03,34.239010095973214,34.40076109172259,34.00609128439316,34.245479583740234,3462706
2013-12-04,34.187254236180735,34.82778189606371,34.10961692465123,34.66603088378906,3377288
2013-12-05,34.51722383974914,34.8083715343689,34.368415248080865,34.61427307128906,2530939
2013-12-06,34.78249362260869,35.53947555932182,34.78249362260869,35.47477722167969,4268513
2013-12-09,35.45537528769006,35.862980755601214,35.41655489779504,35.623592376708984,2961663
2013-12-10,35.526547362595856,35.88239695359705,35.345387821751245,35.80475616455078,3253006
2013-12-11,35.811207327831205,36.031187150618,35.377720620027965,35.481239318847656,3277751
2013-12-12,35.345385596119506,35.92121508622956,35.13187861527894,35.75299453735352,3794591
2013-12-13,35.81769398207433,36.16707407103483,35.52007671772606,35.68829727172852,2827595
2013-12-16,35.74651312826027,36.09588963968766,35.63005544124903,35.74004364013672,2356329
2013-12-17,36.20589486320715,37.066402745744575,36.108845594932326,36.47116470336914,4484784
2013-12-18,36.555276423038464,37.486948744938566,36.47116613379601,37.4546012878418,5782547
2013-12-19,37.2475491702732,37.41576623246889,36.924050573258,37.12461853027344,2646694
2013-12-20,37.182858196531214,37.31225836305654,36.820542560813415,36.85289001464844,4129692
2013-12-23,37.16990911848936,37.30577873887525,36.9563987291989,37.2281379699707,2206743
2013-12-24,37.20226303134743,37.2734343236158,36.9887560553318,37.0275764465332,1090021
2013-12-26,37.03403344195719,37.33812007805038,37.03403344195719,37.17637252807617,998731
2013-12-27,37.11283479593133,37.23604505700108,37.04149962723665,37.07392501831055,913034
2013-12-30,36.99610751873132,37.26198813196391,36.91180703059826,37.171199798583984,1576944
2013-12-31,37.25548371783528,37.32033101038719,37.01554423955402,37.086875915527344,1316077
2014-01-02,37.02852975425516,37.02852975425516,36.412468092187325,36.45137786865234,2678848
2014-01-03,36.56811884865658,37.19066163708154,36.483814882513016,36.91181564331055,2609647
2014-01-06,37.22307252050405,37.41761793059915,36.67834606390558,36.730224609375,2484665
2014-01-07,36.931242139420426,37.37221135862133,36.91827337194516,37.25548553466797,2045554
2014-01-08,37.17768114143852,37.96235068473467,37.07392404273971,37.86507797241211,3717981
2014-01-09,37.87154830035701,38.05312488484595,37.52785174162474,37.87803268432617,2457125
2014-01-10,37.94288320802199,38.26712664241194,37.702943689074345,38.21524810791016,2269234
2014-01-13,38.11149103890659,38.32548956143414,38.0012461270442,38.21524810791016,4119487
2014-01-14,38.364407532886645,38.87671206130232,38.27361921350467,38.83131790161133,3581956
2014-01-15,38.79241489341261,39.1490838472379,38.64326361651214,39.1296272277832,3264610
2014-01-16,39.064774947369855,39.23337936401367,38.93507684802432,39.23337936401367,2566728
2014-01-17,39.44737214532109,39.44737214532109,39.123128702204085,39.36955261230469,2375901
2014-01-21,39.35658913617284,39.479802836964,38.8183470923777,39.46034622192383,4205883
2014-01-22,39.44089440274064,39.70028712591464,39.369559242405856,39.51222610473633,3871621
2014-01-23,39.22040871007865,39.239861867794566,38.526527543123535,38.56543731689453,4282773
2014-01-24,38.40330907948854,38.558944682941735,37.42409439212639,37.5278549194336,3713507
2014-01-27,37.547312769982696,37.852099630498266,36.95070436127156,37.80670547485352,6527262
2014-01-28,37.93640227865327,38.182826204565,37.5537958903943,37.67700958251953,3545328
2014-01-29,37.39816128530845,37.754826684441774,37.22955343450224,37.38518905639648,3023874
2014-01-30,37.88452359413419,38.98046421548127,37.88452359413419,38.59137344360352,5232994
2014-01-31,38.00774468790426,38.35792924932809,37.64459481094214,37.70944213867188,4804227
2014-02-03,37.7094346471568,37.9234366653279,36.36706998395117,36.4124641418457,4095161
2014-02-04,36.52269166002531,37.53433151848006,36.3735404720277,37.48893737792969,4070836
2014-02-05,37.33979170093357,37.41760776883507,36.93772875981273,37.24251556396485,3192892
2014-02-06,37.29439633114503,37.83912262195178,37.26197095321838,37.80021286010742,2250081
2014-02-07,37.91047048103523,38.56544195295532,37.69647188707812,38.53302001953125,2749586
2014-02-10,38.43573236920948,38.545977284956265,37.80021770541701,38.267127990722656,2461179
2014-02-11,38.26065592821615,38.90913957035732,38.18283636948977,38.73405075073242,2985848
2014-02-12,38.90913076968092,39.20743670509985,38.69513221909618,38.837799072265625,3280826
2014-02-13,38.55246260510834,39.15555535978925,38.50058406751992,38.96100997924805,4323595
2014-02-14,37.06095005937774,37.46300962489265,35.582402964948486,35.828826904296875,24946891
2014-02-18,35.91313175364986,36.34113233034572,35.640766807114574,35.76397705078125,9161513
2014-02-19,35.67318261820037,36.73669765967048,35.60184747872936,36.27627182006836,6764642
2014-02-20,36.40598131268317,37.31386105105,36.34761838099183,37.15174102783203,6471482
2014-02-21,37.12580335059079,37.22307606490069,36.52271044686572,36.535682678222656,3365266
2014-02-24,36.60699884344462,36.95069539083711,36.57457692466854,36.801544189453125,3345134
2014-02-25,36.83397868718309,37.3333144016954,36.80155330204003,36.89234161376953,4718390
2014-02-26,36.95069914710837,37.36573087467483,36.80154793056222,37.02851867675781,3356458
2014-02-27,36.97664943821363,37.14525385038636,36.43840735479483,36.54864883422852,4367072
2014-02-28,36.607010640940814,37.03501123176069,36.57458871171598,36.91828536987305,3998000
2014-03-03,36.39302061488001,37.04150430996184,36.17901854008165,36.77562713623047,3478783
2014-03-04,37.106340295251975,37.6121568914325,36.95070122719162,37.46949005126953,3972976
2014-03-05,37.42410090750653,37.61216192463002,37.326828206121206,37.48246383666992,4352673
2014-03-06,37.86508719644469,38.468176776422986,37.70296366418711,38.11151123046875,7239962
2014-03-07,38.299557088311175,38.39034540028028,37.30088911498993,37.884525299072266,4539586
2014-03-10,37.80023047249733,37.83265586553205,37.35277664864875,37.70944213867188,3583633
2014-03-11,37.76132093043894,37.806711635140886,36.63943908551664,36.872894287109375,4783537
2014-03-12,36.65240566880335,37.01555895144063,36.32167777449845,37.00259017944336,2309915
2014-03-13,37.06742344578603,37.22305902577064,36.16602842524276,36.2179069519043,3241682
2014-03-14,36.06227891484269,36.30221844771568,35.81585499707296,35.95203399658203,2439790
2014-03-17,36.107673576344645,36.58106826386567,35.97797550156581,36.185489654541016,2009625
2014-03-18,36.29573791525176,36.84046434612119,36.211433985968704,36.82749557495117,1809991
2014-03-19,36.78209873367171,37.06094804351438,36.431917729259766,36.72373580932617,2522551
2014-03-20,36.66538503802043,36.91829343290544,36.41895757205671,36.769142150878906,2528143
2014-03-21,37.08040802686803,37.46949887193743,36.28925410577806,36.3735580444336,3862534
2014-03-24,36.36706180576668,36.46433448533196,35.44621354199277,35.835304260253906,2776009
2014-03-25,35.9909564779534,36.45138255165264,35.65374413583305,35.77047348022461,2414765
2014-03-26,35.92611357899855,36.30872013696218,35.770477892286294,35.77696228027344,3579859
2014-03-27,36.055807174355685,36.055807174355685,35.160896036333575,35.46568298339844,4151780
2014-03-28,35.56944009481031,35.828836331679824,35.29059415476833,35.46568298339844,2805646
2014-03-31,35.64724794159629,36.347613400951744,35.38785524831947,36.263309478759766,3062738
2014-04-01,36.44489174083926,36.717253246401256,36.21143655154381,36.54864883422852,2922799
2014-04-02,36.58755953519665,36.76913618239481,36.44489266358942,36.74967956542969,2683461
2014-04-03,36.81451849567463,37.05446148074486,36.49027850910418,36.70427703857422,2240994
2014-04-04,37.02852626467663,37.11931458175929,36.023373849363246,36.03634262084961,3226165
2014-04-07,36.02985951772845,36.094706835807806,34.979312906475464,35.24519348144531,3613131
2014-04-08,35.154394736226315,35.66669565964466,34.901483008204536,35.44621276855469,2575815
2014-04-09,36.03907291473311,36.149584733008886,35.35001553824254,36.12358093261719,2820465
2014-04-10,36.12357219249724,36.16907623213962,35.03798225634828,35.13549041748047,2749027
2014-04-11,34.901465915975216,35.13548616772903,34.22540895166861,34.30341339111328,3623616
2014-04-14,34.57645453647511,34.615458508662165,34.00440552229595,34.225425720214844,3971159
2014-04-15,34.34893226346229,34.68696089163876,33.77688328243882,34.52444839477539,3037155
2014-04-16,34.81046194302768,34.95347414332934,34.61544562140816,34.89496994018555,1738413
2014-04-17,34.933975357290095,35.68154034005491,34.849467348215484,35.52552795410156,2882676
2014-04-21,35.499528610185784,35.62304059792223,35.31751240371576,35.55153274536133,1657888
2014-04-22,35.55801970845282,36.143072080045314,35.44751139531988,35.73353576660156,2062749
2014-04-23,35.65554407067635,35.8830643482578,35.473531315322724,35.75955581665039,1250092
2014-04-24,35.90256199337081,36.09107826765802,35.46702523094782,35.935062408447266,2525347
2014-04-25,35.91555885069777,35.91555885069777,35.148493658183845,35.35651016235352,2209539
2014-04-28,35.65554791982375,35.707552065069045,34.36193744008428,34.927486419677734,4206582
2014-04-29,34.64145676428917,34.81047281137423,33.7833832945759,34.64795684814453,4688612
2014-04-30,34.73245398208529,35.148490418792065,34.46593329402009,35.128990173339844,2346683
2014-05-01,35.0639948343133,35.66854772457633,34.8819786121514,35.40852355957031,2058415
2014-05-02,35.4280287457016,35.74655368096343,35.16150448554048,35.45402908325195,2909098
2014-05-05,35.30450667669421,35.98056379421915,35.0314858766969,35.96756362915039,2918045
2014-05-06,35.80505987216668,36.04557685126653,35.40202345663504,35.75955581665039,3109432
2014-05-07,35.83755679174525,35.83755679174525,35.27850801193372,35.772552490234375,3102442
2014-05-08,35.77254266146466,36.49410373015474,35.5515225503167,35.948055267333984,3088322
2014-05-09,35.92206089923063,36.16258129535765,35.62953637421486,36.006568908691406,1800484
2014-05-12,36.130087156599856,36.80614448115085,36.05858276011453,36.66963577270508,2854856
2014-05-13,36.81264124137104,37.04015802461731,36.663128924745074,36.942649841308594,2048769
2014-05-14,36.9101288032443,36.91662888293851,36.20806819563129,36.30557632446289,3622078
2014-05-15,35.49302461111575,36.500610252393066,34.94047943581444,35.4215202331543,8024800
2014-05-16,35.35651594711571,35.83755679174525,35.05099122329007,35.772552490234375,3363308
2014-05-19,35.68803173177448,35.90255174359071,35.55801970845282,35.73353576660156,3833456
2014-05-20,35.6685444346729,35.72704865305406,35.23950772202574,35.30451202392578,2572460
2014-05-21,35.48001559135953,35.84404440658572,35.38900752087549,35.74653625488281,1541015
2014-05-22,35.753047966506685,36.21458855028412,35.68154358312896,36.10408020019531,2357168
2014-05-23,36.17556765080305,36.54609996105587,35.870043076877444,36.52009963989258,4907819
2014-05-27,36.60462140484954,36.728133388723975,36.42260867078196,36.58512115478516,1664459
2014-05-28,36.66962729469838,37.20267223632716,36.60461953105595,37.12466430664063,2518777
2014-05-29,37.17016140030116,37.30017343655098,36.81913271580799,37.02714920043945,2179063
2014-05-30,36.96864467320543,37.12465703531056,36.55910832263039,37.0141487121582,3560986
2014-06-02,37.0271515336744,37.04665524703154,36.59811490705389,36.98164749145508,1782170
2014-06-03,36.87763870132734,37.3716796095627,36.84513482401618,37.1961669921875,2575535
2014-06-04,37.06615968437918,37.365184300365,37.02715571996561,37.34568405151367,1597774
2014-06-05,37.34569238262418,38.19076228878615,37.31968857831055,38.09325408935547,2562674
2014-06-06,38.08024734727509,38.535287843878535,37.943735198294064,38.359771728515625,1797548
2014-06-09,38.35327735337064,38.73030997332424,38.15826095914797,38.53529357910156,1661942
2014-06-10,38.457281104942304,38.51578532297573,38.08024852939842,38.28176498413086,1772384
2014-06-11,37.91771404213868,38.43775855264816,37.90471041601178,38.29474639892578,1972019
2014-06-12,38.28827003084309,38.35327433489749,37.83322950232831,37.96324157714844,2345844
2014-06-13,38.04775155216736,38.26876827732425,37.820231276231,38.02824783325195,1474750
2014-06-16,38.073736802676585,38.26225303279882,37.80071257973195,37.911224365234375,1641811
2014-06-17,37.87872798080198,38.48328074637153,37.826723851869325,38.26876068115234,1857243
2014-06-18,38.26225358290077,38.56127813611442,38.04773702372451,38.52877426147461,1558351
2014-06-19,38.48327947053735,38.70429614449609,37.800718800842304,38.10624694824219,4403001
2014-06-20,37.59920169052073,38.39227068276669,37.59920169052073,38.20375442504883,2837101
2014-06-23,38.164759641797225,38.262267835327584,37.68371875815259,37.77472686767578,2006969
2014-06-24,37.72271670209835,38.02174131892262,37.43019216824276,37.47569274902344,1573868
2014-06-25,37.44967652570397,37.76820472298048,37.3196645213673,37.68369674682617,1482579
2014-06-26,37.69670139486828,37.742205428467685,37.31316888312035,37.5861930847168,1541155
2014-06-27,37.47674417158613,37.88069924168677,37.25521829384638,37.46371078491211,2123562
2014-06-30,37.46371513736229,37.63311791201643,37.25522262207438,37.42462539672852,1837531
2014-07-01,37.62008640085755,38.07616462734247,37.38553059379773,37.95237350463867,2811098
2014-07-02,37.87419421186649,38.17390311498298,37.646153318345625,37.82207107543945,1978170
2014-07-03,37.91328479594739,38.14132567360782,37.802523573073984,38.08919906616211,839779
2014-07-07,37.91978363310466,37.95236188024789,37.69174285238685,37.86766052246094,1326982
2014-07-08,37.68524293817996,37.74388102672649,37.08582518922647,37.23567962646485,2259028
2014-07-09,37.17050806066705,37.19005639869918,36.82519115161832,37.0727767944336,1787343
2014-07-10,36.75354473627522,36.896884242471934,36.49292555702062,36.80566787719727,1662641
2014-07-11,36.70142030329931,36.96855095679001,36.58414063437018,36.87733459472656,1654253
2014-07-14,37.08582454895088,37.18355585305572,36.89035846609745,37.02066802978516,2079944
2014-07-15,36.94248328424441,37.05975945363966,36.58413287009888,36.91641998291016,2928111
2014-07-16,37.0597581299403,37.203097595550005,37.027179873097,37.11188125610352,2612163
2014-07-17,36.79261173110945,36.81216006851805,35.926060271574634,35.93257522583008,6156932
2014-07-18,36.10849903083155,36.64928202171998,36.02379766181977,36.58412551879883,2385268
2014-07-21,36.39518825332088,37.10537070932872,36.34958007817748,36.94900131225586,2773492
2014-07-22,37.13794406021902,37.90024954780383,37.10536580381108,37.6070556640625,3371557
2014-07-23,37.861160428983496,37.99146651941854,37.431141991402825,37.44417190551758,2032133
2014-07-24,37.5288627498912,37.62007907234765,36.94899003902004,37.03369140625,3543091
2014-07-25,36.82518823208842,36.96852764284293,36.7144270657097,36.83170318603516,2404001
2014-07-28,36.80563678055577,36.831696591676966,36.4147118166061,36.67532730102539,2111260
2014-07-29,36.67533873265616,36.72094689097569,36.40820821219251,36.50593948364258,2800334
2014-07-30,36.62974442821028,37.0141547045888,36.4994348587778,36.99460983276367,1917077
2014-07-31,36.629737694209794,36.86429348621004,36.375637033977554,36.54503631591797,3785924
2014-08-01,36.33654273501741,36.74701622738978,36.20623319344224,36.532005310058594,2238757
2014-08-04,36.61018027008813,36.74700472471633,36.2192517677324,36.65578842163086,1338725
2014-08-05,36.42124456163149,36.55806558613951,35.90000986352159,35.99122619628906,2422594
2014-08-06,35.98470129164721,36.30395489342624,35.7696904310984,36.21925354003906,2193182
2014-08-07,36.47335995778886,36.4863898669546,35.82181585450795,35.86742401123047,2276643
2014-08-08,36.0368343626728,36.04334931863573,35.743640496481575,35.99122619628906,2468868
2014-08-11,36.12153355720498,36.25835806125154,35.87394784853927,35.96516418457031,1751275
2014-08-12,35.82833077726692,35.880457363168446,35.37876763966642,35.40483093261719,3693656
2014-08-13,35.496054282458005,35.8153114737707,35.30711011984506,35.6915168762207,2406377
2014-08-14,35.69150974531843,36.24532263342731,35.47650232499375,36.238807678222656,4862943
2014-08-15,38.40846969755566,38.48014120182044,37.36599972846052,37.5158576965332,7799162
2014-08-18,37.62659433665962,38.19343714173416,37.36597527760239,38.12828063964844,3860717
2014-08-19,38.128283168572914,38.278137573880905,37.89372738972121,38.15434646606445,1667814
2014-08-20,37.9979825714268,38.05662065591464,37.75039337088967,38.00449752807617,2581547
2014-08-21,38.02404886812571,38.10223531050924,37.769948142345456,37.78297805786133,1717303
2014-08-22,37.72432292028329,37.81553923697295,37.45067397021433,37.5549201965332,2012561
2014-08-25,37.71129536290664,37.88720957780146,37.51583280770608,37.620079040527344,1352006
2014-08-26,37.62659654149319,37.72432782570578,37.48977204866696,37.69174957275391,1237649
2014-08-27,37.78947593057123,37.78947593057123,37.32688286710395,37.385520935058594,1667814
2014-08-28,37.229164669364536,37.48326536949536,37.1249149318283,37.23567962646485,1950769
2014-08-29,37.35295635101063,37.46371757262673,37.190071997184376,37.24219512939453,2767900
2014-09-02,37.287792357653096,37.85463516300207,37.287792357653096,37.835086822509766,2817809
2014-09-03,37.926314070356256,38.08919842328229,37.71130658550815,37.82858276367188,2066244
2014-09-04,37.8676769831164,38.108747777625325,37.52887487933749,37.5875129699707,1105259
2014-09-05,37.51583570009833,37.822059466950336,37.333403041274565,37.73735809326172,1268405
2014-09-08,37.607062610434,37.7634320157169,37.46371964561963,37.56145095825195,1881428
2014-09-09,37.58750262713924,37.659170612716096,37.43113327026367,37.43113327026367,1797968
2014-09-10,37.52887487933749,37.67872932190856,37.25522582352393,37.5875129699707,2066104
2014-09-11,37.47674595705267,37.60705550749856,37.40507448818225,37.52235412597656,1392268
2014-09-12,37.53537890469301,38.199953004032935,37.53537890469301,38.18040466308594,3621379
2014-09-15,38.11525332235579,38.11525332235579,37.62008194095675,37.73735809326172,2266298
2014-09-16,37.67220451502997,37.86115212683672,37.37901066387667,37.73084259033203,1928960
2014-09-17,37.789481488738666,38.43451075503992,37.73735836793008,38.36935424804688,3788440
2014-09-18,38.57134854030423,38.70165464990245,37.99147210655062,38.05011367797852,4008066
2014-09-19,38.32375034739354,38.428000075253934,37.85464220791737,37.95237350463867,3039252
2014-09-22,37.87419124442611,37.913284462344464,37.313863228431984,37.49629592895508,2357867
2014-09-23,37.300822324048326,37.45067671971381,37.07929994551796,37.12490463256836,2281955
2014-09-24,37.0597527911809,37.815543223634926,36.99459976152356,37.76342010498047,2307399
2014-09-25,37.69826867465669,37.782970056861615,37.0662727355957,37.0662727355957,2278181
2014-09-26,37.08717991952538,37.18513852590466,36.61697721581484,36.89779281616211,3101323
2014-09-29,36.59737528574722,37.34185976167271,36.51900703239762,37.32226943969727,2273987
2014-09-30,37.36145288712172,37.48553188949153,37.10675780972799,37.21124649047852,2964599
2014-10-01,37.1263544957831,37.17859884021352,36.688805934475766,36.70186614990234,3468857
2014-10-02,36.65613742175641,36.727972060928,36.10756679801963,36.46022033691406,2387924
2014-10-03,36.721456634148765,37.2308433479853,36.67574239723107,37.1655387878418,2205065
2014-10-06,37.26349635380382,37.32880091216745,36.85206823275806,36.94349670410156,1618045
2014-10-07,36.73451996576874,36.786764309907,35.91819381713867,35.91819381713867,2117271
2014-10-08,35.95738454040745,36.91085009056082,35.787591261499514,36.87166595458984,2970331
2014-10-09,36.754108733660686,36.754108733660686,35.93778610229492,35.93778610229492,3531767
2014-10-10,35.85942762802948,35.93126579447505,34.886371705497815,35.03004455566406,7176773
2014-10-13,35.08880898720541,35.41533873197864,34.435752980382865,34.47493362426758,3533165
2014-10-14,34.63821474717824,34.8667860125352,33.808831564569104,33.82189178466797,5554114
2014-10-15,33.221076384690434,33.88066625783823,32.522305851246045,33.82189178466797,6604012
2014-10-16,33.16229646592617,34.03739375790662,33.01209351127801,33.7696418762207,7496216
2014-10-17,34.07004089968695,34.87983345550579,33.97208231937877,34.135345458984375,5327498
2014-10-20,34.004741875092314,34.20718917631687,33.21453951363002,34.18759536743164,6909196
2014-10-21,34.52065247645576,35.28473085801047,34.52065247645576,35.265140533447266,3120196
2014-10-22,35.11494762407437,35.173722097271465,34.60556073000703,34.644744873046875,3021218
2014-10-23,34.99737638494705,35.402274335104906,34.99737638494705,35.07574462890625,2453071
2014-10-24,35.069234513226654,35.33698644772346,34.94515197001318,35.29780578613281,2108464
2014-10-27,35.22596337099946,35.33698219760457,35.00392223506418,35.25861740112305,1545209
2014-10-28,35.34350565545762,35.70268947104371,35.186772609266576,35.69615936279297,2394774
2014-10-29,35.65044544750745,35.70921990502467,35.35003956888663,35.591670989990234,2074213
2014-10-30,35.206369220524174,35.51330522909942,35.10188051474216,35.47412109375,2883794
2014-10-31,36.055329473652655,36.18594204981091,35.820228229657154,36.10104370117188,2918744
2014-11-03,36.42771975485117,37.65110692686091,36.053399981169626,37.28591537475586,4559800
2014-11-04,36.756401115065,37.27680048184194,36.37295298270157,36.68336486816406,5765200
2014-11-05,37.07593456630212,37.13071086581275,36.50075904236512,36.6377067565918,2341400
2014-11-06,36.87506029396461,37.80629522707398,36.75637256686706,37.769775390625,2968300
2014-11-07,37.78804409308232,37.87021200283169,37.30416833718272,37.36807632446289,2458700
2014-11-10,37.41371979105942,37.93411532793987,37.32242367265796,37.91585540771485,2583900
2014-11-11,37.90674133597611,38.44539699411095,37.742405475343446,38.0345573425293,2163800
2014-11-12,37.70588295620294,37.92499858246767,37.4502509611647,37.84283065795898,2504300
2014-11-13,37.934126803979865,38.10759435723416,37.6693631047047,37.84283065795898,1805500
2014-11-14,37.76065716602229,38.02542082626072,37.69674917668532,37.9523811340332,1331300
2014-11-17,37.952376329481815,38.07106407296425,37.62370472151433,37.65109634399414,2697200
2014-11-18,36.747261482075366,37.57806899366546,36.564665697420686,37.24939727783203,5891400
2014-11-19,37.26765720456999,37.733276629575656,37.15810112686715,37.24939727783203,4012100
2014-11-20,37.03026616075524,37.8245534121477,37.03026616075524,37.66934585571289,2303800
2014-11-21,38.11672772740472,38.691903276657946,38.07107964822831,38.57321548461914,5306200
2014-11-24,38.74667957857955,38.80145936322636,38.33584338326673,38.57321548461914,2122400
2014-11-25,38.64625116952727,39.13925524906372,38.62799124321483,38.99317932128906,2713900
2014-11-26,38.96577764364754,39.13924165929899,38.82882998521708,39.02055740356445,1752700
2014-11-28,39.02055740356445,39.24880117913281,38.88360974513399,39.02055740356445,1091800
2014-12-01,38.974905675036005,39.01142551480517,37.96150624186873,37.97063446044922,4411200
2014-12-02,37.97976297347588,38.43625052595864,37.93411491477233,38.32669448852539,2014400
2014-12-03,38.32669169571269,38.68275140346788,38.1806158288715,38.554935455322266,2250300
2014-12-04,38.48189752773701,38.96577316181512,38.36320980293027,38.591453552246094,1345000
2014-12-05,38.55495414704374,38.79232972244419,38.41800991452046,38.61886215209961,1019500
2014-12-08,38.55494539287641,38.8105773550569,37.81543416735163,37.89760208129883,1425800
2014-12-09,37.42285287475722,37.824560686374014,37.41372117294559,37.79717254638672,1798100
2014-12-10,37.76064544343735,37.76064544343735,36.8020224182578,36.82941055297852,2650000
2014-12-11,36.97549263548351,37.5963160003268,36.96636441661392,37.08504867553711,1640900
2014-12-12,36.70160970737435,37.08505768204836,36.254250254196776,36.26338195800781,2333400
2014-12-15,36.58292379135232,36.67421993774326,35.28650040243235,35.31388854980469,4507400
2014-12-16,34.966942855456985,36.04425366648639,34.784347153418835,35.12215042114258,3842600
2014-12-17,35.00346931303264,36.509879786368565,34.77522551299532,36.29989242553711,3502700
2014-12-18,36.95724442217957,37.24939627668496,36.61944449341862,37.15810012817383,3104100
2014-12-19,37.34068771961277,37.824563469519,37.30416787512669,37.77891540527344,3736300
2014-12-22,37.77892110617059,38.23540878295898,37.77892110617059,38.23540878295898,1585900
2014-12-23,38.3266907069405,38.3540788429156,37.7606471728744,37.769775390625,1867200
2014-12-24,37.8154384657882,37.915866314552986,37.39547062797606,37.55067825317383,1426900
2014-12-26,37.742395560787365,37.95237944249618,37.69674749654181,37.77891540527344,588000
2014-12-29,37.76064542841099,37.95236933682597,37.71499737632025,37.73325729370117,975900
2014-12-30,37.62369952755235,37.97063100837113,37.55979155512827,37.769775390625,1323500
2014-12-31,37.78804830424836,38.15323982888185,37.34069234343304,37.3772087097168,1421100
2015-01-02,37.68837847153437,37.8073568450293,36.94705651687626,37.12094879150391,1529200
2015-01-05,36.901302225144455,37.02943118912894,36.33387245981925,36.425392150878906,2041800
2015-01-06,36.43453578200249,36.626729172946206,35.71151855940308,35.85795211791992,2080600
2015-01-07,36.16914310082858,36.43455515780185,35.95864496672148,36.33388137817383,3359700
2015-01-08,36.82807737259465,37.50533128526142,36.77316347781701,37.4229621887207,2116300
2015-01-09,37.52364712875661,37.52364712875661,36.87384822369582,37.14841079711914,1644900
2015-01-12,37.16670026727182,37.26737398440324,36.56266145573439,36.7090950012207,2770800
2015-01-13,37.03859407452707,37.249092207100894,35.99525398644235,36.19659805297852,2013100
2015-01-14,35.72067210359629,35.78473657257839,34.97019961730449,35.748130798339844,5134000
2015-01-15,35.995244311533234,36.06845936388927,34.76886163611195,34.78716278076172,2628900
2015-01-16,34.62242996248453,35.19901031477824,34.55836198764383,35.00681686401367,3004000
2015-01-20,35.171541119289785,35.38203912326959,34.55834824573894,34.71393585205078,5033600
2015-01-21,34.549198473721226,35.15323730076405,34.48513401412965,34.924434661865234,2721600
2015-01-22,35.2447618987507,36.480298416693536,34.88783029065112,36.28810501098633,4856600
2015-01-23,36.242342881832,36.242342881832,35.47356574233851,35.51932907104492,1519300
2015-01-26,35.50103269349598,35.8488103320273,35.20816547617875,35.830509185791016,1510900
2015-01-27,35.41865666473224,35.9220218781502,35.30883235246424,35.46441650390625,1703500
2015-01-28,35.702372718376864,35.73898198924795,34.7414020511504,34.778011322021484,2033500
2015-01-29,34.77800901363591,35.20815918968941,34.494292420095,35.199005126953125,2330000
2015-01-30,34.78715731129557,35.07087388629166,34.51259479843743,34.567508697509766,3054300
2015-02-02,34.68648259794978,35.473560769078254,34.51259035224879,35.40949630737305,2508500
2015-02-03,35.72982267266193,36.269797066474624,35.61999488692786,36.26064300537109,2950400
2015-02-04,35.995231710527825,36.11420656536288,35.52847238655585,35.79388427734375,2567400
2015-02-05,35.89457434781046,36.4436995178154,35.89457434781046,36.17828750610352,1826300
2015-02-06,36.187445065407566,36.43455246314971,35.90372838846221,36.00440216064453,2697200
2015-02-09,35.90372432993337,36.08676721400538,35.647466386984135,35.729835510253906,3586100
2015-02-10,35.97694255897535,36.38878468039597,35.491878396825754,36.30641555786133,1408600
2015-02-11,36.278952346330826,36.43453998402794,35.90371609115189,35.9952392578125,3336800
2015-02-12,36.224040429769325,36.663341137698986,36.17827710271799,36.626731872558594,1317700
2015-02-13,36.58096267645461,36.89213436802224,36.526048792795336,36.74570083618164,2211900
2015-02-17,36.61758724852606,37.093497344257976,36.38878451930413,37.08434677124024,2875800
2015-02-18,37.63347758364894,38.62190719831463,37.44128410010387,38.01786804199219,9007200
2015-02-19,37.889729524937245,38.0453136892771,37.56025306956788,37.660926818847656,3737300
2015-02-20,37.606011275837865,38.539526695004994,37.41381784898783,38.39309310913086,2971900
2015-02-23,38.338175515139206,38.40223998458964,37.97209333131551,38.191741943359375,1967900
2015-02-24,38.09107935538177,38.53953426402546,38.07277471714603,38.4937744140625,1922100
2015-02-25,38.750027611797606,38.88731063609311,38.52122489880666,38.62189865112305,2343500
2015-02-26,38.64935884609908,38.78664188810712,38.4388607419388,38.76833724975586,1505300
2015-02-27,38.71340775958715,38.76832165254805,38.48460510912712,38.63103866577149,1676400
2015-03-02,38.75002565702621,39.11611137584522,38.75002565702621,39.07950210571289,1847100
2015-03-03,38.85070352420471,38.96052785499592,38.566986887470506,38.67681121826172,1635400
2015-03-04,38.39309818520061,38.58529163746113,38.19175066878338,38.43885803222656,1306000
2015-03-05,38.4296997070478,38.658502387274616,38.29241670241097,38.64019775390625,1376500
2015-03-06,38.39309550813101,38.48461519580144,37.97209935884336,38.00870513916016,1528600
2015-03-09,38.01785057703594,38.33817290245873,37.92632741887836,38.20089340209961,1492400
2015-03-10,37.72499115608096,37.77075099887719,37.18501663208008,37.18501663208008,1961300
2015-03-11,37.33144975429301,37.642621569147146,37.22162194346059,37.38636016845703,2064400
2015-03-12,37.51449164197675,37.74329433840164,37.49618700731251,37.61516189575195,2719900
2015-03-13,37.48702837155561,37.9446337085851,37.08433693182025,37.40465927124024,4704600
2015-03-16,37.67007288155448,38.28326587592201,37.6243130440648,38.26496124267578,2551400
2015-03-17,37.99955234341815,38.15513650160461,37.578556218764334,38.054466247558594,1504900
2015-03-18,37.935482260772815,38.78662844726585,37.679220903910974,38.54867172241211,1295600
2015-03-19,38.48460510912712,38.66764792774542,38.27410708965405,38.63103866577149,1085700
2015-03-20,38.79577685340281,38.92390577906021,38.621888095903685,38.63103866577149,2315500
2015-03-23,38.54868010716482,38.841547300493055,38.43885578247982,38.62189865112305,1835400
2015-03-24,38.5578265583402,38.5578265583402,37.532788092811714,37.60600662231445,3626000
2015-03-25,37.67922729174337,38.16429139406297,37.33144969838477,37.349754333496094,2776200
2015-03-26,37.23077983563498,37.49619183556453,36.94706319868418,37.24908447265625,1573400
2015-03-27,37.24907472140986,37.78120606021475,37.23072850269676,37.716983795166016,1932700
2015-03-30,38.09314814129494,38.40508638883346,37.909654436886754,38.276641845703125,2064200
2015-03-31,37.87295434687612,38.331686850108056,37.70781036572453,38.12067031860352,1659200
2015-04-01,38.03809922510396,38.09314838673651,37.35917706422596,37.973876953125,2170300
2015-04-02,38.04727503835417,38.65280180422328,37.918830497086674,38.579402923583984,2135900
2015-04-06,38.23994070047635,38.7170229107333,38.08396983373314,38.46930694580078,2379800
2015-04-07,38.4784813911352,39.01061277868487,38.41425912020352,38.93721389770508,3072400
2015-04-08,38.92803888822832,39.074833143174615,38.56105150093704,38.77206802368164,2442800
2015-04-09,38.680324316649525,39.07483454721535,38.59775232653456,38.98308944702149,1332300
2015-04-10,39.26750572567054,39.9647811641736,39.05648917187008,39.955604553222656,3370600
2015-04-13,39.99229882830191,39.99229882830191,39.44182123735032,39.48769378662109,3708600
2015-04-14,39.4142837036832,39.63447677738067,39.065649628449954,39.51520538330078,1777700
2015-04-15,39.70788061951093,39.964773177021605,39.616135527446986,39.79962921142578,1445600
2015-04-16,39.57943983376635,39.78128325521675,39.50604445314429,39.57026672363281,1070200
2015-04-17,39.2124542580572,39.49686615812952,39.08400622270878,39.43264389038086,2332500
2015-04-20,39.75376084736893,39.85467905931518,39.58861686440046,39.62531280517578,1410600
2015-04-21,39.836337840050646,39.90973673696715,39.33173267323181,39.35008239746094,1719700
2015-04-22,39.194097872681,39.30419267011816,38.872983088701055,39.18492126464844,2726100
2015-04-23,38.918862263457136,39.322549089290405,38.75372178907665,39.10235595703125,3972800
2015-04-24,39.18492936741822,39.276677967463314,38.9188636770643,38.98308944702149,2200200
2015-04-27,39.21245012761944,39.239972953798,38.50600175694672,38.515174865722656,2297800
2015-04-28,38.41426541704457,38.81795232890297,38.13902656795592,38.69868087768555,1803500
2015-04-29,38.57022122146658,38.71701545019379,38.01974023885169,38.49682235717773,2161000
2015-04-30,38.37755327216552,38.47847145768318,37.71697751328414,37.95551681518555,1726300
2015-05-01,37.992211242558746,38.469293283379365,37.836243931058696,38.37754821777344,1880200
2015-05-04,38.42344705970219,38.60694081640496,38.258303028654936,38.478492736816406,1073800
2015-05-05,38.27663530406058,38.39590321666888,38.03809247914255,38.15736389160156,1254800
2015-05-06,38.40507982523919,38.40507982523919,37.94634739254374,38.15736389160156,934600
2015-05-07,38.157377400510256,38.39591681002801,37.90048826720622,38.35004425048828,999700
2015-05-08,38.74455539666815,39.01979425968602,38.726205672486685,38.99227142333984,1033800
2015-05-11,38.89133943436891,39.29502626020218,38.89133943436891,39.10235595703125,975500
2015-05-12,38.86380278189379,38.992247271754174,38.07478263006584,38.45094299316406,2617800
2015-05-13,38.57940059695383,38.89133882115605,38.2674623727516,38.35921096801758,1992800
2015-05-14,38.6986743546972,38.74454690517113,38.41425894199684,38.579402923583984,2883700
2015-05-15,38.66196602712397,38.77206082292408,38.52434840733645,38.570220947265625,2147400
2015-05-18,38.57939521056356,39.17574874705187,38.515172952769504,39.11152648925781,1966100
2015-05-19,38.13901463856676,39.29502234294743,38.07479237719569,38.87298583984375,5277300
2015-05-20,38.99227132139106,39.30420963195627,38.92804903684987,39.09319305419922,2652300
2015-05-21,39.05648416637692,39.2032784241141,38.71702310158178,38.82711791992188,2126300
2015-05-22,38.78125484503107,39.14823882910423,38.59776110306848,38.99227142333984,1484800
2015-05-26,38.97392628287049,39.11154748049103,38.5243702370346,38.58859252929688,1919600
2015-05-27,38.78125474363401,39.38678164063094,38.6252838384254,39.09319305419922,2506300
2015-05-28,38.94638722684321,39.184926570230026,37.93717369749657,38.304161071777344,3347400
2015-05-29,38.34086348946474,38.37756292971571,37.45092131256054,37.79038238525391,5022600
2015-06-01,38.010572652405465,38.010572652405465,37.47844130856191,37.54266357421875,2440000
2015-06-02,37.56101293729698,37.74450662308663,37.3132969864586,37.716983795166016,2947500
2015-06-03,37.900487423176,37.94635998169416,37.56102279046748,37.70781707763672,2722100
2015-06-04,37.51514210160598,37.68946268598858,36.70777194722379,37.19403076171875,4091900
2015-06-05,37.19403350667989,37.3133014418109,36.88209525354614,36.98301696777344,1760300
2015-06-08,36.93714480111176,37.01971680326913,36.61603340375077,36.65273284912109,1353000
2015-06-09,36.634364461120704,37.00135172813941,36.54261939429101,36.80868148803711,1439000
2015-06-10,37.06558724827991,37.23990433762022,36.94631581880959,37.17568206787109,1789300
2015-06-11,37.22155203736764,37.24907486539464,36.9646629761797,37.184852600097656,1577000
2015-06-12,37.001359090729366,37.1481533267762,36.46005468908464,36.55179977416992,2769600
2015-06-15,36.3591347415634,36.3591347415634,36.01049710176641,36.25821304321289,2361900
2015-06-16,36.3224419565147,36.52428539017352,36.12977513339571,36.50593566894531,1422600
2015-06-17,36.47840205929048,36.5151014944249,36.07471877236404,36.33160781860352,1519400
2015-06-18,36.51511249901552,36.753655399428425,36.441717106478194,36.60686111450195,1865000
2015-06-19,36.515113412022906,36.64355797706367,36.2307014465332,36.2307014465332,2658800
2015-06-22,36.5242805480957,36.70777073634929,36.45088167291347,36.5242805480957,3909300
2015-06-23,36.59767347355199,36.65272262625364,36.16646386034935,36.33160781860352,2053600
2015-06-24,36.21234475366475,37.1114600357611,35.80865791282676,36.87291717529297,6127700
2015-06-25,36.51511004483672,37.17568603253448,36.12977638524742,36.744476318359375,5265800
2015-06-26,36.79046893800336,36.946826746855855,36.58812023608833,36.80886459350586,3350500
2015-06-29,36.42256490301137,36.60651795981703,35.63157272338867,35.63157272338867,2516400
2015-06-30,35.94427474208862,36.04544554194784,35.392415834599234,35.48439407348633,3037400
2015-07-01,35.76951067541312,36.14661260776309,35.64074467538295,36.10982131958008,4486400
2015-07-02,36.20181469946645,36.45934680736781,36.00866561854044,36.4041633605957,2160800
2015-07-06,35.971864791109354,36.477732801388,35.94427307502843,36.201805114746094,2509400
2015-07-07,36.35818811843632,36.59732818603516,35.99948152565142,36.59732818603516,2927800
2015-07-08,36.31218788226796,36.31218788226796,35.60397102269494,35.64076232910156,3391000
2015-07-09,36.119037799971686,36.1742247580742,35.78792306858058,35.797119140625,2237900
2015-07-10,36.13741975796837,36.275381838024295,36.01784981503136,36.23859405517578,2107100
2015-07-13,36.53293272912723,36.7904648603941,36.36737535656648,36.7536735534668,1579700
2015-07-14,36.836441220338685,37.39749620300128,36.68927954526416,37.24113845825195,2800900
2015-07-15,37.17676622077408,37.26874449591905,36.80886364603152,36.910037994384766,2247700
2015-07-16,37.121575583110975,37.19515468038059,36.90083127407858,37.10317993164063,1826300
2015-07-17,36.97441287789202,37.09398285490284,36.64329817762308,36.74447250366211,2412400
2015-07-20,36.845664978027344,36.91004803383465,36.7444906021549,36.845664978027344,1155200
2015-07-21,36.76287216786337,36.79965996521124,36.367374400324366,36.39496612548828,1160900
2015-07-22,36.1374299017539,37.17675786263537,36.1374299017539,37.0939826965332,2949400
2015-07-23,37.13075992222102,37.13075992222102,36.79964531760161,37.020389556884766,1708800
2015-07-24,36.89163508195119,36.94681852756992,36.07304789156367,36.15582656860352,1844900
2015-07-27,35.90750254957989,36.46855782513784,35.51200468348536,36.431766510009766,5261300
2015-07-28,36.79046372854822,37.22275280011451,36.33058293194137,37.2043571472168,2768200
2015-07-29,37.250341906393,37.46188663692675,37.011205452758425,37.15836715698242,2014100
2015-07-30,37.02959157132051,37.75620390272989,36.85483817242673,37.68262481689453,2440400
2015-07-31,37.75620508400428,37.83898375104095,37.50786908289428,37.66423034667969,2247700
2015-08-03,37.63664154230373,37.82979413743022,37.3239259785822,37.71022415161133,2104200
2015-08-04,37.655045069695255,38.03214724973292,37.2963385458317,37.360721588134766,1448100
2015-08-05,37.65505061378271,37.8849910868951,37.425110140670334,37.45270538330078,949500
2015-08-06,37.66422912831076,37.67342519830121,36.70767645318785,36.90082550048828,1932000
2015-08-07,36.91923121261647,36.98361424593296,36.45015432579453,36.78126907348633,1513100
2015-08-10,37.011206878747366,37.37910939917622,36.93762426949444,37.22275161743164,1554500
2015-08-11,36.96521292122615,36.96521292122615,36.146625758691336,36.25699615478516,1575700
2015-08-12,35.916692978768914,35.9718799427869,35.199279989597,35.76953125,3431000
2015-08-13,35.815514101393724,35.815514101393724,35.37402897093878,35.466007232666016,2848900
2015-08-14,35.52118711857628,35.62236144202323,35.245259378291955,35.54878234863281,2632700
2015-08-17,35.28205727478334,35.88909982033165,35.061312936123855,35.70514678955078,3302100
2015-08-18,35.97186633741398,37.1123684268563,35.87069202928694,35.88908767700195,6416900
2015-08-19,35.58558354685492,35.69595749143809,35.226876998491896,35.31885528564453,2730400
2015-08-20,34.96013637821861,35.236067661209304,34.49105951263604,34.5002555847168,2144600
2015-08-21,34.15073886363996,34.48185350089282,33.26776532809534,33.32295227050781,3827500
2015-08-24,31.152317521378347,33.120606348784406,30.87638980411221,31.89732551574707,4115000
2015-08-25,32.817101190754094,33.26778250636623,31.547828928749187,31.603015899658203,3802700
2015-08-26,32.52278056975073,32.8354997486373,31.70419305965112,32.76191711425781,3233800
2015-08-27,33.26776522599104,33.72764588551723,33.01023317941189,33.70005416870117,2406300
2015-08-28,33.525325711123635,33.71847488968667,33.24939781194593,33.580509185791016,1783600
2015-08-31,33.51611189357044,33.61728623231484,33.06543066830626,33.39654541015625,2554700
2015-09-01,32.46758194053785,32.72511755981694,31.79615643157552,31.961713790893555,2953900
2015-09-02,32.49518102966796,32.67913055419922,32.08128758224807,32.67913055419922,2118300
2015-09-03,32.75270749296557,33.22178431298182,32.67912488901936,32.881473541259766,2140400
2015-09-04,32.228449591023654,32.66073518781596,32.099683519272226,32.24684524536133,2819000
2015-09-08,32.94585898068197,33.34135673435779,32.6607316324051,33.3045654296875,1787400
2015-09-09,33.571301992422555,33.84722980022683,32.59635332899419,32.688331604003906,1885300
2015-09-10,32.75270657417464,33.1482042877617,32.59634529948108,32.98264694213867,1628700
2015-09-11,32.79870292195791,33.07463073730469,32.59635422001776,33.07463073730469,1443300
2015-09-14,33.037835842809145,33.19419714333368,32.48598027197322,32.69752502441406,2223300
2015-09-15,32.881468444171304,33.38733648774402,32.6607241751628,33.24937438964844,1752700
2015-09-16,33.2493841578589,33.911610142215025,33.166605471237865,33.58969497680664,2130100
2015-09-17,33.69085757579013,34.02197220688168,33.37813859182711,33.47931289672852,1819100
2015-09-18,32.98264287204675,33.31375752243293,32.73430688425713,32.87227249145508,3352300
2015-09-21,33.07462618281436,33.17580051985238,32.56875800623631,32.826290130615234,2640200
2015-09-22,32.36641409137737,32.4951836811134,32.13647365833902,32.237648010253906,2283300
2015-09-23,32.28363016207746,32.4123997309404,32.01690196953422,32.14566802978516,1962600
2015-09-24,31.786959131948606,31.860538228463213,31.409857052205464,31.777759552001957,2028900
2015-09-25,32.008363538709226,32.30354124300337,31.454902704060856,31.777755737304688,2730700
2015-09-28,31.482580113369615,31.61171992768235,30.735409520679625,30.781530380249023,2615400
2015-09-29,30.77230460499204,31.41800713217412,30.66161384909661,31.12282943725586,2252400
2015-09-30,31.43645118723288,31.75930064017181,31.058251086939947,31.66705894470215,2545700
2015-10-01,31.657837689746824,31.805426537205957,30.882995360887467,31.12282943725586,3011400
2015-10-02,30.60625844728877,31.98990483814705,30.55091132488833,31.98067855834961,3519400
2015-10-05,32.32200322594457,32.6448528696101,32.13751620722261,32.598731994628906,1675400
2015-10-06,32.405026144775604,32.47881884994991,31.85156502137897,32.192867279052734,1833700
2015-10-07,32.469587735420475,33.004596146508774,32.377342479166124,32.7832145690918,3085400
2015-10-08,32.64485214952201,33.272105888062235,32.598731275558166,33.216758728027344,2597900
2015-10-09,33.15218322812594,33.52115719540964,33.09683959619096,33.4196891784668,3232900
2015-10-12,33.28131835413932,33.37356006376384,33.07838237041057,33.198299407958984,1349900
2015-10-13,32.98614355304498,33.42891369792558,32.773984764637724,32.86623001098633,2383200
2015-10-14,32.87545724584123,32.995374322999695,32.25742984586459,32.33122253417969,1647400
2015-10-15,32.395800506392554,32.912363528151964,32.09139987340408,32.82012176513672,1433000
2015-10-16,32.921581542658494,33.22598565048502,32.62640372107972,33.004600524902344,1754300
2015-10-19,32.92157537827276,33.4196891784668,32.829333645850106,33.4196891784668,3685800
2015-10-20,33.30899868401696,33.687195420296774,33.23520248240306,33.502708435058594,2635800
2015-10-21,33.70563164983698,33.76097526119938,33.02303111974055,33.11527633666992,2886400
2015-10-22,33.23519546301814,34.08383400835983,33.20752365265559,33.29054260253906,3696200
2015-10-23,33.66875383679798,34.379026600268304,33.37357600247231,34.23143768310547,2732600
2015-10-26,34.1115109373178,34.231427998209355,33.844005001019866,33.973148345947266,1948400
2015-10-27,33.8255463676705,34.18529744841388,33.641062964781,34.17607116699219,2557200
2015-10-28,34.18530163197901,34.6926380896032,33.91779573873862,34.609619140625,1780100
2015-10-29,34.56349889573223,34.84022755762332,34.38823471212439,34.775657653808594,1352300
2015-10-30,34.79412194988878,35.14464343313812,34.75722384045284,34.831016540527344,2194600
2015-11-02,34.93247457729612,35.624298096491245,34.86790466367496,35.59662628173828,1810800
2015-11-03,35.3383469211966,35.532056663671376,35.1999808086881,35.301448822021484,1485800
2015-11-04,35.35680506426365,35.49516769356148,35.05240094597328,35.36602783203125,1569600
2015-11-05,35.30146025613211,35.51361911691251,34.98783334915293,35.329132080078125,1419800
2015-11-06,35.14463190145039,35.45825869115367,35.03394112825989,35.1815299987793,1964100
2015-11-09,35.0892862044024,35.126184299554765,34.572723428657405,34.97859191894531,3109600
2015-11-10,34.9509204061668,35.209200036852216,34.76643344762177,35.033939361572266,4338700
2015-11-11,35.19998140770123,35.255328557405775,34.72954295100021,34.738765716552734,1967900
2015-11-12,34.462034086553246,34.840230780508406,34.35134331531656,34.58195114135742,3096300
2015-11-13,34.48969959266182,34.65573747855221,33.7886534779656,33.91779327392578,3335100
2015-11-16,33.899348686203204,34.58194936448134,33.76098259016969,34.43436050415039,2490200
2015-11-17,33.66873678758567,35.51359907731639,33.66873678758567,35.40290832519531,7679500
2015-11-18,35.44905087763511,36.30691264897505,35.38448093947384,36.2884635925293,6589600
2015-11-19,36.12240769616222,36.62052141687177,35.338342539294075,35.51360321044922,7274500
2015-11-20,35.77189276635146,36.29767844458594,35.53206212246082,36.23310852050781,5447900
2015-11-23,36.24233325607848,36.96182867577546,36.10396712823054,36.924930572509766,6473400
2015-11-24,36.721989930352464,37.56140224084059,36.64819374012246,37.51527786254883,5669100
2015-11-25,37.44148122049017,38.28089344195962,37.33079046567981,38.13330459594727,3797000
2015-11-27,38.11486144776751,38.926601985831965,37.967272578919086,38.71444320678711,1935700
2015-11-30,38.714442609452206,38.78823528333976,38.38236677996788,38.57607650756836,3208100
2015-12-01,38.88970745890339,39.02807357562381,37.85658528212623,37.87503433227539,7988900
2015-12-02,37.88426129329999,38.24400901405614,37.23855854175968,37.2846794128418,4713200
2015-12-03,37.48761491400256,37.57986017360009,36.85113845736547,37.03562545776367,3314500
2015-12-04,37.109415731345095,38.01339810378323,37.01717399654806,37.91193008422852,2519100
2015-12-07,37.74590515494683,37.91194314984055,37.39538362688038,37.54297256469727,2004500
2015-12-08,37.45995338844109,38.077980962974905,37.28468910644663,37.97651290893555,4331800
2015-12-09,38.05028823864031,38.557624711396336,37.73666147967908,37.801231384277344,4133300
2015-12-10,37.782787034276765,38.42848967932391,37.496835569450354,38.05029296875,3709200
2015-12-11,37.58908412333195,37.58908412333195,36.95260764666085,37.0725212097168,2634400
2015-12-14,37.100177773508754,37.39535542654513,36.80500012047239,37.12784957885742,2310500
2015-12-15,37.5890849092133,37.91193453772453,37.413824184992485,37.64443206787109,2195400
2015-12-16,37.82890092935872,38.34546365400062,37.51527418918252,38.21632385253906,2582600
2015-12-17,38.327029135256254,38.4008253462312,37.607533672235625,37.61675643920898,2218800
2015-12-18,37.41381926136987,37.55218186161043,36.97105260676626,36.98949813842773,3364800
2015-12-21,37.36769862569374,37.93038240534204,37.3031287020092,37.662879943847656,1734500
2015-12-22,37.828907898111744,38.1240891657102,37.56140548243229,38.02262115478516,1643200
2015-12-23,38.3915831095412,38.61296813168805,38.17942436933138,38.52994918823242,1510700
2015-12-24,38.548411989583066,38.981952387856126,38.43771767960982,38.87126159667969,874500
2015-12-28,38.76057733816873,38.815924502483504,38.299361525271145,38.53919219970703,1458200
2015-12-29,38.81591618793364,39.18488664793807,38.66832378137588,39.074195861816406,1757000
2015-12-30,39.07418231447896,39.092631358902246,38.75132931526462,38.89891815185547,834300
2015-12-31,38.75556730631457,39.17179371156816,38.58907533284558,38.67232131958008,1451000
2016-01-04,37.97860323472956,38.09884468490099,37.31263538828442,37.63636779785156,3287300
2016-01-05,37.6733660427567,37.87685699808576,37.31263464261413,37.506874084472656,2587200
2016-01-06,37.22014494503745,37.913860341270045,37.04440145313705,37.673370361328125,2103600
2016-01-07,37.12764312629588,37.13689463975159,35.89745646807849,36.07319641113281,3504300
2016-01-08,36.27668389446168,36.729909214698175,35.582968645251434,35.69396209716797,3736700
2016-01-11,35.80496549304963,35.9807089965124,34.60252609948699,35.092750549316406,2818400
2016-01-12,35.54597652866521,35.68472101671657,34.82451365900345,35.3239860534668,1989400
2016-01-13,35.47197091852063,35.58296789651981,33.96429901575569,34.09379196166992,4206600
2016-01-14,34.1677928387651,35.037251687707226,33.80706141353116,34.78751373291016,2893300
2016-01-15,33.91806448513591,34.74127658179043,33.80707098328016,34.32504653930664,2994400
2016-01-19,34.81526550904356,35.07425148145326,34.029056076560245,34.408287048339844,2506500
2016-01-20,33.92730428734747,34.787511568659085,33.41858042370755,34.463775634765625,2469100
2016-01-21,34.5470286423608,34.991009643642606,34.04755619065255,34.43603515625,2298400
2016-01-22,35.06499138326474,35.314729282580686,34.759758525268374,35.129737854003906,1834500
2016-01-25,34.59327427754093,35.17599264364862,34.59327427754093,34.78751373291016,1831200
2016-01-26,35.04649838018221,35.11124486291613,34.55627400279145,34.69501495361328,1754900
2016-01-27,34.58401177530409,35.07423601502886,34.047540564959235,34.269527435302734,1479400
2016-01-28,34.47301606884503,34.47301606884503,33.307572726866105,33.40007019042969,3479400
2016-01-29,33.70531568601177,34.86150795262273,33.58507423074576,34.82451248168945,2959900
2016-02-01,34.565522482350616,35.10199737943765,34.22329056466125,34.861507415771484,2666200
2016-02-02,34.38979330484544,34.73202532975372,34.17705428782571,34.288047790527344,1742300
2016-02-03,34.47302294899835,34.55626891861114,33.56656879566916,34.399024963378906,2128100
2016-02-04,34.36204756227507,34.95401764474215,34.195555535528705,34.61178207397461,2833500
2016-02-05,34.4637759799456,34.51002649126404,33.14109533260166,33.33533477783203,4424600
2016-02-08,32.937602609619354,33.094843048740714,31.80915793952606,32.18838882446289,3888600
2016-02-09,31.642664382045822,33.085593385600895,31.587169419721025,32.71561050415039,3464500
2016-02-10,32.95610424208034,33.97355199095805,32.86360674682504,33.15959167480469,3170000
2016-02-11,32.484368821496005,32.937597629314006,32.31787689441331,32.678611755371094,3224000
2016-02-12,33.1503438135421,33.51107522534104,32.85435888445483,33.501827239990234,3923600
2016-02-16,33.964306848053354,34.38053326207014,33.668321895303265,34.29729080200195,2903600
2016-02-17,32.57686729728112,35.268482163226324,32.14213797116725,35.02799224853516,5382300
2016-02-18,34.89850078105565,35.11123969708431,34.30653100977277,34.399024963378906,2231500
2016-02-19,34.20479020686153,34.77826055992022,34.08454522804613,34.63026809692383,2339400
2016-02-22,35.03725390831231,35.32398735248184,34.94475640340356,35.175994873046875,1792500
2016-02-23,34.81525300353454,35.111237873805905,34.1770362885903,34.380523681640625,1282300
2016-02-24,33.89956078227638,34.68577016122999,33.73306880322895,34.66727066040039,1454900
2016-02-25,34.79675968637744,34.88000566644801,34.186290341999545,34.80601119995117,1453500
2016-02-26,34.91698958990533,35.07422996859053,34.63025277602298,34.76899719238281,944200
2016-02-29,34.76901040333667,34.870755876871165,34.528523989142926,34.547019958496094,2187500
2016-03-01,34.80600742499923,35.75870857148747,34.78750792827677,35.69396209716797,2759500
2016-03-02,35.60148258718653,36.32294561000318,35.527484570272186,36.11020660400391,3612300
2016-03-03,35.9992006882092,36.28593764030979,35.832712248107484,36.2581901550293,946800
2016-03-04,36.20269998705188,36.60968201638768,36.100954479717934,36.387691497802734,1125000
2016-03-07,36.1101930019144,36.70216280056573,36.03619501287382,36.470924377441406,1221600
2016-03-08,36.04543192298408,36.19342431269222,35.15747405631834,35.23147201538086,1801500
2016-03-09,35.43498563877646,35.51823163199282,35.11124965252656,35.26849365234375,1614600
2016-03-10,35.30547777052194,35.61996214057706,34.79675398824931,35.129737854003906,1615000
2016-03-11,35.54597216903366,36.32293344430723,35.44422669406402,36.28593444824219,1517300
2016-03-14,36.05469107248396,36.23043098707185,35.527467800302304,36.09169006347656,929600
2016-03-15,35.69396644587376,35.80495991131298,35.22224157144312,35.416481018066406,1059400
2016-03-16,35.2314868934798,36.16568858644345,35.16674041616639,36.05469512939453,1956100
2016-03-17,36.12870691211871,36.48018691502356,35.69397737412304,36.34144592285156,1895700
2016-03-18,36.378435648833005,37.44213043105633,36.32293714907486,37.17389297485352,2504400
2016-03-21,37.062894448441625,37.12764092511875,36.66516407547169,36.674415588378906,2172600
2016-03-22,36.59117251521949,37.03514990266857,36.48942703568392,36.88715744018555,1552300
2016-03-23,36.90565734984675,36.98890333144623,36.41542944557484,36.50792694091797,1554800
2016-03-24,36.22118645705695,36.48942387470155,35.97144853667248,36.470924377441406,993500
2016-03-28,36.57266438096929,36.766903780536765,36.20268154791124,36.55416488647461,1272700
2016-03-29,36.39694222391508,37.20165482696178,36.1749552170483,37.14615631103516,1091200
2016-03-30,37.33112891152309,37.53461983834568,36.89639957819049,37.10913848876953,783400
2016-03-31,37.00741329646094,37.09065930953993,36.6836807613871,36.85942077636719,3143500
2016-04-01,36.69706877966173,37.457725608672426,36.64140966828412,37.39279174804688,2857800
2016-04-04,37.402072582111536,37.58759944492298,36.91970415425401,37.114505767822266,2958100
2016-04-05,36.85475341904141,37.00317413365,36.35383218025157,36.41876602172852,1900700
2016-04-06,36.44661561747686,37.337140351750335,36.33529737171962,37.32786560058594,1566600
2016-04-07,37.00319349317487,37.19799511952304,36.409510324134246,36.61359024047852,1373800
2016-04-08,36.81766269005544,37.07740170277184,36.54865246559373,36.67852020263672,1106300
2016-04-11,36.97536070564332,37.10522843899896,36.50226706141309,36.55792617797852,1049300
2016-04-12,36.61357848540112,36.947526045427686,36.49298552458494,36.873313903808594,992500
2016-04-13,36.65996271641279,38.032855616469256,36.64140967928135,37.74528884887695,2494600
2016-04-14,37.903000931374194,38.1070808713804,37.59688102136489,37.82878875732422,1347800
2016-04-15,37.81950360763732,37.9864774147145,37.689635877384006,37.94937133789063,1442300
2016-04-18,37.77312842587809,38.45029850527646,37.671088468678334,38.320430755615234,1536100
2016-04-19,38.19983550291744,38.719310009537,38.1534546720085,38.40391540527344,1640600
2016-04-20,38.42246307545727,38.66364904649734,38.31114837885514,38.515228271484375,1243900
2016-04-21,38.496675900302215,38.96049127259501,38.42246374219274,38.89555740356445,1670400
2016-04-22,38.94194102268056,38.94194102268056,38.54305949084437,38.77496719360352,1396300
2016-04-25,38.69148769174654,38.83063375551252,38.52451383067992,38.617279052734375,1500400
2016-04-26,38.79350424016943,38.84916333979083,38.27402992625751,38.329689025878906,1869000
2016-04-27,38.35753033148824,38.72858404920831,38.069967061954166,38.57088851928711,1189300
2016-04-28,38.26476678286146,38.75640992674016,38.08851822188975,38.199832916259766,1549800
2016-04-29,37.95864486694336,38.06996309383473,37.34640877356137,37.95864486694336,2027900
2016-05-02,38.21838859156689,38.72858480947457,38.15345472048576,38.69147872924805,1285300
2016-05-03,38.32969796086317,38.48739701057018,37.949369538032265,38.255489349365234,1334000
2016-05-04,37.85661064919377,38.21838606087034,37.4670039098749,37.58759689331055,1603000
2016-05-05,37.69891647327865,38.06069193183663,37.57832347421572,37.99575805664063,1084000
2016-05-06,37.90298683419149,38.60798453230172,37.7731191165367,38.43173599243164,1403500
2016-05-09,38.50595574368469,38.75641650248529,38.30187935915272,38.338985443115234,1741500
2016-05-10,38.49668711707706,38.96050262451172,38.35754104939406,38.96050262451172,2094300
2016-05-11,39.13672731226382,40.073636046018365,39.071793464018974,39.38718795776367,3329000
2016-05-12,39.50778944098448,39.83245875234164,39.35009039073236,39.637657165527344,2504900
2016-05-13,39.470680156679805,39.82318076508662,39.32225940660796,39.53561401367188,2430600
2016-05-16,39.52634222430201,39.9530514703778,39.42430228749475,39.83245849609375,3979300
2016-05-17,41.7062870173541,42.05878777216814,40.472539683451885,41.19609069824219,7130400
2016-05-18,41.23319141883497,41.50220521087851,40.80648208301953,41.11259841918945,3476500
2016-05-19,40.880664700121535,41.57638738533617,40.79717783635064,41.335205078125,3659500
2016-05-20,41.61352199833849,41.947469682566194,41.455822908061634,41.64134979248047,2567400
2016-05-23,41.64134304689294,41.70627691512608,41.30739541676227,41.34450149536133,1689700
2016-05-24,41.52075658424258,42.01240335634849,41.46510099623016,41.771217346191406,3236300
2016-05-25,41.854710820635326,42.30925157948629,41.854710820635326,42.132999420166016,2352400
2016-05-26,42.28141385241511,42.29996335454729,41.928913155181846,42.21647644042969,2569600
2016-05-27,42.25357904267516,42.53186755394184,42.08660522818907,42.5040397644043,1822700
2016-05-31,42.47620427114358,42.67100583983691,42.28140270245025,42.568965911865234,2256400
2016-06-01,42.43909933463213,42.763768624472455,42.1608108663933,42.62462615966797,1733600
2016-06-02,42.58752181955819,42.81015472638472,42.504034921826985,42.5782470703125,2209400
2016-06-03,42.42055633675651,42.53187104266782,41.919634852209576,42.41128158569336,2395100
2016-06-06,42.41128899942889,42.6802992908532,42.41128899942889,42.54115676879883,2359000
2016-06-07,42.49476892507414,42.62463667304217,42.30924205427807,42.439109802246094,1500400
2016-06-08,42.43911164754744,42.83799319858208,42.402005564048665,42.81016540527344,1552100
2016-06-09,42.65246900543658,42.83799589598173,42.55970732947956,42.75450897216797,1203900
2016-06-10,42.42056162255819,42.466942460914616,41.91964007559408,42.07733917236328,1261700
2016-06-13,42.04022408429992,42.22575093663054,41.65989562940581,41.66917037963867,1272800
2016-06-14,41.46510283603172,41.6970105660558,41.33523507339921,41.65990447998047,1624100
2016-06-15,41.84542030724827,42.09588101408492,41.650618714807614,41.687721252441406,2029200
2016-06-16,41.48365850308966,42.14227564874695,41.3630654850324,42.08661651611328,1784700
2016-06-17,42.13299476293854,42.13299476293854,41.62279846375559,42.07733917236328,3434800
2016-06-20,42.27212744246701,42.995678200075446,42.27212744246701,42.80087661743164,3161300
2016-06-21,42.86581213040154,42.97713035788546,42.44837762391219,42.81943130493164,2112900
2016-06-22,42.81017080359596,43.107012431755855,42.6246439013382,42.6988525390625,2411900
2016-06-23,43.13482977117864,43.30180358886719,43.03278982274336,43.30180358886719,1487900
2016-06-24,41.33523814698639,41.808328394415646,40.74155134152949,40.92707824707031,5263600
2016-06-27,40.472524261508696,40.54673286977445,38.94193234876949,39.20166778564453,4328100
2016-06-28,39.58200587988282,39.99016571044922,39.10891571283545,39.99016571044922,4300800
2016-06-29,40.39831516787472,40.79719664101125,40.06436755886459,40.59311676025391,2402600
2016-06-30,40.6256778122428,41.29533297278181,40.54197091717542,41.25812911987305,2181100
2016-07-01,41.25813010350621,41.66736185139502,41.21162706023892,41.48134613037109,1591500
2016-07-05,41.21162777262507,41.24882807910908,40.579176438984,40.6907844543457,1813500
2016-07-06,40.59776679754939,41.434831996166125,40.32804425165956,41.36042785644531,2312100
2016-07-07,41.36043328165113,41.611553938561535,41.09071070038207,41.313926696777344,1860700
2016-07-08,41.723163023871415,42.36491346517175,41.723163023871415,42.29980850219727,1838100
2016-07-11,42.42070621690289,42.569518022011216,42.178884816131045,42.22539138793945,1094700
2016-07-12,42.56952710814014,43.39729317248242,42.44861638194679,43.27638244628906,2237700
2016-07-13,43.37870031625037,43.54611411121682,43.090379317773,43.1647834777832,1852400
2016-07-14,43.58330973772412,43.69491773064793,43.42519516212411,43.52750396728516,1192500
2016-07-15,43.67631589180037,43.67631589180037,43.29498532961384,43.40659332275391,1202100
2016-07-18,43.341488280442725,43.60191166120378,43.09967037111545,43.52750396728516,1362900
2016-07-19,43.40659508193427,43.71352151045124,43.23918485941643,43.69491958618164,2583900
2016-07-20,43.67631724572868,43.88093486279023,43.54610732503651,43.72282028198242,2124600
2016-07-21,43.69491781531608,43.84372965548755,43.22058118350516,43.40659332275391,1218400
2016-07-22,43.45309350342854,43.51819845216429,43.1740682397569,43.32288360595703,1512400
2016-07-25,43.239182663648194,43.26708377465858,42.70903671877214,42.91365432739258,1719800
2016-07-26,42.97875812308418,43.6670150756836,42.58812838768338,43.6670150756836,1792700
2016-07-27,43.713527202723405,44.14136087277284,43.46240651431489,43.955345153808594,1572600
2016-07-28,43.89022730830131,44.41107045901063,43.73211629973727,44.18785095214844,1944800
2016-07-29,44.16926134887876,44.81101179310533,44.04835061082294,44.745906829833984,1881400
2016-08-01,44.74589788178937,44.74589788178937,44.29015968207163,44.52267837524414,1604600
2016-08-02,44.37387810615842,44.41108195826084,43.68562458203682,43.88093948364258,1595900
2016-08-03,43.80653658630893,43.880944298678486,43.62052440129505,43.79723739624024,1508900
2016-08-04,43.86233518584275,44.02044977475105,43.47170540375359,43.55541229248047,1700200
2016-08-05,43.80651836330454,44.21575351519,43.80651836330454,44.16925048828125,1250700
2016-08-08,44.2436662767274,44.336672355045216,43.84373375364272,43.92744064331055,1311700
2016-08-09,43.81583156428626,44.29947096516792,43.81583156428626,44.132057189941406,1006200
2016-08-10,44.18785095214844,44.25295945044659,43.90882922953597,44.18785095214844,754100
2016-08-11,44.29018219050276,44.820324796520175,44.15067303247242,44.76452255249024,1377000
2016-08-12,44.61569268592546,44.82960948044684,44.36457204506452,44.7738037109375,1538600
2016-08-15,44.80171666458408,45.22025117665424,44.75521361834406,45.05283737182617,2323500
2016-08-16,44.894723027409775,45.14584371631841,44.75521035092006,44.90402221679688,3176000
2016-08-17,45.22954137715274,45.22954137715274,44.71800091440036,45.04352569580078,3154900
2016-08-18,43.6019101317824,44.02974371294501,42.86715014590269,43.45309829711914,4660000
2016-08-19,43.32290095952092,44.44829100754731,43.31359822143028,44.29017639160156,3340400
2016-08-22,44.299478509804615,44.5040926215203,44.066959732162495,44.25297546386719,1626800
2016-08-23,44.39247414811542,44.7273016767475,44.34597111312855,44.47618103027344,1645100
2016-08-24,44.40178046468082,44.47618461706933,43.369396684126365,43.43450164794922,2634700
2016-08-25,43.4066007342392,44.10415701938904,43.350798502118245,43.955345153808594,2160100
2016-08-26,44.094845789294446,44.44827520402208,43.77862021779156,44.011138916015625,1581200
2016-08-29,44.132065323610846,44.54129710072361,44.00185537398201,44.29017639160156,1333000
2016-08-30,44.32737416485728,44.46688683343096,43.7879325121451,43.84373474121094,2231200
2016-08-31,43.82512950811455,43.89023446908101,43.536808551821466,43.69491958618164,1676600
2016-09-01,43.741427752457184,43.91814427976487,43.53681365740496,43.704227447509766,1257900
2016-09-02,43.92744451680095,44.076256384004274,43.61121885549956,43.71352767944336,1424500
2016-09-06,43.6205120426055,43.8158269103059,43.453098285161154,43.6670150756836,1460900
2016-09-07,43.77862638224947,43.87163245545375,43.58331149974792,43.81583023071289,1542400
2016-09-08,43.77861972875333,43.86232660109709,43.65770901360042,43.73211669921875,884700
2016-09-09,43.25777575136293,43.276377672414064,41.732453704706586,41.74175643920898,2507000
2016-09-12,41.472046914192354,42.606739618548296,41.36043890083178,42.55093383789063,1835400
2016-09-13,42.18819813601989,42.24400035946724,41.49064195929458,41.7603645324707,3461800
2016-09-14,41.86266506616717,41.94637193984391,41.48133454118509,41.7231559753418,1604800
2016-09-15,41.723162142521474,42.48582330521603,41.67665910537265,42.262603759765625,1734000
2016-09-16,42.21610558719935,42.21610558719935,41.611558938693776,41.65806198120117,2592900
2016-09-19,41.76036646915512,42.29980809257041,41.72316261982873,41.80686950683594,1927900
2016-09-20,42.160303135879,42.73694866546897,41.99288934536018,42.51372909545898,2333000
2016-09-21,42.76483480401812,43.01595540184819,42.23469250236135,42.82064056396485,1612600
2016-09-22,43.13687430166158,43.43449798200452,43.05316741981799,43.40659332275391,1306400
2016-09-23,43.18338196422153,43.59261368155988,43.07177395912099,43.35079574584961,1957000
2016-09-26,43.21128218920032,43.49960670672694,42.93226040821409,43.31359100341797,2639100
2016-09-27,43.276387058697686,43.44380083651487,42.99736527832054,43.43450164794922,1587100
2016-09-28,43.6205196148349,43.95534363989279,43.26709011577119,43.88093948364258,1502500
2016-09-29,43.760030949684,43.96464859863294,42.913662785333536,43.1647834777832,1938200
2016-09-30,43.35590991708684,44.12046546334141,43.16943217383197,43.9060173034668,1754300
2016-10-03,43.65428132395637,44.03655917099544,43.65428132395637,43.95264434814453,1538800
2016-10-04,43.88737137937036,44.10181955002376,43.5144158741148,43.66360092163086,1764000
2016-10-05,43.859404518160645,44.11114897110848,43.75684156805957,43.96196746826172,1431900
2016-10-06,43.83143311284678,44.22303680377608,43.71022557994982,44.10182571411133,1772800
2016-10-07,44.12979212755976,44.27897361358508,43.81278102516007,44.17641067504883,1663100
2016-10-10,44.36290231706444,44.89436174979063,44.33492833439527,44.46546173095703,1544900
2016-10-11,43.99926707663617,43.99926707663617,42.34894444189819,42.60068893432617,2912500
2016-10-12,42.684606069673805,42.721902342440046,42.34894672831428,42.39556884765625,1736100
2016-10-13,41.80816237131086,42.25570694605844,41.73356983046887,42.10652542114258,1336000
2016-10-14,42.31163236109924,42.53540276965484,42.03191757202149,42.03191757202149,997100
2016-10-17,42.03192798989485,42.39555766150044,41.95733546404375,42.09719467163086,1160300
2016-10-18,42.61001022039344,42.731221308983706,42.2090842446291,42.36758804321289,1949100
2016-10-19,42.339626674735776,43.02959353027955,42.274359972331865,42.90838241577149,1769000
2016-10-20,42.88972940169061,43.0948553326471,42.563395926776295,42.93634796142578,1493600
2016-10-21,42.582048630180495,42.582048630180495,42.22774466317527,42.48881149291992,1011300
2016-10-24,42.77784428163663,42.84311097682495,42.55407021472801,42.74987030029297,1666400
2016-10-25,42.19975906736239,42.50744793786045,40.25107355784486,40.56808471679688,3949500
2016-10-26,40.484171963951184,40.857127543002925,40.316345865822704,40.43755340576172,2146200
2016-10-27,40.996987878267866,41.20211025117847,40.418906359494834,40.44688034057617,2392800
2016-10-28,40.44688049947958,40.90374736330853,40.19513600936709,40.297698974609375,1470500
2016-10-31,40.4002529782158,40.74523451105989,40.26039377358768,40.6240234375,1556800
2016-11-01,40.77321279370531,41.12752023880677,40.223105269772,40.549442291259766,2133100
2016-11-02,40.5307874287815,40.77320602565247,40.316339250881335,40.3349838256836,2240300
2016-11-03,40.400257656310856,41.02495411397976,40.26039843548792,40.70794296264648,2510100
2016-11-04,40.73592223522692,41.882756002149335,40.73592223522692,41.32332611083984,2220900
2016-11-07,41.94802386931563,42.6659575514142,41.9107275968832,42.61933898925781,1724000
2016-11-08,42.404886081760594,42.85243063129222,42.25570456525005,42.53541946411133,2136700
2016-11-09,42.3396190929713,42.97364142287641,41.48182626825727,42.83378219604492,3501200
2016-11-10,43.44915262779914,44.17641556484304,43.206734019962894,43.85007858276367,2558700
2016-11-11,43.60766628202956,43.700903400813054,43.08552916924492,43.234710693359375,2219300
2016-11-14,43.50509665493215,43.57036333943928,42.125166879004006,42.2650260925293,3443200
2016-11-15,42.26503268275749,42.88972920523726,41.91072522821047,42.330299377441406,4710200
2016-11-16,43.16943757489086,44.56801548913204,43.02958191752728,43.05755233764648,4026800
2016-11-17,43.03890811359301,43.03890811359301,42.47015247440449,42.83378219604492,2070600
2016-11-18,42.80580300817457,43.07619556107181,41.96665493255112,41.99462890625,3148500
2016-11-21,42.16246722069823,42.18111535475608,41.63100784873715,41.92937088012695,2540100
2016-11-22,41.90139431191509,42.1065202171105,40.81050521268713,41.45384979248047,2831200
2016-11-23,41.19279343568636,41.75222333689671,40.9969933259396,41.63101577758789,1926300
2016-11-25,41.71492642164431,41.96666736212413,41.60303760724416,41.85478210449219,877100
2016-11-28,41.509789020831846,41.66829279563621,40.63334822403583,40.65199279785156,2241800
2016-11-29,40.65199600614585,41.612355244741295,40.57740703469458,41.47249603271485,1951900
2016-11-30,41.76153907957143,41.86410203322345,40.96900942838521,41.00630569458008,2238600
2016-12-01,41.0995382193135,41.11818279195022,40.01796805449967,40.288360595703125,2823100
2016-12-02,40.34431382113904,41.1088695103288,40.34431382113904,41.05292510986328,2153200
2016-12-05,41.220756229736736,41.6683007791746,41.220756229736736,41.51911926269531,2495000
2016-12-06,41.565740250587176,41.86410327546406,41.21143282475794,41.80815887451172,1136700
2016-12-07,41.54709492637546,41.948020935058594,41.12752078278054,41.948020935058594,1815200
2016-12-08,41.94801348798908,42.73121723140069,41.74288759714374,42.703243255615234,1848400
2016-12-09,42.80581150379425,43.188089357055816,42.74986710206042,43.16944122314453,1937500
2016-12-12,43.05755230712467,43.58901162961818,42.99228562238109,43.02025604248047,1851500
2016-12-13,43.178760336950326,43.45847518847646,43.0389011328036,43.25334930419922,1734700
2016-12-14,43.29064862599964,43.6263078942624,42.889722672993294,43.02025604248047,2044100
2016-12-15,42.96430934585972,43.607653817824655,42.81512430761815,43.4118537902832,1338900
2016-12-16,43.45848718868532,43.74752440714179,42.71257952639208,42.80581665039063,2103200
2016-12-19,42.78716131212466,43.09485017171132,42.29299823592902,42.3582649230957,1084200
2016-12-20,42.65662911186152,43.178766180333824,42.46082904497233,43.08552551269531,1552400
2016-12-21,43.08551716634589,43.22537636232681,42.759183784746526,42.9270133972168,1652300
2016-12-22,42.82446291511413,43.01094071173043,42.70325181379832,42.861759185791016,968300
2016-12-23,42.96431334555098,43.10416899677148,42.82445413756309,43.07619857788086,727700
2016-12-27,43.23471242485995,43.50510505963634,43.188093863601175,43.3652458190918,1535500
2016-12-28,43.36523999996916,43.54239548845575,42.59136202796816,42.62865829467773,1177300
2016-12-29,42.714692319602015,43.01391929892483,42.61183237663474,42.67728805541992,891000
2016-12-30,42.7894921918784,42.84559858147872,42.43416242560933,42.60247802734375,1216100
2017-01-03,42.94846554220509,43.71523515691829,42.77080062998959,43.47211456298828,1739600
2017-01-04,43.88355581820736,44.3043449396707,43.780695858842144,44.042518615722656,1821300
2017-01-05,43.99575167782153,44.01445380720478,43.350544265898456,43.51885986328125,1503700
2017-01-06,43.603031563016266,44.949553204295526,43.53757587284025,44.87474822998047,2883400
2017-01-09,44.89342971031151,45.40772931888849,44.79992263624273,45.01499176025391,2575300
2017-01-10,45.20201446469039,45.38903220053652,44.71576977831712,44.97759246826172,1560500
2017-01-11,44.912131704964445,46.26800567732661,44.83732675934514,46.05293655395508,5624300
2017-01-12,45.72566800231915,45.72566800231915,44.86538775788496,45.37033462524414,3276900
2017-01-13,45.44512764180217,45.678898881867134,45.267462783496576,45.5292854309082,1568500
2017-01-17,45.23006882233945,45.55735077315205,45.05240392360131,45.18331527709961,1938800
2017-01-18,45.510577549390646,45.56668392405604,44.88407241742228,45.11784362792969,1523500
2017-01-19,44.92147877104821,44.96823230192623,44.42588135595714,44.54744338989258,1346100
2017-01-20,44.72513344942495,44.81864055644122,44.33239575240816,44.52876281738281,1701700
2017-01-23,44.510041908907866,44.72511458505237,44.164061478395965,44.31367492675781,2013900
2017-01-24,44.66901321014424,45.080449347480815,43.99575083353312,44.276275634765625,2741900
2017-01-25,44.51003606532041,45.27680533339131,44.33237123342391,45.2674560546875,3073200
2017-01-26,45.27681630591405,45.28616915394998,44.80927378197657,45.04304504394531,1895400
2017-01-27,45.18331016919446,45.66020555110237,45.16460803979941,45.49188995361328,1527800
2017-01-30,45.33291674716506,45.398372406565976,44.31367403598031,44.575496673583984,2266500
2017-01-31,44.921489190928085,45.95943422568171,44.893434212241104,45.79111862182617,2552600
2017-02-01,45.7537063870148,46.57658213276756,45.51993515207893,46.06228256225586,2244600
2017-02-02,45.706960101636746,45.8191693134216,45.32357535822752,45.72566223144531,1352200
2017-02-03,45.90333537538192,46.25866877156194,45.87528395915385,46.17451095581055,1191800
2017-02-06,45.940732484586576,46.17450376224691,45.78176616090291,46.0716438293457,952100
2017-02-07,46.21190935433389,46.54854060057957,46.06229586345436,46.41762924194336,2170700
2017-02-08,46.16515185498617,46.78230789791186,46.03424050755749,46.68880081176758,2107100
2017-02-09,46.68879786515273,47.502320877878525,46.68879786515273,47.19374465942383,2557700
2017-02-10,47.23114195794351,47.30595047041635,46.77295230377911,47.09088134765625,2092500
2017-02-13,47.34334604727945,47.5864665341129,47.146975521571626,47.24048614501953,1568300
2017-02-14,46.97867021213696,47.39010631260218,46.83840604055746,47.11893081665039,3546900
2017-02-15,47.820237016483055,48.47479710242352,47.33399248312915,48.26907730102539,5724500
2017-02-16,48.32520175562951,48.32520175562951,47.27790736650776,47.53973007202149,2550400
2017-02-17,47.36205197248763,48.287784032980205,47.296596314354446,48.27843475341797,2195500
2017-02-21,48.30649447655112,48.4374058153577,47.84830122366161,48.01661682128906,2037000
2017-02-22,47.97921940049347,48.362604161878295,47.86700661638081,48.00727081298828,1632400
2017-02-23,48.10077116572332,48.250384623195785,47.87635276304773,48.12882614135742,1006900
2017-02-24,48.0446744805362,48.46546349809105,47.99792093793381,48.38130569458008,1612700
2017-02-27,48.38131182719801,48.56832602131274,48.1194855347166,48.30650329589844,1195100
2017-02-28,48.17558758172388,48.29714965057202,47.90441203085754,47.96986770629883,1417800
2017-03-01,48.26909329358693,48.867547204590366,48.26909329358693,48.66183090209961,2026600
2017-03-02,48.661822221800506,48.69922647633271,47.99791275565096,48.0446662902832,1706400
2017-03-03,48.04467845760911,48.661834545421335,47.82960929018165,48.60572814941406,1824400
2017-03-06,48.287789733313794,48.45610532183029,47.85765148135663,47.9231071472168,1883700
2017-03-07,47.74543962124861,48.11012218705292,47.558421914740585,47.88570022583008,2233600
2017-03-08,47.93245920110413,48.22233685744646,47.64258511182826,48.07272338867188,1517600
2017-03-09,48.08206637292228,48.231683389169085,47.81089444863995,48.0914192199707,1259400
2017-03-10,48.334548533313786,48.961057418130345,48.13818151435336,48.76469039916992,1860500
2017-03-13,48.75533034897946,49.05455725759781,48.6150697420393,49.04520797729492,1376200
2017-03-14,48.83014600059224,48.86754669433943,48.58702187236901,48.82079315185547,1203400
2017-03-15,49.84938218625981,51.261358954064434,49.57820668260037,50.58809661865234,4118000
2017-03-16,49.96159937412367,50.5413511628245,49.40054971629277,49.60626602172852,2676900
2017-03-17,49.61560545639625,50.05509292828416,49.4846905757015,49.8493766784668,1936900
2017-03-20,49.84938152038085,50.148608428330064,49.55950389271364,49.69976806640625,1221400
2017-03-21,49.82133658290291,50.24212562169097,49.073269162316805,49.24158477783203,1492700
2017-03-22,49.36312799809342,49.9989859545433,49.23221669536529,49.68105697631836,1257100
2017-03-23,49.59691762812476,50.28887864737168,49.29769066298012,49.72782897949219,1717900
2017-03-24,50.54134166686581,50.54134166686581,49.409889714818505,49.63431167602539,2015300
2017-03-27,49.185470509749216,49.87743499243453,49.0171549211789,49.78392791748047,1446500
2017-03-28,49.83068283461327,50.12990976323042,49.65301439338871,49.97094345092773,1312700
2017-03-29,49.8026261135168,49.95223957258563,49.353785736310286,49.67171478271485,1469900
2017-03-30,49.68106925710598,49.9615940561621,49.466000125594086,49.858734130859375,1627400
2017-03-31,49.748116454055136,49.89810121168582,49.50439256387479,49.56063461303711,1705600
2017-04-03,49.58876267987021,49.879356156638345,49.42940185229377,49.8699836730957,1550200
2017-04-04,49.86998333156014,49.9074804173118,49.19505009170612,49.32628631591797,2017100
2017-04-05,49.42003203530928,49.88873490794789,49.40128349129344,49.4106559753418,1778300
2017-04-06,49.40129057087426,49.89811454277572,48.988829695255255,49.823123931884766,1548200
2017-04-07,49.748123188977054,49.748123188977054,49.40128406048562,49.53252029418945,1243600
2017-04-10,49.58875816759154,49.92622118320366,49.38252778922973,49.42002487182617,1025200
2017-04-11,49.401276223398426,49.58875806005545,49.09193065652655,49.52313995361328,1520700
2017-04-12,49.541883035190615,49.71061632417423,49.1856714925972,49.26066207885742,1258200
2017-04-13,49.14818632359681,49.43878340859384,49.03569862898349,49.054447174072266,864000
2017-04-17,49.3356673702264,50.348063756587,49.14818549840576,50.113712310791016,1569200
2017-04-18,49.70126365286702,50.24495724170589,49.38254548840289,49.710636138916016,1241000
2017-04-19,50.01058796659985,50.07620607336212,49.63562786737526,49.74811553955078,2095700
2017-04-20,49.99184892521795,50.057467039755984,49.48564897656536,49.80436706542969,1570000
2017-04-21,49.92622040760169,50.04808413618766,49.53251177421116,49.93559646606445,2189400
2017-04-24,50.55429990546572,51.11674200878291,50.535551358565854,51.03237533569336,2257700
2017-04-25,51.32297341341901,51.73543072520944,51.09799442231166,51.37921905517578,2181900
2017-04-26,51.55730262299216,51.86664815517084,51.37919686489783,51.397945404052734,1835000
2017-04-27,51.49170810600336,52.03540168682287,51.397968943216505,51.960411071777344,1529000
2017-04-28,51.84790684942275,51.88540035704516,51.40732505761144,51.60417938232422,3078200
2017-05-01,52.02601473170475,52.48534508382139,51.89477850993395,52.30723571777344,1897000
2017-05-02,52.35410967492331,52.466600939515885,52.03539157708262,52.42910385131836,1693100
2017-05-03,52.194744831433376,52.73843822763652,52.12912672457987,52.64469909667969,1702600
2017-05-04,52.68219896304691,53.197771362388494,52.64470187831546,53.1509017944336,2615600
2017-05-05,53.2915198930089,53.394635106239065,53.04779595112625,53.09466552734375,1571500
2017-05-08,53.10403861553833,53.26339588094138,52.429105312844825,52.79469299316406,2190000
2017-05-09,52.888431280080354,53.32901313171879,52.76657110590226,53.31026458740234,1559200
2017-05-10,53.2914998655248,53.37586650137823,52.56970079601194,52.747806549072266,1566300
2017-05-11,52.61658038396828,52.85093179757379,52.30723480156797,52.71031951904297,1347600
2017-05-12,52.64469909667969,52.86967801726216,52.4572172588474,52.64469909667969,1578300
2017-05-15,52.5603352256291,53.20714384561195,52.50408959853193,53.1509017944336,1472200
2017-05-16,54.72573635377328,54.72573635377328,52.91654337790269,53.27275848388672,1032600
2017-05-17,53.27277671202785,53.27277671202785,52.18538248212095,52.27912521362305,1839700
2017-05-18,52.40096859446319,52.74780762631371,52.119744085263015,52.354095458984375,1935000
2017-05-19,52.57909531426082,52.794698234934415,52.36349239358723,52.61659240722656,1654400
2017-05-22,52.98217081492526,52.98217081492526,52.35410713381796,52.5697135925293,4264800
2017-05-23,56.05685051298823,56.22558379606957,54.36952125809314,54.98820877075195,7510600
2017-05-24,54.83823529127626,55.62565624875186,54.435150540668566,55.52254104614258,4060100
2017-05-25,55.80375287810498,55.96311368573996,55.23193490374631,55.58815002441406,2772200
2017-05-26,55.522535044658696,55.981865376836296,55.34442926226098,55.78500747680664,1534400
2017-05-30,55.81314157745758,56.69430173245251,55.69127782353809,56.5911865234375,2576400
2017-05-31,55.7287702496232,57.003642589084585,55.7287702496232,56.56306076049805,2552400
2017-06-01,56.25371285884619,56.96614317278402,56.06623458499621,56.92864608764648,2100400
2017-06-02,56.994274604327565,57.322368795304094,56.95677751234405,57.0036506652832,1665500
2017-06-05,56.99426094449501,57.031758027491584,56.553682735000464,56.61930084228516,1473300
2017-06-06,56.375578446230406,56.75991464169606,56.33808135986328,56.33808135986328,1968000
2017-06-07,56.48806864596615,56.966147578648126,56.22559618154099,56.83491134643555,1617500
2017-06-08,56.83490299303015,56.92864212342763,55.97248797451518,56.38494873046875,3486600
2017-06-09,56.53494024637527,56.66617647499537,55.42880121097871,55.50379180908203,2352300
2017-06-12,55.4381741738335,55.69127414946754,54.48201990230015,55.29756546020508,2579600
2017-06-13,55.37255788033891,55.906878876724406,55.24132164626797,55.56941223144531,1527000
2017-06-14,55.813124079556765,56.038099396040245,55.35379381319921,55.66313934326172,1202800
2017-06-15,55.51316786879435,55.5787859831044,55.138204150520615,55.50379180908203,1091800
2017-06-16,55.65377126073267,56.04748348487328,55.53191110347466,55.78500747680664,2157500
2017-06-19,55.85064456192466,56.87241354766508,55.85064456192466,56.75992584228516,2383700
2017-06-20,56.75992253055494,57.10676168785939,56.52557107206716,56.55369567871094,1821700
2017-06-21,56.53492902883717,56.74115581464152,55.93498648345469,56.04747772216797,2247900
2017-06-22,56.188098408122734,56.994267911502526,55.87875637538345,56.816162109375,3473200
2017-06-23,56.797416195285294,56.797416195285294,55.775643754890034,56.02874374389648,2879800
2017-06-26,56.04749001347573,56.19747478873368,55.44755091244394,55.53191757202149,1535500
2017-06-27,55.4288056417899,55.84126290412636,55.15695710310665,55.194454193115234,1060300
2017-06-28,55.56004008847455,55.96312485326458,55.4944219710361,55.68190383911133,1191500
2017-06-29,55.75893873454117,56.02199935603115,54.95097732133745,55.242218017578125,1356800
2017-06-30,55.43011498568829,55.96562597934785,55.27979617315023,55.72135925292969,1593800
2017-07-03,55.984419889074445,56.35082179427083,55.55225372314453,55.55225372314453,1489600
2017-07-05,55.60861458421439,56.41657950384271,55.60861458421439,56.15352249145508,1639000
2017-07-06,55.86228675231842,56.15353104890499,55.49588483383169,55.636810302734375,2249500
2017-07-07,55.92804024060693,56.43536753025709,55.74014443011386,56.02199172973633,965400
2017-07-10,55.88107055287176,56.41658153818994,55.787122640455046,56.23807907104492,1146000
2017-07-11,56.360211517308,56.51992367752206,55.86227757054244,56.18170547485352,2976000
2017-07-12,56.67964754072706,57.299713139813385,56.519931773751466,57.055442810058594,1439400
2017-07-13,57.54396931197859,57.60034020476773,56.99906143333202,57.48759841918945,2059600
2017-07-14,57.57215033309824,57.92915880333436,57.23393215959904,57.797630310058594,1285500
2017-07-17,57.87280251399824,58.09828254784552,57.68490666698965,57.825828552246094,1332700
2017-07-18,57.71309079606034,57.816435663084654,57.26213430858628,57.50640106201172,1520100
2017-07-19,57.60972484937834,57.91036239768975,57.46879943065887,57.66609573364258,1512200
2017-07-20,57.731876816559584,57.82582473386026,57.13060154451532,57.290313720703125,2009400
2017-07-21,57.14938406190114,57.87279081114295,57.08361622808724,57.65670776367188,1283200
2017-07-24,57.66610472380327,57.85400411676203,57.54396958079765,57.77884292602539,973800
2017-07-25,57.84461891274732,57.929173477540886,56.72662285281783,56.8769416809082,1692000
2017-07-26,56.91451709530771,57.13060016699576,55.79651755341673,56.10655212402344,2520700
2017-07-27,56.200506316039366,56.59509548780254,55.993816579216585,56.28506088256836,1945000
2017-07-28,56.28506646717448,56.58570415935492,56.003219078740806,56.44478225708008,1236400
2017-07-31,56.670244067007935,56.95209138249452,56.14412644991875,56.17231369018555,1038700
2017-08-01,56.40719537424851,56.64206876912741,56.19111228102595,56.3132438659668,1323600
2017-08-02,56.36959954994177,56.679634067730106,55.91864318360815,56.557498931884766,1121500
2017-08-03,56.51053037732434,56.78298074407526,56.34142127581938,56.71721649169922,982900
2017-08-04,56.8581430461971,57.06483274848496,56.37899938796307,56.49174118041992,778800
2017-08-07,56.51993021570063,57.2057600576112,56.37900475365894,57.18696975708008,975700
2017-08-08,56.999074869267055,57.29031917483941,56.44477708698635,56.50114440917969,1162300
2017-08-09,56.43536776126251,56.58568656060198,55.787118611089085,56.068965911865234,1965000
2017-08-10,55.758938280552144,55.89986374034162,54.69731319663576,55.0261344909668,2471500
2017-08-11,55.148276098175735,56.08776971625749,55.13887915502003,55.74015808105469,1511600
2017-08-14,56.18170523097127,56.40718522639916,55.946831878346906,56.01259613037109,2409800
2017-08-15,56.08775075916024,56.25685983996848,55.533449568484905,55.78711318969727,2933300
2017-08-16,58.38951626470831,58.64317632898325,57.083617427773525,58.38011932373047,6892000
2017-08-17,58.24860393113136,58.31436819724614,57.1024205779018,57.177581787109375,3501600
2017-08-18,57.08361487816972,57.985531225963975,56.63265849621396,57.5439682006836,2357900
2017-08-21,57.39366880261535,58.24860790430708,57.27153362126397,58.00434112548828,1486100
2017-08-22,58.12645709125079,59.20687596150916,58.1076667927204,59.15050506591797,1666400
2017-08-23,58.92504903961623,59.53571782567445,58.812307209424745,58.97202301025391,1445700
2017-08-24,59.06595364153954,59.32901425100905,58.5774166055341,58.887451171875,1584500
2017-08-25,59.24445790690235,59.31961551885144,58.87805245304515,59.09413909912109,1352800
2017-08-28,59.28205146750986,59.733011600606936,59.15991986601831,59.62026977539063,1290400
2017-08-29,59.22566854118722,59.77996982559303,59.20687824193309,59.64844131469727,1206600
2017-08-30,59.56389123548879,60.06182165954556,59.55449429321409,60.03363800048828,1072500
2017-08-31,60.1275759226121,60.90735714312223,60.03362801878615,60.804012298583984,1930100
2017-09-01,60.973117717831535,61.23617469979647,60.324865035299965,60.48457717895508,1224600
2017-09-05,60.14636480941952,60.578538084611885,59.94907563780987,60.40003204345703,910200
2017-09-06,60.65369125648769,60.88856460511754,60.17455478607415,60.79461669921875,974500
2017-09-07,60.926158210415934,61.30195708202009,60.587939942748925,61.198612213134766,1075800
2017-09-08,61.20800758705586,61.70593803286633,60.90736993103253,61.08586883544922,1587700
2017-09-11,61.53683262994263,62.260239569637214,61.42409081419375,62.10992431640625,1770000
2017-09-12,62.26023124531654,62.401156704218735,61.90322629482869,62.13809967041016,1081900
2017-09-13,61.92201655832915,62.213257233336414,61.45226983463167,61.48045349121094,2042600
2017-09-14,61.35833641205136,61.88445780236762,61.217418079418046,61.70595169067383,1481000
2017-09-15,61.7059294945803,62.12869867594434,61.649562181802736,61.96898651123047,2296000
2017-09-18,62.091119662774496,62.28841959806346,61.72471778483723,62.081729888916016,1562000
2017-09-19,62.241443853442746,62.42933968476163,62.006570480410886,62.166282653808594,1238000
2017-09-20,62.29780756202936,62.344785101022175,61.79048024552455,62.09111785888672,1186000
2017-09-21,61.893823517087846,62.138093811635855,61.65895016365173,61.93140411376953,874800
2017-09-22,61.865629964386905,62.26021541477081,61.7341014809256,61.79986572265625,1296200
2017-09-25,61.81866549902203,61.91261340077581,60.54095396542746,60.81340789794922,1841800
2017-09-26,60.73825384405395,60.97312720991049,60.04302710421001,60.23092651367188,1615200
2017-09-27,60.38125004030268,60.74765913574873,60.174567470863,60.49399185180664,1272500
2017-09-28,60.362462678064176,60.71007788399941,60.09940562179629,60.10879898071289,1126200
2017-09-29,60.12759105302524,60.39064811703944,59.86453398901104,60.31548690795898,1672800
2017-10-02,60.52446511718647,61.25877851330901,60.44914908103736,61.07049560546875,1693900
2017-10-03,61.249366473723015,61.927196481150496,61.249366473723015,61.33409881591797,1216400
2017-10-04,61.33412054163235,62.01195078916023,61.33412054163235,61.97429275512695,745600
2017-10-05,61.99310636904927,62.1249058717856,61.68243303437038,61.85189056396485,1974100
2017-10-06,61.83304512620447,62.492042426566144,61.81421971013637,62.47321701049805,1405100
2017-10-09,62.59564502254975,62.8592441315695,62.15317201132216,62.66154479980469,1542300
2017-10-10,62.77447374393831,62.94393121813512,62.34141735044241,62.69915771484375,1143100
2017-10-11,62.774485760703406,63.04750103153491,62.45439616704352,62.71800231933594,1794800
2017-10-12,62.74625038723914,63.64060515118273,62.6426926125677,63.58412170410156,1455000
2017-10-13,63.668851674853,63.847725514140976,62.9721961057051,63.06633758544922,943100
2017-10-16,63.2640206397967,63.42406901514619,62.85920591632711,62.99101257324219,1473400
2017-10-17,62.7744972301782,62.7744972301782,62.1249088056336,62.24729919433594,1711800
2017-10-18,62.49206664633226,62.680356792647416,62.20022589771212,62.54855728149414,1150500
2017-10-19,62.548537102105726,63.04749325943214,62.19078953079068,62.96276092529297,1359100
2017-10-20,63.25462037602571,63.57470280646268,63.141646303941904,63.31110382080078,1506100
2017-10-23,63.499388767551096,63.715920616929466,63.00984880476603,63.094573974609375,1267600
2017-10-24,63.36758641455052,63.59353455568365,62.96277163985393,63.37700271606445,1975700
2017-10-25,63.92302858306774,64.5067099484096,63.10398279238518,63.44289779663086,1795000
2017-10-26,63.57471359695733,63.85714523383696,63.26404023289672,63.744171142578125,1417900
2017-10-27,63.83833952505915,64.02662975649156,63.46177342727015,63.98897171020508,1441000
2017-10-30,63.82889241454777,63.95127560524273,63.16988777052797,63.53704452514648,846600
2017-10-31,63.77241769015604,64.17723256959718,63.58413470636104,64.0454330444336,1614400
2017-11-01,64.20547593432805,64.43142413967983,63.866560808836006,64.03601837158203,1357300
2017-11-02,64.09249736683363,64.3749217983957,63.83830747764002,64.13956451416016,1856900
2017-11-03,64.10190285645945,64.6479334487705,64.02659398849515,64.36550903320312,1072300
2017-11-06,64.27135608194395,64.44081359296884,63.89479021969614,64.22428894042969,995700
2017-11-07,64.3184250682676,64.61968204258487,64.05482611355659,64.25252532958984,956500
2017-11-08,64.11134175137656,64.3278736772317,63.80066832048996,64.12075805664062,977600
2017-11-09,63.941878393268176,63.99836903721325,62.99103994104483,63.51823806762695,1665000
2017-11-10,63.405234494049004,63.6217662997089,62.79330427721792,62.8968620300293,1704300
2017-11-13,62.55797082767885,63.44291662163038,62.36968785057797,63.19814300537109,1536400
2017-11-14,63.05693375171115,63.828905442387416,62.972201385063634,63.50881576538086,2426200
2017-11-15,63.34877406292669,63.60295679597248,62.99103353946427,63.36759948730469,2042300
2017-11-16,63.54645157115698,64.9115206207836,63.49937725253567,64.71382141113281,2300400
2017-11-17,64.51612125072569,65.04331913535864,64.29018032624477,64.76089477539062,1823100
2017-11-20,65.22220888663283,66.11657086841156,64.91153555035598,65.86238098144531,4143500
2017-11-21,65.94709946347822,66.66258027933165,63.73473573047711,65.81529998779297,5330000
2017-11-22,65.09040350228615,65.30693534263686,64.2996065532493,64.66676330566406,3041600
2017-11-24,64.80800662899057,65.32579575334394,64.75152315452927,65.29755401611328,1015400
2017-11-27,65.1657249609308,65.4199076635046,65.1186506318266,65.25045013427734,1439300
2017-11-28,65.48578902083194,66.77554914115196,65.35398955540154,66.45545959472656,2473400
2017-11-29,66.37074757623175,66.69083000345135,64.4408151637676,64.66676330566406,1904000
2017-11-30,64.93038753221268,65.5140691693674,64.21489916977458,65.1845703125,1922500
2017-12-01,65.13747782748132,65.90003305441451,63.29227776386174,64.66676330566406,2516500
2017-12-04,64.90213076594743,65.11865545779142,62.30378418607646,62.36026763916016,2899400
2017-12-05,62.32261700049752,63.07576331609196,61.88015126131154,61.97429275512695,2384000
2017-12-06,62.02134541680831,62.36967676331184,61.75774642271219,62.03076171875,1690100
2017-12-07,62.04961048061296,62.962790895803714,61.917803766707976,62.80274963378906,2294500
2017-12-08,63.01928577843924,63.59355828197577,62.74627039294349,63.43350982666016,2195600
2017-12-11,63.4805670750211,63.78182411193848,62.58621226676041,63.07575225830078,2438600
2017-12-12,63.07575303014168,63.22638514171078,62.60503845528988,63.13223648071289,2181000
2017-12-13,63.29230229230647,63.69711722525357,62.73685520638541,62.774513244628906,1684600
2017-12-14,62.77449741202575,63.1604796372328,62.48265666741545,62.61445617675781,1774600
2017-12-15,63.07575206691028,63.88538169789425,62.78391133336987,63.6500244140625,2871900
2017-12-18,63.91360714328618,64.49729564422972,63.52762503103361,63.69708251953125,2306300
2017-12-19,63.96068073232483,64.06423848425639,63.53703342464141,63.78180694580078,1469400
2017-12-20,63.83829844076899,64.14897173578962,63.22637533440708,63.45231628417969,1363000
2017-12-21,63.55587179602743,63.89478679993789,63.32992367173177,63.56528091430664,1502200
2017-12-22,63.461737363215306,63.584120557194986,62.94394849919778,63.40524673461914,1221300
2017-12-26,63.36758726557586,63.4993867584068,63.12282088319477,63.31110382080078,532700
2017-12-27,63.27344483664807,63.50880209635106,63.21696139273009,63.358177185058594,1038600
2017-12-28,63.489980528902535,63.52763855464439,63.09457484988004,63.4993896484375,607000
2017-12-29,63.68717967821888,63.76266250768504,63.149377115540354,63.18711853027344,1064900
2018-01-02,63.61166907708585,64.05512150854801,63.53618628057406,63.78150177001953,1047800
2018-01-03,63.80035801204281,65.56472289094492,63.78148371903869,65.40432739257812,1698900
2018-01-04,65.61192472866827,65.87610733708759,64.89485250693285,64.91372680664062,2230700
2018-01-05,64.8476899862402,66.14029895325366,64.8476899862402,65.95159912109375,1632500
2018-01-08,65.79118516468579,66.35729170145687,65.62135248381094,66.09310913085938,1613400
2018-01-09,66.68751640167226,68.24431469460853,66.2063226314698,67.7159423828125,2666100
2018-01-10,67.41405136185774,67.41405136185774,66.14974645205211,66.79133605957031,2957200
2018-01-11,66.91396008962832,67.15927555798886,66.32898646302979,66.80074310302734,1511100
2018-01-12,66.73472425621114,67.80089209924903,66.51771294736803,67.67823791503906,1448100
2018-01-16,67.95182054280643,68.37640582090023,67.04604869401497,67.20645141601562,1702700
2018-01-17,67.66877952958326,68.22544895836818,67.54611818542438,67.98957061767578,1824500
2018-01-18,68.12165071336386,68.40470755503436,67.6215898650559,68.11222076416016,1828300
2018-01-19,68.38587342416969,69.08407151884539,67.98959221511345,68.94254302978516,2266100
2018-01-22,69.03688213623761,69.39542187878821,68.49907972084857,69.32937622070312,1963700
2018-01-23,69.8671620301593,69.89546627712033,69.11234851850128,69.29161834716797,1213400
2018-01-24,69.49920411703044,69.68790392747883,68.92366033719564,69.42372131347656,1754300
2018-01-25,69.9803912254426,70.28231524308667,69.48976739618465,69.68790435791016,1664100
2018-01-26,70.1030498955949,70.60311085580472,69.43314903362905,70.59367370605469,2386900
2018-01-29,70.27287412500169,70.7634978762992,70.10304144216117,70.3200454711914,1321900
2018-01-30,69.81057142977448,69.89549139961544,68.81044928602415,68.86705780029297,1817000
2018-01-31,69.60297951241459,70.18796040480623,69.1029185681869,69.28218841552734,2032800
2018-02-01,69.0463002820501,69.61240679530748,68.41414812888661,68.71607208251953,2008200
2018-02-02,68.23489328388271,68.65004151066226,67.19702991537031,67.22533416748047,1955700
2018-02-05,66.85736833192043,67.44234930338519,64.3287518206383,64.36649322509766,2860700
2018-02-06,63.17765553320959,64.9420281584343,62.39453769433157,64.58348846435547,4121200
2018-02-07,64.33819176493591,65.17791825491632,64.07400912068641,64.21553039550781,1988100
2018-02-08,64.24383169283563,64.30988454929425,61.35668264440208,61.37555694580078,4163400
2018-02-09,62.64929746348358,63.715465120644105,61.60199690889759,63.196537017822266,4517000
2018-02-12,63.64939679755495,65.14958646249542,63.56448406855306,64.56460571289062,4227600
2018-02-13,64.13061802863247,64.62124191407835,63.83813112760341,64.4797134399414,1825500
2018-02-14,63.97020878984568,65.94214826015534,63.8003760968362,65.76287841796875,3637800
2018-02-15,70.70689244370884,70.75406379194148,67.19702164528742,67.95182800292969,4899100
2018-02-16,67.90467834472656,68.59343927609785,67.57445000787472,67.90467834472656,2887100
2018-02-20,67.4611769768321,67.7914050747944,66.7063637256903,67.06490325927734,2580400
2018-02-21,67.10268000885762,68.59342580800549,66.96115154987038,67.22533416748047,1995600
2018-02-22,67.66880084657429,67.70654225678663,66.52715018179319,66.68754577636719,2403400
2018-02-23,67.13099873756529,67.3385728957178,66.10256509902003,66.70641326904297,4227000
2018-02-26,66.98944402275112,67.18758095111886,66.05536787517883,66.59317016601562,5947400
2018-02-27,66.75358089502306,66.91397646424846,65.10243225097656,65.10243225097656,3370500
2018-02-28,65.49870168901833,66.04594121528397,64.69671669966286,64.71558380126953,3289200
2018-03-01,64.60236215845393,64.91372330089104,63.01725939510737,63.57392883300781,2401800
2018-03-02,63.045575213739546,63.856997443781566,62.88517963763376,63.69660186767578,2057300
2018-03-05,63.45127613900474,64.01738273921944,62.753078238687806,63.73433303833008,1890900
2018-03-06,63.951349361965576,64.55519747786954,63.63998815264208,64.26271057128906,2944600
2018-03-07,63.555060607281256,65.9138440110597,63.49845210908999,65.76287841796875,3125800
2018-03-08,65.78174954687344,66.30067755164067,65.2816886411157,65.90440368652344,2453400
2018-03-09,66.30069175117617,67.46121654577942,66.04594626859524,67.11211395263672,2061200
2018-03-12,67.17815514889898,67.4895163168233,66.67809416925856,66.71583557128906,2049400
2018-03-13,66.98946985962799,67.48009379551256,66.44223020920592,66.68754577636719,1728100
2018-03-14,67.05548538654278,67.14040532095866,65.7534397124554,65.97044372558594,1866300
2018-03-15,66.13083172319618,66.66864111695301,65.92326488160475,66.21575164794922,2530400
2018-03-16,65.97046622493487,66.366740191533,65.14961403675836,65.95159912109375,3378100
2018-03-19,65.8477877781345,66.33841147993705,65.15901996764441,65.42320251464844,2639400
2018-03-20,65.82892089361482,66.11197776780446,65.5269969204157,65.90440368652344,2379100
2018-03-21,65.93271793955994,66.13085490218589,65.44209410807233,65.4798355102539,1583200
2018-03-22,64.81938075217606,65.2911375471655,63.5267717409049,63.65886306762695,1690000
2018-03-23,63.76262386377166,63.90415228363645,62.21526278970144,62.3284797668457,2594100
2018-03-26,63.40409708135998,64.43253042212405,62.89460618415625,64.34761047363281,2263800
2018-03-27,64.61180375907969,64.75332501681379,62.78138537573152,63.21540069580078,2104500
2018-03-28,63.422999734682186,63.57395820174776,62.09264180156865,62.64931869506836,2267800
2018-03-29,62.979523329923865,63.76264122779335,62.37567529259801,63.12105178833008,2711300
2018-04-02,63.02553035840047,63.32812825816183,60.264320014013634,60.92625427246094,3085800
2018-04-03,61.408522071945455,62.29739934313156,61.1059241725943,61.8624153137207,2286100
2018-04-04,60.661484358301685,62.07991342101566,60.18867467073037,61.89078521728516,5084100
2018-04-05,62.24068160713848,62.70403318976475,61.93808362457571,62.10829544067383,2120200
2018-04-06,61.474729548198674,61.99481597692511,59.93336865705951,60.18868637084961,3578600
2018-04-09,61.38960291398835,62.64727830810722,60.5952861689676,61.64492416381836,2639800
2018-04-10,62.54326922864046,63.15792330797561,62.31632258294113,63.01607894897461,1872800
2018-04-11,62.391977426792415,62.97825689614954,62.24067484469755,62.48653793334961,1391400
2018-04-12,62.94043169039452,63.96170248315797,62.83641296810356,63.54562759399414,2180900
2018-04-13,63.82931091162355,63.99006448169788,63.24302427343622,63.55508041381836,2043900
2018-04-16,64.14136062886361,64.6519959307618,63.81984630640789,64.4628677368164,2887800
2018-04-17,64.86950369880239,65.1059086009223,64.36832646062899,64.71820831298828,2682600
2018-04-18,65.36121327841691,66.4675862069043,64.91677102137415,65.76782989501953,2678300
2018-04-19,65.701668782191,65.8056803258589,63.69695215087887,64.2737808227539,2435100
2018-04-20,64.33994988037966,64.54798731899221,63.659102704740086,63.8765983581543,1917200
2018-04-23,64.0278854770157,64.93567918946238,63.8576737050255,64.3683090209961,2260600
2018-04-24,62.77967408880753,64.21701967874546,62.44870872747439,63.01607894897461,3701600
2018-04-25,63.063364356556185,63.43215537031935,61.38016286512351,62.22176361083984,4451600
2018-04-26,62.61892071622762,63.12955608156684,62.31632278282333,62.7607650756836,1978600
2018-04-27,62.73239022278171,62.94042765402218,62.37305743259604,62.67565536499024,1189200
2018-04-30,62.8742268528464,63.03498762100011,62.1555613608182,62.16501235961914,2277700
2018-05-01,62.06100417881903,62.74185136207081,61.928618028131645,62.63783264160156,3135100
2018-05-02,62.41088506527872,63.22411838722904,62.19338941263916,62.325782775878906,2240500
2018-05-03,62.19339990090559,62.845879754354144,61.33288978900735,62.73240280151367,2365900
2018-05-04,62.43925804001064,63.59291505101901,61.97590647828756,63.35651016235352,1330800
2018-05-07,63.50779237406232,64.28319987147245,63.42268288991242,63.72528076171875,1468700
2018-05-08,63.432163649490725,63.77258727808945,63.2052097540883,63.70639419555664,1916100
2018-05-09,63.71583425937394,64.68982832730848,63.49834583174568,64.425048828125,2108500
2018-05-10,64.41560006655814,65.13426566008795,64.41560006655814,65.1153564453125,1844900
2018-05-11,65.42740770359546,65.81510790077363,65.16263542952191,65.67326354980469,1524200
2018-05-14,65.93803803479507,66.61887788167562,65.24773276019725,65.4463119506836,3322600
2018-05-15,58.477099123782246,60.61419720822247,57.399093671889744,59.1012077331543,14451200
2018-05-16,59.11067720845592,59.56457777240623,58.29744741557147,58.57167434692383,5872500
2018-05-17,58.60949853043071,60.43454452729051,58.40146107775687,60.1319465637207,5211300
2018-05-18,60.169759067362605,61.08700736589494,60.05628215037288,60.82223510742188,4163500
2018-05-21,61.2288720339348,62.40143837405985,61.1626789473432,61.98537063598633,4527300
2018-05-22,62.05155411305193,62.306868203364886,61.17212769052293,61.31396484375,3415500
2018-05-23,60.71822268888357,61.46526290376204,60.71822268888357,61.02082061767578,3222400
2018-05-24,61.10592736915742,61.465260138902096,60.585833820642286,60.63311767578125,1525800
2018-05-25,60.46291811722511,60.62367533082401,59.42273796241863,59.71588134765625,1742000
2018-05-29,59.22415029921401,59.26197233770507,57.96647463264416,58.48656463623047,3559200
2018-05-30,58.85535790967905,59.63076559321393,58.62840764772277,59.2808837890625,1731500
2018-05-31,59.24305880764471,59.41327059384104,58.4865603768824,58.55275344848633,2510400
2018-06-01,59.07284995546785,59.79151917168454,59.04447891819143,59.365989685058594,2277900
2018-06-04,59.734770625651294,60.056281338271646,59.34706684930776,59.933353424072266,1958000
2018-06-05,60.0090078432638,60.39671166321406,59.65912966605304,60.06574630737305,1889500
2018-06-06,60.28323007006544,61.64492416381836,59.63075405497639,61.64492416381836,3177600
2018-06-07,61.85295864088461,62.495972805330624,61.27613032089407,61.68274688720703,2977200
2018-06-08,61.79622717509252,62.76076301613806,61.60710617835992,62.15556716918945,3853800
2018-06-11,62.10829138604665,63.12010400054639,62.02318187630132,62.533817291259766,3316700
2018-06-12,62.38249376967137,62.93095458432438,62.06097952109843,62.71345901489258,2007000
2018-06-13,62.97824155342264,63.05389282603995,62.38250401419181,62.656734466552734,4357700
2018-06-14,62.8364343548025,62.8364343548025,62.13667770581926,62.70404815673828,3487900
2018-06-15,62.51490807492998,62.63783601733488,61.64493983366945,62.533817291259766,4113200
2018-06-18,61.91916137633865,61.97589623159671,61.0208186192331,61.436893463134766,2563100
2018-06-19,60.72768062630691,60.94516905392944,59.76314837996074,60.06574630737305,4621400
2018-06-20,60.08466476959193,60.11303220068382,59.224151156366986,59.375450134277344,4942100
2018-06-21,59.39435869882677,59.782062527376816,58.88372333227248,59.61185073852539,4319400
2018-06-22,60.12249041588256,60.22650553230354,59.3187116648414,59.375450134277344,2893800
2018-06-25,59.06338120866084,59.28087321698684,57.49365329910034,57.87190246582031,2426800
2018-06-26,57.90027866596754,58.93100401387893,57.70169944660665,58.609493255615234,3655600
2018-06-27,58.87426690435775,59.574026902787736,57.77734845805682,57.8151741027832,2025800
2018-06-28,57.80572844023683,58.28799285974298,57.13433576783257,57.957027435302734,1564100
2018-06-29,58.32580903123213,59.072849276134335,58.22179031266955,58.47710800170898,1913800
2018-07-02,58.16335394747744,58.277101344464185,57.62304929183468,58.26762390136719,1526500
2018-07-03,58.70366819014117,58.85533261621366,57.87899309936982,58.0590934753418,864400
2018-07-05,58.27710407502559,58.66574434757416,57.73679939406698,58.5804328918457,2247500
2018-07-06,58.694175945082,59.14917275256285,58.43824521282514,59.04490280151367,2269700
2018-07-09,59.177620503160135,60.02125410673538,59.177620503160135,59.83167266845703,1508600
2018-07-10,60.06863417424586,60.41936101664004,59.78426389292532,60.353004455566406,1924400
2018-07-11,59.329274538371166,59.98332658910317,59.329274538371166,59.585208892822266,1780500
2018-07-12,60.03073043662137,60.457284119176016,59.99281342876077,60.14447784423828,1748100
2018-07-13,60.210815619299545,60.50466693218432,59.916964306414776,60.07810974121094,963700
2018-07-16,59.9359361995361,59.9359361995361,59.36719556178362,59.45250701904297,929300
2018-07-17,59.26292245809188,59.96436896638731,58.91219920394416,59.75583267211914,1469800
2018-07-18,59.74635989674078,59.93594133087731,59.48094805852868,59.70844650268555,1202300
2018-07-19,60.296137568224864,61.28195800010695,60.09707871639231,60.80800628662109,1726700
2018-07-20,60.50468097667157,60.97863271755367,60.36249400802101,60.52363586425781,1619900
2018-07-23,60.38143975484881,60.6658100161065,60.06862993629051,60.40039825439453,1417500
2018-07-24,60.6089451223347,61.94548883847115,60.37196926049516,61.41466522216797,2454400
2018-07-25,61.746420298458304,62.59953471366973,61.462046416078415,62.52370071411133,2925800
2018-07-26,62.561632477835325,63.34839413708341,62.39100955452766,63.272560119628906,2583500
2018-07-27,63.17775660060734,63.29150036854993,61.95496047172649,62.32464218139648,2638900
2018-07-30,62.438402145211455,62.62797994028463,61.14925288931181,61.262996673583984,1601200
2018-07-31,61.547371120129085,63.21568321225396,61.17768935425048,62.59954452514648,2539200
2018-08-01,62.40994336595748,62.72275315836831,61.26298135904528,61.59475326538086,2679200
2018-08-02,61.37673837779373,61.98339590830184,61.139762553941246,61.88860702514648,2263200
2018-08-03,62.08766981147515,62.3625626525177,61.5758011314575,62.30569076538086,1857300
2018-08-06,62.27723366628632,63.18722704859667,61.92651413144946,63.045040130615234,2873100
2018-08-07,63.34840061382896,64.40057420981216,63.15881555080951,64.13516235351562,2829000
2018-08-08,64.21097005371684,64.59961389339578,63.83180727235234,63.86972427368164,1681900
2018-08-09,63.96451599220055,64.09722187175865,63.13983754186543,63.21567153930664,1727800
2018-08-10,63.33889079334731,63.38628884556352,62.49525753377616,62.808067321777344,2165900
2018-08-13,62.97869328649374,63.50003572690891,62.24880374521364,62.50474166870117,2983100
2018-08-14,62.60903054672687,63.755992940988925,62.60903054672687,63.272560119628906,3110100
2018-08-15,62.50476194940695,62.93131565105158,60.87436669808331,61.3577995300293,6071500
2018-08-16,61.651627123944166,62.248803557063816,61.43360619837034,62.08766174316406,3149500
2018-08-17,62.06870798797658,62.06870798797658,60.93121974889448,61.29142761230469,2449200
2018-08-20,61.20612083111604,61.71798952309203,61.101850880976734,61.11133193969727,1619900
2018-08-21,61.36725933499108,61.9928790018304,61.25351556424099,61.54736328125,2982800
2018-08-22,61.36726285054855,62.4383982993306,61.18716612590085,62.2298583984375,2565600
2018-08-23,62.26778793334961,62.55215466567474,62.11611989056529,62.26778793334961,2287700
2018-08-24,62.31515777201516,62.80807151301764,62.17297083780568,62.54265975952149,1904200
2018-08-27,62.87443848188804,62.89339336911276,62.42892269684738,62.6374626159668,1158800
2018-08-28,62.95025978019044,63.79389311392184,62.893380666145504,63.21567153930664,2284300
2018-08-29,63.21566085641137,63.77492022119228,62.94076808608747,63.51898956298828,1852100
2018-08-30,63.50953974879261,64.12567852109981,63.37683382637942,63.75599670410156,2246300
2018-08-31,63.64223762189358,64.03088151118492,63.55692978195906,64.02140045166016,1582400
2018-09-04,63.83178718860388,64.04032701433673,63.36731672433377,63.76543426513672,1728000
2018-09-05,63.77493982275583,63.88869083465671,63.28203323504347,63.47161102294922,1859600
2018-09-06,63.50951567616301,64.03086533941003,63.348373864587614,63.85076141357422,1031500
2018-09-07,63.65171129666962,64.29628586291166,63.537960291357976,63.88868713378906,1585500
2018-09-10,64.28681280381053,64.8460796096059,64.19202390355372,64.39108276367188,2065700
2018-09-11,64.17305577785673,64.51430157238484,63.97399693637014,64.09722900390625,1676700
2018-09-12,64.07827633950565,64.46692025302454,63.746511554751656,64.37213134765625,1125400
2018-09-13,64.55222286374985,66.03095714891863,64.44795290672097,65.71814727783203,2495000
2018-09-14,65.6707518613779,65.7939839420704,64.9882601994581,65.26315307617188,1461100
2018-09-17,66.01199426067065,66.03095637914356,65.4053366442637,65.48117065429688,1816600
2018-09-18,65.50010817427768,65.66124997892645,64.84605989895994,65.3389663696289,1780400
2018-09-19,65.44324307545094,66.01198359494846,65.29157507988995,65.93614959716797,1183400
2018-09-20,66.09731824645188,67.4528206229526,66.06887506490553,67.42437744140625,2865600
2018-09-21,67.70871587123631,67.73715180593067,66.88403760546777,67.03570556640625,3119700
2018-09-24,66.99781990747806,66.99781990747806,66.06887129212622,66.30584716796875,2333600
2018-09-25,66.51438869812937,67.14000849675094,66.2679389883057,66.71344757080078,2090200
2018-09-26,66.89353327235587,67.29165090888935,66.40062675549461,66.6660385131836,1830300
2018-09-27,66.90301712225433,67.15894783301374,66.44802035299188,67.11155700683594,1581700
2018-09-28,67.00729927298339,67.30114703737982,66.78927829067241,66.8651123046875,2248100
2018-10-01,67.13963278776883,67.9945531569686,67.11113665000175,67.69058227539062,2837500
2018-10-02,67.67156833709016,68.13702933106171,67.42459702091661,68.08953094482422,2617500
2018-10-03,68.08952946676857,68.74496949698967,68.01353494933272,68.50749206542969,3203100
2018-10-04,68.31751722401562,68.51699743029687,66.94965191705316,67.12063598632812,2961800
2018-10-05,67.13013330202557,67.6145893976324,65.97124202289116,66.77867126464844,2376800
2018-10-08,66.45568779570792,66.54118344505827,65.51527913627315,66.01873016357422,2179400
2018-10-09,65.86677264120027,66.14224748079644,65.26833179829549,65.93327331542969,2179200
2018-10-10,65.93325635071172,65.93325635071172,63.27350546101248,63.33049774169922,3055700
2018-10-11,63.30200239673125,63.61547443892329,61.383187368040815,61.6396598815918,3624200
2018-10-12,62.78904839950213,63.67246497319684,62.02912476177596,62.92203521728516,3669500
2018-10-15,62.61804977390022,63.026511261464,62.08610262627718,62.34257507324219,1602800
2018-10-16,62.93151982155404,64.18540037942991,62.68454126170749,64.0809097290039,1868300
2018-10-17,63.8054310238963,64.08090569885469,62.988508124981216,63.833927154541016,1991200
2018-10-18,63.75795650170247,63.83394378747618,61.99112346899712,62.45657730102539,2327300
2018-10-19,62.51356013233526,62.92202162651166,61.02220207168865,61.240684509277344,2418300
2018-10-22,61.449681583660656,61.59216228903404,60.35728360995537,61.06021499633789,2227900
2018-10-23,59.67334452098195,59.967817918629805,58.30547545732728,59.587852478027344,4219800
2018-10-24,59.76832520361423,60.56624961162443,57.95399755992202,58.067989349365234,3481200
2018-10-25,58.4099523408687,59.739823821683466,58.01098836009157,59.47385025024414,3318300
2018-10-26,58.72343454309479,59.948819284237786,58.067997962855486,59.587852478027344,3119900
2018-10-29,60.461767673278295,60.95571764138919,58.067994247335584,58.97040939331055,2919900
2018-10-30,59.22687081525776,60.52824976752895,58.590433029055504,60.45225524902344,3076700
2018-10-31,61.12669980600537,62.675057560731226,60.97471799258162,61.54466247558594,3820700
2018-11-01,61.81063706517891,62.06710955006693,61.34518324218496,61.953125,1882400
2018-11-02,62.50407398453128,63.2734986802993,62.16210584258163,62.627559661865234,2272100
2018-11-05,62.72253937138136,63.06450745973421,61.96261592289208,62.60855484008789,2348700
2018-11-06,62.73205254881167,63.09301571264191,62.38058326625551,62.6750602722168,2287300
2018-11-07,63.17851596382469,64.95484302094182,62.96003347561189,64.84085845947266,2700600
2018-11-08,64.58438830855408,64.93585766892038,64.00494254410005,64.3944091796875,2444600
2018-11-09,64.21391607755322,64.36590515984182,63.35899560777565,63.90044403076172,2573500
2018-11-12,62.84604182389255,62.93153023534967,61.22168953383392,61.269187927246094,3000000
2018-11-13,61.354676416981,62.19060175978289,60.737237161640266,61.1171989440918,2216500
2018-11-14,61.40217189477971,61.59215096517501,60.11029392382811,60.29077911376953,4852600
2018-11-15,60.14828947620688,61.696639872867095,59.40736097661196,61.47816467285156,3846100
2018-11-16,61.15520774992545,62.31409919587533,61.15520774992545,61.73465347290039,2963300
2018-11-19,61.43066202346456,61.70613672166565,59.27437007166465,59.47385025024414,3392100
2018-11-20,62.9315416044396,65.00234582938845,61.67766061255013,64.13792419433594,8187200
2018-11-21,64.27088860108348,65.23029210275534,63.82442991850584,64.327880859375,3557600
2018-11-23,63.68193493518921,65.17329258806338,63.68193493518921,64.79332733154297,1374300
2018-11-26,65.48678029745494,65.82874838625911,64.96432703754962,65.78125,2406300
2018-11-27,65.42030358069754,66.03773927603325,65.25881337459437,65.88575744628906,2533600
2018-11-28,66.32269029260117,67.9090376405285,65.95222611547408,67.89954376220703,2661300
2018-11-29,67.66209570881223,68.56450735286259,67.66209570881223,67.98506164550781,2625800
2018-11-30,68.04203879662133,69.01095088569996,67.76656407510825,68.7259750366211,2279500
2018-12-03,69.65690311181083,71.04377086349518,69.52391628954236,70.92977905273438,4265200
2018-12-04,70.9582591039809,71.34772560034094,68.99194610945332,69.25792694091797,4263800
2018-12-06,67.63359427503518,68.32703181686753,66.39871552891057,68.30803680419922,3505900
2018-12-07,68.1180382423547,68.47900139631909,66.161226162213,66.73117065429688,2184500
2018-12-10,66.9021487519271,67.16812234133089,65.13531591118848,67.05413055419922,2347200
2018-12-11,68.16553160797424,68.81147058394995,67.15862225742461,67.49109649658203,2926000
2018-12-12,68.5550121498823,69.38143656966325,68.01356366719524,68.15605163574219,2842900
2018-12-13,68.52648594351867,69.03943805691557,67.34859993159019,67.57657623291016,2200600
2018-12-14,66.89265971596326,67.07314493307017,65.66727495993659,65.88575744628906,1982700
2018-12-17,65.64826623451536,66.14221613704169,64.02392136160526,64.45137786865234,2241700
2018-12-18,65.02133884895309,65.57228840733708,64.01443653325974,64.58438110351562,2112000
2018-12-19,64.8503327054901,65.62925837771148,62.51355568882601,63.48246765136719,2845500
2018-12-20,63.007514282369776,63.130999938562944,61.354666130168944,61.924617767333984,3547800
2018-12-21,61.9531270293771,62.91253809154625,60.053307162164,60.11980056762695,4683100
2018-12-24,59.77782038968636,60.4427579342075,59.10338534213151,59.53084182739258,1668500
2018-12-26,59.77784092157175,62.29510405342784,59.61635432558801,62.25710678100586,1701800
2018-12-27,61.26918819023036,63.16900797907471,60.79423324301927,63.1500129699707,1655000
2018-12-28,63.7823284108372,63.915644125981146,62.57295508253795,62.81101989746094,1927700
2018-12-31,63.172847376380304,64.25842912792571,63.172847376380304,64.2393798828125,1572100
2019-01-02,63.32523693049575,63.39189478402666,62.1825287942054,62.55390930175781,2113300
2019-01-03,62.40152365050099,62.63958837205191,59.04005094462744,60.249420166015625,5383900
2019-01-04,61.030283225163664,62.80148576120783,61.030283225163664,62.33488082885742,3123700
2019-01-07,62.506302081725394,64.21084716083705,62.477735464140856,63.65853500366211,3235100
2019-01-08,64.36318082485309,64.9535840065706,63.51567091578925,64.59172821044922,1578100
2019-01-09,64.94405678675984,66.334361232175,64.753607904868,65.94393157958984,2442300
2019-01-10,65.75349321209453,66.61052058281099,65.32497226157598,66.56291198730469,1080900
2019-01-11,65.98202263001194,67.04855525512684,65.64873345502576,67.01998138427734,1210800
2019-01-14,66.39150022524059,66.9342875775746,66.34388436804156,66.4200668334961,2182700
2019-01-15,66.61052230859897,67.37233250804032,66.29628232160289,67.2294921875,1793100
2019-01-16,67.43900756778984,67.73420564446434,66.62958856502401,66.68672180175781,1480300
2019-01-17,66.42961046273332,67.83895015103973,66.42961046273332,67.43900299072266,1225800
2019-01-18,67.88653422684658,68.85783505629732,67.46753800837527,68.49597930908203,1551700
2019-01-22,68.02939670047292,68.06748793868394,67.10570415304785,67.91512298583984,1972700
2019-01-23,68.51505116680208,69.37208595778549,67.36281832870947,68.22937774658203,2050300
2019-01-24,68.0484193731566,68.75308891715567,67.98176154149667,68.73404693603516,1509600
2019-01-25,69.31492216889272,70.21004780764984,69.09589943796931,70.13386535644531,2215300
2019-01-28,69.2863715408228,69.78154305750338,68.95308232140701,69.77201843261719,1729600
2019-01-29,70.1814876802005,70.52430151258093,69.70535816468988,70.04817199707031,1684500
2019-01-30,70.21959486189388,71.98127301637254,69.97201268851133,71.83843994140625,1679500
2019-01-31,71.6194100566835,72.6668936724102,71.10518924201895,72.4193115234375,2951300
2019-02-01,72.52404847501829,72.93351286791166,72.0098277464058,72.40977478027344,1343900
2019-02-04,72.54309360423422,72.5907094620661,71.72415025261293,72.40025329589844,2245900
2019-02-05,72.18123849409626,72.85734154401193,72.1717138694045,72.66688537597656,1593500
2019-02-06,72.47643996892543,73.02875198512827,72.37169088774351,72.6573715209961,1504900
2019-02-07,72.10503052237642,72.48593545855607,71.295612073718,71.73365020751953,1660600
2019-02-08,71.48607643331968,72.19074599592751,71.1908784946243,72.18122863769531,1318100
2019-02-11,72.37169350292089,72.74307398047304,72.13362872166128,72.4478759765625,1018000
2019-02-12,73.13348777136225,73.56200137818128,72.78114935642377,73.39059448242188,2045500
2019-02-13,73.67627013788007,73.79053655064071,73.07634241025274,73.56199645996094,1376400
2019-02-14,73.32396033150523,73.59059175210307,72.86687270679369,73.34300231933594,1618100
2019-02-15,73.92387053665527,74.5714070084215,73.77151286014808,74.5618896484375,1919700
2019-02-19,74.27620220297793,74.58092479320428,73.7143728787192,73.8191146850586,2968000
2019-02-20,73.82863790932109,75.03801088818211,73.63818901847596,74.80946350097656,2076500
2019-02-21,73.96197244963288,74.82853183385737,72.84783089719683,74.17147064208984,3570800
2019-02-22,74.42855775297565,74.71423105866688,74.11431057807245,74.67613983154297,2797700
2019-02-25,75.13323419900244,76.0283526906486,75.08561834443047,75.5522232055664,1878000
2019-02-26,75.42842144035657,75.48555464559972,74.6761360889691,74.79993438720703,1992600
2019-02-27,74.51427653606652,75.75221630471076,74.51427653606652,75.62841796875,1254400
2019-02-28,75.39985634245241,75.94264359856939,75.12370040300223,75.64744567871094,1759100
2019-03-01,76.18070471227819,77.5519597219498,76.18070471227819,77.36150360107422,1625900
2019-03-04,77.60910172612083,77.85669107875542,75.73315049743209,76.30450439453125,3204100
2019-03-05,76.19975970654133,76.20928433050142,75.57127256320301,75.9331283569336,1405600
2019-03-06,76.00930367609752,76.16166858450465,74.97134498191909,74.99038696289062,1750500
2019-03-07,74.93325276754071,75.32367512616227,74.28571644565938,74.97134399414062,1818100
2019-03-08,74.44762055458268,74.50475377866753,73.70485958083674,74.25717163085938,1483500
2019-03-11,74.54282907537495,75.67601954512858,74.52378709313908,75.5141372680664,1210900
2019-03-12,75.78077785913788,76.30451598387603,75.38083079693929,76.11406707763672,1532300
2019-03-13,76.39021147493357,76.88538291504376,76.1997553324612,76.30450439453125,1529100
2019-03-14,76.23787406854679,76.81875279864771,76.23787406854679,76.7616195678711,1268500
2019-03-15,76.99967030274179,77.54245769134972,76.97110369257722,77.22821044921875,1999100
2019-03-18,77.22819167043126,77.40912317769207,76.64731318779673,77.10440063476562,1617700
2019-03-19,77.3900984020633,77.86622798000555,77.16155823889603,77.32344055175781,1172600
2019-03-20,77.39959169264472,77.5519565831785,76.41876632159652,77.05677795410156,1768300
2019-03-21,76.70447048876667,78.3423499756318,76.70447048876667,78.08524322509766,986600
2019-03-22,77.64720423165049,77.78051991816368,75.19989875042998,75.21894073486328,1435800
2019-03-25,75.31416873825262,76.04741231380599,74.90470429977107,75.72364044189453,923000
2019-03-26,76.55209326610877,77.17106301122612,76.30450391503004,76.7996826171875,1428200
2019-03-27,76.65685074238837,76.91395747988511,75.12371314632783,75.22846221923828,1446100
2019-03-28,75.59983684279725,75.98074187272294,74.95230047147132,75.89503479003906,1615600
2019-03-29,76.33308876308587,76.81873564657515,76.13310796969618,76.5425796508789,1585100
2019-04-01,77.25251298016693,78.02541747148094,77.25251298016693,77.82503509521484,1522700
2019-04-02,77.96815236721754,78.01586556758423,77.31929215429686,77.42425537109375,1203000
2019-04-03,77.80593071930028,78.26394536123233,77.72959251897444,78.18761444091797,2141000
2019-04-04,78.09219872654724,78.29258834980084,76.75631643827307,77.12845611572266,2180100
2019-04-05,77.47197453040205,78.1685407172552,77.33838629511479,77.73915100097656,1502900
2019-04-08,77.83455885701207,77.96814707295304,76.88989724999756,77.94906616210938,783300
2019-04-09,77.82504028612155,77.97771674299176,77.5483196680549,77.69145202636719,1254700
2019-04-10,77.72005127556427,78.47387465141466,77.72005127556427,77.93952178955078,982900
2019-04-11,78.13036463083897,78.16853373465618,77.18570297140253,77.36700439453125,1071500
2019-04-12,77.70098856908572,78.30213567952327,77.19526059490619,77.27159881591797,1249300
2019-04-15,77.29066161178169,77.41470573183588,76.25058089437445,76.7181396484375,1627300
2019-04-16,77.11892266067358,77.25251090793425,73.65515776953457,73.99867248535156,3441500
2019-04-17,74.5712029900543,74.73341626858074,71.050180396078,71.97576141357422,4472000
2019-04-18,72.26202381589356,73.03492834877785,71.86125176179239,72.68186950683594,2874100
2019-04-22,72.45286687795564,73.20669054364926,71.68949911319855,72.1093521118164,2016000
2019-04-23,70.87841014398849,73.28301298894536,70.38222629979825,72.09979248046875,4607100
2019-04-24,72.36697320075814,73.12079674826771,71.97575256066604,72.31926727294922,1942700
2019-04-25,71.81356296277835,73.51204888866657,71.50821726014694,73.20670318603516,1481400
2019-04-26,73.45476530149203,73.91278000627997,72.80590506969872,73.8746109008789,1608900
2019-04-29,73.92233030553675,74.847911169145,73.77919796827544,73.78874206542969,2177700
2019-04-30,73.8937181810178,74.99104930469647,73.83646086811987,74.9051742553711,1726200
2019-05-01,74.89562731523557,75.30593618870222,73.7410389224606,73.9223403930664,1078600
2019-05-02,73.86508780214638,74.75249236747595,73.61699221097139,74.61890411376953,946800
2019-05-03,74.98149605585185,75.91661369477995,74.98149605585185,75.65898132324219,1303200
2019-05-06,74.06546026574173,75.77348960087944,73.67423237511778,75.71623229980469,1624300
2019-05-07,74.99103968177815,75.16279703840321,72.54827485867813,73.15896606445312,1732200
2019-05-08,73.26394363745978,73.7601348892769,72.6437082126958,73.10173034667969,2243600
2019-05-09,72.20474347957054,73.53108881847547,71.42229509777042,73.47383880615234,1717500
2019-05-10,73.13034863706034,73.60745164605996,70.69712037915662,73.56928253173828,2849800
2019-05-13,72.28109381386673,72.4337702457016,69.87649825257152,70.45855712890625,3547300
2019-05-14,71.02154304486683,73.15896215073583,70.89749890283427,72.52919006347656,2557700
2019-05-15,64.27530400649225,66.69898763985017,63.20659087744867,64.54248046875,14523800
2019-05-16,64.50432550041934,66.24098016573782,64.50432550041934,66.12648010253906,4567700
2019-05-17,65.30585136275421,66.67036603322714,65.06729989784644,65.9451675415039,3935700
2019-05-20,65.51575181758169,66.76575866804491,65.49666363115671,65.77338409423828,4029700
2019-05-21,66.19326429753615,67.21426429455967,65.12455109466512,65.19134521484375,3928200
2019-05-22,65.04822201820862,65.49670000815014,64.41844983659912,64.85738372802734,4985400
2019-05-23,64.10354761948108,64.74286377507572,63.00620946464671,64.5997314453125,5358500
2019-05-24,65.01960382523704,66.68946451959229,64.96235378817819,65.22953033447266,3852900
2019-05-28,65.2963094318018,65.70661825625469,63.89362560681141,64.00813293457031,2984700
2019-05-29,63.54056317459583,64.87645280204458,63.54056317459583,64.21805572509766,3722100
2019-05-30,64.4947614691422,64.79057019434985,63.6741512431158,63.82682037353516,2947900
2019-05-31,63.20661834137442,64.46617026788678,63.04440503023638,63.979530334472656,2829300
2019-06-03,63.96996968066339,64.98142568840211,63.76004320056354,63.92225646972656,2560600
2019-06-04,64.56158924532488,64.88601583006806,63.3688316013898,64.83830261230469,4402800
2019-06-05,65.468066271322,65.84975008085281,64.78103687016917,65.219970703125,2289200
2019-06-06,65.38219087640168,66.48907331319518,65.38219087640168,65.99288940429688,2469000
2019-06-07,66.50814497885455,67.00433609874996,66.15509347278851,66.33638763427734,1547400
2019-06-10,66.48905514175975,67.31921674247201,66.18370960126994,67.07112121582031,1477100
2019-06-11,68.94138324663682,69.27535388940665,66.61311828558881,66.88029479980469,1748200
2019-06-12,66.870738887375,67.07112121582031,65.77340084873565,67.07112121582031,1546800
2019-06-13,67.32876915126431,67.47190149902059,66.68945291530174,67.08068084716797,1886900
2019-06-14,67.09021938188344,67.22380763520427,66.54632227050189,66.76579284667969,1602700
2019-06-17,67.0329521132576,67.36692266066646,66.68943747020506,67.07112121582031,1149200
2019-06-18,67.55778935008124,68.91276015573187,67.33831876155355,68.61695861816406,2350400
2019-06-19,68.59784547101785,69.39938202453139,68.59784547101785,69.32304382324219,1916700
2019-06-20,69.86695269827186,70.05779095407189,69.04633509430863,69.96237182617188,2077800
2019-06-21,69.79062229413253,70.17230612845921,69.22764428051126,69.98146057128906,3096200
2019-06-24,69.97191269775212,70.3058832700149,68.95091278825593,69.79061126708984,1251600
2019-06-25,69.83833635545089,70.25818202632006,69.09405687344123,69.1894760131836,1340400
2019-06-26,69.31351345498702,69.82878549571673,68.74099139195833,68.83641052246094,1583800
2019-06-27,69.22764192772071,69.92420816768059,68.89366403402703,69.83833312988281,1480200
2019-06-28,69.90513033423186,71.27918195966191,69.75245388695424,71.25055694580078,3159700
2019-07-01,72.29675191019005,72.57408160154958,71.64646336052857,72.46888732910156,2753200
2019-07-02,72.53583931398762,72.85142217848657,71.9620569305597,72.30632781982422,1877000
2019-07-03,72.54539803240567,73.56864550315488,72.39238551907881,73.44432830810547,1153100
2019-07-05,73.00441800951097,73.12874249553941,72.00986589751093,72.44020080566406,1493100
2019-07-08,72.22980730010514,72.66970728377616,70.28850684971704,70.6136474609375,2217400
2019-07-09,70.27893763118854,70.84316205933251,69.91554391708762,70.24068450927734,2092200
2019-07-10,70.36502328794427,70.7092941591142,69.93468105096262,70.16419982910156,1785200
2019-07-11,70.54672390807227,70.55628901550418,68.35678854871728,68.60542297363281,6562400
2019-07-12,68.16551977545441,69.1122610789916,67.73518480912995,68.51935577392578,2542400
2019-07-15,67.91688806519761,67.91688806519761,66.45374020902914,67.4674301147461,3955300
2019-07-16,66.94143395103619,67.28570476646736,66.3007105485538,66.89361572265625,3067200
2019-07-17,67.23789628388569,67.47697286836377,66.54935455322266,66.54935455322266,2402300
2019-07-18,66.95099043300301,67.5247726194759,66.61628476556352,67.06574249267578,2713000
2019-07-19,67.49611060196924,67.49611060196924,65.60262063165504,65.69824981689453,2694400
2019-07-22,65.89906177371353,66.43459089496925,65.4687196189584,66.0711898803711,3103300
2019-07-23,66.36763193233429,67.10398427631958,66.1381205557205,66.83621978759766,3304200
2019-07-24,66.22420449474177,66.53978729248047,65.62173421399841,66.53978729248047,3190400
2019-07-25,66.70238258296024,66.95102433153704,66.51112418931042,66.79801177978516,1904700
2019-07-26,67.06576538999421,67.12314873545853,66.31984756330762,66.46329498291016,2392600
2019-07-29,66.46329884078092,67.41960529892167,66.34853943922991,67.2952880859375,2750000
2019-07-30,66.22420756259503,67.1135726635804,65.12445392003754,67.08488464355469,2871800
2019-07-31,67.12313014450541,67.57259519662118,65.90861726376237,66.37721252441406,3846100
2019-08-01,66.58760576159347,67.59173030585355,65.40178797967691,66.18595886230469,2494100
2019-08-02,66.09988305307523,66.109440861333,64.60804051269982,65.1053237915039,2803500
2019-08-05,63.91949862025484,64.23508139614474,62.79106438410942,62.98232269287109,3273100
2019-08-06,63.508306666661895,64.72281249147501,63.15447069916223,64.70368957519531,2436200
2019-08-07,63.94820941358077,65.28703249108833,63.57525051398387,65.0001449584961,2172900
2019-08-08,65.44004530296505,66.47285793538232,65.12446244927555,66.45372772216797,2014300
2019-08-09,65.9277409839508,65.9277409839508,64.85667558848999,65.6408462524414,1866200
2019-08-12,65.23920031449494,65.39220548953209,63.59435273063748,63.71866989135742,1961900
2019-08-13,63.986463114470254,65.77475136796376,63.59437399824718,64.68456268310547,3164300
2019-08-14,63.67087337132832,64.09164316990427,62.49461344594785,62.72412490844727,3509700
2019-08-15,68.79668028414737,69.47565690854054,66.38678422682676,66.54935455322266,6701000
2019-08-16,66.84580161072192,68.0698723202364,65.94687149140607,67.9742431640625,3367100
2019-08-19,68.78711039628607,69.12181613208136,68.37589840772675,68.61497497558594,2050400
2019-08-20,68.29939208113493,69.10269314221314,67.99337436644748,68.01250457763672,2171200
2019-08-21,68.81579950822767,69.16963546084341,68.0794468778022,69.0453109741211,1897400
2019-08-22,69.28439968051306,69.59041745398078,68.13683485401897,68.60542297363281,1644000
2019-08-23,68.37590282992934,68.53847315553871,66.22421358003646,66.5111083984375,2990000
2019-08-26,67.04663308240616,67.55347423745236,65.78430909956055,66.59716796875,1827300
2019-08-27,66.98926241587459,67.25702702522919,66.09033211643693,66.44416809082031,2032300
2019-08-28,66.23375249122864,67.19005844630139,65.80341043382465,66.88404083251953,1674000
2019-08-29,67.71605702454937,68.1750873283309,67.40048144274118,67.6108627319336,1611200
2019-08-30,68.3280856023018,69.28439194968763,67.72561523002257,68.00294494628906,2356400
2019-09-03,67.61082602105571,67.93597382969585,66.44413892050105,67.33350372314453,2227800
2019-09-04,67.84036886221202,68.10813344939481,66.90318551103447,67.76386260986328,1820600
2019-09-05,68.50979418746252,70.48934826714901,68.50979418746252,70.30764770507812,2997900
2019-09-06,70.47019153098273,71.12047990334324,70.47019153098273,71.03440856933594,3117600
2019-09-09,71.1396127804491,71.3308710889846,70.45107119606243,70.93878936767578,2996900
2019-09-10,70.28851540873485,71.75166292946892,70.08769195452021,71.50302124023438,2838000
2019-09-11,71.78992337457264,73.64516018263461,71.78992337457264,73.62602996826172,2805500
2019-09-12,73.64514255426741,74.67794770597153,73.35824777566013,74.18067169189453,4009800
2019-09-13,74.19979408585783,74.6397013555839,73.807712340281,74.49625396728516,2673400
2019-09-16,73.94157722166824,74.04677146192748,73.11915350475185,73.77900695800781,2874500
2019-09-17,73.58776214936424,73.60689235991924,72.94703872048588,73.06179809570312,2716800
2019-09-18,73.02354206464318,74.18067169189453,72.44019469856909,74.18067169189453,1982600
2019-09-19,74.19024071517916,74.73533498649252,73.94159904698991,74.65882873535156,1743700
2019-09-20,74.80227082071335,75.29954682574389,74.50581823863959,74.56319427490234,4605500
2019-09-23,74.09461698265338,74.96485194107387,73.89378623467198,74.6492691040039,2217000
2019-09-24,74.86921139639607,74.96484055479098,72.33499857072665,72.65058135986328,4296700
2019-09-25,72.72710080695325,73.21481179211135,71.87598873947526,72.99486541748047,1739200
2019-09-26,73.10960305006121,73.5973212347949,72.76533224860648,73.17654418945312,1313300
2019-09-27,73.6547165056206,73.93204624011182,72.6027809135759,73.05224609375,1639800
2019-09-30,73.19023044876073,73.89941746241848,73.15189502751788,73.43939971923828,1684600
2019-10-01,73.31482528848777,73.68858655796086,71.48434705596593,71.72393798828125,2189100
2019-10-02,71.22559640472558,71.43643760788342,69.86472158109729,70.29598236083984,1999400
2019-10-03,70.32473089927801,70.80391278488378,69.45262366957787,70.7943344116211,1869400
2019-10-04,70.99560654372003,72.74941441035783,70.9764351692367,72.72065734863281,1260800
2019-10-07,72.21273556318607,72.53858316872292,71.53229790989619,71.97314453125,1048000
2019-10-08,70.890144717008,70.890144717008,68.74341266201424,69.47176361083984,3001900
2019-10-09,70.00846923676897,70.76557010410635,69.61553662120961,70.41098022460938,1499700
2019-10-10,70.37264020010008,71.33100381044504,70.37264020010008,70.91890716552734,1399900
2019-10-11,72.40439351948525,73.03690987347198,72.10729574691722,72.16480255126953,1200700
2019-10-14,72.04981231689453,72.64400068276129,71.86772080070004,72.04981231689453,829500
2019-10-15,72.64399045821365,73.18067193137045,72.5289841517929,72.5960693359375,844900
2019-10-16,72.16478915719897,72.72063454337291,71.8389416988014,72.13603210449219,2275500
2019-10-17,72.53856532411575,73.07524676387186,71.78145697203908,71.80062103271484,1650000
2019-10-18,70.91892757947865,71.70478567370073,70.69850066848662,71.46519470214844,2121900
2019-10-21,71.76227902968527,72.36605290587077,71.5801948788588,72.3373031616211,1641500
2019-10-22,72.5289938457386,73.15193195990464,71.53229432542047,71.58021545410156,1271800
2019-10-23,71.89645189848342,72.73023106963944,71.57061170324698,71.85812377929688,1778300
2019-10-24,71.90603093156281,71.98270178631414,71.35976388699608,71.87728118896484,1475100
2019-10-25,71.58977187508862,72.80689797763534,71.04350480964804,72.25104522705078,835100
2019-10-28,72.53856177283788,73.37233363853476,72.53856177283788,72.97940826416016,1143900
2019-10-29,71.92521797907204,73.48734859852749,71.8197973587436,72.99858093261719,1113300
2019-10-30,72.87399746222215,72.97941808430377,72.1073033583079,72.95066833496094,914800
2019-10-31,72.83566032384488,72.95066663026563,71.97313130503096,72.5960693359375,970500
2019-11-01,73.32441234277545,74.12943438076003,73.14232089105911,73.7652587890625,1106300
2019-11-04,74.44571773345079,74.60863786283785,73.53527483465274,73.54485321044922,1010200
2019-11-05,73.62149948586918,73.7077560213747,72.32770994716489,72.40438079833984,2362700
2019-11-06,72.54814286267485,72.77815545855115,71.81979157760836,72.6343994140625,1355700
2019-11-07,73.16148667959533,73.19982210779698,72.52897039360637,72.74939727783203,860900
2019-11-08,72.73981792284566,73.45859081277153,72.50022695953703,73.44900512695312,1231500
2019-11-11,73.07525164344706,73.6502685546875,72.96024533650429,73.6502685546875,1149200
2019-11-12,73.79401308908974,74.32111610727748,73.52567239318893,73.84193420410156,1008400
2019-11-13,73.62150207525316,74.27318970969147,73.37232545603806,73.94734954833984,1096000
2019-11-14,73.99526375055892,74.22526900168926,73.29566231244807,73.56400299072266,1113500
2019-11-15,73.72693073054543,75.04947020159031,73.42025459327115,75.00155639648438,1700400
2019-11-18,74.88654746164646,75.23155901787749,74.27319520873255,74.69487762451172,1641200
2019-11-19,74.91531525090022,76.18035549121244,74.59905336288782,75.98868560791016,1704800
2019-11-20,75.8640689879519,76.05573879059096,74.95361914608056,75.2507095336914,2429800
2019-11-21,75.68198844876407,75.68198844876407,74.09110107332192,75.03988647460938,2142200
2019-11-22,75.33696189517339,75.8928145285029,74.97278636561296,75.82572937011719,1869700
2019-11-25,76.14200944830851,77.10995904117975,75.99826071171961,76.91828918457031,2640800
2019-11-26,75.29864093257672,77.65621492361208,74.71403844936529,77.57954406738281,5329900
2019-11-27,77.70413208007812,77.95330138253289,77.33037081466107,77.70413208007812,1628000
2019-11-29,77.5891196300973,77.85746028015683,77.11952349249312,77.40702819824219,835800
2019-12-02,77.41663626770902,77.61789181344862,76.6882776414111,77.0045394897461,1775600
2019-12-03,76.2090855997535,76.77452403970781,75.87365973456134,76.76493835449219,1978200
2019-12-04,76.95661249455479,77.6274641987387,76.84160621166532,77.56037902832031,1690900
2019-12-05,77.52203905272813,78.33664673479974,77.1482777949337,78.13539123535156,1900000
2019-12-06,78.81583623070745,78.9883420057892,78.41332519276185,78.7870864868164,1783400
2019-12-09,78.91167260061343,79.03626457541608,78.15457162509021,78.2216567993164,1913800
2019-12-10,79.44834681843939,80.31087555244467,79.25666970436362,79.47709655761719,3067700
2019-12-11,79.47711245133937,79.99462979523493,79.13210088874231,79.94670867919922,1718300
2019-12-12,80.01377653798123,81.44174359536368,79.7071004722366,81.27881622314453,1920800
2019-12-13,81.1446451936037,81.21173035390851,80.1096107388431,80.22461700439453,1811200
2019-12-16,80.95299400303475,81.43217591870396,80.50256183242796,80.93382263183594,1371200
2019-12-17,81.23093065232754,81.32676558521976,80.29173076181583,80.45465087890625,1653200
2019-12-18,80.26295200138779,80.55046400787742,79.8891907799917,79.9562759399414,2025500
2019-12-19,80.45465184543717,81.1446750693293,80.08089048445173,80.99134063720703,1696000
2019-12-20,81.40341444777135,81.75800433477828,80.80922632570733,81.64300537109375,2287800
2019-12-23,81.86343266993066,81.88260404018143,81.2309163746281,81.71009826660156,816000
2019-12-24,81.8921923391421,81.8921923391421,81.44176744795199,81.74844360351562,271900
2019-12-26,81.7580186702317,82.07428049928696,81.54717745086154,81.8921890258789,649100
2019-12-27,82.11262577779169,82.11262577779169,81.56635860379718,81.86344909667969,767700
2019-12-30,81.95947658420984,82.01710482431879,81.28720817607304,81.53691101074219,742800
2019-12-31,81.47928071676793,81.95947451824019,81.31601658278959,81.9306640625,1176200
2020-01-02,82.49729599060987,82.92946747809026,81.82502027686985,82.5453109741211,1410500
2020-01-03,81.31601562624908,81.94987495378066,81.15275149419126,81.21997833251953,1118300
2020-01-06,80.6725729561979,81.46009063720703,80.28841638144722,81.46009063720703,1993200
2020-01-07,80.63414109454968,81.88264789114123,80.61493656672671,81.70977783203125,1684700
2020-01-08,82.55492639729884,83.04472617937653,81.82502968852108,82.51651000976562,1847600
2020-01-09,83.03511478164752,84.22599340803409,82.7566014857583,83.81302642822266,1912700
2020-01-10,84.24519350556837,84.74459178655057,83.86103703633387,84.1203384399414,1417000
2020-01-13,84.33161753210153,84.82141717096889,83.30400327937171,83.9954833984375,1630200
2020-01-14,83.81301354397678,84.7157801348268,83.26559296439595,84.5044937133789,1675200
2020-01-15,84.15876903490049,85.58014601300137,84.08194358981712,85.10955810546875,1630400
2020-01-16,85.58973915246997,85.94507784851798,85.34003634352449,85.91626739501953,1595900
2020-01-17,86.40606552999698,86.70378331368671,85.67616897008722,86.55012512207031,3718300
2020-01-21,86.24281688585982,86.57895110955866,85.91628126342628,86.06034088134766,2697400
2020-01-22,86.37725425752575,87.04952257792299,86.28120964560459,86.55972290039062,1665800
2020-01-23,86.069948957922,86.41568911869165,85.14797763826184,85.54173278808594,1228300
2020-01-24,85.90664996842544,85.91625589403084,84.11073022045895,84.7637939453125,1164500
2020-01-27,83.11196001898709,83.71700168739723,82.7950302905534,83.13116455078125,1868000
2020-01-28,83.40965574389205,84.01470457884417,82.77580378248432,83.7265853881836,1652200
2020-01-29,84.08193533656694,84.85984692960474,83.69777884015203,83.78421020507812,1131500
2020-01-30,81.53691177755054,81.66175953247118,80.28840491963943,81.03750610351562,3026700
2020-01-31,80.7013830083382,80.999100871853,79.07832533500458,79.28961181640625,2850400
2020-02-03,79.99068479340512,80.37484130225079,78.8574271222572,78.89584350585938,1919800
2020-02-04,79.5680976569563,80.57650739625718,79.50087082948122,80.21155548095703,1676000
2020-02-05,81.18157069043043,82.11314792697951,81.04711699929723,81.56572723388672,2345100
2020-02-06,81.93067859450856,82.00751137489414,81.22959962322751,81.46009063720703,835500
2020-02-07,81.25839536318054,81.43126542414208,79.6353379756626,79.87543487548828,1447600
2020-02-10,79.7505873323734,81.28720602981129,79.6449441100018,81.08552551269531,2066900
2020-02-11,81.66174707627145,82.27639448350115,81.47927110853372,81.71936798095703,1543200
2020-02-12,82.01710324037904,82.65095525192743,81.91146001725832,82.04591369628906,1464200
2020-02-13,81.72898165509875,82.28600821044714,81.30641610205494,82.0843276977539,1596300
2020-02-14,82.32444150842932,82.45889521118481,81.74821030702333,82.42047882080078,1965400
2020-02-18,82.26679894012733,82.67015994226011,81.18155634706848,81.43125915527344,2872500
2020-02-19,81.34482467475571,82.43966592412373,80.14434020595958,81.96907806396484,4741300
2020-02-20,81.53689881651344,81.62333017298648,80.05790121262747,80.99907684326172,2543600
2020-02-21,80.57650564761124,81.71936168988574,80.09631193973176,81.70015716552734,1762500
2020-02-24,78.9630552881646,79.3183939461683,76.85019855599515,77.31118774414062,2919200
2020-02-25,77.50327912810108,77.67614919529736,74.61251762550802,74.86221313476562,2768000
2020-02-26,75.54409288615577,77.09031019656842,74.9966649146095,75.01587677001953,2526000
2020-02-27,73.64252512113501,77.11913104370633,73.34480729503466,74.3628158569336,2879400
2020-02-28,72.00025459951229,74.0170669555664,71.23194164140816,74.0170669555664,3755600
2020-03-02,74.24756672752382,78.75178714166418,74.18033988524603,78.72297668457031,3407500
2020-03-03,78.64616006444443,81.63296684946374,76.13954720206904,77.13835144042969,3017200
2020-03-04,78.53089559290284,81.08553028094967,77.52249294802357,81.00869750976562,1905300
2020-03-05,78.8862327487049,79.95226351508,76.54288478266584,77.27278137207031,2322600
2020-03-06,74.86219168939706,75.77456407658352,73.46963294997308,75.44802856445312,2959900
2020-03-09,69.71455124658681,71.25117768446648,67.39041438370172,67.94744110107422,4598200
2020-03-10,70.15630423909484,70.70372477757101,66.90059145860374,70.0218505859375,3537300
2020-03-11,67.95702491629844,68.88860200977072,64.89338629491546,66.11307525634766,4985900
2020-03-12,61.46481395801499,64.48043080665596,59.69770041017853,60.90778732299805,5055000
2020-03-13,63.89458348978988,66.75654165577589,61.22470723299709,66.45881652832031,3261200
2020-03-16,60.89817644712024,63.981023370631085,58.70849393182362,61.58965301513672,4742800
2020-03-17,63.40479242655103,67.73614298442821,61.40718792517863,67.64971160888672,3341800
2020-03-18,62.60767953812533,67.11189308666475,62.59807360905091,66.14190673828125,4123900
2020-03-19,65.824958723261,65.87297370093033,61.6280628001223,63.15508270263672,3430700
2020-03-20,63.37596733151325,68.18751062587783,62.38676940604921,63.82735061645508,3258400
2020-03-23,64.15388561794106,64.8837748160604,59.63045787169687,60.8597526550293,2989600
2020-03-24,62.93419172653039,65.47922006793105,62.0410310581045,64.34596252441406,2868900
2020-03-25,64.46119814842561,68.94620507635662,62.530817625774205,66.2667236328125,2628100
2020-03-26,67.22713116969835,71.50085300604457,66.89099697928502,70.79977416992188,3267500
2020-03-27,68.71572157008968,70.309960847885,67.4960254658684,68.10107421875,1829800
2020-03-30,68.41881923488592,70.46002511272535,68.41881923488592,69.96897888183594,1486200
2020-03-31,69.65124045408598,70.09414949279262,67.8796336825505,68.9580078125,1822100
2020-04-01,66.88793605470627,67.61969038602005,65.61699818759534,66.3583755493164,2173600
2020-04-02,65.73251613656863,69.75715288801534,65.60735066156968,69.60310363769531,1840300
2020-04-03,69.04466618458612,69.64162453373986,67.07086543958444,67.8026123046875,2052600
2020-04-06,70.25781801835862,72.20273447953566,69.56457814045105,71.59615325927734,2312000
2020-04-07,73.76253458757924,74.6772217327891,71.26879675052426,71.27842712402344,2458000
2020-04-08,71.41322159490704,74.30171653994834,70.04600241725157,73.83956146240234,2703000
2020-04-09,73.58922045635565,75.79410573105302,73.39665707213443,75.4186019897461,2399900
2020-04-13,74.56168948701946,75.09124251657369,72.2316311811829,73.37740325927734,1533000
2020-04-14,74.42686316817182,76.25623677970093,74.36908829444002,75.89999389648438,2650300
2020-04-15,74.56169153122191,75.47637873650746,74.13804321930533,74.18618774414062,2721100
2020-04-16,75.15862668347027,75.98666238475828,73.6277280807909,75.82298278808594,1969300
2020-04-17,77.11319203355349,77.36353034766312,75.39935267828218,76.59326934814453,1313400
2020-04-20,76.11185080483526,76.11185080483526,74.11878942778054,74.49429321289062,1679400
2020-04-21,72.94412069262195,72.98263483633588,70.97031306575873,71.00882720947266,2848100
2020-04-22,71.97165774253142,72.7708096851447,71.03770997174503,72.37604522705078,2347400
2020-04-23,73.75289658326214,74.6098160904614,72.26051206149599,72.29901885986328,2097700
2020-04-24,72.80932855450398,73.08855060122218,71.26879211111769,72.93449401855469,1654300
2020-04-27,73.51219050341179,73.77215914664119,73.02114433517343,73.41590881347656,1295800
2020-04-28,74.1380371392267,74.1380371392267,72.5397330723083,72.64564514160156,1855900
2020-04-29,73.46406219096642,76.4295782660456,73.3100055918335,75.79411315917969,2409400
2020-04-30,75.0623610499541,75.52452351412114,73.16558135993587,73.81068420410156,1795200
2020-05-01,72.74195022590561,73.27150334333722,70.83553990400902,71.45175170898438,1618600
2020-05-04,71.51913511496521,71.84650170187297,70.69109929292063,71.78872680664062,1555400
2020-05-05,72.1257376286686,74.69649691298277,72.04870931743676,73.5314712524414,1476100
2020-05-06,73.83955126701358,75.90001012231292,73.80103712489883,74.97569274902344,2303600
2020-05-07,75.84225198381675,76.38144274666656,74.65797307201554,75.58229064941406,1190600
2020-05-08,76.70880792892734,77.34428044446294,76.24665277746843,76.74732208251953,2255000
2020-05-11,76.64139397315694,78.94256091196287,76.54511228221796,78.24932098388672,1691600
2020-05-12,78.54781268662819,79.24105269335253,76.81471266981731,76.88211059570312,2278900
2020-05-13,77.39240455880939,78.88479653875473,76.092583314308,77.18058776855469,2664900
2020-05-14,76.34292264618777,78.62483630824364,75.79410889782275,78.60557556152344,2285900
2020-05-15,78.48040550772173,79.7513429215956,78.20118346316629,78.55742645263672,4529400
2020-05-18,80.14611927078239,81.25337734166214,79.23143197291262,80.5505142211914,2076000
2020-05-19,80.13647922819011,80.43495468070813,78.84628103332132,78.92330932617188,2099200
2020-05-20,79.89576620010163,79.89576620010163,78.4418884855035,78.67296600341797,2748100
2020-05-21,78.68260512028131,79.13513717977993,77.46943516121607,77.7486572265625,2576500
2020-05-22,81.84069505235848,84.41145394571153,81.07042674883064,81.82144165039062,5063100
2020-05-26,83.02499236826932,83.56417584523201,82.45691776576312,82.92870330810547,3173400
2020-05-27,83.09237960803387,83.26568960986849,81.23411411173826,82.97683715820312,1917600
2020-05-28,83.64118259910505,84.58475344061354,82.8612840185514,83.4678726196289,1908700
2020-05-29,83.93003525523363,85.20097277101488,83.25605602179763,84.86398315429688,2394500
2020-06-01,84.76770128653293,86.63559708092365,84.67141958849501,86.56819915771484,2477600
2020-06-02,86.65485993440699,87.26144130945137,85.79794024049929,86.93408203125,1682800
2020-06-03,87.28068163530962,87.75246703883707,86.90517791779284,87.12662506103516,1382500
2020-06-04,86.48154953639336,88.33018477711467,86.48154953639336,87.75248718261719,2227500
2020-06-05,88.70565348303215,89.58183357557384,86.74147656223968,87.02069854736328,2844700
2020-06-08,85.99050365757968,87.2229271568706,85.74979571331744,86.93408203125,1804700
2020-06-09,86.74150888148131,87.14590379954,86.00013166571641,86.43340301513672,1817300
2020-06-10,86.96297778828618,87.21331614163334,86.13494175829713,86.47193145751953,1410300
2020-06-11,85.3357521290128,85.3357521290128,81.85992986999015,81.86956024169922,2491300
2020-06-12,83.60267909303727,84.0552111718023,80.8682332184205,82.90943908691406,1520000
2020-06-15,81.26299742258493,84.03595009024329,80.5986411950512,83.72784423828125,1551400
2020-06-16,85.57649054244729,85.92311058946625,83.29458380303362,84.19001770019531,1049200
2020-06-17,84.58476271988684,85.45131271233139,84.20925894746468,84.65216064453125,900800
2020-06-18,84.18036613199682,85.2105956385395,84.01668652484099,84.9313735961914,1491500
2020-06-19,86.08677071786225,86.45264405516838,84.49809722245274,85.43204498291016,1784700
2020-06-22,85.34537584923383,85.75939365060125,84.50770987554047,85.23946380615234,1245500
2020-06-23,85.87497280726855,86.36601174893877,85.36467311544037,85.96162414550781,1160300
2020-06-24,85.76905248154975,85.76905248154975,83.11163484340804,83.34271240234375,1806600
2020-06-25,83.2175410705675,84.10334443905909,81.64812810166462,84.01669311523438,1350100
2020-06-26,83.9877973077902,84.3055261287828,82.34134893277908,82.70722961425781,2225800
2020-06-29,83.51769974665807,84.28958533535499,83.08351870379514,84.2220458984375,1302500
2020-06-30,84.2606431443311,85.75616139030296,84.17380251671196,85.26409149169922,1920200
2020-07-01,85.7658215032497,85.7658215032497,84.23170807043728,85.01323699951172,1137000
2020-07-02,85.70792374779522,86.34472312277842,85.43776599106013,85.56319427490234,1507700
2020-07-06,85.89125027291331,87.45431550091365,85.89125027291331,86.17105865478516,1412200
2020-07-07,85.7175864946972,86.87541518017338,85.55356315666049,86.0745849609375,1441700
2020-07-08,86.37367366309782,87.15520992757817,85.997381423671,86.39297485351562,1069600
2020-07-09,86.49912107981098,87.22276123269074,85.44742689644326,86.75962829589844,1133800
2020-07-10,86.69210909203,86.71141028958083,85.45709745377793,86.2772216796875,938100
2020-07-13,86.80785534525143,88.0332158363536,85.53424924311314,86.12281036376953,1646200
2020-07-14,85.70795038080671,87.5990626268461,84.9746595551999,87.50257873535156,1361200
2020-07-15,88.51566052443168,89.78926688588939,87.87886102432694,89.61559295654297,1897100
2020-07-16,89.71208328991479,89.93399547662553,88.82441245932739,89.59629821777344,1226400
2020-07-17,90.12695667653198,91.18829390953304,89.43226107347759,91.05321502685548,3457700
2020-07-20,91.5742492334006,92.83820496300832,91.4295197361273,91.86370086669922,1236800
2020-07-21,92.21105200822171,93.06012046862908,91.81546588688074,92.64523315429688,2169100
2020-07-22,92.9732965325246,93.47501718202132,92.44262409062986,92.9636459350586,1313200
2020-07-23,93.1952095260775,94.64248998564076,92.93470228230572,93.26275634765624,1386300
2020-07-24,92.60665225685705,92.83821506093238,90.57081056118712,91.47776794433594,1142800
2020-07-27,91.6224862711166,94.11181003506256,91.56459741747764,93.8512954711914,1177100
2020-07-28,93.57148499540985,93.83199217174511,91.85403977786756,91.95053100585938,1373700
2020-07-29,92.4426167778694,94.22760174417655,92.16280836348209,93.6872787475586,1125300
2020-07-30,92.74172754854226,92.97329034356868,91.63214447378247,92.55840301513672,1663300
2020-07-31,92.56806647102492,93.02154888849807,91.40059437564166,92.9443588256836,1551800
2020-08-03,93.53290117453302,95.86784489103772,93.53290117453302,95.60733032226562,1994300
2020-08-04,95.24067725820396,95.510835029646,93.48464438258368,94.1021499633789,779200
2020-08-05,94.64248406776282,95.35648101660136,94.26619176070538,94.44951629638672,955900
2020-08-06,94.2854932271797,94.79686444792854,92.44261935184096,94.02497863769533,1075300
2020-08-07,93.6583158947229,94.40124974720992,93.46534816612152,94.3433609008789,897900
2020-08-10,94.40126272933016,94.51704779916204,93.54254370484254,93.72586822509766,900800
2020-08-11,93.80306112265576,94.19864724108716,92.81890640229304,92.91539764404295,1137000
2020-08-12,93.26274481408248,94.82580280591183,93.12765854887986,94.19864654541016,1318100
2020-08-13,94.12146127585316,95.6362809668489,93.76446283305552,95.29857635498048,1190800
2020-08-14,94.98981285620636,95.3564618538877,93.4942945254575,93.9477767944336,957400
2020-08-17,94.23724322151752,95.21174735534136,93.67762640318318,94.08287048339844,1989300
2020-08-18,94.27584086666768,95.24069443078618,93.69693020044627,94.42057037353516,2008700
2020-08-19,91.88299082685208,95.90642766397043,91.20758904255648,94.51703643798828,2830800
2020-08-20,93.96706867723331,94.7196531245245,93.70656150749674,94.3433609008789,1428300
2020-08-21,94.43020551432387,94.86438660261258,93.85128758160924,94.8450927734375,1269300
2020-08-24,95.3082434962612,95.7231308651174,93.72588408044906,94.16971588134766,1154500
2020-08-25,94.43022251068156,95.19245772211865,94.13111289527671,94.88369750976562,1061300
2020-08-26,94.72931473349163,96.2248405684014,94.60388643144192,95.83889770507812,1072300
2020-08-27,95.70381033431876,96.15729260648266,94.13109459372936,95.53977966308594,1236900
2020-08-28,95.52049301925686,96.41780703600888,95.07666130877972,96.38886260986328,866000
2020-08-31,96.3888586813133,97.48879099750192,96.24412919523638,96.8905792236328,1076900
2020-09-01,97.37300390607824,97.73000231612458,96.72655389116086,97.56597900390624,1159700
2020-09-02,97.45020488414046,100.01671876399315,96.92918310339032,99.78514862060548,1462500
2020-09-03,99.46674206120755,99.58252712925422,95.5590898705438,96.13800048828124,1992800
2020-09-04,96.55288114298985,96.59147616301884,92.29788140194562,93.4364013671875,1753900
2020-09-08,92.7320591661949,93.07940697273932,91.42950857227692,91.79615020751952,1225600
2020-09-09,92.7224370343084,95.00914290247,92.49087421261147,94.48812103271484,954400
2020-09-10,95.4047082986854,96.58183070785093,94.78720266785233,95.10560607910156,1933200
2020-09-11,95.24067119822703,96.11869126079408,94.57492004578594,95.13453674316406,1368600
2020-09-14,96.22481445862456,96.70724106656436,95.49152395340718,95.92570495605467,1207700
2020-09-15,96.21518995875137,97.4502012322114,96.21518995875137,96.84234619140624,1053800
2020-09-16,97.67212040513289,97.96157203056391,94.63283048999602,96.4081573486328,1365000
2020-09-17,95.76172134693132,96.92919333844075,95.1152711911883,96.09941864013672,1246400
2020-09-18,95.65558319836758,97.05461794290927,94.99948247043628,95.88714599609376,2162400
2020-09-21,94.72931403843953,95.09595570722016,93.10835991337336,94.68106842041016,927900
2020-09-22,94.40126246022749,95.5012022173746,94.06356520907386,95.1538543701172,845800
2020-09-23,95.13454160017244,95.43365115300556,93.17589042059858,93.50394439697266,1148700
2020-09-24,93.17590667619092,93.56184956697902,92.08562481886926,92.95398712158205,1157600
2020-09-25,92.58733114501804,94.69071184611488,92.40400664388548,94.25653076171876,1028600
2020-09-28,95.17314805241855,96.22484218865192,94.67142747452374,96.0125732421875,1336600
2020-09-29,96.28272928786994,97.7686045247918,96.08975417585214,96.69761657714844,722400
2020-09-30,97.0063758371683,98.30892664448554,96.78445628392248,97.39231872558594,1362200
2020-10-01,98.19311759869,98.81063048616,97.00635215598564,97.6624526977539,723600
2020-10-02,96.68796286173163,97.7203557536627,96.30202001139575,96.4949951171875,712200
2020-10-05,97.61623140111162,100.00371744746674,97.5872347891348,99.67507934570312,803900
2020-10-06,99.67509244453832,99.878076129571,98.08988020231295,98.23486328125,1078000
2020-10-07,99.04679838968585,101.2506295278875,98.9984657837785,100.4096908569336,1322100
2020-10-08,100.71900086342409,100.9026559173638,99.684746512722,100.68034362792967,765300
2020-10-09,101.3279511039539,102.55552103148484,101.05730623013729,102.22688293457033,709000
2020-10-12,102.89382724503872,103.42545637246208,101.8015797531286,101.90790557861328,1003700
2020-10-13,101.91759038845656,102.46854822299306,101.45362240302116,101.89825439453124,915500
2020-10-14,101.9658900928489,103.1064700896602,101.41493239626745,101.55025482177734,906700
2020-10-15,100.62233006430476,102.18821338285429,100.40967842387612,101.80157470703124,723000
2020-10-16,102.41052279771928,103.94740946341372,102.17854254847984,103.13546752929688,1039400
2020-10-19,103.21281794469604,104.02476004564534,101.7242635717229,101.96591186523438,636000
2020-10-20,102.35252349923212,103.36744901296116,102.03354606640086,102.08187866210938,771000
2020-10-21,102.38156322610683,103.12584421617623,100.64169966561614,101.3279800415039,894000
2020-10-22,101.80159828938308,103.51246505498426,101.59861459682163,103.20315551757812,1064700
2020-10-23,103.64778557586692,103.79276864715108,101.94657958576856,102.6231918334961,833900
2020-10-26,101.86923339489036,102.28486867054754,100.28402150041164,101.1346206665039,1102000
2020-10-27,101.59861136817212,103.09683377099375,101.59861136817212,102.49754333496094,1111400
2020-10-28,100.93164654250762,101.84991438320093,98.18652576502764,98.26385498046876,1180800
2020-10-29,98.85347230872932,99.61708173661958,97.40358267022069,98.61182403564452,1421900
2020-10-30,98.37018723449732,98.93081306331902,97.28760756451987,98.67949676513672,2310000
2020-11-02,100.06172457242316,101.83059189394552,99.83941226670316,101.7242660522461,1572300
2020-11-03,102.87452092193276,104.49839789316351,102.59420799168517,103.45447540283205,1175000
2020-11-04,104.45970957283149,106.1319187773806,103.65743557947783,104.8656768798828,1357300
2020-11-05,106.87621984811489,108.1907873133105,106.00628441165874,106.65390014648438,1143100
2020-11-06,107.05985334794144,109.563325926113,106.64421802179666,108.78038787841795,1036600
2020-11-09,112.279479972062,113.57471143934464,108.63541914338246,108.7417449951172,2177900
2020-11-10,109.05104683875524,109.13804406334872,105.34899303445955,106.51856994628906,2124800
2020-11-11,107.42716886083072,108.0554559227694,105.204001526131,105.75496673583984,1792800
2020-11-12,105.7452861968745,107.30150167168412,105.26198964878505,105.78395080566406,1094300
2020-11-13,106.7698835294168,107.81380595082732,106.11259986125324,106.48957061767578,1356800
2020-11-16,107.29184368783646,107.76547228429531,105.81295729260312,106.5862274169922,1656100
2020-11-17,106.80855285956456,107.06952978918324,105.60031131137944,106.18993377685548,1571500
2020-11-18,105.89027883793948,106.20924896167548,102.19789342874265,102.41053771972656,2047900
2020-11-19,103.17413131826356,105.3199688867059,101.67591664288275,105.04932403564452,1886400
2020-11-20,105.01069666748798,108.54843172384774,104.70138710309492,107.18553161621094,2775400
2020-11-23,107.67848762242984,108.66440947522112,105.89995223910212,108.46142578125,3258700
2020-11-24,114.98592514944818,114.98592514944818,107.70747959905071,110.84890747070312,5559900
2020-11-25,112.2118002052453,113.05273893775532,109.62133752824604,110.5299301147461,2862500
2020-11-27,109.96930071286673,111.13888492758116,109.16703399364847,110.2786102294922,983700
2020-11-30,110.08528839994769,113.15905477612888,109.8726367364194,112.99473571777344,3778400
2020-12-01,113.65203320859864,114.42530336418002,111.1968855312226,111.50619506835938,1753700
2020-12-02,111.76716297548602,112.07647248766337,110.31727325443204,110.7425765991211,1735800
2020-12-03,110.33660996324016,111.5641800235776,109.37968480599945,109.78565216064452,1511400
2020-12-04,109.80496994849192,111.39018197414978,109.65997951484228,111.30319213867188,1118100
2020-12-07,111.35151709032375,112.55009778929887,110.30760219458256,110.5782470703125,2076700
2020-12-08,110.52027218384362,113.42005202616338,110.51061156069136,113.10108184814452,1320600
2020-12-09,112.49210047098944,113.05272622964355,110.65557951084386,112.51143646240234,1717600
2020-12-10,113.033410204516,115.89452516718956,112.45344838984204,114.84093475341795,1630500
2020-12-11,114.70562036092204,115.08259114225058,113.37172431733802,114.52197265625,1400800
2020-12-14,114.64761982604844,116.22316408425374,112.840087890625,112.840087890625,1395200
2020-12-15,113.3813634400336,114.09664020520026,112.94639215922132,113.46835327148438,1973800
2020-12-16,113.65202502431111,113.80667609448226,112.51144480553184,113.32337951660156,1698600
2020-12-17,114.10634140736914,115.40157288270366,113.13008011470016,114.99560546875,2166700
2020-12-18,115.24692158916616,115.855872709034,114.48331200262116,115.31458282470705,3911800
2020-12-21,113.7680000700798,114.49294486417423,112.08613021264624,113.84532928466795,2082000
2020-12-22,114.05800198791972,114.47363737489044,112.94641829025188,113.44905090332033,1670400
2020-12-23,114.05801344620588,114.91828092376213,113.30407182538326,113.38140106201172,1202100
2020-12-24,113.13006008868102,114.41563071315385,112.93673703921878,113.39103698730467,733600
2020-12-28,114.55096041858974,114.8119373337492,112.77242512344868,113.8936767578125,1003100
2020-12-29,114.59929173212026,115.14058895910487,112.927089563108,113.31372833251952,1007400
2020-12-30,113.92265316777925,114.92791078682076,113.41036005051718,113.46835327148438,1127000
2020-12-31,113.6616960748195,114.6379573165775,112.70477082768237,114.53163146972656,1307200
2021-01-04,115.1551415339314,116.2685407872907,113.38337328492476,114.86468505859376,2030700
2021-01-05,114.70976371353032,116.4912081697508,114.31280708059909,115.80380249023438,2344000
2021-01-06,114.91307786274984,119.9379179139108,114.4483490566575,118.97942352294922,2428500
2021-01-07,120.3736100475356,123.42337317583132,120.16060963926016,122.14537811279295,1775900
2021-01-08,122.4648699319296,123.57827644364416,121.84523641676248,123.01673126220705,1577200
2021-01-11,122.4261442021232,125.22417892383196,122.21315117892752,124.0720443725586,1746800
2021-01-12,124.24632669461876,124.30441503062404,122.1841021270585,122.92960357666016,1826400
2021-01-13,123.4040067314646,123.97523577644674,122.70691716513386,122.93928527832033,1530400
2021-01-14,123.22005507422924,124.11078476803112,121.81619942456696,122.01951599121094,924900
2021-01-15,121.93238933415438,123.0748401348208,120.77057082909882,122.19379425048828,2115400
2021-01-19,123.32654477645274,123.733185261711,122.27123401283572,123.29750061035156,1677200
2021-01-20,123.64604478432544,124.81753959334772,123.30718387041222,124.03331756591795,1843000
2021-01-21,123.70414275030868,124.68200493799742,122.39710347392912,122.95864868164062,1612100
2021-01-22,123.03610844444022,123.73319804936745,122.28093050130732,122.30997467041016,1438700
2021-01-25,122.65850961203634,123.42337134558588,120.47042461394618,121.4870147705078,1365400
2021-01-26,121.50637755086336,121.94205483444782,119.92824956934405,119.97665405273438,1476600
2021-01-27,118.19520828854704,119.0859305491353,114.35153926701344,115.01958465576172,1923500
2021-01-28,115.21321553504426,118.7664280564889,115.00021513118844,117.6917495727539,1677900
2021-01-29,117.35289943398112,117.81762830205862,115.4843148829409,116.3459930419922,1822000
2021-02-01,116.84944860152169,118.20489239587504,116.35567556979886,116.98499298095705,1292700
2021-02-02,118.6018368390934,121.84523253247237,118.5243808055132,119.26988220214844,1489200
2021-02-03,119.57001679216286,120.63501141582287,118.02093303169246,118.26297760009766,1448400
2021-02-04,118.61153134955106,120.38329211058952,117.7304855082779,120.12188720703124,1251200
2021-02-05,120.54787938216248,121.95173492968674,119.19242831653774,119.26020050048828,1919700
2021-02-08,119.97666054246812,121.73874486138187,118.66962123440052,119.48289489746094,2065300
2021-02-09,119.48290191385426,119.560350573339,118.46631162198518,119.31830596923828,1988300
2021-02-10,120.62533400633124,121.7387405577748,119.93792828174614,121.09974670410156,1112600
2021-02-11,121.7000226449294,123.2103859807579,121.12880093112712,122.91992950439452,1122200
2021-02-12,122.89086532916582,124.5077286173505,122.30027600688432,123.90745544433594,1278000
2021-02-16,125.19513341625446,126.90881314111624,123.7815939868276,123.87841033935548,2132500
2021-02-17,128.5740881543235,132.62106657623562,125.46622914287548,125.97936248779295,4214700
2021-02-18,124.89500715046596,126.2407744660418,123.52019566624834,123.61701202392578,1941400
2021-02-19,124.3237897866266,124.79818773973491,122.4648816762428,122.83279418945312,1263900
2021-02-22,121.94206429435872,122.14538825485998,119.17307353008968,119.57003021240234,1340100
2021-02-23,119.57972480563078,119.57972480563078,116.57837302827107,118.52440643310548,2125400
2021-02-24,118.36948205195334,121.41924520070314,118.12743747485597,121.0416488647461,1898400
2021-02-25,120.83831580403434,121.26431656526528,118.04996531584614,118.2145538330078,1430900
2021-02-26,119.01814254382904,119.57968765432102,116.8106975016062,118.18550872802734,1909700
2021-03-01,119.1343417227988,121.16751465761024,118.9697457994183,120.51883697509766,1404400
2021-03-02,120.60596484886514,121.88395984914206,119.25051381545292,119.70555877685548,1267300
2021-03-03,118.87294166163544,118.87294166163544,115.45527312336404,115.5036849975586,1612400
2021-03-04,114.91308223868174,115.04862660674236,109.73332253942448,111.33081817626952,2725000
2021-03-05,112.19250069534814,112.49264099646392,108.8910164759894,112.44422912597656,2441500
2021-03-08,112.60881578866864,115.1744897628002,111.6019094695651,112.38613891601562,2766600
2021-03-09,114.11919162790676,117.52717637448669,113.7996909804294,116.02649688720705,2291100
2021-03-10,116.75263563365208,118.32108738040594,115.8812809387375,116.1717300415039,1934600
2021-03-11,117.55619889775777,119.00846624255942,117.05274946833656,117.95315551757812,1818700
2021-03-12,116.7332665648436,118.14680610820888,115.4843155727038,117.5755844116211,1368700
2021-03-15,117.0721155865392,120.3251951910917,116.51057041259064,120.09283447265624,1230000
2021-03-16,120.78024961890245,121.32242713323453,118.55343645084194,119.0859375,1345500
2021-03-17,118.4469357924548,119.19243725845288,117.63366952403648,118.62120819091795,1453000
2021-03-18,119.66683460974552,119.99601906785284,118.24361134821096,118.68897247314452,2067500
2021-03-19,118.9600695073265,119.57001917266994,117.64334643805864,118.78579711914062,2597000
2021-03-22,118.2823647948982,119.88954463991188,117.84668742740762,119.67654418945312,1772900
2021-03-23,119.23117088058714,120.27680532049229,117.60463088071748,118.09840393066406,1338300
2021-03-24,118.2339415331068,119.04720779308454,116.8978506965512,116.99466705322266,1477500
2021-03-25,117.0140287503418,118.4372520188651,116.0652107757882,118.02093505859376,967300
2021-03-26,118.64055583801276,121.70967891585909,118.14678289473795,121.64190673828124,1441900
2021-03-29,120.90610737515776,121.81619737045894,119.80238466820778,121.42892456054688,1539700
2021-03-30,120.64470135719318,121.70001218313924,120.4510686473397,120.86737823486328,1033700
2021-03-31,121.94205792641064,124.39154792382249,121.94205792641064,123.0941925048828,1815500
2021-04-01,123.92684194098388,124.21729843142924,122.9683473410989,123.626708984375,1126400
2021-04-05,125.08506634051984,126.6462061324121,125.08506634051984,126.05471801757812,1096300
2021-04-06,126.60740301897908,127.85824693954076,125.92863513476092,127.06312561035156,1623200
2021-04-07,126.29713575627277,126.60743140671312,124.62933362443324,125.4147491455078,954600
2021-04-08,126.30678944639764,127.73217822652346,125.92862598201974,126.72374725341795,925100
2021-04-09,127.47039804708848,127.91642947020176,126.7625417694866,127.90673828125,1552200
2021-04-12,127.45098703982684,128.16851963279044,126.869190260288,127.28614807128906,1166300
2021-04-13,127.60612219445366,129.2254381559083,127.480062785695,128.93453979492188,1593700
2021-04-14,129.0606002837804,129.18664489788867,126.9855469917456,127.9648895263672,1499300
2021-04-15,127.99400043825514,129.87512675140337,127.99400043825514,129.2351531982422,2121300
2021-04-16,129.98181332180766,130.5539042737388,129.11882390078438,130.4957275390625,4495400
2021-04-19,130.30181517452002,130.56361051073318,129.03157366866645,129.44851684570312,1071600
2021-04-20,128.96365353404065,129.4969648348644,127.81947183018984,128.44004821777344,1261200
2021-04-21,128.84731231147143,129.88483185360872,128.01341132442866,129.7684783935547,1173900
2021-04-22,129.962394081026,131.34900347014977,129.7684667331249,130.4472198486328,1732700
2021-04-23,130.48600156688804,132.95860090581206,130.418118864053,132.53195190429688,1495200
2021-04-26,133.04587615445232,133.6470552925724,132.53194729634538,133.1719207763672,1287400
2021-04-27,132.7743681547169,133.26889987169386,132.09561508757002,132.33802795410156,1752900
2021-04-28,131.87259364204309,132.3671105417464,130.62174981540224,130.70901489257812,1603900
2021-04-29,131.30052104290047,131.30052104290047,129.48726256803894,130.07875061035156,2135900
2021-04-30,129.8363478727956,130.5732925838812,129.1091091473041,129.58424377441406,1514200
2021-05-03,130.2144959770745,130.23389315025284,128.5854885270859,129.14788818359375,1032000
2021-05-04,128.11039031299143,128.4885539208948,126.39411729019812,126.92741394042967,1752400
2021-05-05,128.0812805659305,130.02058383062732,127.26677674572817,129.3224334716797,1430600
2021-05-06,128.2945861132686,128.57579333061122,126.80132933065754,128.38185119628906,1150400
2021-05-07,129.14790510420943,130.72844202189196,129.14790510420943,129.8363494873047,1044200
2021-05-10,129.7005836139947,129.8654225989753,127.76128054969372,127.8679428100586,1034300
2021-05-11,126.3165242604942,127.83886965327434,125.37596097877824,127.4316177368164,1336600
2021-05-12,126.38437414984706,127.18918667791507,124.5711305623888,124.73596954345705,1256400
2021-05-13,125.67654360484175,126.79163701890104,125.33715962888851,126.07410430908205,805900
2021-05-14,126.5104286473374,127.69340462600962,126.49103147511288,127.16978454589844,775100
2021-05-17,126.86920317143488,127.07283650370871,125.96743434665642,126.16136169433594,886700
2021-05-18,126.0062072998609,126.0062072998609,124.77474577323107,124.8426284790039,1777600
2021-05-19,123.727532834539,126.3261992116586,123.27179543514856,126.25833129882812,1119400
2021-05-20,126.64617807274122,128.76001115844738,126.64617807274122,128.13943481445312,1035100
2021-05-21,128.6437090765811,130.05940728673266,128.20736870352027,128.28494262695312,1445900
2021-05-24,129.4582045065026,130.33089999054857,128.50794989987273,129.29336547851562,1312300
2021-05-25,129.36125156259254,130.70906698707583,128.97338196104658,129.18670654296875,1890600
2021-05-26,132.1635342339375,133.8119392217296,129.20609348764833,129.244873046875,2498400
2021-05-27,129.27395908301486,133.94767212543547,129.11881127524163,133.36587524414062,3699600
2021-05-28,134.3937410549676,134.98522922568046,133.81194407548512,133.93800354003906,1264400
2021-06-01,134.94639316647113,136.0615012332556,131.45565675546374,133.0361785888672,2015800
2021-06-02,132.95862001917897,134.0252426762985,131.7562615282903,132.42532348632812,1395700
2021-06-03,131.87258748432384,132.75497378978395,131.62048345235203,132.23135375976562,1228700
2021-06-04,133.52099272612895,134.20945171943885,133.22040316415772,133.7149200439453,1069700
2021-06-07,133.8991679349914,134.3743024817235,133.20101769296787,133.47251892089844,936000
2021-06-08,134.39371223690677,134.7039930425752,133.3949723130008,134.53915405273438,1143900
2021-06-09,134.90760688019924,136.10996517246878,134.6554880415958,135.87725830078125,961400
2021-06-10,136.0615173999699,138.9995605165058,135.76091298046552,138.71835327148438,1462400
2021-06-11,139.00921805290943,139.24193970323796,137.59352057256203,139.17405700683594,995100
2021-06-14,139.14500626298317,140.04677515982016,138.42745874395212,140.00799560546875,934200
2021-06-15,140.45404860069104,140.7546382474026,139.66861832919653,140.23101806640625,1035800
2021-06-16,140.2697882255301,140.677040076226,138.58258930489777,139.2322540283203,1680800
2021-06-17,139.1353142520266,143.19814205220518,139.1353142520266,142.46121215820312,2822400
2021-06-18,141.86972670577893,142.37394969293553,140.5413087158476,140.6091766357422,3220700
2021-06-21,141.0067448373263,142.23820660767484,139.36803113886387,141.96670532226562,1266100
2021-06-22,141.92787383692735,143.19811483183838,141.4042685794039,142.17999267578125,1366200
2021-06-23,142.26729188958927,143.56662155526246,141.98608462427026,142.77151489257812,1455700
2021-06-24,143.43086025403687,143.8284209536827,142.12183949557897,142.2187957763672,1426800
2021-06-25,142.5484621681179,143.27570079556455,141.77275280207436,142.81027221679688,8445100
2021-06-28,143.14966811910134,143.5472140239096,141.98607438142076,143.4405517578125,1645000
2021-06-29,143.09151036390352,144.32295738628264,143.0527160097923,144.2938690185547,816700
2021-06-30,144.16782636263412,144.2647974635023,142.20914032736832,143.32423400878906,1259300
2021-07-01,143.28542719039586,143.8672092978015,142.54848247368827,143.3048095703125,1426500
2021-07-02,143.80386106809968,144.56118221879217,142.96886405385465,144.49322509765625,1400700
2021-07-06,144.89130636853193,144.89130636853193,144.16311175024083,144.64857482910156,1973300
2021-07-07,145.24082150703254,145.26994810276722,143.7844324596764,145.14373779296875,2286300
2021-07-08,143.76503120310124,144.62915481824623,142.99799130647503,144.5029296875,1891700
2021-07-09,145.14378186394885,145.86225786376735,144.59034674663565,145.66807556152344,1596800
2021-07-12,146.27001744128694,146.60984751722418,144.83305089863367,145.1631622314453,1480500
2021-07-13,144.77476304484384,145.1922540749051,143.8815129853874,144.93011474609375,1456500
2021-07-14,145.50295048407088,145.51265440925,144.1436602013502,144.3087158203125,1218500
2021-07-15,144.0271509722722,144.9689503231315,143.5416880002892,144.62913513183594,1733600
2021-07-16,144.988431302763,145.46419054010613,143.95925175866077,144.6000518798828,2169800
2021-07-19,143.3669367220799,143.66792141166863,142.67757274338072,143.2892608642578,1835100
2021-07-20,144.13396598282984,146.85256182594455,143.5319965859468,144.95925903320312,2246000
2021-07-21,145.1437082713071,145.5514953438059,143.30865903748642,144.61940002441406,2255700
2021-07-22,145.3573482153343,146.12437329068317,144.3475768077352,145.93019104003906,1972800
2021-07-23,146.21176547912836,147.9788581846882,146.0564137393777,147.8817596435547,2132000
2021-07-26,147.31863478300457,147.74584470058446,145.41562764216897,145.8816680908203,1767700
2021-07-27,144.9495325895735,145.63889655192065,144.53204153073222,145.59034729003906,2085700
2021-07-28,145.6388990501087,147.55162444284585,145.153436053275,147.05645751953125,2179700
2021-07-29,147.57103967587585,148.9983019998694,147.01760477609483,148.23126220703125,1527300
2021-07-30,148.08562951214932,149.1342313122142,147.60016653888712,148.7749786376953,2310100
2021-08-02,149.57114745987866,149.813878950461,148.085631922727,148.61964416503906,1438300
2021-08-03,149.24105524553775,149.49349069452234,148.31866361141718,149.38668823242188,1859700
2021-08-04,149.4837596010626,150.2119540334593,149.02742323821505,149.7847442626953,1786700
2021-08-05,149.9692246346225,150.64886981791548,148.88177752619987,150.5323486328125,1667600
2021-08-06,150.26048403953794,151.3576350261319,149.9789220526602,151.17315673828125,1209300
2021-08-09,151.54215180893783,152.24121980618528,150.50325374088845,151.98876953125,982900
2021-08-10,152.35772487324655,153.01796233829765,151.36737608324833,151.9693603515625,1575900
2021-08-11,152.13441601403608,152.42569681287753,151.31884162940543,151.9693603515625,1402500
2021-08-12,151.95960777059838,153.91117831765445,151.58094726097093,153.5519256591797,1376100
2021-08-13,153.7946698172351,154.6393854969486,152.81403990763064,154.6005401611328,1733200
2021-08-16,154.75591203112953,157.79491549531423,153.8917883861103,157.35800170898438,2154300
2021-08-17,157.02788699346522,157.13468946590575,154.65882474308097,156.2317352294922,2614200
2021-08-18,158.45510928809543,160.5523128588208,157.3773809099577,158.2803497314453,2860900
2021-08-19,157.03758175685658,164.16417527644964,156.91135663184062,162.795166015625,2179600
2021-08-20,162.95054047576951,165.77593917894373,162.19321925030223,163.2418212890625,2023300
2021-08-23,164.50396868828685,165.6108384406194,163.24177686609326,165.05740356445312,2061400
2021-08-24,165.28071377430743,166.2322318345336,164.30008393710085,165.61083984375,1238600
2021-08-25,165.12541780382114,168.49451792176333,165.12541780382114,168.26150512695312,1411800
2021-08-26,168.3488475608597,169.39744935024598,167.09635962126592,168.54302978515625,1273400
2021-08-27,168.97028830249025,170.00918646560697,167.9605315558194,168.75668334960938,1185800
2021-08-30,168.80521317742517,171.97042694569723,168.80521317742517,171.59176635742188,1221400
2021-08-31,171.95100712592983,172.03838691364646,169.7470008730917,170.36839294433594,1733200
2021-09-01,169.95087005594664,170.63053006621794,169.31007019492418,170.3489532470703,1429000
2021-09-02,171.31990770765512,173.15495744753736,170.59171313127078,172.84426879882812,1194000
2021-09-03,172.50445048884495,174.34921909711923,171.8830583339381,174.06764221191406,971800
2021-09-07,174.06765156623752,174.1550313704145,171.65003994456592,172.55300903320312,1252000
2021-09-08,172.26171945768115,173.97054418495307,171.43644110153747,173.53363037109375,1174600
2021-09-09,173.8637245580638,174.14528657717176,171.8733233107534,172.07720947265625,1010000
2021-09-10,172.55296854235442,174.0967373145242,172.01895628354114,172.07720947265625,1086300
2021-09-13,172.49471900289984,172.8248302916399,165.2710270966896,167.0769500732422,2274300
2021-09-14,167.53326856605423,168.92168550469253,166.76622880143498,167.40704345703125,1337400
2021-09-15,167.0672190347808,170.03824978161057,166.4069817492893,168.73719787597656,1535300
2021-09-16,168.87313080658862,168.87313080658862,166.12542360987783,168.24203491210938,1142000
2021-09-17,168.86345086659946,172.20343873091116,167.7760184699046,168.88287353515625,2405700
2021-09-20,165.54288517756532,167.56241306194897,164.19329861241894,166.35845947265625,1599400
2021-09-21,167.29057874734067,168.55278570642324,166.21285012733694,166.45558166503906,1059800
2021-09-22,167.17406338213422,168.28093345532164,165.94099779439208,167.426513671875,981000
2021-09-23,168.45567435376245,169.2809674452468,167.47504434948206,167.7469024658203,1654600
2021-09-24,167.08664959171833,168.04787165256022,166.22252605566425,167.38763427734375,1041900
2021-09-27,166.08660557647107,166.17398536419407,159.4843055595472,161.5426788330078,1419700
2021-09-28,159.41638046624675,159.55230954617477,154.17336992225523,155.2510986328125,2541000
2021-09-29,156.6977309442591,157.1055180458352,155.18308890550398,155.34814453125,1268200
2021-09-30,156.54238954634033,157.75604700536303,152.88200931683917,152.94996643066406,1542800
2021-10-01,152.58105137719733,152.92088148433706,148.6002627165415,151.4547882080078,1881900
2021-10-04,150.91424019385104,151.9447009030885,147.04513227893707,148.11448669433594,1758300
2021-10-05,149.2032811637132,151.43919471311165,148.09504781607794,148.7658233642578,1494300
2021-10-06,148.29920586999225,149.96154851017246,147.39511255376482,149.36854553222656,1794700
2021-10-07,150.73927028580604,153.09183551103092,150.64206567335498,150.99203491210938,1002800
2021-10-08,151.82806398560564,152.54744935271248,147.8617655389134,148.22145080566406,904100
2021-10-11,147.26874615133565,148.11449891006643,145.70360810531412,145.83970642089844,1106300
2021-10-12,146.9673537776221,146.9673537776221,142.22334533569105,143.82736206054688,1809900
2021-10-13,144.925885362644,146.67573130259166,144.59536302776573,146.03411865234375,1509100
2021-10-14,147.39511677056973,149.2032886211505,147.39511677056973,148.3380889892578,1434100
2021-10-15,148.87279369435143,149.60189514214937,148.2992374488161,148.99917602539062,1397800
2021-10-18,149.3491220872169,151.08923741188846,148.14366920756203,150.46707153320312,1183600
2021-10-19,151.61419809921202,153.0724007624503,151.21561914452846,151.28366088867188,1025500
2021-10-20,152.5571482848163,153.71399138292296,151.95442929263453,153.19876098632812,1053000
2021-10-21,153.31544275858306,153.6168022850975,150.22404523332008,152.56689453125,1405100
2021-10-22,152.576609517416,154.2875768826792,152.52799979297458,153.5681915283203,772200
2021-10-25,153.50009944414057,154.10283318731726,152.3821502085869,153.92784118652344,1088100
2021-10-26,155.18196647293937,155.4638791900321,152.66412471095026,153.78208923339844,1016400
2021-10-27,153.88896865842395,154.08339268562855,150.51565912713556,150.9336700439453,1472600
2021-10-28,151.6336249316307,153.39318704500826,149.89350967317336,151.4197540283203,1752600
2021-10-29,150.80733809688104,153.1793503547053,150.13656243650874,153.10157775878906,1999800
2021-11-01,152.99459247964174,153.59731135974408,151.45861758601217,152.68350219726562,1329100
2021-11-02,153.15987934685083,153.59733715049543,151.10867380801588,153.45152282714844,1714200
2021-11-03,153.62650212573251,153.8792519008742,150.26292312975386,153.79176330566406,1256500
2021-11-04,153.46121968013964,154.50139633523932,152.00301729429015,153.25706481933594,1015800
2021-11-05,152.20718089901152,152.44048380064498,148.18252784260324,152.0516357421875,1775500
2021-11-08,152.62519943371632,156.65955386747194,152.1877416377289,156.45541381835938,1467000
2021-11-09,156.45540508472604,157.70945267436718,155.0749752017155,155.3568878173828,1021000
2021-11-10,154.77361781028043,155.5221510700921,151.711383701005,154.84165954589844,1093200
2021-11-11,155.81379716416322,156.55261442667813,153.52927397264554,154.3653106689453,935500
2021-11-12,155.27911534676923,156.5720566430805,153.31541337817848,156.39707946777344,1444800
2021-11-15,156.7567472851289,157.8066547213963,153.11124153431197,153.38343811035156,1121300
2021-11-16,152.67379082710036,158.4579905841576,152.5863022451244,156.89285278320312,1276300
2021-11-17,157.40809707621963,157.40809707621963,155.4443802270992,157.03868103027344,872400
2021-11-18,158.00110366780092,158.28303113051487,155.93045132774165,157.64141845703125,1475800
2021-11-19,158.46773915738157,160.47034994694388,158.13721677959535,159.7218017578125,1647600
2021-11-22,160.40228160049494,161.0633263075673,158.244140625,158.244140625,2110400
2021-11-23,151.54614210147352,154.88057325098117,147.5409501845369,150.46707153320312,3140600
2021-11-24,149.4754997959403,150.36014636897258,146.8799006478173,148.70751953125,2291400
2021-11-26,149.01858703275497,154.65697373387047,147.34652826188545,147.8325958251953,1632200
2021-11-29,148.79498928262572,151.05034973244275,147.33678669877622,149.14495849609375,1734600
2021-11-30,149.0769179437168,151.371157287268,145.52861606124276,146.69517517089844,3900500
2021-12-01,146.9090408207187,148.5908451009113,143.9634728698379,144.08013916015625,1800900
2021-12-02,143.78852138083272,148.22145553144128,143.6135293308845,146.78269958496094,1514100
2021-12-03,147.58952066282714,148.73663267048423,143.6037618277595,145.1688995361328,1412600
2021-12-06,145.1786607242142,147.80342268027042,143.66213225331975,147.2493133544922,1803400
2021-12-07,148.58108727665618,151.88635467488547,148.35750041401852,149.51434326171875,1422700
2021-12-08,150.4476248628361,152.0322098449914,149.6601977940807,151.95443725585938,1491500
2021-12-09,152.13912283034006,153.59732528558294,150.20456889962097,150.30178833007812,1272300
2021-12-10,150.22401812360005,151.98358007399003,149.78656034684275,151.9058074951172,1463900
2021-12-13,152.95574244283767,153.50013575880635,150.81704805855844,151.93499755859375,1413800
2021-12-14,150.57399402147294,151.40031472941612,145.91747376018316,147.6478729248047,1869100
2021-12-15,148.50331979641294,150.28232841723985,146.42295173440132,150.0101318359375,2054900
2021-12-16,150.0004495493745,151.55585681597944,146.26745430919726,146.5979766845703,2085600
2021-12-17,146.16049168029858,148.33806441541307,143.9148475468091,147.20066833496094,2628700
2021-12-20,146.55906848527692,147.93949841678628,144.40092758054456,146.22854614257812,2027200
2021-12-21,146.79238057614512,149.76711121311976,146.41324853091507,149.66990661621094,1496600
2021-12-22,150.1462547417513,152.7807472406312,149.95183069946142,152.4113311767578,1907900
2021-12-23,152.90710997406686,154.43336906766154,152.28494415784556,153.4029083251953,1411000
2021-12-27,154.39449927037046,155.38606636371318,152.80991435610116,154.3167266845703,951800
2021-12-28,155.2305286188733,155.33746407526414,153.71400020722473,154.7444610595703,764300
2021-12-29,155.3763493909325,156.89287772063415,154.74445269782083,156.17349243164062,833100
2021-12-30,156.62066635853327,158.08858483015158,156.1248828615608,156.39707946777344,771000
2021-12-31,155.88187670884088,156.9512164700619,155.07500275703663,155.2013702392578,1315500
2022-01-03,154.77306431655825,155.2013695125533,149.83784060789958,152.32005310058594,1606300
2022-01-04,151.3563742357936,151.49265180517952,145.72029044137784,147.17068481445312,2234000
2022-01-05,146.82024834221832,149.02990548585424,144.58138992448,144.6495361328125,2370500
2022-01-06,144.89290444922713,145.97339625829298,141.70983157606412,145.1557159423828,2298300
2022-01-07,145.15570497361924,145.74948898333795,141.23284195721456,141.29124450683594,2058600
2022-01-10,139.48068276010935,141.4469859794735,137.1152905247757,141.3009796142578,2548100
2022-01-11,141.14525255928623,143.03368107347876,139.98688569626242,142.7416534423828,2194200
2022-01-12,143.87080724488555,146.3919497090243,143.62745338109283,145.53533935546875,2250800
2022-01-13,145.4866751907259,145.56453535355263,140.999229510951,141.3107147216797,1741800
2022-01-14,140.21075494024458,141.29124668431433,138.57542411308015,140.833740234375,2225400
2022-01-18,138.63382918930387,139.43203700268177,136.60912323320764,136.7356719970703,1907400
2022-01-19,136.93035663456837,139.78247177386748,136.53125271472123,136.6967315673828,1472100
2022-01-20,137.62148625150422,139.33469216082648,135.35342638529994,135.77198791503906,1861200
2022-01-21,135.8304025424374,136.75515921944742,133.83491249998733,133.8543701171875,1878600
2022-01-24,132.7543869554139,134.80829388805748,127.78996284996786,134.4481201171875,2155300
2022-01-25,131.76151485735645,132.98801296746325,129.12355247347153,130.99252319335938,1705300
2022-01-26,131.9367100738872,134.37999210969775,128.75365257195236,129.96067810058594,1999500
2022-01-27,131.68364314991646,132.7349336363533,128.17934152846033,128.5784454345703,1715800
2022-01-28,129.4642267892951,133.74724789971592,127.7315488520954,133.41629028320312,2174800
2022-01-31,133.66941064362865,135.76224782468068,133.32870931036885,135.61624145507812,1703000
2022-02-01,136.79406926228063,137.51440202799375,134.76936338442871,137.28077697753906,1655900
2022-02-02,137.24184126479943,140.91160659301966,137.03741749739626,140.4054412841797,1475700
2022-02-03,138.22499262565364,139.95767092242818,137.26130599190745,138.02056884765625,914300
2022-02-04,137.71885371985346,138.56573550754177,135.95697361996068,137.36842346191406,1087400
2022-02-07,137.73826974435414,138.7019562720278,136.09319545359065,136.6383056640625,1444100
2022-02-08,135.41183174095465,137.65069037715492,134.61362389589482,137.06663513183594,1515400
2022-02-09,138.93559631840623,141.2426012558665,138.371013520988,140.6001434326172,1216900
2022-02-10,137.79669547772343,140.2107617531365,136.84275244885842,137.89404296875,1063700
2022-02-11,137.3683838354223,138.72143071959815,132.61812652972256,133.55259704589844,1321900
2022-02-14,133.31897060799372,134.02955964255085,130.53500216013225,131.61549377441406,2205300
2022-02-15,133.60129414534504,134.3897584228146,131.1482826185503,132.2969207763672,2368200
2022-02-16,131.9464581951405,131.99513193494025,128.5979068996243,131.5570831298828,3187500
2022-02-17,131.06065433535943,131.06065433535943,126.26172334244905,126.78736114501952,2577800
2022-02-18,127.03073834164412,129.88283897720044,126.544030531906,128.53953552246094,3614100
2022-02-22,127.39086858665618,129.16249174335218,125.82366919924829,127.02098083496094,3054800
2022-02-23,126.42722508362272,130.79785169775613,122.60169398533976,122.6503677368164,3938700
2022-02-24,120.41148370106012,125.21042941411454,119.7884984304333,124.74317932128906,3430200
2022-02-25,125.41486397085576,130.1943381937897,124.51932338958224,130.17486572265625,3144500
2022-02-28,128.5200417297264,129.3474508102715,125.72634411830988,126.89443969726562,3096400
2022-03-01,127.35193571168924,129.3863702873642,126.63160298469424,128.4226837158203,2634100
2022-03-02,129.15276024592765,130.3987457395831,128.29616471378793,129.62001037597656,1863100
2022-03-03,130.17482541756482,134.3313129555764,129.89254151267698,133.52337646484375,3592100
2022-03-04,132.23851326608002,133.47474036572592,128.62713490754587,130.3306121826172,3848500
2022-03-07,129.9996396934327,129.9996396934327,125.01574235989514,126.87496948242188,2376500
2022-03-08,125.22015750636528,128.9775415758321,124.14940204274788,125.88208770751952,2375500
2022-03-09,129.3182723304583,130.37929180194192,127.7023988206073,129.7173614501953,1805500
2022-03-10,127.9067660280551,130.94383190097685,127.79968974963256,130.75888061523438,1933100
2022-03-11,131.82965441073154,132.8128135745407,126.6997654053919,126.84577178955078,1815700
2022-03-14,127.51742597220958,128.74392411152897,123.52642404923316,124.18834686279295,1737100
2022-03-15,125.78474844376576,127.66343317467536,125.4440470874076,126.81656646728516,1649200
2022-03-16,128.4227093576695,132.00488638830615,127.80946764709704,131.41110229492188,1673000
2022-03-17,130.437684991339,133.21192527756114,130.05805351720633,133.18272399902344,1167900
2022-03-18,132.58891191465315,135.68436561112136,132.58891191465315,135.42153930664062,2766600
2022-03-21,133.97118427596234,136.0737505343997,133.36765654664424,134.46762084960938,1285100
2022-03-22,134.34108062101504,136.4728631458423,133.99065041346614,135.58705139160156,1977700
2022-03-23,134.1853324734471,134.2924087724588,129.90229536612034,130.61288452148438,1337400
2022-03-24,131.3039740915654,132.94904813549127,130.03853137676572,132.7835693359375,1346700
2022-03-25,133.64994564476265,134.0003758045306,130.14564404708312,132.1022186279297,1403700
2022-03-28,132.62785236090383,133.6012677910756,130.8854452762783,131.81991577148438,1568100
2022-03-29,134.545508444885,135.61627157021348,133.56236401391513,134.7401885986328,1608600
2022-03-30,134.26320964069467,134.54550848889343,130.94387365737794,131.85888671875,1439800
2022-03-31,131.57653799061998,133.1534659477753,128.77309730844345,128.81204223632812,3046400
2022-04-01,130.61287144096613,131.0217189803508,128.35455543316743,130.40846252441406,1466900
2022-04-04,130.50596587279531,132.00737264351096,129.56026928211517,131.43215942382812,1388000
2022-04-05,130.73022574088375,132.02690293051865,129.52130480954258,129.9210205078125,1797200
2022-04-06,128.70230841418854,129.97949711705309,126.6061854760149,129.38478088378906,2249500
2022-04-07,129.57000040752618,133.64527245161364,128.9167899710313,132.52407836914062,1956200
2022-04-08,132.30959498711118,133.55752153411842,131.27614233358082,131.49063110351562,2070900
2022-04-11,129.8819804920555,130.52544680327975,127.19114165846946,127.97108459472656,2308200
2022-04-12,128.39034021352458,128.87781207104334,121.89721150102416,122.2481918334961,2657500
2022-04-13,122.12143763284196,125.30949993761122,121.78020885988948,125.07550811767578,2735900
2022-04-14,125.2022731706196,125.72875112046998,122.42368500226182,123.27188873291016,3360700
2022-04-18,123.27188193190317,123.57411209406924,120.04481327602612,120.73702239990234,1597100
2022-04-19,120.6102783385518,123.65210521161929,120.60052681932405,123.359619140625,1580000
2022-04-20,124.51004598186698,127.05465680540075,123.66184237402238,126.12844848632812,2026100
2022-04-21,127.09365207294375,127.74686251920608,121.72171059438838,122.15068817138672,2177700
2022-04-22,121.64372718353675,121.96546040295588,118.11443560472384,118.2801742553711,1947200
2022-04-25,116.53501606067024,118.56290068598294,115.26759374852224,118.40690612792967,2236900
2022-04-26,117.96818081962232,118.24116384958404,114.30239063872148,114.98485565185548,2931900
2022-04-27,115.2383517698987,117.82195427340572,114.58514122276208,114.73138427734376,2007500
2022-04-28,116.52528089156492,118.51416715643634,114.97512380410645,118.02669525146484,3152200
2022-04-29,117.6854690444178,120.78579072708229,116.0670661515041,116.28154754638672,2269200
2022-05-02,115.4138274244196,117.32471609932888,113.57118450796315,116.57401275634766,1756200
2022-05-03,116.7202725796447,120.87353523802082,116.10605322700016,119.33312225341795,3217800
2022-05-04,118.6409002216164,123.51561868005106,118.39716429869466,123.13539123535156,2460400
2022-05-05,121.49749056520142,122.07270379675737,117.77320580631904,119.0893783569336,2123600
2022-05-06,117.85118752918991,118.82613119403898,115.04335245218743,118.04618072509766,1629000
2022-05-09,116.14505258695075,116.14505258695075,109.81766938745956,110.27589416503906,1861700
2022-05-10,112.5475157771342,114.98487530149536,110.30514203942955,113.71744537353516,2141800
2022-05-11,112.80099548550952,115.04336921672105,110.98759940957731,111.13384246826172,1607000
2022-05-12,110.76335240633504,113.33720313406312,109.9541473643747,113.22020721435548,1338000
2022-05-13,114.4388912453392,117.6952071399966,114.33164684101564,116.38877868652344,1328400
2022-05-16,116.63251053161709,117.99743318028568,115.85256004539931,117.28572845458984,2011600
2022-05-17,119.62558750004008,120.6005311876956,118.40690789047068,119.9960708618164,2216200
2022-05-18,118.15343724554964,118.8553979463772,117.2954819719912,117.76345825195312,1336000
2022-05-19,117.2954858495864,120.48355623153223,116.5350308779607,119.33312225341795,2310100
2022-05-20,120.9222761564585,122.43344199466456,119.37211911259452,121.99471282958984,2594600
2022-05-23,123.2816349808174,123.30113802134808,120.65904133496336,122.82341766357422,2037000
2022-05-24,122.1799500687872,122.8429121142345,120.69803884626228,121.29275512695312,2187700
2022-05-25,124.02257510364328,124.2663110049015,116.19377914534608,117.36370849609376,3524500
2022-05-26,117.7244562970596,121.10751225612718,117.69520917505298,120.7467803955078,1768000
2022-05-27,121.78997707926916,127.49340423027812,121.37075094991388,127.27891540527344,2698800
2022-05-31,125.67999524596074,126.8109335020897,123.54486617447284,124.3638153076172,3403100
2022-06-01,124.65630702710494,125.7482392539978,119.36236222835554,120.00582122802734,1757600
2022-06-02,119.8790879012683,125.95299100481309,119.23562886573303,125.86524963378906,1444400
2022-06-03,124.42230420752468,125.494740673826,123.25236743119017,125.2705078125,1722800
2022-06-06,126.1382346022148,126.74269500252828,123.7886164552786,124.43207550048828,1310600
2022-06-07,123.39862155379171,127.91260812444176,123.39862155379171,125.67023468017578,1236300
2022-06-08,124.6758153480593,125.41677474777704,123.23290263296973,123.66187286376952,1049500
2022-06-09,122.93063999126797,123.73984499760373,121.01975134954851,121.02950286865234,814400
2022-06-10,118.58239573318184,118.87488180905166,116.895747351925,117.54895782470705,1379600
2022-06-13,113.56144828593462,114.7508733815368,112.48900423855756,113.366455078125,1405800
2022-06-14,113.08372266773878,113.77593183268034,110.4123788946263,113.1032257080078,1314000
2022-06-15,114.30238481268576,114.81910372709449,110.91932935331792,113.55168151855467,1886300
2022-06-16,110.94859796480532,112.19652473239128,110.51962034911132,112.07952880859376,1601600
2022-06-17,111.8942917947421,113.80518810541442,109.84691139128527,109.88591003417967,2681500
2022-06-21,111.54330719607476,112.67423796857496,110.90959233235398,111.02658081054688,1588200
2022-06-22,109.83717305164724,112.19653528337876,109.70067407526528,110.9486083984375,2585300
2022-06-23,111.72855881663928,115.77457710413525,111.40682557509024,115.62833404541016,1801600
2022-06-24,116.94448717590777,118.30940976577696,115.48207170923996,118.25091552734376,3780400
2022-06-27,118.77738892983837,119.23561364419376,116.84699719320342,117.54895782470705,1805700
2022-06-28,117.43197375290316,118.20218022137524,113.79543766761768,114.12691497802734,1426100
2022-06-29,114.2536602768932,115.56983284983664,113.32745925279929,114.94586944580078,906600
2022-06-30,113.09346898243452,116.944493614734,113.09346898243452,115.79405975341795,1612000
2022-07-01,116.0187018075008,116.96607348449652,113.9774563727998,116.42890167236328,1119800
2022-07-05,115.0029565328274,117.864601524227,113.772349561242,117.74739837646484,1484900
2022-07-06,117.98181127549825,119.48587743990228,117.74740496685408,118.35294342041016,1642300
2022-07-07,118.16737310826758,120.3453518119962,117.80600975730562,120.27698516845705,1221200
2022-07-08,118.1380741033201,120.33558293883888,118.1380741033201,119.65191650390624,1267300
2022-07-11,118.772906048818,120.57974507401686,118.18690520975416,120.2476806640625,1304400
2022-07-12,119.5737722665571,120.53091265641534,115.979624448742,116.45819091796876,1196800
2022-07-13,114.6709037558385,116.90747297076986,114.13373192169868,115.88197326660156,1378000
2022-07-14,114.36812932710768,114.98343659314604,110.38331136682372,113.17658996582033,1347300
2022-07-15,115.03226265962353,116.10659883479526,113.29379017502472,116.05776977539062,969400
2022-07-18,116.174956546067,116.60469396365411,111.78970795339715,112.42454528808594,1178200
2022-07-19,114.26068664942628,116.5558609735668,113.65515567154192,116.28239440917967,1296900
2022-07-20,117.13211023810187,118.38224746598252,116.4679739043646,117.0637435913086,1316600
2022-07-21,119.27102036297816,124.36923480713898,119.27102036297816,124.22274017333984,1682500
2022-07-22,124.4375985473512,125.54122613667144,121.40991387647838,122.12288665771484,1079500
2022-07-25,122.1326622868423,122.48426430118953,120.31605436318344,121.36109161376952,1044000
2022-07-26,121.75175840936602,122.6991226153526,120.49185246358364,122.2498550415039,1260000
2022-07-27,122.12288979839076,125.33613688973544,121.80058671975928,124.73059844970705,1395900
2022-07-28,125.17987080060004,128.7447274831746,123.8222992433332,128.05128479003906,1861400
2022-07-29,128.20754764667925,131.36218935962927,127.8461694082104,130.97152709960938,2214900
2022-08-01,130.3952741008178,132.07514856606497,130.151106473925,130.317138671875,1081700
2022-08-02,129.32095822501458,131.53798976560282,128.0317458746576,128.21731567382812,1398600
2022-08-03,130.3366866797484,132.10445805539737,129.91672548125078,131.42079162597656,2113200
2022-08-04,131.54776612497344,131.8505316279657,129.64326142646496,130.64923095703125,895600
2022-08-05,129.18423060837358,130.71759577419004,128.67635769931587,130.4929656982422,675800
2022-08-08,131.06918993752691,131.28405865912566,129.0572509105663,129.4283905029297,1257100
2022-08-09,129.40885676889707,129.40885676889707,125.03337657696972,125.8733139038086,894700
2022-08-10,128.30522144109125,129.67256932389108,127.11368202875371,129.48699951171875,1022000
2022-08-11,129.80928385097403,131.97749362200358,128.52007159671444,128.87167358398438,1162500
2022-08-12,129.17442820601514,130.51247685491276,128.3637899450942,130.43434143066406,865800
2022-08-15,130.17065309419598,131.47938808852845,129.57488344710282,130.77618408203125,1291100
2022-08-16,129.7897420777556,130.30737625024716,128.58844153620055,129.67254638671875,1810000
2022-08-17,145.36763870384613,145.5239095659604,136.76317368375803,138.97044372558594,4110100
2022-08-18,138.57001886450104,138.648154294843,135.5227966924014,136.70457458496094,1740300
2022-08-19,136.09907495542436,136.47019970646193,134.0578217620595,134.409423828125,1477500
2022-08-22,132.1435190320238,132.8564843102171,130.4441070304306,130.81524658203125,1250700
2022-08-23,130.0045990296246,130.97150810171357,128.95955453630347,129.54556274414062,1188300
2022-08-24,129.9167446935772,131.40127347333708,129.55536638951958,130.55157470703125,1020500
2022-08-25,132.1435472537707,132.90534919926267,130.8641110351319,132.83697509765625,969100
2022-08-26,132.8271737342501,132.87601023456682,126.75228268447376,126.84017944335938,1252700
2022-08-29,125.43379606377684,126.33234611634671,124.21296528407248,125.12126922607422,926000
2022-08-30,125.51192252614734,126.01003402662911,124.1934262724936,125.28729248046876,1772400
2022-08-31,126.36164577105616,127.19180683131631,125.01383558723197,125.25800323486328,1890700
2022-09-01,124.65245952675112,126.09793521835763,123.265589135059,125.92212677001952,1282000
2022-09-02,126.76204698072132,127.23085951133024,124.15434620469564,125.02357482910156,1695900
2022-09-06,126.36165900333174,127.52389951221338,124.74038207660924,126.28352355957033,1533500
2022-09-07,125.96121387419146,128.74473116464532,125.60961184700582,128.3638153076172,1254600
2022-09-08,127.8754611760022,132.11422246432593,127.66060737698253,132.0360870361328,1355100
2022-09-09,132.80764374976556,134.7023868090917,132.2704720211718,134.41915893554688,2425200
2022-09-12,134.32148259551596,136.73385974175585,134.0284784869363,136.6068878173828,1851100
2022-09-13,133.1397180087644,134.20428518350192,130.3269024471458,130.424560546875,1587000
2022-09-14,130.67852923232104,132.20213298354207,129.018192193242,130.141357421875,1577000
2022-09-15,130.688281422373,132.34861834519347,129.56511627238524,130.05345153808594,1446500
2022-09-16,129.0377124344838,129.04748867809562,125.28730097890738,126.8597412109375,2300600
2022-09-19,125.78537511617937,127.73871592949428,125.36541399466437,127.67035675048828,1059600
2022-09-20,126.08818409099516,126.57651940520844,123.8613687990019,125.15057373046876,1274700
2022-09-21,125.72679043924924,127.5238755017794,123.38278717898798,123.52928924560548,1105700
2022-09-22,122.6209861126016,123.099552578456,120.87274499695674,121.48804473876952,1378600
2022-09-23,120.84344130069437,121.52710765348309,118.6068650159936,120.59927368164062,1481900
2022-09-26,120.30627187007453,121.35130900165024,118.7924296222889,119.4565658569336,1733100
2022-09-27,120.98018092087032,121.17551204580346,117.78646412323944,118.7729034423828,1040500
2022-09-28,119.90584529541503,121.52712205473108,118.76314249116766,120.83368682861328,1361200
2022-09-29,119.94492304558312,121.3415624069481,119.42728878077754,119.87655639648438,1312800
2022-09-30,120.1500014364795,122.21077678424896,118.54826241519017,118.71430206298828,1624200
2022-10-03,120.07423708340455,124.54534611801868,119.04695514804604,123.64524841308594,1343200
2022-10-04,126.00307564982374,128.71313913369855,125.78785001704206,128.56639099121094,1647800
2022-10-05,127.17714020647504,130.64053126313723,126.6977379857455,129.76979064941406,1567700
2022-10-06,129.43716139453997,130.92427427282124,128.75231169026702,129.3197479248047,1218400
2022-10-07,127.62717286439668,128.09678190330763,124.21269550850673,124.68231201171876,1154700
2022-10-10,125.27909662089677,125.27909662089677,121.62002205335143,123.22453308105467,1246000
2022-10-11,122.2951142605675,125.12257670512771,121.47329467560115,122.9212646484375,1985300
2022-10-12,123.46915067291654,124.34967703339,122.55927467781092,122.9701919555664,1069600
2022-10-13,120.33839973242836,126.04224599898323,119.70246360683564,125.1323699951172,1553600
2022-10-14,126.20854358678665,127.40214496073273,122.75493114649056,122.97994995117188,1217200
2022-10-17,124.62361415081328,128.2533323512569,124.62361415081328,127.73480224609376,1197900
2022-10-18,131.02208891635752,131.76563782027088,128.36094609479042,129.43714904785156,1038100
2022-10-19,127.2945350076876,127.451076331738,124.48663658801856,126.16942596435548,1034000
2022-10-20,125.063876603575,126.93254951986054,122.89191419452531,123.21477508544922,1897200
2022-10-21,123.63545533203616,127.31409398091328,122.11899312656782,127.06950378417967,1067000
2022-10-24,128.292468595197,130.24919037996088,127.00102505152364,129.43714904785156,1045300
2022-10-25,129.43714762043527,132.1765610746153,129.43714762043527,131.58953857421875,1206000
2022-10-26,131.521044271095,136.29545008233012,131.1003562637389,134.71051025390625,1381900
2022-10-27,134.2897955593864,135.0040096788196,132.40156641590593,133.53646850585938,930700
2022-10-28,133.4288688457242,136.10956824836117,132.09829737944048,135.76715087890625,901900
2022-10-31,134.71050993547271,135.92366785417306,134.37787082412598,135.35623168945312,1307600
2022-11-01,136.48132669263552,138.291300078996,135.0724848027161,137.84124755859375,1182900
2022-11-02,137.56735548101128,137.8902164368823,132.28421148891695,132.34291076660156,1806100
2022-11-03,130.8753588004455,132.92990800058945,127.83265540843284,131.55043029785156,1199400
2022-11-04,132.71464253314082,134.04521387828513,130.22961255766634,133.13534545898438,1272100
2022-11-07,133.88872343279013,135.09210341410648,132.6266292450388,135.04318237304688,1213600
2022-11-08,135.50298362938133,137.64559637281943,133.6441039048236,135.74757385253906,1028100
2022-11-09,135.31709658483,136.40307780420306,133.70280703674172,134.0354461669922,971200
2022-11-10,139.77843033862837,143.5451261343561,139.4457911837642,143.13421630859375,1591900
2022-11-11,143.93645610557067,146.49977190895623,143.18312893355798,145.1007080078125,1227500
2022-11-14,145.78554221586143,146.47040674120768,143.13419272090664,143.21246337890625,1220300
2022-11-15,145.06155538644228,146.22580709002244,143.32985264546164,144.79739379882812,1299200
2022-11-16,144.98330044546617,145.53118014685444,143.1831200184469,143.9364471435547,1476700
2022-11-17,142.18519374327693,142.41021257399493,139.0837914303444,141.314453125,1465000
2022-11-18,143.50596809204927,144.75828376480064,141.03071623614537,143.02658081054688,1283400
2022-11-21,142.46890713997837,143.9755912612399,141.30465529953148,141.99929809570312,1691900
2022-11-22,148.69130684335192,154.03316469623562,148.69130684335192,153.46571350097656,3512500
2022-11-23,153.27980143649634,153.87660218663106,151.01001189619242,151.98837280273438,1444100
2022-11-25,151.73400759058106,153.5635528564453,151.36224055300696,153.5635528564453,642700
2022-11-28,152.49712018551386,153.45592468828457,148.44670635175123,149.00437927246094,1386300
2022-11-29,148.59342854042572,149.59134571018097,147.23350775864589,147.67376708984375,954600
2022-11-30,148.10428288764265,151.62637329101562,145.87362115359218,151.62637329101562,2867700
2022-12-01,153.33851528442807,153.59289869862593,151.078503763971,152.74171447753906,1372400
2022-12-02,150.63819667264025,153.3384668034445,150.26641483319207,152.30140686035156,1183200
2022-12-05,150.5110370036165,150.5599580342494,147.97708586001863,149.3957061767578,1124700
2022-12-06,148.8575973916023,149.6892100857416,146.6660786413842,148.07492065429688,1172300
2022-12-07,147.9575096983632,151.01000575406786,147.8596825688496,150.40341186523438,1011100
2022-12-08,151.0784722007682,153.59286661011768,150.15881066471977,152.89822387695312,1289900
2022-12-09,152.3014164878494,153.30912686822353,149.37611246477667,149.64027404785156,1020200
2022-12-12,150.67735226183166,152.6047243706265,150.10990116562078,151.9687957763672,1071400
2022-12-13,155.7550671886413,156.79212745323565,153.36786397578422,154.24839782714844,1534200
2022-12-14,153.85704927229497,155.011523043582,150.82413905481417,151.46006774902344,1344400
2022-12-15,149.50333616790314,149.7283550090838,146.98895625922307,147.5955352783203,1483900
2022-12-16,146.37257966153408,146.70521879561267,144.709369062538,146.0692901611328,2436700
2022-12-19,145.68772020964926,145.90296079456192,143.0754984875934,143.77012634277344,1277300
2022-12-20,144.08320554280934,145.95186340738607,142.72328456804948,144.72891235351562,1548200
2022-12-21,145.717069323718,147.01829106293954,144.68978743184812,146.84217834472656,1248100
2022-12-22,145.1985605904342,145.96168098138878,143.43750779261427,145.7855682373047,1166800
2022-12-23,145.78555286396164,146.99872575866286,145.01265431874086,146.00079345703125,779400
2022-12-27,146.00077541604762,146.56822646142135,144.11254627124603,146.31385803222656,879500
2022-12-28,146.53888446793138,148.09447461055058,144.4451928810913,144.8854522705078,784300
2022-12-29,146.37257146330887,148.61301130394463,145.79534212851394,147.82054138183594,854400
2022-12-30,146.73784672254416,146.82604189055502,144.84680118420115,146.63006591796875,699800
2023-01-03,148.89341303810338,150.0398003303244,145.47383679145724,147.01214599609375,1414300
2023-01-04,148.58968286289038,149.9516319350971,147.2081481571737,148.60928344726562,1247400
2023-01-05,146.97299973787906,149.9810543089303,145.76782532627112,149.04042053222656,1714600
2023-01-06,151.2450318466753,151.51938027971713,140.12406768628088,144.69003295898438,2445000
2023-01-09,146.66928153205947,148.2271919917664,144.22952396150154,144.49407958984375,1269600
2023-01-10,147.14936378261686,152.4110074693157,145.74822832704865,152.0974578857422,1565700
2023-01-11,152.0974608413975,155.37986396045855,152.0974608413975,154.97813415527344,1241900
2023-01-12,154.96834421421346,155.39946743257536,152.44040666634675,153.33204650878906,809100
2023-01-13,152.40123076045398,154.1061233291474,151.38222430789693,153.75338745117188,921700
2023-01-17,153.51817585325762,154.91932609472588,151.9014789870441,152.26400756835938,1602200
2023-01-18,153.10668520863933,154.96835239062082,150.5395613013244,150.9608917236328,1150700
2023-01-19,150.48077407031994,151.7937294276131,149.06983072182112,149.78509521484375,1017400
2023-01-20,150.4023665019862,152.8617092624755,149.33436631503344,152.77352905273438,1343700
2023-01-23,152.8519270049297,156.36947737792474,152.5285845960075,155.8501739501953,974900
2023-01-24,153.11646936809544,155.31125651040918,151.34299763225582,152.5481719970703,1121500
2023-01-25,150.89228240869045,153.38101867003675,149.74589478449468,152.61676025390625,736200
2023-01-26,153.80235800268792,154.47843624496736,152.0582794694092,153.07728576660156,776300
2023-01-27,152.60695880254428,153.7925475327782,151.68592564780928,152.5481719970703,646200
2023-01-30,151.38221575830417,152.38163651460238,147.83527153905442,148.67791748046875,1401100
2023-01-31,148.5505002822335,150.36317313426213,147.1787583596849,149.01101684570312,1995400
2023-02-01,150.2162196071973,153.13607936693302,148.65830921080627,152.3130340576172,1499900
2023-02-02,153.49862496692003,154.13550207029633,151.6467655215119,152.36203002929688,1725600
2023-02-03,150.07902648713045,152.28362147069626,149.65771106668714,151.43118286132812,992800
2023-02-06,149.64788782274908,151.28418524723375,148.30553935584854,149.16778564453125,771500
2023-02-07,148.43292243211027,151.8328986903143,148.08018666912795,151.3919677734375,1126700
2023-02-08,150.53955926860257,152.03868282257184,150.13782944018772,151.30381774902344,1073500
2023-02-09,152.5285786609079,153.16547063583317,148.48191724864054,149.3049774169922,852200
2023-02-10,148.73669255019138,149.90268084863078,148.02142807122485,149.4715576171875,934800
2023-02-13,150.17700130404862,151.5389503764893,148.9424186529057,151.48016357421875,925400
2023-02-14,151.2254292647915,152.60697918138348,148.3937497996853,149.95166015625,895400
2023-02-15,149.14819969567034,149.2461876747685,147.26694711374466,148.68768310546875,982400
2023-02-16,145.80700785763506,147.12977080214523,144.2588905054729,145.28770446777344,1101700
2023-02-17,144.28829215317614,145.93439757708802,143.53384149513087,145.2681121826172,1194800
2023-02-21,143.64165402746892,143.69063307906694,139.75176645522555,140.52581787109375,1693800
2023-02-22,140.47680622872713,140.54540081374356,138.10564332553437,139.2128448486328,1691300
2023-02-23,139.22261045978817,140.68254753983726,138.45835210939083,140.31021118164062,1511500
2023-02-24,138.60536400201568,139.3696225174578,135.9206514279826,138.35060119628906,1522100
2023-02-27,139.99669226391353,140.8589237335365,138.9482776434658,139.31080627441406,1149600
2023-02-28,138.88946468058433,140.4865758312056,138.5367289341546,139.1050262451172,2342500
2023-03-01,135.78344561338412,137.1649952817274,133.50046341735415,134.7350311279297,3132800
2023-03-02,133.54945294889444,138.86007491690563,133.33389137871723,138.8110809326172,1879200
2023-03-03,139.66353300711577,141.52519993478754,139.11483621188324,141.02548217773438,1147800
2023-03-06,140.45721870670835,142.50503914778557,139.80072607644112,140.33963012695312,1153600
2023-03-07,140.6629839702028,140.76097196947117,137.40018094604412,137.4981689453125,1088400
2023-03-08,137.3217604016267,138.72291070855096,136.5673098026104,138.05662536621094,1135900
2023-03-09,138.4093709963387,139.1344431953024,135.50911210221793,136.1263885498047,1328900
2023-03-10,136.38114722628757,136.6261022245528,131.99155784361733,132.98117065429688,1896000
2023-03-13,132.81461580608266,135.48952045781402,132.04054956473215,133.93161010742188,1771400
2023-03-14,135.64627209212907,136.78286678732889,133.67682448473536,135.60707092285156,1255400
2023-03-15,133.18689265042588,133.18689265042588,129.5321691359825,131.3252410888672,2016700
2023-03-16,131.26646738918774,134.28431434172103,129.69874963822917,134.0589599609375,1789300
2023-03-17,134.12758641533492,134.15697982522929,130.0515308001292,130.49244689941406,2046000
2023-03-20,130.4532396129027,132.6480418862507,130.05150980803177,131.82498168945312,1704500
2023-03-21,132.82441153769602,134.6468775378368,132.49127628896034,134.24514770507812,1392300
2023-03-22,134.19614007664387,134.76442246185823,130.90394461475,131.03131103515625,1268500
2023-03-23,131.9425740721049,132.3443038885799,126.75931753490924,128.4838104248047,3297900
2023-03-24,127.51379351771118,129.3166590026006,125.63254062684364,129.2970733642578,1571600
2023-03-27,130.8843616474032,131.90336790213613,130.05150863999162,130.38465881347656,1216300
2023-03-28,129.86535706927685,130.61982277663606,129.3460535819809,129.95355224609375,942600
2023-03-29,131.24689882029273,131.53105502051338,129.9535440685044,131.14892578125,1002800
2023-03-30,132.5402594024986,132.80480004549153,130.62961333765836,131.7760009765625,1468200
2023-03-31,132.66762089956512,135.9304232661219,132.13852468241353,135.5482940673828,2579800
2023-04-03,134.86620915434762,135.52375619546254,133.48240875166786,135.29803466796875,1551800
2023-04-04,135.68077532331222,136.52479376520026,134.97415453590727,135.6415252685547,1778700
2023-04-05,135.18030169381117,136.6818676029745,134.13017894708557,135.52378845214844,2312100
2023-04-06,135.4452722640508,135.56305241545755,134.05166277008243,135.46490478515625,1206200
2023-04-10,134.82695712156806,135.51394543989272,133.33520036233293,135.45506286621094,1104600
2023-04-11,136.28927223083872,137.32957107801084,135.58265132045315,135.94578552246094,1241100
2023-04-12,137.58475091661376,138.72319739734894,135.25879912124148,135.78875732421875,1058400
2023-04-13,136.59349996380246,138.85076022605057,136.40704346439455,138.65447998046875,1030900
2023-04-14,137.7515904059184,138.56616771975732,136.34815733080046,136.61314392089844,954300
2023-04-17,137.02534805721473,137.6043950936007,136.3089183039952,137.5847625732422,1115500
2023-04-18,138.11468528070077,138.36986305402164,135.64152746004714,136.41683959960938,1218900
2023-04-19,135.79855385910136,137.0253241005841,135.12137428976726,136.34814453125,1178400
2023-04-20,134.3166072235278,134.50307867742274,132.36358380539284,133.01132202148438,1325900
2023-04-21,133.67869588335478,135.98501477313198,133.67869588335478,135.92613220214844,1533600
2023-04-24,136.22058506144947,136.92720599352944,135.52377290126182,135.90652465820312,856700
2023-04-25,134.00257972366026,134.23812503502143,127.30932810948072,127.9472427368164,2154900
2023-04-26,125.76847851132726,131.3527390174921,125.72922845290232,130.6461181640625,3003800
2023-04-27,130.4891080416662,131.37237665527212,128.88939480068018,130.77371215820312,1125300
2023-04-28,130.96999280802763,134.38531709300702,130.96999280802763,132.91319274902344,2032800
2023-05-01,133.49223436799008,134.59141570881047,133.23705657442633,133.55111694335938,1012900
2023-05-02,132.5108038672416,134.61103368819087,131.7649180591898,132.0200958251953,1629600
2023-05-03,133.36463843615834,134.00255293597218,132.12805949296555,132.2654571533203,1529100
2023-05-04,132.8641379383362,133.5118612881201,131.27423341557005,131.3920135498047,1103700
2023-05-05,132.78561685336726,132.89357323600083,129.45861648430736,130.82278442382812,1890100
2023-05-08,131.51959346346743,131.71588870438052,129.3015980082585,129.98858642578125,1005300
2023-05-09,126.11199049677572,126.11199049677572,123.03034401282844,124.98336029052734,3437100
2023-05-10,126.31808239153668,126.5045388854791,123.81546815186304,125.6801528930664,1255700
2023-05-11,124.80669071949733,125.32684008398454,123.13828624990316,125.28759002685548,1580600
2023-05-12,126.28863062473845,126.28863062473845,124.17859176483056,125.1207504272461,1422600
2023-05-15,125.56239913349944,125.80775319934568,124.39451138403562,125.61146545410156,1262800
2023-05-16,124.61041752227598,125.03242679255646,123.45234609366524,123.94305419921876,1190000
2023-05-17,124.67911631865049,125.4151784767511,123.44252979651024,125.39554595947266,1968200
2023-05-18,125.27777381119726,126.92655325278533,124.13932747618144,126.74008178710938,1637000
2023-05-19,127.18172617215431,128.04537725016036,126.22975122714038,126.47510528564452,1480400
2023-05-22,126.26900775738966,127.33874778635852,125.9058735921117,126.69100952148438,1764500
2023-05-23,126.63213374606823,128.11406684809475,125.53295237106704,126.24938201904295,2784400
2023-05-24,113.05914580564468,118.83968675555988,111.17482845599328,118.74154663085938,6850400
2023-05-25,119.15374931014117,119.15374931014117,115.4538058917294,117.26942443847656,3218900
2023-05-26,117.83864236453672,118.47656438951486,116.18004659711582,118.18213653564452,2089100
2023-05-30,117.77977275070418,119.05560945345746,115.48325470556878,115.54214477539062,2094800
2023-05-31,114.81588541504604,114.97291560967967,112.66658891118352,113.52041625976562,3998800
2023-06-01,114.79625375905904,115.45380081401058,112.86286265298573,114.09944915771484,3966100
2023-06-02,115.5813989264549,116.20951227189322,113.86392033354704,116.02304077148438,3263100
2023-06-05,116.37633326563328,117.53440466593852,114.9140177557454,116.15060424804688,2129300
2023-06-06,116.5726167158833,117.00444224613447,114.47238661666232,115.2575225830078,1758800
2023-06-07,114.9925401774048,115.18882791990688,113.00026638858222,114.4233169555664,3643500
2023-06-08,113.77557823627248,114.72755313047472,112.52918298014691,112.55862426757812,2558600
2023-06-09,113.4320794730784,113.84427245563252,112.0384703486654,113.63817596435548,1981500
2023-06-12,113.70687863135367,116.44503065804106,113.66762108584145,116.33707427978516,2747800
2023-06-13,116.474474855761,118.90839032506156,116.474474855761,117.27923583984376,2502400
2023-06-14,117.76012325045777,118.721914384327,116.69038322730783,117.18109130859376,2662900
2023-06-15,116.67076235530128,119.47761345940282,116.52355590631248,118.9770965576172,1791100
2023-06-16,119.83092702179492,120.89085840769047,118.38824388337244,118.8789520263672,3941300
2023-06-20,116.4352250892701,116.58243902655346,114.70793036621004,115.96414947509766,2108200
2023-06-21,115.6010233901719,116.89649256760936,115.09068273649576,116.13098907470705,1393400
2023-06-22,116.63150238015186,116.73945876557246,114.99253905620154,116.47447967529295,1736000
2023-06-23,115.57158977598549,117.48534863534724,115.39493453607422,117.20073699951172,2632600
2023-06-26,116.74928196097608,117.57367554520329,115.15938486200284,116.17024993896484,1673400
2023-06-27,116.26837754241014,116.7492693802822,114.56071546371346,114.86495208740234,2326100
2023-06-28,114.53126674348104,114.93365097671868,113.55966680881136,114.20740509033205,2196800
2023-06-29,114.00131739320771,116.05247380122212,113.91298603544564,115.85619354248048,1885800
2023-06-30,116.74606362743044,118.6733117648507,116.32324848746156,118.24066162109376,2487900
2023-07-03,118.01450262584753,118.83063540380256,117.22787485952678,117.32620239257812,996200
2023-07-05,116.96237642926488,118.27015430910052,116.62806133319776,117.50318908691406,1246200
2023-07-06,114.4156620341272,116.90338533904642,113.72736181210166,116.4510726928711,1626600
2023-07-07,115.70377803960334,117.09022108621151,114.93681273803725,115.04497528076172,1493300
2023-07-10,114.77947981002742,117.52285314033216,114.61231475788166,116.38224029541016,1889200
2023-07-11,116.3232515772876,116.99188931634994,115.67427634441384,116.500244140625,1096700
2023-07-12,117.99483489990234,118.4766450418756,117.15903965307662,117.99483489990234,1595400
2023-07-13,118.74214829686774,118.85031083873632,117.00172012455332,117.35570526123048,1229800
2023-07-14,117.5425257411555,118.37832101268911,116.27408032825446,117.74901580810548,1225400
2023-07-17,117.94567662312,117.97518163576012,115.69394828241916,116.27408599853516,1123000
2023-07-18,116.4019118817427,117.78835491128967,116.02826423996272,117.56219482421876,1362700
2023-07-19,118.00467543066874,121.27902655105991,117.8571803797533,121.02337646484376,2425400
2023-07-20,121.44619577885116,122.81296879389436,121.0725406367837,122.46881866455078,2278800
2023-07-21,122.4688172086309,126.1561560547128,121.08237420158726,125.48751831054688,3918200
2023-07-24,125.48751841167288,127.22793904758564,125.06470325690502,125.58584594726562,2001200
2023-07-25,122.91128016580316,127.38525376460206,122.07548496105753,125.18267822265624,2199400
2023-07-26,122.91129218080602,126.38230587168638,121.33802914127368,126.32331085205078,2507500
2023-07-27,127.69990975570542,127.82774229922694,124.52388620580184,124.5435562133789,2582500
2023-07-28,125.12369386342482,125.37935144847424,121.10204003486092,123.9437484741211,3138800
2023-07-31,122.30164836749977,122.37047839042364,119.19445483019516,119.73526000976562,2376100
2023-08-01,119.74510286823332,121.51502857653048,118.4471598494522,120.43341064453124,1655000
2023-08-02,119.96141728355678,126.57895683919504,119.47960713434604,125.57600402832033,2654700
2023-08-03,125.17287558945164,125.2318706150407,122.88180707154106,122.9604721069336,1742600
2023-08-04,123.34395246486622,125.04504068735469,122.98996731414633,124.18958282470705,1819500
2023-08-07,124.61238983643985,125.7530027458411,123.59959447043336,124.39606475830078,1487000
2023-08-08,124.57305668575688,126.48064236297382,122.9801236200686,126.205322265625,2525200
2023-08-09,126.01848749798008,127.25742786525608,125.3990098124325,125.4973373413086,1786100
2023-08-10,125.86116366882963,127.81791684911865,125.18269093281616,125.51701354980467,1515900
2023-08-11,124.65171145639084,125.68416930053328,124.2387313194978,124.7402114868164,1256700
2023-08-14,123.33410651968045,125.86116237032064,123.09811894077085,124.53372192382812,1582400
2023-08-15,124.19939033905932,125.05485556594029,123.15710506407812,123.55042266845705,2274800
2023-08-16,119.9515777121982,121.58384315825886,118.3586522790024,119.33210754394533,3388800
2023-08-17,119.96142045249728,120.60056066840484,118.6438150090997,118.83063507080078,2180800
2023-08-18,118.18167298082146,118.7126506853881,117.0508875452764,117.25737762451172,1803900
2023-08-21,117.50319897314488,117.5720289988268,115.7431083142384,116.87389373779295,2249300
2023-08-22,115.88075305024331,116.62805573167287,115.3694454273131,115.67426300048828,1422300
2023-08-23,116.52973857869269,117.15904378687692,115.74310331750746,117.13937377929688,1289300
2023-08-24,117.3655297601921,118.76180017326644,116.59856453334592,117.49335479736328,2045900
2023-08-25,117.79818858438308,118.80114145462186,116.53957061711051,117.68019104003906,1273300
2023-08-28,117.9456580895909,118.9191208021738,117.34585045929968,117.9161605834961,1052400
2023-08-29,118.122661034771,120.24657168362394,117.61135337962656,119.9810791015625,838300
2023-08-30,120.29574328278818,120.88572352111738,119.597608002803,120.63006591796876,1157900
2023-08-31,121.05287207941907,121.0627070831688,118.63397878877024,119.04695892333984,2875100
2023-09-01,120.63990539947466,121.6133608257868,119.50911990326,119.87294006347656,840700
2023-09-05,119.60744198484764,120.49240483286616,116.68706833734164,116.7460708618164,1270600
2023-09-06,116.3724139500925,116.67723906651308,114.58282577429344,115.96926879882812,1668900
2023-09-07,115.99877035902024,116.03810287547692,114.15017959510888,114.31734466552734,1317000
2023-09-08,114.0715090783286,114.26816413631452,111.8099384019426,112.08525848388672,1789800
2023-09-11,112.38025432362492,112.4785818576496,110.73816124949174,111.21013641357422,2046900
2023-09-12,111.50513531582357,112.0656105560893,110.20719225931812,110.89549255371094,2035000
2023-09-13,108.16193606765148,113.9633505025711,107.17864573976372,111.5346221923828,2520500
2023-09-14,111.8885902319205,113.3831880013344,109.81384735661295,112.96037292480467,1815800
2023-09-15,112.5179172601982,119.88276002579384,111.53462689088838,113.9731903076172,6889600
2023-09-18,113.07838987755598,113.07838987755598,110.7774940670512,110.80699157714844,1818000
2023-09-19,110.49233687157188,111.33796715390817,109.85319665791168,110.43333435058594,2222400
2023-09-20,111.19047544292548,111.57395808225412,110.29567761655191,110.59066772460938,1744900
2023-09-21,110.15801717073074,110.32517473047118,107.67029377513596,107.89645385742188,1327900
2023-09-22,107.89644995548,110.28584572963616,107.28680725729065,109.54837799072266,2050500
2023-09-25,108.90923618403956,110.15801156942224,108.68307611325343,110.06951904296876,987400
2023-09-26,109.02723303670987,110.37434353826544,108.83057796435452,108.87974548339844,1399800
2023-09-27,109.10589235618698,109.39104744751528,107.7882869361628,108.65357971191406,2268300
2023-09-28,108.6339341992347,110.79717022794595,108.59460168028764,110.12853240966795,1959900
2023-09-29,111.22980323862056,111.27896325327116,109.58770270956704,109.95152282714844,1830100
2023-10-02,109.26676177978516,110.15350885802307,108.15339863603934,109.26676177978516,1569000
2023-10-03,108.6066353374315,110.11410167535534,108.4292859143207,108.63619232177734,1543400
2023-10-04,108.78397517780162,110.24217473533966,107.76913786343138,110.0254135131836,1541700
2023-10-05,110.43923385681744,110.58702629268728,107.16812818565674,108.72486114501952,1295700
2023-10-06,107.87751674702012,110.1239375278737,107.7494339891767,109.01058197021484,1796100
2023-10-09,108.35046159843404,109.67072367117218,107.5129811400666,109.64116668701172,1320300
2023-10-10,109.6707156438751,112.15360737011858,109.38498562284514,111.6215591430664,2183000
2023-10-11,111.73980009619262,111.92699683041332,110.39982838801645,111.71023559570312,1381500
2023-10-12,111.4442264419409,111.72995650580798,106.73462283945086,107.33563995361328,3622500
2023-10-13,106.4291650001481,108.98102547183534,105.24684064194474,108.88249969482422,2807600
2023-10-16,109.40469319727262,111.12892060646436,108.02530976651224,109.85791778564452,1675500
2023-10-17,108.47853654850312,111.2471582988324,107.60164433545904,110.74466705322266,1682800
2023-10-18,109.6904260914274,109.6904260914274,106.94151399058974,107.01048278808594,1803500
2023-10-19,107.64105900954424,109.7396874767784,107.25680319888214,107.89723205566406,2028900
2023-10-20,107.9267929683962,108.96132498975844,107.57209412763324,107.6213607788086,2367300
2023-10-23,106.50798493924088,108.29133376461904,105.81829700701816,107.72972106933594,2886000
2023-10-24,105.9168211828508,106.46857152030576,103.80833808810846,104.08421325683594,3204200
2023-10-25,101.38458369998654,102.63587698519883,98.60611440111155,101.8772201538086,2699600
2023-10-26,101.94618573226462,103.36498107984931,101.71956966317826,102.77381134033205,1599100
2023-10-27,103.00042209630544,103.23688546969348,100.89193885076068,101.25648498535156,2004000
2023-10-30,101.1973748214738,101.26634362117838,95.37441611202831,99.6800537109375,3684900
2023-10-31,101.48310259280578,102.66542699483992,100.4387157871078,101.84765625,2218800
2023-11-01,100.9904702291177,101.69001307207512,98.78346108205132,101.3451690673828,2284600
2023-11-02,102.43882108650357,103.09895210267216,101.1875203370734,102.93145751953124,1489000
2023-11-03,104.93156712121352,107.97605686894757,104.55716611367453,107.4144515991211,2511300
2023-11-06,107.20753628855644,107.90707910926513,105.59168941764489,105.9463882446289,1412000
2023-11-07,105.26654210721148,109.17807631714496,104.98081961084443,108.91205596923828,2142300
2023-11-08,109.25689317492322,109.9268789365828,106.86268012398143,107.77898406982422,1495000
2023-11-09,108.49825167720188,108.49825167720188,105.95624585617406,106.1532974243164,1481100
2023-11-10,106.13358872447716,106.88239816787052,102.5570435988332,106.87254333496094,1847800
2023-11-13,106.53755719395087,106.6754948001716,105.38478969180532,105.87742614746094,1200300
2023-11-14,107.9366413435746,110.63628678825911,107.84796288017222,109.96630096435548,2009700
2023-11-15,110.20275181146772,112.8334281598222,109.69041330650204,111.9269790649414,2021400
2023-11-16,112.2619825870653,112.8137329365879,111.88757412100234,112.50830078125,1728100
2023-11-17,112.30139792438618,112.78417949536896,110.4096684207357,111.4836196899414,2700800
2023-11-20,111.58216192656464,112.81375311780708,110.73482658562696,112.3014144897461,3050000
2023-11-21,119.67125351524092,122.84383366760989,119.44464494266384,122.09502410888672,6085800
2023-11-22,122.04575064555314,123.55321690345002,121.98662916296432,122.16397857666016,2630700
2023-11-24,122.09500039308324,124.90302629656736,121.66148548395384,124.75524139404295,1226700
2023-11-27,124.12467643454204,124.81436441986108,123.05072512364784,123.16896057128906,2255400
2023-11-28,122.80439851575396,124.41039043864023,122.27235031329867,122.87336730957033,1949800
2023-11-29,123.74041467149168,125.84890550402456,123.74041467149168,125.7109603881836,2266200
2023-11-30,126.11491348398144,126.55828321988471,125.10008374226555,125.91786193847656,2442900
2023-12-01,125.46462990185096,127.11003361026262,124.64685922235716,126.89327239990234,1729600
2023-12-04,126.51887708798068,127.3169456078364,125.98682890239871,126.9819564819336,1543200
2023-12-05,125.92772766945184,126.73565866846336,123.91777003982126,125.99669647216795,1933600
2023-12-06,126.60756253428224,127.8490009258549,126.03610247128417,127.01152801513672,1816800
2023-12-07,127.29725057700936,128.55839863579524,125.92772190219948,126.78490447998048,1696600
2023-12-08,126.20359818468276,127.1002001036686,125.10009738228229,125.3267059326172,1438100
2023-12-11,125.74053127048634,127.72093192105127,125.34642060373692,127.07064819335938,1897100
2023-12-12,126.1641801778444,127.29723784048912,125.12964077095572,126.89327239990234,1453500
2023-12-13,127.18885833880778,132.0659555460893,126.87357886995608,131.7703857421875,1731400
2023-12-14,133.0118388333066,136.13515205960016,133.0118388333066,135.92825317382812,2950500
2023-12-15,135.21884183532282,136.85438322538943,134.27297335086172,134.76560974121094,4876000
2023-12-18,135.56367633847032,136.1548460120151,134.84443142844395,135.5045623779297,1634700
2023-12-19,136.47012949032543,137.82981075899667,135.29766749231715,137.7312774658203,1523300
2023-12-20,137.73126339491748,139.15992082967165,136.10556946207973,136.1449737548828,2120900
2023-12-21,137.32733655239016,137.6130590678699,135.9676551895916,136.89381408691406,1685700
2023-12-22,137.55391539944642,138.2928698876533,136.74598460932114,137.51451110839844,1204100
2023-12-26,137.25835540677386,138.401275496626,137.04159418166157,137.75099182128906,948400
2023-12-27,137.72144492268578,138.09585343603283,137.0317568986817,137.7608642578125,1182300
2023-12-28,138.47022757253444,138.7362554282289,137.59333541434907,137.71157836914062,892600
2023-12-29,137.25365836937428,137.87541990010016,136.55292482646234,137.21417236328125,1014400
2024-01-02,136.3851368661198,138.75378503362137,136.10879508189453,136.9378204345703,1441600
2024-01-03,136.19760550098175,136.19760550098175,129.35812427938214,129.4469451904297,2074500
2024-01-04,128.8449275717477,129.78251688716975,128.4896288242774,129.28904724121094,2446600
2024-01-05,128.30211374436385,130.23652147007388,126.94013264096088,128.85479736328125,1394000
2024-01-08,128.44026629714597,131.82547556857443,128.11457455549854,131.63795471191406,1311400
2024-01-09,130.54246576142646,133.87831036349638,128.3119732996445,128.9732208251953,1435000
2024-01-10,128.8745350329823,129.44696163159847,126.68352859188164,129.37786865234375,1326300
2024-01-11,128.8745213976468,128.9732062810714,126.22952406396676,127.98626708984376,2060500
2024-01-12,128.60804543088946,129.8910694096566,127.9467979704896,128.8350372314453,1285200
2024-01-16,127.45333508841082,129.10152184100176,126.92039451563508,128.82518005371094,1382100
2024-01-17,128.282362929923,128.904139493095,125.084681782714,126.4466552734375,1257400
2024-01-18,126.34795431904116,129.02255098475035,125.86434871366554,128.75608825683594,1404800
2024-01-19,128.46989050339334,130.26612730869996,127.52243718194508,129.5061798095703,1523300
2024-01-22,129.78251264533984,130.99644371806266,129.5357778304247,130.8188018798828,1512300
2024-01-23,131.89454786253194,132.1906326204614,128.62778167418503,129.92066955566406,854900
2024-01-24,130.68063127395655,131.0655369836926,127.73954143084734,128.08497619628906,1141900
2024-01-25,129.39761646484692,129.71342922025465,127.73955055558427,128.18368530273438,1120900
2024-01-26,131.96366628332464,132.476863899252,128.933755269353,129.27919006347656,1319800
2024-01-29,130.02924238384486,131.16421646434512,129.5653797451541,131.0951385498047,1407200
2024-01-30,131.09514046121632,132.76307017876417,130.95696957062347,132.5261993408203,1428700
2024-01-31,132.8518932140535,132.8617571851468,128.30210266337986,128.4008026123047,1101400
2024-02-01,128.36131731915947,131.31227111816406,127.57176290188586,131.31227111816406,862000
2024-02-02,130.118060767551,132.17089611469524,128.60804499336504,131.23330688476562,1066300
2024-02-05,131.00632442314856,133.18745178155643,130.65102568274978,131.0852813720703,2374500
2024-02-06,130.91748957158154,134.32244213786893,129.35813876030866,134.0855712890625,1766600
2024-02-07,134.7369585235993,135.12186425127874,130.6115443858697,131.0556640625,1758000
2024-02-08,130.69049564506255,133.05915891641527,130.40428988443352,132.31895446777344,1352500
2024-02-09,132.18075546030263,133.46377938981203,131.02603844159313,131.5984649658203,909700
2024-02-12,131.53925667673764,131.53925667673764,128.67713899213058,130.58192443847656,1231800
2024-02-13,128.63765789388304,129.920681927423,126.58482245211864,128.0652313232422,1031100
2024-02-14,129.28903784592617,130.60166881592906,128.50936248814867,130.51284790039062,1405200
2024-02-15,131.25304377640913,133.82895557592056,130.94707998807553,132.99005126953125,1514500
2024-02-16,131.84521384836617,134.49021893059566,131.84521384836617,133.07888793945312,1066800
2024-02-20,131.92416835145087,133.5624911283193,131.82548346169247,132.38803100585938,1563900
2024-02-21,131.61822833458882,133.68092789937566,131.43070745424478,133.5625,1134700
2024-02-22,130.74971423545983,131.29253386231025,127.32503366001114,130.2957305908203,2664400
2024-02-23,131.06555055430218,131.61823418863577,129.8516193532124,130.30560302734375,1878000
2024-02-26,130.05886508431874,131.18397533009136,129.12127572275807,129.7726593017578,1677500
2024-02-27,129.7331626704572,131.44056337301024,129.16073609271442,130.8188018798828,1772700
2024-02-28,138.05307662021497,138.05307662021497,134.56918203245164,135.22055053710938,2537100
2024-02-29,135.71401387090654,136.22722650900454,134.08557009591055,135.56597900390625,2622600
2024-03-01,135.24027383639927,137.3325800666726,132.91109678289823,137.24375915527344,1531000
2024-03-04,137.33257455079976,141.6159018400251,136.99701885932703,140.99412536621094,2169200
2024-03-05,141.13233222573663,144.48792011499611,141.13233222573663,142.46470642089844,2622500
2024-03-06,143.1062050112526,145.51433942234115,142.8594701750263,144.31027221679688,2357900
2024-03-07,145.16890253869852,147.68560084388878,145.16890253869852,147.3599090576172,1942900
2024-03-08,147.68560761522167,149.6002724140904,145.91899275844577,145.938720703125,1588300
2024-03-11,146.06702078164494,147.33030191878032,144.21157002294652,145.3662872314453,1397600
2024-03-12,145.68211156982065,147.5276832531123,145.3169488456182,145.9091033935547,1192300
2024-03-13,146.23479349676214,147.15265487182384,145.61301692202673,145.88937377929688,2231500
2024-03-14,145.96831535080926,146.31375012701645,142.40546390216608,143.31346130371094,2098200
2024-03-15,142.10939400106184,146.70851965412157,142.10939400106184,145.55380249023438,3775500
2024-03-18,145.9485754227708,146.42230202765464,143.99442494106756,144.18194580078125,2281300
2024-03-19,144.08327209948092,145.64263798190902,143.57005945297965,145.46498107910156,1976200
2024-03-20,145.28735212834926,145.7808218162175,144.468190639348,145.35643005371094,1526500
2024-03-21,145.6524948894427,148.17905693507075,145.25771015762726,146.79734802246094,1574200
2024-03-22,146.90592452996358,147.33030121109604,144.50765413960204,145.52420043945312,1076600
2024-03-25,145.6130254722078,146.13611718388194,141.90213892744933,143.6588897705078,1710500
2024-03-26,143.708219306542,144.34972377074325,142.4942882920624,142.52389526367188,2021000
2024-03-27,143.74768436679818,145.55378485855704,142.64231731328326,145.44522094726562,1212200
2024-03-28,145.6130130988816,145.75118399413964,143.46149272136347,143.60952758789062,2176500
2024-04-01,144.5051645961399,144.82150550033438,142.7653348749638,143.89227294921875,968300
2024-04-02,142.36989787344194,142.67634364103486,140.9562742269808,142.51817321777344,1376500
2024-04-03,142.12275632290644,143.19038400950225,141.15397383375992,142.0832061767578,1211200
2024-04-04,143.45730150342413,143.59569686813506,139.51302606718096,139.72061157226562,1183900
2024-04-05,142.52806014061548,143.83294357000622,141.7866532149969,142.46875,1655800
2024-04-08,142.15242886944316,144.11961898932833,141.3714717685741,142.80487060546875,1247300
2024-04-09,144.32721284024046,145.74082145172997,143.83294156339034,145.71116638183594,873700
2024-04-10,142.76533170601874,143.39799841639996,141.90530440327225,142.50831604003906,1051800
2024-04-11,143.9812154430029,144.18881601410405,142.02390543016733,143.3386688232422,720100
2024-04-12,141.94481643119755,143.0025641649524,138.65296803869307,139.11758422851562,1124500
2024-04-15,140.67948409164617,141.60871647707623,137.42718582660277,138.61343383789062,1506000
2024-04-16,138.6727439977235,138.7518292096834,135.0645698203287,135.2326202392578,1345700
2024-04-17,135.66758955514385,135.88507013017536,131.34764820925662,133.00840759277344,2084100
2024-04-18,129.75608885904174,132.89966199174572,126.86954644144188,130.92257690429688,1936600
2024-04-19,131.53546461439464,132.20768136816238,130.63588730571743,131.20924377441406,1303400
2024-04-22,132.0099614325232,133.47301522200678,130.27013202822602,132.375732421875,850500
2024-04-23,136.3990946989373,138.04995892162373,134.45166469908204,137.60511779785156,1979400
2024-04-24,136.75498608579878,138.28723020454487,134.64940050601632,135.91473388671875,1553200
2024-04-25,135.48965299325948,135.63794344091633,132.58333519316486,134.80755615234375,940800
2024-04-26,134.88663681387402,136.77475682886998,133.45325303876876,136.161865234375,754900
2024-04-29,136.67589811769588,138.26745234981294,136.3002621766989,137.99066162109375,781200
2024-04-30,137.01201836666053,138.04997608989152,135.40068900802504,135.46987915039062,1087300
2024-05-01,135.15353739498812,138.94953713179277,134.57030091602346,137.10096740722656,850400
2024-05-02,137.6347811021338,138.28722283414965,135.14366462637636,135.9443817138672,1146800
2024-05-03,138.08952006170944,139.33507832420818,136.8241867234355,137.85226440429688,1097900
2024-05-06,137.94122982306487,139.84912491316274,136.7549817021765,138.9989776611328,1639400
2024-05-07,139.5031072855345,140.521304813765,138.15868893506106,139.65139770507812,1486800
2024-05-08,139.50312006407395,141.36158488807175,138.43549229820044,141.16387939453125,1423500
2024-05-09,141.47031081178693,143.8131515945483,141.18364013784682,143.47705078125,1254000
2024-05-10,144.2184586715373,151.0591706744874,143.4572767549604,148.0441131591797,2246700
2024-05-13,147.81677172037342,148.53840358485135,145.4936906090202,146.06704711914062,1317700
2024-05-14,147.0456958524295,149.8136178499734,146.67993995684068,149.5467071533203,1679900
2024-05-15,151.24702363002905,152.77926773588413,150.7626323071308,152.3146514892578,1524600
2024-05-16,150.82195296188848,153.0659338218781,150.82195296188848,152.54200744628906,1325000
2024-05-17,152.7396965776754,153.570083743296,151.27665789799588,152.46290588378906,1857000
2024-05-20,152.2059033742367,153.1746708862871,151.71163208058366,152.86822509765625,906200
2024-05-21,152.58154905494038,152.8780997536041,150.59456887011982,151.90933227539062,997100
2024-05-22,151.8203869560179,152.7199644170523,150.89115442123196,151.11851501464844,1231300
2024-05-23,150.72307299194452,150.72307299194452,148.3901121379588,148.8250732421875,1005200
2024-05-24,149.08211325316705,149.7246750200978,147.84643495210446,148.933837890625,784300
2024-05-28,149.09201411020655,149.4577700746247,146.00775069415252,146.5119171142578,1366900
2024-05-29,145.05874470053806,145.30588034737994,143.09153952145004,143.81317138671875,1603200
2024-05-30,123.8643997982588,133.6311911389356,123.8643997982588,129.91427612304688,5138500
2024-05-31,129.49908430887317,132.5339174180935,128.0755805106697,128.9158477783203,5333100
2024-06-03,128.51051683634427,131.06095813440234,128.51051683634427,129.89447021484375,3114800
2024-06-04,129.736345858518,130.73476852820386,128.78733825531992,129.35081481933594,2893700
2024-06-05,129.04433668216095,132.6624060028475,128.52041034207903,132.0297393798828,2707500
2024-06-06,130.94235709921068,132.8107019765534,130.76441159072135,131.29823303222656,2269600
2024-06-07,130.43820785283987,131.85183177489162,129.78576604266212,131.45640563964844,2365300
2024-06-10,131.34764317122895,132.31642572610588,130.73475161999178,131.5058135986328,1673200
2024-06-11,131.1203009272212,131.46629690000853,129.98348287485874,130.59637451171875,2081600
2024-06-12,132.09895461518636,132.1088346111205,130.81384619747465,131.63433837890625,2399900
2024-06-13,131.0708501731486,131.4761562297973,128.55006370984506,129.07400512695312,2555400
2024-06-14,128.51053426323614,129.24206119619186,127.75924733930836,128.3622589111328,2163300
2024-06-17,129.60781298403165,130.5568204590914,128.01625889174872,130.31956481933594,2090500
2024-06-18,130.61614828935373,133.6015363031651,130.05267172510017,133.35440063476562,3453000
2024-06-20,131.73317010057514,133.1072435928779,131.01153828823357,131.20924377441406,2887400
2024-06-21,131.32790133871111,132.9589907304431,130.68533954502556,131.7233123779297,4449700
2024-06-24,133.7497986644678,136.1321896276406,132.80079126018003,133.53231811523438,3339500
2024-06-25,133.45323530731238,134.4516577856818,132.75136350690136,133.14678955078125,2310800
2024-06-26,132.45482185812648,133.6608449772402,131.23890365976547,131.56512451171875,1836800
2024-06-27,130.68532996252435,131.46628707106916,129.0838957619607,129.30137634277344,1898000
2024-06-28,130.15151555738967,131.51569401724348,126.91897720024232,128.144775390625,9817600
2024-07-01,129.19263660978132,130.28002443457348,125.6042220948517,125.9403305053711,2364800
2024-07-02,126.2037727091124,127.3328097205974,124.2329241060414,124.56964874267578,1981100
2024-07-03,124.90637669259895,126.4315585057354,124.61916639441304,124.91627502441406,1288200
2024-07-05,125.18367891791884,125.39165722208284,124.08435962735304,125.15396881103516,1341700
2024-07-08,125.46098801562783,125.51050989960494,124.19330636799194,124.85685729980467,2091100
2024-07-09,125.025228592913,125.025228592913,122.96524954558186,124.21311950683594,1558900
2024-07-10,125.20348232037256,125.916555104842,124.33195311489786,125.84722900390624,1837300
2024-07-11,127.56059097912284,130.27421493325775,126.64943817974526,129.5611572265625,1667200
2024-07-12,129.90775281812108,132.11628935698332,129.38285420276753,130.95755004882812,1477300
2024-07-15,130.7397059436651,131.85883716282564,129.52154605864143,129.74932861328125,1015700
2024-07-16,130.71988988463815,134.87947103276127,130.33364338756863,134.75071716308594,1064300
2024-07-17,133.85939240664214,134.69130566772003,132.13613055558866,132.21536254882812,1031200
2024-07-18,131.04671128827042,133.90890063738797,130.39305874466285,130.7000732421875,2783500
2024-07-19,130.69017760374214,131.50227902244723,129.03623443636653,130.51190185546875,1731400
2024-07-22,131.7795720446243,132.6411952696916,130.13554246248822,132.1361083984375,2009400
2024-07-23,136.28580852265145,136.33533040556105,129.23432762068688,129.3927764892578,1640800
2024-07-24,129.61065397966166,133.1363942482554,128.92729132194822,132.86900329589844,2066700
2024-07-25,132.66100414589403,137.03846893704193,132.16581561596388,133.68109130859375,1338900
2024-07-26,135.37466894582994,138.9400179845922,134.77053821784568,135.9986114501953,1717700
2024-07-29,136.26599993114473,136.45417402342397,134.3149555721824,136.0580291748047,1222600
2024-07-30,136.71164621477905,138.38538590696183,135.7906027791263,138.147705078125,1428000
2024-07-31,139.03906157562938,142.61432405396044,138.3656122991142,140.03933715820312,2582700
2024-08-01,140.8712462930146,142.8321887495774,140.38595606630855,141.4852752685547,2896500
2024-08-02,140.61373748093146,141.7922886566807,134.45359066378813,137.7020263671875,2298400
2024-08-05,135.236012496661,135.50341857757363,131.7795905564282,133.40380859375,1885200
2024-08-06,134.11689344952043,137.58321403304092,132.97796558828992,134.9488067626953,1462000
2024-08-07,135.92926311192485,136.76117628661473,132.4035228946578,132.67092895507812,1553900
2024-08-08,132.8590848343867,135.89954985181564,132.4926501351749,135.4439697265625,976900
2024-08-09,135.52322138354603,136.53341042569969,134.79035187873225,135.5826416015625,737600
2024-08-12,135.49349867394557,135.49349867394557,133.18591804650575,134.29515075683594,1347200
2024-08-13,134.52294477774177,136.37494541451528,134.02775614870433,136.09764099121094,1158000
2024-08-14,136.60271892194362,137.35541525997388,134.57245776667352,134.72100830078125,1090000
2024-08-15,136.33533204424563,138.6429127855643,136.33533204424563,138.5438690185547,1120300
2024-08-16,138.44481903562772,139.54413830746577,137.18705090042832,138.69241333007812,1284800
2024-08-19,139.19752150077375,139.9303909730131,137.93973819815187,139.15789794921875,1714000
2024-08-20,139.2470544108318,140.17799637869354,138.08829967142458,138.4052276611328,1227700
2024-08-21,138.6330003744103,139.43520351250987,137.81098546036978,138.64291381835938,2263000
2024-08-22,143.98104717804063,144.05036572623334,136.82060889246364,138.87069702148438,2634500
2024-08-23,139.85118985157348,140.90098740671047,138.81129062946195,139.5144500732422,1735700
2024-08-26,139.75212104170788,139.82143958438792,138.61319335746464,139.13809204101562,1013200
2024-08-27,139.12818911729096,139.85117537620675,138.36560953037133,139.7422332763672,949700
2024-08-28,140.1681000063811,140.9405931021511,138.94002669702343,139.70262145996094,1089900
2024-08-29,140.70289747053553,142.0597094123331,139.7521286997279,141.15846252441406,1577400
2024-08-30,140.79201183919832,141.89133102214927,139.6629825522721,141.54469299316406,1570700
2024-09-03,140.26712321979997,141.89134117176962,136.73146947428106,137.62281799316406,1629200
2024-09-04,137.0583184438044,138.31610188746097,135.1766075567884,136.83053588867188,1368700
2024-09-05,137.028564453125,137.72182534150355,135.6123174629086,137.028564453125,1194600
2024-09-06,137.1177323508298,138.65282016793788,135.19639799630366,135.8797607421875,1298400
2024-09-09,137.4643438203653,138.1972131990778,135.83021254629983,136.76116943359375,1770300
2024-09-10,136.20659355947737,136.88005800493173,134.6318972250168,136.7017822265625,1357700
2024-09-11,136.01839711118504,137.52377464325977,133.46322219520053,137.3653106689453,1405500
2024-09-12,136.87012547296942,137.2860820818794,132.95813857092753,135.07754516601562,1616500
2024-09-13,135.49348942561917,136.28579413264458,135.0577210811574,135.98867797851562,917800
2024-09-16,136.94935483505094,138.43492060064256,136.1768618458998,136.97906494140625,887000
2024-09-17,137.32572182445583,138.43493957900338,136.06793840580806,137.01870727539062,1210200
2024-09-18,137.16724581865145,139.64318888397008,136.10753493295564,137.67233276367188,1390500
2024-09-19,140.48501675388397,142.05971292981627,140.09877023692025,140.58404541015625,1225900
2024-09-20,139.85117613978605,140.03933512057512,136.55321813058993,138.741943359375,2613600
2024-09-23,139.79173783546446,139.79173783546446,137.26628802708723,138.44482421875,2179500
2024-09-24,138.75184978023586,141.8913436458973,137.9694433407307,140.5048065185547,1930100
2024-09-25,140.60385878921733,141.4654821572004,137.87042303123,138.09820556640625,1437300
2024-09-26,139.90069385393696,145.54585663001927,139.18762097931517,145.32797241210938,2149700
2024-09-27,145.7637170863275,148.63582019200047,145.7637170863275,146.63525390625,2213000
2024-09-30,146.27871545715564,147.39784657518842,145.29825166032666,147.05120849609375,1408300
2024-10-01,146.99762673987448,146.99762673987448,142.86118147200324,145.3807373046875,1408600
2024-10-02,145.09308425509818,146.4619701848246,143.94241423276642,145.36090087890625,1200100
2024-10-03,144.25982611887454,144.80540370676812,142.9306117309251,143.3869171142578,1100000
2024-10-04,145.0236574106948,145.38076142077043,143.03974960716678,143.80355834960938,1001100
2024-10-07,142.97031314232714,143.2877305033738,141.6807701110415,142.73223876953125,836700
2024-10-08,142.84136441282362,144.07139272201078,142.68264815305452,143.4464569091797,915000
2024-10-09,143.86306335666234,144.418555082027,143.0198965432246,143.63491821289062,634700
2024-10-10,142.0577265078918,143.2480681760148,141.45263401566038,141.5915069580078,1288900
2024-10-11,141.90891665934072,143.89282437751635,141.90891665934072,142.66281127929688,1427400
2024-10-14,142.84135175205805,143.90274961716923,141.67085349604332,143.08934020996094,1765200
2024-10-15,143.18854186818052,145.4799528009719,142.91079600578246,143.41668701171875,1251200
2024-10-16,140.37139069896634,141.4228745454134,137.32610010192414,137.99070739746094,1702100
2024-10-17,140.6689774701025,141.38318547544208,135.3818614670263,136.31430053710938,1592900
2024-10-18,137.41537771057966,138.39741755738157,136.135763791428,137.7129669189453,1185200
2024-10-21,137.2368096671101,137.6930999235906,135.1239433006725,135.6595916748047,975900
2024-10-22,133.6062838484239,133.6657986653991,130.9180819055842,132.3861846923828,1822700
2024-10-23,132.197699627551,133.2194109269958,130.30306405828333,131.95962524414062,1657500
2024-10-24,132.06874229173272,132.23737263924232,129.63845825195312,129.63845825195312,1830100
2024-10-25,130.1244805415131,130.6502299334657,128.30921857010446,129.1424560546875,1248500
2024-10-28,130.68991486096394,131.1660484531135,129.2912563520097,130.48159790039062,1739800
2024-10-29,130.08484581541796,131.22558685102186,129.5095106841341,130.1741180419922,941500
2024-10-30,130.6006524392518,133.03093643602105,130.08483217975305,130.43202209472656,1550500
2024-10-31,129.61862442308143,130.38243322383795,128.8151441230723,129.2615203857422,1596000
2024-11-01,138.02046207691347,139.83573949125676,134.18160540986827,135.7687225341797,2077700
2024-11-04,136.2151127306764,139.50839170924297,135.80840801122238,138.52635192871094,1795400
2024-11-05,137.0681749490577,139.6571750882907,136.1357510496068,139.28024291992188,1240500
2024-11-06,141.8494023511692,141.918846386838,135.937350670253,136.67140197753906,2528900
2024-11-07,137.67326279814176,138.9429776016248,136.4630930735971,138.5065155029297,2182800
2024-11-08,136.56228573952555,137.55423959698066,133.85425594675715,135.5802459716797,1918600
2024-11-11,135.96710663743707,136.35396799125198,132.12823536464464,132.78292846679688,5405500
2024-11-12,132.78294081329207,134.9453929059397,132.56470975894962,132.59446716308594,1490800
2024-11-13,132.1877573339073,133.7848035500369,131.12637464349328,133.19955444335938,1103100
2024-11-14,132.6143068731524,133.26900001838396,129.11271114549356,129.17222595214844,1971100
2024-11-15,128.4282599125007,128.66633427386537,124.8076270228206,126.04756927490234,2631100
2024-11-18,125.89878845214844,127.05937271063048,124.99611432933165,125.89878845214844,1445000
2024-11-19,124.76795263276998,126.09717471211918,124.11326703452892,124.67868041992188,1838200
2024-11-20,124.31165722394373,127.67438776626942,123.88511676213896,127.53551483154295,1696000
2024-11-21,128.66635381706277,131.12639538076604,128.02157466643612,130.9974365234375,2882100
2024-11-22,131.03711718842015,133.239256073166,130.4419387897263,132.7631072998047,2067800
2024-11-25,133.4475389224328,134.5188508059809,132.68373028456725,133.40786743164062,3355400
2024-11-26,125.9979743541112,133.72529573273837,125.15481509750772,133.28883361816406,3443900
2024-11-27,133.60626568304076,137.88158432933182,133.1598894804005,137.02850341796875,2336900
2024-11-29,136.16551384867708,137.98079127210448,135.97704018901848,136.85987854003906,1183300
2024-12-02,136.7209900803474,138.89337126071229,135.99686806556358,138.4569091796875,1702200
2024-12-03,137.69311275076342,138.4767647755686,135.60008950276085,138.15933227539062,1714800
2024-12-04,138.07997605889565,141.26415465025354,136.58213116001613,139.07192993164062,1948900
2024-12-05,137.88159391764526,139.43896882646294,136.4531778610525,136.76068115234375,1994500
2024-12-06,138.34781360657948,140.64913881649971,137.84192255936807,139.44888305664062,1297600
2024-12-09,139.6770340882811,143.4067906489751,139.31001596817643,142.84136962890625,1547300
2024-12-10,143.0893499549106,143.73411393496335,140.58962189092424,140.7880096435547,1261300
2024-12-11,141.71053149543684,142.43465358767392,140.03412702128682,140.05397033691406,1848700
2024-12-12,139.3695251204211,140.5797101081487,138.7545185363684,139.77622985839844,976300
2024-12-13,139.23063429526604,139.3397498173914,136.18532890068508,137.88157653808594,1474300
2024-12-16,137.51456874440143,138.81402588197074,135.89767910567778,136.56228637695312,1580700
2024-12-17,136.473013505967,138.21884684587928,135.1041123393451,135.36203002929688,2430600
2024-12-18,135.84807407390932,136.46309574137302,131.84058725811855,131.9397735595703,1746900
2024-12-19,132.06873119090116,133.18964385273625,130.56095714411632,132.1183319091797,2166500
2024-12-20,132.1580192829808,134.43951637382168,132.1580192829808,133.42771911621094,4363900
2024-12-23,133.0805209531818,133.606255238573,132.09848127533112,133.51698303222656,1194900
2024-12-24,133.51698268413023,135.00491333007812,133.07059138153525,135.00491333007812,370200
2024-12-26,133.92369682210324,134.88589336075978,133.8840253241039,134.7371063232422,556600
2024-12-27,133.53682139573982,135.12395359769295,133.50706399135447,134.4494171142578,631800
2024-12-30,133.31859662554226,134.49902417520005,132.16794161768803,133.33843994140625,993600
2024-12-31,133.9724676110372,135.06563974028626,133.19731470629375,133.50538635253906,719600
2025-01-02,134.36999920000383,134.8867577229064,132.044525190974,132.60104370117188,953600
2025-01-03,132.6209111282215,135.2047641538676,131.93519547027745,134.8470001220703,1246900
2025-01-06,134.75756732556115,137.480534890904,134.49917291612604,135.5823974609375,1047000
2025-01-07,135.97992172131023,139.40848496535645,135.1351964280854,136.5563201904297,1056700
2025-01-08,136.82463285443882,136.82463285443882,134.78738095111004,136.14886474609375,1684600
2025-01-10,133.91284866726738,139.2693620073984,133.87310384445766,136.61595153808594,1369900
2025-01-13,136.36750518368316,141.93272056450485,136.1488707474657,141.068115234375,1562000
2025-01-14,141.11778619779,144.47679187666478,139.2792737627159,142.5388946533203,2445400
2025-01-15,143.2444965791523,145.58983514435127,137.81841140946645,141.3463592529297,2328600
2025-01-16,141.8929426387128,144.20846875573557,139.55753653073126,143.82089233398438,1661400
2025-01-17,144.9736876537734,147.53766055672162,144.29790444422608,146.44448852539062,3210300
2025-01-21,147.74635188897582,152.22832702606516,147.09044865018507,151.62213134765625,2759600
2025-01-22,151.88051385302344,152.8047287570666,150.77740935091313,151.65194702148438,1730900
2025-01-23,151.88052797016124,152.00972518277456,147.25940752844502,151.5028839111328,1332000
2025-01-24,151.15504874063186,151.82088438704292,149.84324227499314,150.4991455078125,1844900
2025-01-27,150.61840379654925,151.27430706712272,147.80598386120332,150.0221405029297,2229600
2025-01-28,151.66189219201834,152.28798309192933,149.27680855310624,149.40599060058594,1791600
2025-01-29,148.06438304586808,148.9687180116299,145.63953948054714,146.17617797851562,1583200
2025-01-30,148.02461834502867,151.53268637302202,146.7326917956734,150.4395294189453,1496000
2025-01-31,150.0221405843405,152.88423775604787,149.56499174472546,150.5786590576172,1886600
2025-02-03,148.82958866108848,149.38612231702567,146.96127874727,147.7066192626953,1637900
2025-02-04,147.10038722867213,147.72646286013418,145.36125960929758,146.12646484375,1290900
2025-02-05,146.97121761164397,147.78613055632096,145.4010317038943,147.0706024169922,1348100
2025-02-06,146.10661975988117,147.68673799963628,145.29170685797487,146.72276306152344,1143000
2025-02-07,147.2892388191589,148.46190068512547,143.51284362551695,144.30787658691406,1557800
2025-02-10,144.67555967182255,144.94388649378126,140.9488572268058,142.79730224609375,1764700
2025-02-11,141.34635261081758,143.30411465503963,140.4420177616915,140.8693389892578,1134200
2025-02-12,137.91780078972937,138.93146808538674,135.55258215452585,137.22215270996094,2103600
2025-02-13,137.410979902641,137.49048470960963,135.21470320660862,135.60227966308594,1395400
2025-02-14,136.13893748655252,136.3078795200356,133.47557944554464,133.83334350585938,1358700
2025-02-18,133.67433069051364,135.3439013200554,133.10787978755604,134.36004638671875,2121000
2025-02-19,133.75383468778472,136.63582707727633,133.2171961953919,136.2979278564453,1738100
2025-02-20,136.80477562815102,137.71905820647927,135.25446972733386,135.94017028808594,872700
2025-02-21,136.00972491583929,136.6755605598987,134.3103420302621,134.5289764404297,1112200
2025-02-24,134.65819438037113,136.08925068046773,133.9327338152361,134.43955993652344,2037500
2025-02-25,134.31034941940297,135.43333393668252,132.37246718993146,133.34637451171875,2607000
2025-02-26,134.1612885875334,135.62215716527248,132.8196696360616,133.63458251953125,1539900
2025-02-27,127.97993226922377,130.5041606014468,125.02838266006036,126.29049682617188,3469100
2025-02-28,127.4035339001636,128.7053928887626,125.17745238248406,127.12527465820312,2852700
2025-03-03,128.19856880460017,128.19856880460017,124.85944268499046,125.54515838623048,2184500
2025-03-04,124.22342111332372,124.96876164000366,120.69547292090697,122.29547119140624,2524100
2025-03-05,121.71906805952754,126.50912239347036,121.53024605215376,125.72402954101562,2046900
2025-03-06,125.21720026608531,128.6954558290321,124.98862585015654,125.76378631591795,2300000
2025-03-07,125.16750894209984,127.30416076178088,123.6271431573464,125.91284942626952,2056100
2025-03-10,124.43211095035146,125.8631671349055,120.86441806724244,121.1426773071289,3412300
2025-03-11,121.82838966737528,122.51410537676632,118.55883590247194,120.27808380126952,2106600
2025-03-12,121.34142916474192,122.9314873460482,118.34019482140106,119.10540771484376,1807100
2025-03-13,118.2606973109132,119.3339894927417,116.44206459981424,116.60107421875,1984800
2025-03-14,118.07186076974,121.29173691941668,116.77000189821956,120.42713928222656,2978800
2025-03-17,120.34764016975632,122.73273119934098,120.02962853794472,121.72900390625,2015400
2025-03-18,121.3414329944826,122.43459755475808,120.66565729834936,122.33522033691406,1415400
2025-03-19,121.79856866637807,122.47434433146418,120.55633454541062,121.45074462890624,1706100
2025-03-20,120.96379390011494,121.32155794216028,118.94640685202324,119.5327377319336,1620600
2025-03-21,118.638325559253,120.02962930051622,117.18739700601986,119.99981689453124,3041400
2025-03-24,121.1227973239255,123.65695805393644,120.1389499879664,121.21224212646484,1557400
2025-03-25,121.83832629204387,122.27559514761133,119.01597388755206,119.76131439208984,1605900
2025-03-26,119.97000323850396,120.38739208193526,118.31038027867328,119.15509796142578,2652900
2025-03-27,119.25448048165288,119.5824321226564,117.99237389930016,118.23088073730467,2075700
2025-03-28,118.46939056079964,118.91659942307317,115.63709809438429,115.96504974365234,1772900
2025-03-31,115.6370916329036,116.99858297282152,113.05324615146414,116.25324249267578,2014000
2025-04-01,115.94251982741189,115.99231779950468,112.8950723683058,113.58224487304688,2302800
2025-04-02,112.65605796532031,115.76325688893432,112.2875727296927,115.5142822265625,1947600
2025-04-03,112.6361400157721,113.43286200486617,109.12061886524472,109.22020721435548,3802400
2025-04-04,106.7005802068466,107.258281016598,102.4281741084488,102.57756042480467,3826300
2025-04-07,102.20907644556006,106.56115631251956,98.10597884098593,103.1651382446289,3562900
2025-04-08,105.62500463054162,106.32213821960691,96.97065083658616,98.88277435302734,4525100
2025-04-09,97.65781988646312,106.85992894894969,96.03450781066375,106.61095428466795,4234600
2025-04-10,104.39009886523132,104.8482113442031,96.4129483467592,99.54006958007812,4977800
2025-04-11,100.73515022819102,102.91616311063292,98.45454140200803,102.28874969482422,2849100
2025-04-14,104.50960840244056,105.77439636462296,103.5734612253566,104.75858306884766,1906700
2025-04-15,103.87222792288976,104.81832856187914,102.11944424417229,102.6970672607422,1326700
2025-04-16,102.79666491331292,104.40006242634593,101.4522031894559,102.27879333496094,1454400
2025-04-17,102.2090710950787,103.07550561673952,100.94428320990352,102.0596923828125,1769900
2025-04-21,101.43227586372984,101.62149903840076,98.71347680736162,99.84880065917967,2321800
2025-04-22,101.58166071908808,103.5137065014129,100.78493877224597,102.38833618164062,2321500
2025-04-23,106.2325000060567,109.17040538424293,104.3203765505836,104.56935119628906,2236200
2025-04-24,104.98763362940142,106.64082903186863,102.73690815596798,106.58106994628906,1989400
2025-04-25,105.4357940811374,105.99349490046356,103.922023859961,105.84410858154295,1120600
2025-04-28,106.9097134757051,108.11474987314875,104.95775312626802,106.4316864013672,1689700
2025-04-29,106.46156342836656,107.57696501401624,105.34615424461344,107.0192642211914,1201800
2025-04-30,106.52132447290391,107.50726206243954,105.01751530232649,107.15869903564452,1452200
2025-05-01,106.81012967677552,107.78611369204596,103.67304742538936,106.02336883544922,1523100
2025-05-02,108.79196226222756,109.87749570046918,107.00930283473238,108.18446350097656,1213100
2025-05-05,107.65664022473328,108.80192516716625,107.0192657103208,107.925537109375,1385500
2025-05-06,106.81012314976849,107.76618487877724,103.93197684943183,104.80836486816406,1960600
2025-05-07,106.25243511912082,107.15869898838817,104.36022606264854,107.07902526855467,2143700
2025-05-08,107.55705488798546,110.19618784698734,106.11300487549012,108.25418090820312,2093300
2025-05-09,108.51311280373558,109.4094230820196,106.35201462028104,106.49143981933594,1369500
2025-05-12,110.35552304801084,115.235427778976,109.99699893892092,115.07608795166016,2873100
2025-05-13,114.95657824015372,116.40062820279688,114.34907947289194,114.94661712646484,2845300
2025-05-14,114.47854712467898,115.026294423078,110.82360089166372,111.06261444091795,2563400
2025-05-15,110.82360138842478,111.9390106201172,108.48324106297288,111.9390106201172,1873900
2025-05-16,111.8195035838076,113.36314959097965,110.36549240965849,113.30339050292967,1812000
2025-05-19,112.03859952996903,113.0046224482796,111.57052594290278,112.97474670410156,2086300
2025-05-20,112.98469643166936,113.67186891713855,112.19794320101488,113.01457977294922,2245800
2025-05-21,111.54064867854773,112.14814746223452,108.25418009788474,108.46332550048828,2859800
2025-05-22,107.91557766810654,109.73807401011092,107.52717780480772,109.23016357421876,2379800
2025-05-23,107.33795304224094,108.61270207195317,106.63086592726316,108.08487701416016,1691000
2025-05-27,110.29577760061647,111.31159089991246,109.51897785443066,110.8036880493164,2103900
2025-05-28,110.37544918935669,111.12237317676406,109.68827668954872,110.42523956298828,2733100
2025-05-29,116.47034543443505,116.51018229267136,112.53654876037156,112.81539916992188,3837400
2025-05-30,111.57052510687382,112.44692078608315,110.33561290211055,111.46097564697266,4753600
2025-06-02,110.68417068466113,110.95306756375754,109.57872262193897,110.59454345703124,1757000
2025-06-03,110.4351979631085,112.52658355683444,109.29987413799718,112.29753112792967,1491200
2025-06-04,112.89506814000272,114.8171527799983,112.42699457303488,114.46858978271484,2692800
2025-06-05,114.94662014123642,115.02629385663006,113.17392176329837,113.47269439697266,1875900
2025-06-06,114.93666575083397,115.54415693130284,114.30924474451275,115.32506561279295,1556400
2025-06-09,116.13174348992828,117.98411560760135,115.29518466350956,116.2612075805664,2147800
2025-06-10,117.4164537978896,120.66308556426584,116.64960757302552,120.02570343017578,3499500
2025-06-11,120.26472416438736,122.32623408418316,119.17919067527932,119.22898864746094,2752400
2025-06-12,118.49203010962944,119.55764140967332,118.04387113788329,118.4223175048828,1361500
2025-06-13,116.20145439038758,118.41235060155851,115.97239435850165,116.59981536865234,1652000
2025-06-16,117.20731330628064,118.85053998286244,115.09600545536506,118.53185272216795,1402800
2025-06-17,117.0180894336727,117.984112323843,115.3449794255054,115.6138687133789,1577100
2025-06-18,115.61386551473431,116.40062632518742,114.19969131786574,115.04620361328124,1560300
2025-06-20,115.6935430892677,116.38071558169074,114.60801721965808,115.08604431152344,3043900
2025-06-23,114.478548681163,115.75330535675958,113.23367534797023,115.6537094116211,1448400
2025-06-24,116.84879032964535,117.51604060103855,116.09190522881369,117.1575164794922,1945300
2025-06-25,116.62969007503268,119.28873761428672,116.49026487359562,118.1334991455078,1690000
2025-06-26,118.69120038176416,120.0456231418684,117.55587653845674,118.93021392822266,1488000
2025-06-27,119.50783394206732,119.7169717396935,117.69529876453676,118.68123626708984,1734700
2025-06-30,118.7011616791133,119.16923525697472,116.9682925698258,117.5260009765625,1602400
2025-07-01,117.20464817226782,122.91318629114208,116.60584450399604,120.20861053466795,1935700
2025-07-02,120.75751260753296,121.3463265762208,119.22059789701724,120.41819763183594,1467100
2025-07-03,120.75751353639288,121.5060105211226,120.42817303572662,121.13674926757812,945000
2025-07-07,120.15871370917448,120.50801076829056,117.86331998223176,119.01101684570312,1459900
2025-07-08,119.3403596630683,122.86328421132733,119.04095782707086,120.76749420166016,1917000
2025-07-09,121.15671335826964,122.10480649255904,118.66172341108164,121.05691528320312,1806700
2025-07-10,121.38624715800184,126.18661295398158,120.6976351159076,123.92115783691406,2269500
2025-07-11,122.68364665390384,123.41218707264515,122.09482506383534,123.03294372558594,1383000
2025-07-14,121.59582285808686,121.6157870409798,119.03097357189232,119.83935546875,2028700
2025-07-15,117.76352606369728,119.52000112676625,111.7056907478662,112.7136688232422,3950600
2025-07-16,113.23262115577882,114.2306171197262,111.63582913628396,113.2026824951172,2248800
2025-07-17,113.87134269177554,116.33639404333697,113.02304761001808,116.12681579589844,1552900
2025-07-18,116.58588895630146,116.96512468397157,113.30248130002842,113.76155853271484,1521800
2025-07-21,113.00308545873816,113.43222402442282,110.52805213741873,111.81546783447266,2060800
2025-07-22,112.62384284620136,116.81543045719772,111.91526662651331,115.9571533203125,1692000
2025-07-23,119.14075959169423,120.54793760472585,117.24457328532164,119.23058319091795,1939700
2025-07-24,119.19065598304306,122.50400221496508,119.19065598304306,120.10881042480467,1602800
2025-07-25,120.25851398338256,120.76749405833216,118.7814766025091,119.93915557861328,1972700
2025-07-28,119.17070119357264,120.52796869368588,118.48208154491792,119.3004379272461,1679100
2025-07-29,119.51001464698642,120.26849369861604,118.62179886333136,119.5998306274414,1212200
2025-07-30,119.99903684743728,120.2185971855832,116.99507437111038,117.8134307861328,979100
2025-07-31,116.33639299329066,118.10284255667452,114.2406029237166,114.57991790771484,2339500
2025-08-01,113.2226420156996,114.09090126804556,110.96717656053816,113.27254486083984,1888600
2025-08-04,112.94320417863058,114.79947732616309,111.78553279143368,114.60985565185548,1343200
2025-08-05,114.57991801431456,115.19867827372283,114.02104269233624,114.65975952148438,1271000
2025-08-06,114.84938097337955,114.84938097337955,112.33442680117422,113.00308990478516,1058700
2025-08-07,114.27054148150148,114.6896979722143,112.93323050233998,113.7515869140625,1157400
2025-08-08,114.08092062701498,114.7695403053608,113.16276613195734,114.39030456542967,1129700
2025-08-11,114.80945560883868,115.43819031958586,113.50208334393844,113.90127563476562,1082300
2025-08-12,114.28051845831394,117.13478748673674,114.1707382945973,117.08488464355467,917400
2025-08-13,117.82340059562053,120.15871510124674,117.62380444927174,120.04893493652344,983500
2025-08-14,118.9910616865438,119.17070126394654,117.91322422212728,118.63178253173828,926300
2025-08-15,119.37030262179093,119.71959970029444,118.2525443564744,118.96112060546876,1238500
2025-08-18,118.88128055842132,119.36031435154348,117.91322326660156,117.91322326660156,1021100
2025-08-19,118.2625191370063,120.34832700119247,117.9132220800977,119.86929321289062,1313500
2025-08-20,119.62977880736427,120.21859277067271,118.0429612671054,118.87129974365234,1431900
2025-08-21,118.25254074684284,118.46211898754764,116.79546753948696,116.91522979736328,744700
2025-08-22,118.03297869684894,122.16468897124972,117.2345864982734,121.38624572753906,1291000
2025-08-25,121.25651343141604,121.44613510704056,118.24256887575504,118.91122436523438,1482500
2025-08-26,118.99106381022196,119.3902561101482,117.87330557375525,118.06292724609376,1898200
2025-08-27,118.26251914258695,118.9611132564371,117.27450529182606,118.45214080810548,1698600
2025-08-28,118.56192805619082,125.16865671489606,117.96312436384324,124.70957946777344,3886400
2025-08-29,124.74949922613196,126.0468970637258,123.8612834007703,125.4081802368164,1781200
2025-09-02,124.62973542645992,125.26845224548032,121.5559135902136,124.95907592773438,2412700
2025-09-03,124.70957409455096,125.57783331976104,123.47206123762211,124.96905517578124,2497300
2025-09-04,124.74949718321652,128.57182360429547,123.55190505589964,128.22251892089844,2715400
2025-09-05,128.46203521780163,130.7374646825698,128.1326947389261,128.49197387695312,1633200
2025-09-08,127.22453106968364,128.1626421146864,126.02693132344078,127.87322998046876,2136200
2025-09-09,127.84329269545724,128.0029604807736,125.59779409884318,125.99699401855467,1470300
2025-09-10,125.66764976057318,126.46604957615136,123.76148143168508,123.87126159667967,1669500
2025-09-11,125.25847973697104,126.79539448630808,124.61976290790956,126.47603607177734,1474100
2025-09-12,126.19658519913484,126.27642670275236,122.88323894005602,122.9930191040039,1250800
2025-09-15,123.74152203078626,126.15667813990176,123.45210227680656,125.37823486328124,2084900
2025-09-16,125.37823308248883,127.32432982524116,124.7694549214033,126.93511199951172,1721100
2025-09-17,127.46404515374311,129.8193162270725,126.12672660880294,126.46604919433594,1921700
2025-09-18,127.5039690116975,128.28239704663525,126.50597302798,127.36425018310548,1513200
2025-09-19,128.02291991336023,128.29238308515994,125.7674469226842,126.0668487548828,2844300
2025-09-22,125.2484971306882,126.36625538400808,124.9191566255888,126.07683563232422,976700
2025-09-23,125.91714924928388,126.73550563714154,125.64769368857066,125.68761444091795,1281500
2025-09-24,124.91915504291906,125.70757278115062,123.83134307902182,124.1307373046875,1239900
2025-09-25,123.41218620867537,123.41218620867537,120.53795292100116,121.6457290649414,1411800
2025-09-26,121.80541212810267,123.8014040835711,121.30641413923556,123.1427230834961,1167100
2025-09-29,123.51198099282372,123.981040307918,122.3243633749556,123.5019989013672,1486100
2025-09-30,123.41999816894533,128.38999938964844,123.01000213623048,128.35000610351562,2417900
2025-10-01,128.33999633789062,138.97999572753906,128.19000244140625,138.5800018310547,4333300
2025-10-02,137.5500030517578,140.63999938964844,136.89999389648438,138.6999969482422,2228800
2025-10-03,139.0,143.08999633789062,138.85000610351562,141.63999938964844,2346000
2025-10-06,141.50999450683594,141.94000244140625,139.89999389648438,141.61000061035156,1538400
2025-10-07,141.86000061035156,142.27000427246094,138.44000244140625,138.55999755859375,1444600
2025-10-08,140.36000061035156,142.44000244140625,138.97000122070312,140.80999755859375,1698700
2025-10-09,140.27999877929688,140.94000244140625,138.47999572753906,140.11000061035156,1149900
2025-10-10,139.66000366210938,140.57000732421875,136.2899932861328,136.6199951171875,1968200
2025-10-13,137.85000610351562,139.83999633789062,136.75999450683594,138.22999572753906,1481500
2025-10-14,136.27000427246094,139.9199981689453,135.5399932861328,138.0399932861328,1142100
2025-10-15,138.67999267578125,140.22000122070312,137.35000610351562,139.64999389648438,1692500
2025-10-16,140.83999633789062,143.32000732421875,140.25999450683594,141.10000610351562,2180200
2025-10-17,139.75999450683594,142.24000549316406,139.02000427246094,141.9199981689453,1506500
2025-10-20,143.0,144.6300048828125,142.27000427246094,143.0,1580500
2025-10-21,145.3000030517578,149.5,144.27000427246094,145.67999267578125,1658400
2025-10-22,145.27999877929688,147.74000549316406,144.4600067138672,145.8699951171875,1495400
2025-10-23,146.3000030517578,148.3300018310547,145.60000610351562,147.4600067138672,1210000
2025-10-24,148.1199951171875,149.1199951171875,147.52999877929688,148.02999877929688,1135500
2025-10-27,148.27999877929688,148.64999389648438,146.52000427246094,146.58999633789062,1187900
2025-10-28,145.74000549316406,147.27000427246094,144.6300048828125,145.85000610351562,1470100
2025-10-29,145.52000427246094,146.0500030517578,142.8699951171875,143.1999969482422,1902500
2025-10-30,142.92999267578125,145.27000427246094,142.2100067138672,143.36000061035156,1519600
2025-10-31,142.77999877929688,146.99000549316406,142.60000610351562,146.36000061035156,1487200
2025-11-03,145.07000732421875,145.5800018310547,142.52999877929688,144.69000244140625,1785800
2025-11-04,143.5,148.7100067138672,143.5,146.0800018310547,2176600
2025-11-05,143.14999389648438,147.49000549316406,142.4600067138672,146.77000427246094,1664700
2025-11-06,145.7899932861328,148.00999450683594,145.10000610351562,147.49000549316406,1286000
2025-11-07,146.52000427246094,147.1199951171875,144.5800018310547,146.74000549316406,1027200
2025-11-10,146.92999267578125,147.8800048828125,145.10000610351562,146.36000061035156,1310500
2025-11-11,146.91000366210938,149.97999572753906,146.77999877929688,149.4199981689453,1218600
2025-11-12,149.91000366210938,152.6699981689453,148.77999877929688,151.52000427246094,2064500
2025-11-13,149.44000244140625,152.10000610351562,146.52000427246094,146.88999938964844,1940700
2025-11-14,145.32000732421875,148.0,144.5,146.82000732421875,1302600
2025-11-17,146.3699951171875,147.0399932861328,144.0500030517578,144.52000427246094,1445600
2025-11-18,143.24000549316406,145.2899932861328,140.24000549316406,143.83999633789062,2330800
2025-11-19,145.49000549316406,145.49000549316406,142.75999450683594,144.39999389648438,1848300
2025-11-20,147.16000366210938,147.36000061035156,143.9499969482422,145.05999755859375,1443700
2025-11-21,144.47000122070312,151.75999450683594,144.47000122070312,151.25,2469000
2025-11-24,151.89999389648438,153.60000610351562,150.47000122070312,153.60000610351562,3984500
2025-11-25,150.77999877929688,160.27000427246094,148.0,157.1999969482422,3698000
2025-11-26,155.74000549316406,158.1199951171875,154.02000427246094,154.3699951171875,3294300
2025-11-28,153.22613525390625,154.28424163359287,152.9466360302745,153.8350475407251,1531600
2025-12-01,149.83221435546875,153.67533647443682,148.92383422075108,152.26784838414673,2043900
2025-12-02,148.5445098876953,151.18979123724307,148.48461936903402,150.69068327297742,1653000
2025-12-03,148.9936981201172,151.1598247716242,148.83399515385494,149.50279797174798,2163100
2025-12-04,148.05538940429688,149.5327446695141,143.96269812705688,148.99369955454665,2865100
2025-12-05,145.23043823242188,148.7341705932343,144.5017296513785,148.5245385502407,2142100
2025-12-08,142.18588256835938,144.56164140702484,141.92633667276738,144.56164140702484,2195300
2025-12-09,140.3890838623047,142.51528860788216,139.96983501120994,142.04612591536915,2324500
2025-12-10,143.2140350341797,143.67320581415092,140.80833108240452,141.25752518683402,1864000
2025-12-11,142.61509704589844,143.62330482685178,141.8864037227085,143.31386034295875,1226100
2025-12-12,139.4307861328125,142.59514386088398,138.9017329374968,142.33559798513747,1961800
2025-12-15,140.3491668701172,143.11421404957463,139.47073197123504,141.5669915320887,2712100
2025-12-16,138.94168090820312,140.2593180454932,137.79372342353554,140.22937278543432,1798800
2025-12-17,136.4161834716797,139.06144941558713,136.0268798944336,138.4225918726303,2242000
2025-12-18,136.65574645996094,138.73203729658283,135.9869436550955,136.84540991224142,2693900
2025-12-19,136.9951629638672,138.0233241776132,136.18659524688536,136.96521770378268,4959100
2025-12-22,138.2728729248047,138.94167576061898,136.9652125121256,137.37446946162328,2038300
2025-12-23,138.1131591796875,138.67215767353767,137.3944424785754,137.92349571250978,1208700
2025-12-24,138.07322692871094,138.32278089707697,137.52420515199256,138.10317218638963,509000
2025-12-26,138.14309692382812,138.38267422168664,137.62402039425086,138.25290128140088,739300
2025-12-29,137.6839141845703,138.82189495278203,137.37446968720724,138.15307688430337,1640800
2025-12-30,137.3744659423828,137.9135110527957,136.58588209097263,137.3245673331228,2423100
2025-12-31,135.82723999023438,137.72384404011032,135.79727950126005,137.3644857196368,950000
2026-01-02,137.70388793945312,137.70388793945312,135.0286764913311,135.99694718616084,1650600
2026-01-05,142.67498779296875,142.71492495767072,137.41440109511385,137.4243777705066,2981500
2026-01-06,147.60000610351562,148.55999755859375,142.1699981689453,142.17999267578125,2627700
2026-01-07,147.80999755859375,149.38999938964844,145.5500030517578,147.63999938964844,2279000
2026-01-08,145.75999450683594,148.74000549316406,145.3699951171875,146.74000549316406,1728700
2026-01-09,148.52000427246094,150.02999877929688,147.14999389648438,147.47999572753906,1818800
2026-01-12,147.99000549316406,150.0,146.91000366210938,148.60000610351562,1127900
2026-01-13,146.32000732421875,150.10000610351562,143.13999938964844,148.57000732421875,2593400
2026-01-14,145.9199981689453,148.3699951171875,145.52000427246094,146.41000366210938,1684100
2026-01-15,144.8300018310547,146.89999389648438,144.67999267578125,146.58999633789062,1675000
2026-01-16,139.63999938964844,144.8800048828125,139.49000549316406,144.1999969482422,2603400
2026-01-20,135.8300018310547,138.77000427246094,134.6300048828125,138.0,3300700
2026-01-21,139.77000427246094,140.47000122070312,136.02000427246094,136.22000122070312,1988100
2026-01-22,138.6300048828125,141.19000244140625,138.42999267578125,139.3000030517578,1453200
2026-01-23,135.0500030517578,138.3699951171875,133.9600067138672,138.0,1811600
2026-01-26,135.64999389648438,136.9600067138672,134.10000610351562,134.72000122070312,1551900
2026-01-27,135.9499969482422,137.08999633789062,134.05999755859375,134.49000549316406,1422500
2026-01-28,133.8699951171875,135.57000732421875,133.39999389648438,135.39999389648438,1682600
2026-01-29,133.27000427246094,133.30999755859375,129.6300048828125,132.75,1919100
2026-01-30,133.85000610351562,133.94000244140625,131.0800018310547,131.94000244140625,1808000
2026-02-02,135.38999938964844,135.57000732421875,132.1199951171875,132.6300048828125,1487800
2026-02-03,132.13999938964844,137.85000610351562,131.55999755859375,135.38999938964844,2462900
2026-02-04,132.97999572753906,134.8699951171875,132.30999755859375,132.30999755859375,1958400
2026-02-05,129.63999938964844,133.4499969482422,129.35000610351562,132.19000244140625,1480100
2026-02-06,129.5800018310547,131.42999267578125,128.6300048828125,130.32000732421875,1931000
2026-02-09,127.5,128.0,125.68000030517578,127.79000091552734,2233500
2026-02-10,129.0,129.97999572753906,127.29000091552734,128.2899932861328,2124500
2026-02-11,128.89999389648438,129.55999755859375,127.13999938964844,128.02999877929688,2062400
2026-02-12,124.87999725341797,129.0,120.98999786376953,129.0,3440900
2026-02-13,125.80999755859375,127.7699966430664,125.0199966430664,125.5999984741211,1527900
2026-02-17,123.87000274658203,125.91000366210938,122.98999786376953,125.87000274658203,2110500
2026-02-18,126.94000244140625,126.98999786376953,123.05000305175781,123.63999938964844,1370400
2026-02-19,126.33999633789062,126.36000061035156,123.66000366210938,126.01000213623047,1892900
2026-02-20,122.9000015258789,125.80000305175781,122.05999755859375,125.19999694824219,4242900
2026-02-23,124.19999694824219,124.26000213623047,121.68000030517578,121.83000183105469,2359400
2026-02-24,124.4000015258789,125.83000183105469,123.12999725341797,124.51000213623047,2729600
2026-02-25,124.72000122070312,125.58999633789062,123.44000244140625,125.51000213623047,2469300
2026-02-26,120.97000122070312,124.41000366210938,114.48999786376953,121.88999938964844,6096600
2026-02-27,121.37999725341797,121.9800033569336,119.05000305175781,119.61000061035156,4333600
2026-03-02,118.16999816894531,119.4000015258789,117.61000061035156,118.8499984741211,3478000
2026-03-03,119.04000091552734,119.0999984741211,115.0,116.63999938964844,2770900
2026-03-04,120.54000091552734,121.16999816894531,119.25,119.58000183105469,2806100
2026-03-05,118.11000061035156,120.29000091552734,117.0999984741211,118.9000015258789,2657400
2026-03-06,115.06999969482422,116.7699966430664,114.91000366210938,116.66000366210938,2517300
2026-03-09,116.63999938964844,116.70999908447266,113.31999969482422,113.93000030517578,3207800
2026-03-10,115.43000030517578,117.04000091552734,114.45999908447266,115.51000213623047,2340100
2026-03-11,115.41999816894531,116.66999816894531,114.13999938964844,115.58000183105469,1547500
2026-03-12,111.62999725341797,114.19000244140625,110.88999938964844,113.51000213623047,2202800
2026-03-13,111.51000213623047,113.6500015258789,111.0199966430664,113.16999816894531,1720500
2026-03-16,111.83000183105469,114.06999969482422,111.43000030517578,113.18000030517578,1462900
2026-03-17,112.75,114.9000015258789,112.6500015258789,112.94000244140625,2284100
2026-03-18,111.5,112.41999816894531,110.33000183105469,111.69999694824219,2404400
2026-03-19,111.75,112.58999633789062,110.48999786376953,110.66999816894531,2759000
2026-03-20,111.30000305175781,112.51000213623047,110.18000030517578,111.56999969482422,4402284
