Date,Open,High,Low,Close,Volume
1992-06-17,4.869370738352378,5.012587524774506,4.439720379085991,4.547132968902588,902000
1992-06-18,4.547136692047119,4.547136692047119,4.2965071105957024,4.475528240203857,421400
1992-06-19,4.475523555089557,4.54713193197099,4.43971936664884,4.511327743530273,453400
1992-06-22,4.511328876995649,4.511328876995649,4.332307889813283,4.368112087249756,597200
1992-06-23,4.368112160907529,4.43972055698798,4.368112160907529,4.403916358947754,853800
1992-06-24,4.403915724478478,4.439719917360416,4.296503145832661,4.3323073387146,357600
1992-06-25,4.403916358947754,4.475524755028205,4.403916358947754,4.403916358947754,785000
1992-06-26,4.403915959019815,4.439720153808594,4.368111764231036,4.439720153808594,435000
1992-06-29,4.403919788360596,4.475528240203857,4.368115562438964,4.475528240203857,386600
1992-06-30,4.475526107374088,4.618742942810059,4.475526107374088,4.618742942810059,884400
1992-07-01,4.511327743530273,4.54713193197099,4.475523555089557,4.511327743530273,552600
1992-07-02,4.547134525092073,4.618742942810059,4.403917689656102,4.618742942810059,1788200
1992-07-06,4.547132738174931,4.547132738174931,4.403915959019815,4.439720153808594,580400
1992-07-07,4.475525811187223,4.475525811187223,4.117483746292245,4.18909215927124,1147000
1992-07-08,4.22489442911234,4.22489442911234,3.902656718417331,3.974265098571777,1192800
1992-07-09,3.9742669203342538,4.18909215927124,3.9742669203342538,4.18909215927124,2136600
1992-07-10,4.117481143851029,4.153285327710603,4.045872776131881,4.081676959991455,866200
1992-07-13,4.0816813012828,4.153289745164955,4.0816813012828,4.117485523223877,846600
1992-07-14,4.081679007102703,4.153287410736084,4.081679007102703,4.153287410736084,990000
1992-07-15,4.153287952781742,4.224896365760738,4.153287952781742,4.18909215927124,1080400
1992-07-16,4.153289745164955,4.189093967106031,4.0816813012828,4.117485523223877,2689000
1992-07-17,4.0458753333132496,4.18909215927124,4.0458753333132496,4.18909215927124,840400
1992-07-20,3.974264408412732,4.117481143851029,3.9384602245531584,4.081676959991455,1228200
1992-07-21,4.010068592272306,4.153285327710603,4.010068592272306,4.081676959991455,1279600
1992-07-22,3.974266084574037,4.332308074175302,3.974266084574037,4.224895477294922,2743000
1992-07-23,4.18909215927124,4.296504778739734,4.18909215927124,4.18909215927124,2203800
1992-07-24,4.153287150278812,4.296503948564289,4.153287150278812,4.26069974899292,1404000
1992-07-27,4.260700293382009,4.332308701674144,4.189091885089875,4.296504497528076,1308000
1992-07-28,4.260700293382009,4.332308701674144,4.2248960892359415,4.296504497528076,1134400
1992-07-29,4.296503875215175,4.332308074175302,4.153287079374669,4.224895477294922,1697600
1992-07-30,4.260700293382009,4.296504497528076,4.153287680943807,4.296504497528076,912800
1992-07-31,4.2606989529507215,4.3323073387146,4.2606989529507215,4.3323073387146,1303000
1992-08-03,4.296503764827078,4.403916358947754,4.260699566786852,4.403916358947754,1616800
1992-08-04,4.403915959019815,4.475524348597373,4.403915959019815,4.439720153808594,1457000
1992-08-05,4.439720153808594,4.475524348597373,4.439720153808594,4.439720153808594,492000
1992-08-06,4.403916284686229,4.439720482122703,4.296503692376809,4.368112087249756,1277800
1992-08-07,4.260700293382009,4.332308701674144,4.260700293382009,4.296504497528076,306200
1992-08-10,4.189091349850181,4.296503948564289,4.153287150278812,4.26069974899292,593000
1992-08-11,4.260700016186155,4.260700016186155,4.153287410736084,4.153287410736084,1804800
1992-08-12,4.260700016186155,4.296504218002845,4.081679007102703,4.153287410736084,1591600
1992-08-13,4.189091885089875,4.332308701674144,4.189091885089875,4.296504497528076,1100600
1992-08-14,4.296502612885975,4.54713193197099,4.296502612885975,4.511327743530273,1476600
1992-08-17,4.439720379085991,4.58293716550812,4.439720379085991,4.547132968902588,1461000
1992-08-18,4.582937240600586,4.690349832177162,4.547133043408394,4.582937240600586,1660200
1992-08-19,4.58293716550812,4.654545558719184,4.511328772297056,4.547132968902588,928000
1992-08-20,4.582938733951066,4.618742942810059,4.582938733951066,4.618742942810059,370400
1992-08-21,4.58293984153054,4.761960929090327,4.58293984153054,4.726156711578369,3771600
1992-08-24,4.547134525092073,4.690351360528044,4.547134525092073,4.618742942810059,2085000
1992-08-25,4.654543876647949,4.690348060314472,4.547131325648381,4.654543876647949,1168800
1992-08-26,4.618741657897716,4.69035005569458,4.582937458999284,4.69035005569458,1347000
1992-08-27,4.690348060314472,4.726152243980994,4.654543876647949,4.654543876647949,764400
1992-08-28,4.618742942810059,4.654547151669051,4.582938733951066,4.618742942810059,516800
1992-08-31,4.654547151669051,4.654547151669051,4.618742942810059,4.618742942810059,304000
1992-09-01,4.600626468658447,4.672511257231236,4.564684074372053,4.600626468658447,1067400
1992-09-02,4.564683751454429,4.6006261431981645,4.492798967966958,4.528741359710693,1153600
1992-09-03,4.528745040893555,4.564687461853027,4.492802619934082,4.492802619934082,474800
1992-09-04,4.528742325015184,4.528742325015184,4.420915126800537,4.420915126800537,461600
1992-09-08,4.456857526205419,4.492799925610302,4.420915126800537,4.420915126800537,693800
1992-09-09,4.456857666255921,4.564684867858887,4.456857666255921,4.564684867858887,474200
1992-09-10,4.600627268393208,4.63656966892753,4.528742467324564,4.564684867858887,867200
1992-09-11,4.600627268393208,4.63656966892753,4.528742467324564,4.564684867858887,856600
1992-09-14,4.636570887132125,4.74439811706543,4.636570887132125,4.74439811706543,1092800
1992-09-15,4.636570453643799,4.708455266878587,4.636570453643799,4.636570453643799,1036400
1992-09-16,4.600625375600962,4.672510147094727,4.528740604107197,4.672510147094727,864000
1992-09-17,4.672510147094727,4.672510147094727,4.600625375600962,4.672510147094727,660000
1992-09-18,4.672512207322448,4.708454608917236,4.63656980572766,4.708454608917236,1351400
1992-09-21,4.672510147094727,4.708452532841609,4.636567761347845,4.672510147094727,491200
1992-09-22,4.672512860261193,4.708455266878587,4.636570453643799,4.636570453643799,1030000
1992-09-23,4.600627268393208,4.63656966892753,4.492800066790243,4.564684867858887,714800
1992-09-24,4.564682989854079,4.708452532841609,4.564682989854079,4.672510147094727,639400
1992-09-25,4.672510147094727,4.672510147094727,4.600625375600962,4.672510147094727,438800
1992-09-28,4.63656980572766,4.708454608917236,4.63656980572766,4.708454608917236,217600
1992-09-29,4.708455266878587,4.708455266878587,4.636570453643799,4.636570453643799,313000
1992-09-30,4.672511257231236,4.672511257231236,4.564684074372053,4.600626468658447,675200
1992-10-01,4.564683751454429,4.6006261431981645,4.456856576223222,4.528741359710693,727800
1992-10-02,4.528741359710693,4.6006261431981645,4.456856576223222,4.528741359710693,376000
1992-10-05,4.492802619934082,4.528745040893555,4.277148094177246,4.492802619934082,815800
1992-10-06,4.456857204437256,4.492799601247234,4.313087617197344,4.456857204437256,600800
1992-10-07,4.492800066790243,4.600627268393208,4.456857666255921,4.564684867858887,491400
1992-10-08,4.564684074372053,4.636568862944841,4.564684074372053,4.600626468658447,327400
1992-10-09,4.564684066616121,4.564684066616121,4.384972095489502,4.384972095489502,628200
1992-10-12,4.4209148115363,4.456857208378059,4.313087621011025,4.349030017852783,629600
1992-10-13,4.349030327990772,4.456857526205419,4.349030327990772,4.420915126800537,1432200
1992-10-14,4.384972727395654,4.492799925610302,4.349030327990772,4.420915126800537,941200
1992-10-15,4.384972414694542,4.456857208378059,4.349030017852783,4.349030017852783,944000
1992-10-16,4.349029701264179,4.384972095489502,4.349029701264179,4.384972095489502,404800
1992-10-19,4.384971792735751,4.528741359710693,4.384971792735751,4.528741359710693,336200
1992-10-20,4.564683751454429,4.6365685349419,4.492798967966958,4.528741359710693,1016800
1992-10-21,4.528741359710693,4.528741359710693,4.492798967966958,4.528741359710693,297000
1992-10-22,4.528741998057212,4.564684394867189,4.3849724108173005,4.456857204437256,648800
1992-10-23,4.3849724108173005,4.456857204437256,4.3849724108173005,4.456857204437256,455400
1992-10-26,4.456860198974609,4.528745040893555,4.456860198974609,4.492802619934082,757600
1992-10-27,4.528742467324564,4.600627268393208,4.492800066790243,4.564684867858887,611600
1992-10-28,4.564684074372053,4.600626468658447,4.528741680085659,4.600626468658447,1490800
1992-10-29,4.564687461853027,4.564687461853027,4.492802619934082,4.492802619934082,442000
1992-10-30,4.528741359710693,4.564683751454429,4.492798967966958,4.528741359710693,786200
1992-11-02,4.564684867858887,4.600627268393208,4.528742467324564,4.564684867858887,529000
1992-11-03,4.564684867858887,4.63656966892753,4.564684867858887,4.564684867858887,1005000
1992-11-04,4.564684867858887,4.564684867858887,4.528742467324564,4.564684867858887,338000
1992-11-05,4.528743233791618,4.636570453643799,4.528743233791618,4.636570453643799,1018800
1992-11-06,4.564682989854079,4.744394918588492,4.564682989854079,4.672510147094727,1850000
1992-11-09,4.636570887132125,4.852225346998735,4.636570887132125,4.74439811706543,1272200
1992-11-10,4.744397462303959,4.92410948739123,4.744397462303959,4.816282272338867,2574600
1992-11-11,4.852223554078271,4.8881659507751465,4.816281157381394,4.8881659507751465,974400
1992-11-12,4.85222355763715,4.85222355763715,4.744396367467436,4.780338764190674,1504400
1992-11-13,4.744397462303959,4.816282272338868,4.708455057286505,4.816282272338867,654600
1992-11-16,4.816279690082257,4.816279690082257,4.636567761347845,4.672510147094727,2219600
1992-11-17,4.672512860261193,4.708455266878587,4.600628047026405,4.636570453643799,2032000
1992-11-18,4.636570887132125,4.780340527043198,4.636570887132125,4.74439811706543,807200
1992-11-19,4.708455707087662,4.780340527043198,4.6725132971098935,4.74439811706543,1040000
1992-11-20,4.780340527043198,4.780340527043198,4.6725132971098935,4.74439811706543,1954000
1992-11-23,4.70845365151763,4.744396045804024,4.600626468658447,4.600626468658447,1565400
1992-11-24,4.636567761347845,4.744394918588492,4.636567761347845,4.672510147094727,470400
1992-11-25,4.744396367467436,4.8162811609139125,4.7084539707441975,4.780338764190674,1022000
1992-11-27,4.7803398673214135,4.816282272338868,4.7803398673214135,4.816282272338867,747800
1992-11-30,4.816282937020967,4.852225346998735,4.74439811706543,4.74439811706543,998000
1992-12-01,4.7622909400299305,4.834446863363717,4.690135016696144,4.726212978363037,2407000
1992-12-02,4.726212537378297,4.83444641228009,4.690134579077699,4.798368453979492,1942400
1992-12-03,4.798369396816601,4.870525327595798,4.762291431427002,4.762291431427002,1448200
1992-12-04,4.834446430206299,4.870524388640674,4.798368471771923,4.834446430206299,1611400
1992-12-07,4.798368471771923,4.870524388640674,4.762290513337548,4.834446430206299,884800
1992-12-08,4.762290495678895,4.798368453979492,4.762290495678895,4.798368453979492,1178000
1992-12-09,4.798369396816601,4.834447362206199,4.762291431427002,4.762291431427002,815000
1992-12-10,4.762291929456922,4.906603806107133,4.762291929456922,4.87052583694458,1170600
1992-12-11,4.798368453979492,4.83444641228009,4.762290495678895,4.798368453979492,461600
1992-12-14,4.798369374642005,4.8344473398648775,4.690135478973389,4.690135478973389,967400
1992-12-15,4.545822188258171,4.617978096008301,4.509744234383106,4.617978096008301,2203000
1992-12-16,4.617979548527644,4.726213444196261,4.617979548527644,4.690135478973389,834600
1992-12-17,4.6540566380344215,4.870524388640674,4.6540566380344215,4.834446430206299,1126000
1992-12-18,4.83444641228009,4.83444641228009,4.726212537378297,4.798368453979492,1563200
1992-12-21,4.834447362206199,4.834447362206199,4.762291431427002,4.762291431427002,901000
1992-12-22,4.798369396816601,4.870525327595798,4.726213466037404,4.762291431427002,1963800
1992-12-23,4.798369396816601,4.834447362206199,4.762291431427002,4.762291431427002,474600
1992-12-24,4.762291431427002,4.798369396816601,4.726213466037404,4.762291431427002,447800
1992-12-28,4.690135478973389,4.726213444196261,4.581901583304772,4.690135478973389,1947200
1992-12-29,4.690135478973389,4.762291409419133,4.690135478973389,4.690135478973389,482400
1992-12-30,4.690135500647806,4.762291431427002,4.690135500647806,4.762291431427002,591000
1992-12-31,4.726212554903173,4.834446430206299,4.726212554903173,4.834446430206299,1022000
1993-01-04,4.798368901696824,4.834446863363717,4.726212978363037,4.726212978363037,1185200
1993-01-05,4.726213466037404,4.834447362206199,4.690135500647806,4.762291431427002,878600
1993-01-06,4.798369898619475,4.906603806107133,4.762291929456922,4.87052583694458,564400
1993-01-07,4.870523031610642,5.050912773522147,4.870523031610642,4.942678928375244,3073800
1993-01-08,4.906603806107133,5.0148377135947895,4.834447867782028,4.87052583694458,1084000
1993-01-11,4.834449277407882,4.978761196136475,4.798371297725733,4.978761196136475,1454400
1993-01-12,4.942678928375244,4.942678928375244,4.870523031610642,4.942678928375244,1041400
1993-01-13,4.942679380669313,4.978757332353031,4.906601428985596,4.906601428985596,905800
1993-01-14,4.906600979992943,4.978756876757545,4.906600979992943,4.942678928375244,704800
1993-01-15,4.942680305509425,4.942680305509425,4.798368471771923,4.834446430206299,1567000
1993-01-18,4.834446430206299,4.870524388640674,4.834446430206299,4.834446430206299,521600
1993-01-19,4.834449277407882,4.978761196136475,4.834449277407882,4.978761196136475,1416200
1993-01-20,4.906605236772178,5.014839175818623,4.834449277407882,4.978761196136475,1809200
1993-01-21,4.978761196136475,5.014839175818623,4.906605236772178,4.978761196136475,2216200
1993-01-22,4.942680305509425,4.9787582639438,4.834446430206299,4.834446430206299,2587600
1993-01-25,4.870523031610642,4.978756876757545,4.83444508322834,4.942678928375244,2629200
1993-01-26,4.978756876757545,5.050912773522147,4.906600979992943,4.942678928375244,1378800
1993-01-27,4.906603806107133,4.942681775269685,4.798369898619475,4.87052583694458,3023400
1993-01-28,4.798368471771923,4.870524388640674,4.762290513337548,4.834446430206299,1312600
1993-01-29,4.83444641228009,4.870524370580688,4.726212537378297,4.798368453979492,1787800
1993-02-01,4.834447867782028,4.87052583694458,4.798369898619475,4.87052583694458,490600
1993-02-02,4.8705234773018775,4.942679380669313,4.83444552561816,4.906601428985596,1114600
1993-02-03,4.906601428985596,4.978757332353031,4.906601428985596,4.906601428985596,1257600
1993-02-04,4.942678928375244,4.978756876757545,4.870523031610642,4.942678928375244,1058600
1993-02-05,4.978756876757545,5.086990721904448,4.942678928375244,4.942678928375244,1071200
1993-02-08,5.014837761999855,5.123071670532227,5.014837761999855,5.123071670532227,2291800
1993-02-09,5.050915241241455,5.086993207250322,4.97875930922372,5.050915241241455,1717000
1993-02-10,5.050914337585022,5.1952261758017375,5.050914337585022,5.159148216247559,1820200
1993-02-11,5.159151567634962,5.195229550625416,5.086995601654053,5.086995601654053,596200
1993-02-12,5.123071670532227,5.159149640043017,5.123071670532227,5.123071670532227,425200
1993-02-16,5.123068670286749,5.15914661866905,4.942678928375244,4.942678928375244,1180600
1993-02-17,4.978759744432238,4.978759744432238,4.834447867782028,4.87052583694458,1200400
1993-02-18,5.05091515454379,5.05091515454379,4.762291431427002,4.762291431427002,2241800
1993-02-19,4.834447867782028,4.942681775269685,4.798369898619475,4.87052583694458,732000
1993-02-22,4.942680305509425,4.942680305509425,4.834446430206299,4.834446430206299,697200
1993-02-23,4.834446430206299,4.906602347075049,4.834446430206299,4.834446430206299,556400
1993-02-24,4.834446430206299,4.906602347075049,4.798368471771923,4.834446430206299,1198800
1993-02-25,4.834447867782028,4.87052583694458,4.798369898619475,4.87052583694458,763600
1993-02-26,4.870523031610642,4.942678928375244,4.79836713484604,4.942678928375244,810000
1993-03-01,4.888221683786877,4.960639782805941,4.815803584767812,4.852012634277344,545200
1993-03-02,4.852011336999781,4.924429416656494,4.815802297171425,4.924429416656494,595600
1993-03-03,4.85201363740144,4.924431751392506,4.85201363740144,4.888222694396973,727000
1993-03-04,4.888220376828138,4.924429416656494,4.852011336999781,4.924429416656494,946400
1993-03-05,4.924429416656494,4.996847496313207,4.888220376828138,4.924429416656494,992200
1993-03-08,4.960640633359869,5.1778949676676005,4.924431577641914,5.1054768562316895,635600
1993-03-09,5.0692690549975765,5.0692690549975765,4.960641860961914,4.960641860961914,416600
1993-03-10,4.960641943293509,5.069269139132054,4.924432878013994,5.033060073852539,644000
1993-03-11,5.0330605126809385,5.0330605126809385,4.996851444244385,4.996851444244385,411000
1993-03-12,4.996847496313207,4.996847496313207,4.888220376828138,4.924429416656494,554000
1993-03-15,4.996851444244385,5.0330605126809385,4.924433307371277,4.996851444244385,682600
1993-03-16,4.996847496313207,4.996847496313207,4.924429416656494,4.924429416656494,471800
1993-03-17,4.960641983577183,5.105478245871407,4.924432918003627,5.069269180297852,860400
1993-03-18,5.069269139132054,5.105478204411568,4.996851008573024,5.033060073852539,417200
1993-03-19,5.069269139132054,5.069269139132054,5.033060073852539,5.033060073852539,451400
1993-03-22,4.99685104915074,5.069269180297852,4.924432918003627,5.069269180297852,550800
1993-03-23,5.069268833507191,5.21410508589311,5.069268833507191,5.177896022796631,717200
1993-03-24,5.214104023385556,5.214104023385556,5.069267800513734,5.1054768562316895,740400
1993-03-25,5.10547685623169,5.1778949676676005,5.033058744795779,5.1054768562316895,714200
1993-03-26,5.14168695970015,5.21410508589311,5.105477896603671,5.177896022796631,646200
1993-03-29,5.177895167778279,5.28652233913027,5.177895167778279,5.25031328201294,582000
1993-03-30,5.214102745056152,5.25031179189682,5.177893698215485,5.214102745056152,544600
1993-03-31,5.214104023385556,5.250313079103511,4.852013466206003,5.1054768562316895,505400
1993-04-01,5.10547811967613,5.1416871843546845,4.92443279628336,4.960641860961914,478600
1993-04-02,4.924430733296409,4.960639782805941,4.852012634277344,4.852012634277344,565600
1993-04-05,4.852011336999781,4.960638456484851,4.852011336999781,4.924429416656494,528400
1993-04-06,4.924430675076363,4.960639724157807,4.815803527832031,4.815803527832031,713400
1993-04-07,4.888221683786877,4.924430733296409,4.852012634277344,4.852012634277344,615400
1993-04-08,4.924430733296409,4.924430733296409,4.852012634277344,4.852012634277344,455600
1993-04-12,4.924432918003627,5.069269180297852,4.888223852430071,5.069269180297852,433000
1993-04-13,5.10547685623169,5.10547685623169,4.960640633359869,5.1054768562316895,365000
1993-04-14,5.033060073852539,5.1778963349705975,5.033060073852539,5.033060073852539,320000
1993-04-15,5.033058744795779,5.1778949676676005,5.033058744795779,5.1054768562316895,405400
1993-04-16,5.141687870025635,5.250315078547303,5.105478800518412,5.141687870025635,968000
1993-04-19,5.177895216092671,5.322731445913445,5.177895216092671,5.286522388458252,1175200
1993-04-20,5.21410508589311,5.250314148989591,5.14168695970015,5.177896022796631,538600
1993-04-21,5.21410508589311,5.250314148989591,5.14168695970015,5.177896022796631,376600
1993-04-22,5.177893698215485,5.395147979259491,5.177893698215485,5.214102745056152,1271600
1993-04-23,5.14168695970015,5.21410508589311,5.105477896603671,5.177896022796631,323800
1993-04-26,5.033058251791854,5.069267303963018,4.381295312710894,4.453713417053223,2802400
1993-04-27,4.417504577313439,4.417504577313439,4.127832146014197,4.272668361663818,3280600
1993-04-28,4.308877519766489,4.526131848494211,4.308877519766489,4.345086574554443,1824200
1993-04-29,4.417502813102785,4.453711852554447,4.34508473419946,4.381293773651123,1260000
1993-04-30,4.4175040054321295,4.598549251556396,4.4175040054321295,4.5261311531066895,948400
1993-05-03,4.562343120574951,4.562343120574951,4.453715903418404,4.562343120574951,384000
1993-05-04,4.562341009984251,4.562341009984251,4.417504787445068,4.417504787445068,2682200
1993-05-05,4.417504787445068,4.48992289871466,4.417504787445068,4.417504787445068,532200
1993-05-06,4.381293773651123,4.453711852554447,4.34508473419946,4.381293773651123,692000
1993-05-07,4.381295629342397,4.453713738918304,4.345086574554443,4.345086574554443,1197000
1993-05-10,4.308877415576224,4.345086469488629,4.236459307751413,4.272668361663818,781200
1993-05-11,4.308877415576224,4.308877415576224,4.236459307751413,4.272668361663818,448600
1993-05-12,4.308877519766489,4.381295629342397,4.272668464978536,4.345086574554443,555600
1993-05-13,4.345086415608724,4.38129546907213,4.236459255218506,4.236459255218506,1181600
1993-05-14,4.200249613886294,4.272667710677437,4.164040565490723,4.164040565490723,648200
1993-05-17,4.127831517095151,4.236458662281866,4.09162246869958,4.164040565490723,500800
1993-05-18,4.272668361663818,4.308877415576224,4.236459307751413,4.272668361663818,1209200
1993-05-19,4.2364591040262365,4.453713417053223,4.2364591040262365,4.453713417053223,1440800
1993-05-20,4.417504364882059,4.562340573566717,4.417504364882059,4.453713417053223,836600
1993-05-21,4.5261311531066895,4.562340202331543,4.4175040054321295,4.5261311531066895,631400
1993-05-24,4.489922103881836,4.562340202331543,4.4175040054321295,4.5261311531066895,528400
1993-05-25,4.489922469224387,4.634758677909045,4.453713417053223,4.453713417053223,909000
1993-05-26,4.48992497580392,4.598552192960466,4.381297758647373,4.562343120574951,617200
1993-05-27,4.598550841212273,4.634759902954102,4.526132717728615,4.634759902954102,623200
1993-05-28,4.562340202331543,4.598549251556396,4.453713054656983,4.5261311531066895,254400
1993-06-01,4.471455029078892,4.580514907836914,4.471455029078892,4.580514907836914,323800
1993-06-02,4.544162273406982,4.616868869781494,4.507808975219727,4.544162273406982,401400
1993-06-03,4.580515050888061,4.580515050888061,4.326041992505392,4.362395286560059,531400
1993-06-04,4.253337928227015,4.362397875104631,4.253337928227015,4.32604455947876,1171000
1993-06-07,4.326044284691245,4.362397598007978,4.2169843447410456,4.289690971374512,499200
1993-06-08,4.2896911751510745,4.326044490194728,4.216984545063768,4.253337860107422,615400
1993-06-09,4.289691243852888,4.398751190730503,4.253337928227015,4.32604455947876,789200
1993-06-10,4.3260412750573,4.398747851108682,4.180628122954533,4.216981410980225,1046600
1993-06-11,4.216984545063768,4.326044490194728,4.216984545063768,4.253337860107422,441200
1993-06-14,4.253337658057779,4.362397598007978,4.253337658057779,4.289690971374512,548800
1993-06-15,4.289691775298315,4.398751735687256,4.289691775298315,4.398751735687256,494000
1993-06-16,4.362397272078717,4.471457203880685,4.326043961478061,4.435103893280029,1691800
1993-06-17,4.471457281420308,4.507810592651367,4.435103970189249,4.507810592651367,957600
1993-06-18,4.435103893280029,4.471457203880685,4.398750582679373,4.435103893280029,954400
1993-06-21,4.471455677032471,4.65322216796875,4.435102378845215,4.544162273406982,1495000
1993-06-22,4.544162273406982,4.616868869781494,4.507808975219727,4.544162273406982,493200
1993-06-23,4.507810592651367,4.580517215113487,4.507810592651367,4.507810592651367,933400
1993-06-24,4.507810514481341,4.507810514481341,4.435103893280029,4.435103893280029,570000
1993-06-25,4.507811696076196,4.507811696076196,4.3623984155576085,4.398751735687256,1148600
1993-06-28,4.362397077606945,4.471457004547119,4.362397077606945,4.471457004547119,806400
1993-06-29,4.435103893280029,4.471457203880685,4.398750582679373,4.435103893280029,1304800
1993-06-30,4.471457281420308,4.580517215113487,4.435103970189249,4.507810592651367,1685800
1993-07-01,4.616868200756255,4.653221493675595,4.507808321998232,4.580514907836914,1349600
1993-07-02,4.580514907836914,4.616868200756255,4.544161614917573,4.580514907836914,448800
1993-07-06,4.616870526344545,4.689577148806665,4.507810592651367,4.507810592651367,1088000
1993-07-07,4.544163903882427,4.544163903882427,4.471457281420308,4.507810592651367,267000
1993-07-08,4.544163588434458,4.725930131971836,4.507810279726982,4.653223514556885,803400
1993-07-09,4.616868869781494,4.65322216796875,4.507808975219727,4.544162273406982,339000
1993-07-12,4.507808538583609,4.72592830657959,4.507808538583609,4.72592830657959,1114800
1993-07-13,4.653224674735482,4.7259313102782246,4.58051803919274,4.616871356964111,1293200
1993-07-14,4.580515571594239,4.580515571594239,4.471455677032471,4.544162273406982,1409600
1993-07-15,4.580516897141933,4.725930131971836,4.507810279726982,4.653223514556885,827200
1993-07-16,4.653223514556885,4.653223514556885,4.544163588434458,4.653223514556885,681200
1993-07-19,4.65322216796875,4.65322216796875,4.507808975219727,4.544162273406982,263000
1993-07-20,4.507810313527177,4.544163622507234,4.471457004547119,4.471457004547119,563400
1993-07-21,4.471458085878628,4.616871356964111,4.471458085878628,4.616871356964111,617400
1993-07-22,4.580515571594239,4.65322216796875,4.544162273406982,4.544162273406982,767800
1993-07-23,4.544161614917573,4.653221493675595,4.544161614917573,4.580514907836914,413800
1993-07-26,4.544161614917573,4.616868200756255,4.507808321998232,4.580514907836914,1005200
1993-07-27,4.616868869781494,4.616868869781494,4.507808975219727,4.544162273406982,658800
1993-07-28,4.616868200756255,4.725928079514276,4.544161614917573,4.580514907836914,1789200
1993-07-29,4.580515571594239,4.65322216796875,4.544162273406982,4.544162273406982,839800
1993-07-30,4.544162273406982,4.580515571594239,4.471455677032471,4.544162273406982,1002000
1993-08-02,4.507808975219727,4.580515571594239,4.471455677032471,4.544162273406982,504600
1993-08-03,4.507810592651367,4.580517215113487,4.471457281420308,4.507810592651367,1130000
1993-08-04,4.544162273406982,4.616868869781494,4.507808975219727,4.544162273406982,721200
1993-08-05,4.544163903882427,4.580517215113487,4.471457281420308,4.507810592651367,537400
1993-08-06,4.507808321998232,4.580514907836914,4.507808321998232,4.580514907836914,902200
1993-08-09,4.616870205849409,4.68957682326436,4.616870205849409,4.653223514556885,721000
1993-08-10,4.616871356964111,4.653224674735482,4.58051803919274,4.616871356964111,695000
1993-08-11,4.689574786594935,4.689574786594935,4.544161614917573,4.580514907836914,914000
1993-08-12,4.544162273406982,4.580515571594239,4.544162273406982,4.544162273406982,791000
1993-08-13,4.544161614917573,4.580514907836914,4.507808321998232,4.580514907836914,454000
1993-08-16,4.507808321998232,4.580514907836914,4.507808321998232,4.580514907836914,273600
1993-08-17,4.580517215113487,4.580517215113487,4.507810592651367,4.507810592651367,796000
1993-08-18,4.507810592651367,4.544163903882427,4.507810592651367,4.507810592651367,927200
1993-08-19,4.544163622507234,4.580516931487292,4.471457004547119,4.471457004547119,595600
1993-08-20,4.507810514481341,4.507810514481341,4.435103893280029,4.435103893280029,950400
1993-08-23,4.435101736159552,4.580514907836914,4.435101736159552,4.580514907836914,366200
1993-08-24,4.544161614917573,4.616868200756255,4.471455029078892,4.580514907836914,922800
1993-08-25,4.580515571594239,4.65322216796875,4.507808975219727,4.544162273406982,674600
1993-08-26,4.544163622507234,4.544163622507234,4.471457004547119,4.471457004547119,517200
1993-08-27,4.471457281420308,4.507810592651367,4.471457281420308,4.507810592651367,421800
1993-08-30,4.507810313527177,4.507810313527177,4.435103695567061,4.471457004547119,486400
1993-08-31,4.471457004547119,4.507810313527177,4.435103695567061,4.471457004547119,345400
1993-09-01,4.435105055816902,4.507811696076196,4.326045095427962,4.398751735687256,544200
1993-09-02,4.453358919389786,4.562867745276421,4.453358919389786,4.526364803314209,381200
1993-09-03,4.52636496476301,4.635873794555664,4.52636496476301,4.635873794555664,672000
1993-09-07,4.635870536168417,4.672373453776042,4.599367618560791,4.599367618560791,350400
1993-09-08,4.635875213436964,4.635875213436964,4.380354532381383,4.489863395690918,978800
1993-09-09,4.453358919389786,4.526364803314209,4.453358919389786,4.526364803314209,364000
1993-09-10,4.489863395690918,4.56286930456394,4.489863395690918,4.489863395690918,473400
1993-09-13,4.526361783345541,4.599367618560791,4.489858865737915,4.599367618560791,894200
1993-09-14,4.562866980912256,4.599369916759554,4.453358173370361,4.453358173370361,528800
1993-09-15,4.489861861351998,4.562867745276421,4.453358919389786,4.526364803314209,568800
1993-09-16,4.526361783345541,4.599367618560791,4.489858865737915,4.599367618560791,602600
1993-09-17,4.526361783345541,4.599367618560791,4.526361783345541,4.599367618560791,840800
1993-09-20,4.599369140625,4.6358720703125,4.5628662109375,4.5628662109375,966200
1993-09-21,4.562864700953166,4.635870536168417,4.526361783345541,4.599367618560791,679400
1993-09-22,4.635873794555664,4.635873794555664,4.562867908027228,4.635873794555664,658800
1993-09-23,4.599369916759554,4.635872852606852,4.453358173370361,4.453358173370361,604200
1993-09-24,4.489863395690918,4.56286930456394,4.453360441254406,4.489863395690918,345600
1993-09-27,4.489861861351998,4.562867745276421,4.489861861351998,4.526364803314209,434000
1993-09-28,4.526365611178815,4.562868559656064,4.41685676574707,4.41685676574707,455200
1993-09-29,4.416855237523063,4.489861109217659,4.416855237523063,4.453358173370361,558600
1993-09-30,4.453358919389786,4.526364803314209,4.416855977427575,4.526364803314209,338400
1993-10-01,4.489860351562499,4.5628662109375,4.489860351562499,4.5628662109375,287000
1993-10-04,4.562864700953166,4.635870536168417,4.526361783345541,4.599367618560791,400600
1993-10-05,4.599369140625,4.6358720703125,4.52636328125,4.5628662109375,284200
1993-10-06,4.5628662109375,4.6358720703125,4.5628662109375,4.5628662109375,333600
1993-10-07,4.5628662109375,4.599369140625,4.5628662109375,4.5628662109375,164000
1993-10-08,4.5628662109375,4.599369140625,4.5628662109375,4.5628662109375,325800
1993-10-11,4.635873794555664,4.6723767378198815,4.599370851291446,4.635873794555664,1413200
1993-10-12,4.635873629200844,4.672376571163055,4.526364803314209,4.526364803314209,516400
1993-10-13,4.526364803314209,4.599370687238632,4.526364803314209,4.526364803314209,275800
1993-10-14,4.526365611178815,4.599371508133313,4.41685676574707,4.41685676574707,437800
1993-10-15,4.489863395690918,4.526366350127429,4.453360441254406,4.489863395690918,501800
1993-10-18,4.489861861351998,4.526364803314209,4.453358919389786,4.526364803314209,641000
1993-10-19,4.489860332012176,4.489860332012176,4.307345684369405,4.380351543426514,1097400
1993-10-20,4.34384861389796,4.380351543426514,4.161333966255188,4.380351543426514,1060600
1993-10-21,4.380354532381383,4.7453840767464985,4.343851577944871,4.489863395690918,451200
1993-10-22,4.453359714224319,4.526365611178815,4.41685676574707,4.41685676574707,380200
1993-10-25,4.416855977427575,4.526364803314209,4.416855977427575,4.526364803314209,478800
1993-10-26,4.526361783345541,4.635870536168417,4.45335594813029,4.599367618560791,833400
1993-10-27,4.599370851291446,4.708879681084099,4.599370851291446,4.635873794555664,1571000
1993-10-28,4.672374163487161,4.781882932943891,4.562865394030431,4.708877086639404,880800
1993-10-29,4.672374163487161,4.745380009791648,4.672374163487161,4.708877086639404,892000
1993-11-01,4.745381075636785,4.927895732392046,4.745381075636785,4.854889869689941,2378200
1993-11-02,4.891393465154311,4.964399337768555,4.891393465154311,4.964399337768555,1456600
1993-11-03,4.891393465154311,5.000902274075676,4.891393465154311,4.964399337768555,1346400
1993-11-04,4.891392801040993,4.927895732392046,4.818386938338889,4.854889869689941,332400
1993-11-05,4.8183871261946125,4.854890058968814,4.635872462323604,4.78188419342041,428200
1993-11-08,4.818387316234076,4.891393184661865,4.745381447806287,4.891393184661865,192200
1993-11-09,4.85489025044797,4.964399053089654,4.85489025044797,4.891393184661865,777400
1993-11-10,4.891392991743016,4.927895924517217,4.78188419342041,4.78188419342041,436400
1993-11-11,4.781885676913791,4.9278974533081055,4.745382732815212,4.9278974533081055,524600
1993-11-12,4.891393465154311,5.000902274075676,4.891393465154311,4.964399337768555,367200
1993-11-15,5.00090159509415,5.00090159509415,4.818386938338889,4.854889869689941,379600
1993-11-16,4.854889869689941,4.891392801040993,4.818386938338889,4.854889869689941,309600
1993-11-17,4.891392106276292,4.891392106276292,4.745380401611328,4.745380401611328,421000
1993-11-18,4.745381075636785,4.854889869689941,4.745381075636785,4.854889869689941,392600
1993-11-19,4.854890924511534,4.854890924511534,4.781885045947451,4.818387985229492,427600
1993-11-22,4.818388510876753,4.818388510876753,4.599370851291446,4.635873794555664,784000
1993-11-23,4.635870536168417,4.635870536168417,4.562864700953166,4.599367618560791,1464400
1993-11-24,4.635873217135668,4.708879094570875,4.599370278418064,4.672376155853272,504800
1993-11-26,4.745380009791648,4.745380009791648,4.708877086639404,4.708877086639404,98800
1993-11-29,4.745380401611328,4.854889180110051,4.708877475445087,4.745380401611328,284200
1993-11-30,4.745380009791648,4.781882932943891,4.708877086639404,4.708877086639404,436000
1993-12-01,4.745382624348317,4.781885567612535,4.599370851291446,4.635873794555664,485200
1993-12-02,4.672374549278846,4.745380401611328,4.599368696946364,4.745380401611328,507800
1993-12-03,4.672375579378498,4.891393184661865,4.672375579378498,4.891393184661865,546600
1993-12-06,4.87292990507903,4.98284561722367,4.83629133436415,4.946207046508789,601600
1993-12-07,4.909567660855172,4.946206225488419,4.836290531588677,4.872929096221924,327200
1993-12-08,4.836290531588677,4.909567660855172,4.763013402322182,4.872929096221924,446600
1993-12-09,4.836288660764694,4.836288660764694,4.653095908463001,4.68973445892334,607200
1993-12-10,4.763012587569143,4.836289704300976,4.653096912471393,4.799651145935059,589200
1993-12-13,4.763014192934389,4.946207046508789,4.763014192934389,4.946207046508789,615800
1993-12-14,4.872926520578789,4.872926520578789,4.799649430043769,4.836287975311279,474800
1993-12-15,4.799650110304356,4.836288660764694,4.68973445892334,4.68973445892334,1046200
1993-12-16,4.763014192934389,4.946207046508789,4.763014192934389,4.946207046508789,679400
1993-12-17,4.946204477281713,4.946204477281713,4.872927373914576,4.9095659255981445,521200
1993-12-20,4.836290491544284,4.872929055874164,4.72637479855464,4.7630133628845215,544000
1993-12-21,4.7630112670188725,4.799649815226711,4.689734170603198,4.726372718811035,965800
1993-12-22,4.726373009383678,4.726373009383678,4.653095908463001,4.68973445892334,509200
1993-12-23,4.726372718811035,4.7630112670188725,4.689734170603198,4.726372718811035,368600
1993-12-27,4.72637479855464,4.799651927214402,4.72637479855464,4.7630133628845215,292400
1993-12-28,4.763012587569143,4.836289704300976,4.763012587569143,4.799651145935059,303400
1993-12-29,4.836290531588677,4.946206225488419,4.836290531588677,4.872929096221924,1024000
1993-12-30,4.872927373914576,4.946204477281713,4.836288822231008,4.9095659255981445,540600
1993-12-31,4.872929096221924,4.909567660855172,4.872929096221924,4.872929096221924,463600
1994-01-03,4.836287975311279,4.872926520578789,4.799649430043769,4.836287975311279,1213000
1994-01-04,4.872926520578789,4.946203611113808,4.836287975311279,4.836287975311279,667400
1994-01-05,4.799651145935059,4.836289704300976,4.763012587569143,4.799651145935059,732000
1994-01-06,4.836287975311279,4.836287975311279,4.799649430043769,4.836287975311279,412000
1994-01-07,4.909568475793909,5.019484187938549,4.87292990507903,4.946207046508789,1643200
1994-01-10,4.946207046508789,4.98284561722367,4.909568475793909,4.946207046508789,568600
1994-01-11,4.946206903805698,5.019484043121338,4.946206903805698,5.019484043121338,1292400
1994-01-12,4.946205201356307,5.092759429544642,4.909566644309224,5.056120872497559,632200
1994-01-13,4.982842445373535,5.019480992765988,4.946203897981083,4.982842445373535,821600
1994-01-14,5.019480800628663,5.166034984588624,4.982842254638673,5.129396438598633,1422400
1994-01-17,5.129399752094797,5.166038321752618,4.836291194832238,5.019484043121338,1139000
1994-01-18,4.982842445373535,5.019480992765988,4.946203897981083,4.982842445373535,777200
1994-01-19,5.019482315450475,5.056120872497559,4.982843758403391,5.056120872497559,712800
1994-01-20,5.129396627980767,5.239312270008926,5.092758080638047,5.166035175323486,1045800
1994-01-21,5.129397932466094,5.23931360244751,5.092759375805621,5.23931360244751,1098800
1994-01-24,5.23931360244751,5.275952159107982,5.166036489126566,5.23931360244751,1404600
1994-01-25,5.202675045787037,5.349229272428926,5.202675045787037,5.23931360244751,1027400
1994-01-26,5.275953565325056,5.678977796009608,5.275953565325056,5.64233922958374,3588200
1994-01-27,5.715616674984203,5.752255243413588,5.569062401266659,5.605700969696045,1690000
1994-01-28,5.569061279296875,5.642338401392887,5.569061279296875,5.569061279296875,712600
1994-01-31,5.605699662341187,5.605699662341187,5.422506862918272,5.5324225425720215,1151600
1994-02-01,5.422507035104853,5.678976962440893,5.422507035104853,5.569061279296875,1309800
1994-02-02,5.642338401392887,5.715615523488898,5.569061279296875,5.569061279296875,1178800
1994-02-03,5.569062096732004,5.64233922958374,5.459146397454398,5.64233922958374,778600
1994-02-04,5.569061279296875,5.642338401392887,5.495784157200863,5.569061279296875,642200
1994-02-07,5.422507831028529,5.64233922958374,5.312592131750924,5.64233922958374,1152400
1994-02-08,5.569061102456605,5.605699662341187,5.459145422802855,5.5324225425720215,759600
1994-02-09,5.495784157200863,5.678976962440893,5.459145596152858,5.569061279296875,796400
1994-02-10,5.569060557597393,5.605699113897376,5.312590663497513,5.422506332397461,787600
1994-02-11,5.385868012905121,5.495783686637878,5.202675223350525,5.275952339172363,598200
1994-02-14,5.275952990301724,5.349230115167026,5.239314427869073,5.312591552734375,528200
1994-02-15,5.385868303033689,5.5324225425720215,5.312591183264524,5.5324225425720215,711800
1994-02-16,5.49578332901001,5.60569899559021,5.459144773483276,5.49578332901001,574000
1994-02-17,5.569059768779166,5.569059768779166,5.42250556433761,5.459144115447998,414800
1994-02-18,5.459146155792029,5.495784720596002,5.312591896576135,5.385869026184082,312000
1994-02-22,5.459145802464978,5.459145802464978,5.312591552734375,5.312591552734375,725000
1994-02-23,5.385867776097479,5.459144888697444,5.349229219797496,5.422506332397461,388800
1994-02-24,5.422507240032327,5.422507240032327,5.275952990301724,5.312591552734375,532200
1994-02-25,5.275953331772161,5.422507590988055,5.239314766968188,5.385869026184082,600200
1994-02-28,5.385867662429809,5.532421884536743,5.385867662429809,5.49578332901001,585000
1994-03-01,5.4796021768491565,5.4796021768491565,5.332498762705555,5.369274616241455,265200
1994-03-02,5.369273838580855,5.4796013832092285,5.295722142161939,5.4796013832092285,572000
1994-03-03,5.479604044476071,5.51637991054638,5.4060523123354525,5.442828178405762,324400
1994-03-04,5.479600871635588,5.589928405963821,5.44282502685951,5.553152561187744,858000
1994-03-07,5.5531537787119545,5.626705484390259,5.516377925872803,5.516377925872803,722800
1994-03-08,5.553153079628144,5.553153079628144,5.442825534999771,5.4796013832092285,687800
1994-03-09,5.479603358677456,5.737034388950893,5.479603358677456,5.663482666015625,1851200
1994-03-10,5.663480095515977,5.663480095515977,5.516376716411666,5.553152561187744,643000
1994-03-11,5.516379954768163,5.626707553863525,5.516379954768163,5.626707553863525,898200
1994-03-14,5.589931687498405,5.626707553863525,5.553155821133283,5.626707553863525,452600
1994-03-15,5.589931687498405,5.663483420228647,5.589931687498405,5.626707553863525,555400
1994-03-16,5.589928405963821,5.663480095515977,5.553152561187744,5.553152561187744,343200
1994-03-17,5.553155821133283,5.626707553863525,5.4060523556728,5.626707553863525,378800
1994-03-18,5.589928405963821,5.589928405963821,5.516376716411666,5.553152561187744,694000
1994-03-21,5.442826056966976,5.516377760439503,5.36927435349445,5.406050205230713,968200
1994-03-22,5.406050367355347,5.516377925872803,5.369274514516194,5.516377925872803,882000
1994-03-23,5.47960155574899,5.663480802586204,5.47960155574899,5.589929103851318,1331200
1994-03-24,5.5531537787119545,5.589929631551106,5.516377925872803,5.516377925872803,668200
1994-03-25,5.516377405116432,5.626704953218761,5.516377405116432,5.589929103851318,755800
1994-03-28,5.589928405963821,5.626704250739899,5.516376716411666,5.553152561187744,1566000
1994-03-29,5.553155438767539,5.553155438767539,5.295724391937256,5.295724391937256,1531400
1994-03-30,5.295725539634968,5.4428290268470505,5.222173796028927,5.332501411437988,1589800
1994-03-31,5.295723345639894,5.332499202206838,4.854413066836569,5.111844062805176,1561000
1994-04-04,4.891188923403513,5.14861991937212,4.817637210269626,5.111844062805176,920800
1994-04-05,5.258948528104359,5.369276119603051,5.148620936605665,5.295724391937256,1442800
1994-04-06,5.442826323313255,5.516378030385057,5.369274616241455,5.369274616241455,596400
1994-04-07,5.369274616241455,5.442826323313255,5.332498762705555,5.369274616241455,631000
1994-04-08,5.369274616241455,5.4796021768491565,5.332498762705555,5.369274616241455,640400
1994-04-11,5.369276119603051,5.442827847268847,5.295724391937256,5.295724391937256,715200
1994-04-12,5.295725539634968,5.40605315504403,5.295725539634968,5.332501411437988,315400
1994-04-13,5.3324979903713965,5.4796013832092285,5.258946293952481,5.4796013832092285,803600
1994-04-14,5.442827847268847,5.442827847268847,5.295724391937256,5.295724391937256,310000
1994-04-15,5.258949667831947,5.369277283241009,5.258949667831947,5.332501411437988,498000
1994-04-18,5.406051983435948,5.406051983435948,5.2221726642714605,5.295724391937256,292000
1994-04-19,5.222171990187852,5.369275426531171,5.222171990187852,5.258947849273682,949800
1994-04-20,5.295724122420601,5.369275846343109,5.038293088691821,5.075068950653076,1123600
1994-04-21,5.075068950653076,5.148620674575584,5.001517226730567,5.075068950653076,1767800
1994-04-22,5.148617267608643,5.258944780485971,5.075065592357091,5.148617267608643,635600
1994-04-25,5.1118444129303615,5.295723708359511,5.075068553844532,5.258947849273682,743000
1994-04-26,5.25894679828566,5.47960190870324,5.25894679828566,5.406050205230713,981600
1994-04-28,5.406049182083433,5.589928405963821,5.406049182083433,5.553152561187744,1308600
1994-04-29,5.589931687498405,5.700259286593768,5.553155821133283,5.626707553863525,1754600
1994-05-02,5.626703684497032,5.847358730947896,5.589927843421888,5.773807048797607,2728800
1994-05-03,5.737031207722464,5.810582889872752,5.70025536664732,5.773807048797607,1792600
1994-05-04,5.737035274505615,5.737035274505615,5.663483540217081,5.737035274505615,1104000
1994-05-05,5.73703250132109,5.73703250132109,5.553153254483875,5.589929103851318,725800
1994-05-06,5.553153254483875,5.589929103851318,5.47960155574899,5.589929103851318,891200
1994-05-09,5.479604044476071,5.589931642686999,5.4060523123354525,5.442828178405762,768800
1994-05-10,5.516377925872803,5.5531537787119545,5.442826220194498,5.516377925872803,584400
1994-05-11,5.516376716411666,5.626704250739899,5.516376716411666,5.553152561187744,709000
1994-05-12,5.626704250739899,5.663480095515977,5.516376716411666,5.553152561187744,1025400
1994-05-13,5.589929631551106,5.589929631551106,5.47960207303365,5.516377925872803,1264200
1994-05-16,5.5531537787119545,5.626705484390259,5.516377925872803,5.516377925872803,2640000
1994-05-17,5.5531537787119545,5.626705484390259,5.516377925872803,5.516377925872803,2230400
1994-05-18,5.553155821133283,5.626707553863525,5.516379954768163,5.626707553863525,1183400
1994-05-19,5.810585231900965,5.957688655493394,5.810585231900965,5.847361087799072,3126000
1994-05-20,5.884134043817935,5.920909881591797,5.847358206044072,5.920909881591797,2172000
1994-05-23,5.884137153625488,5.920913010835648,5.847361296415329,5.884137153625488,1563400
1994-05-24,5.884134043817935,5.994461557139521,5.847358206044072,5.920909881591797,860000
1994-05-25,5.9209112740733145,5.994462966918945,5.9209112740733145,5.994462966918945,613200
1994-05-26,5.994463184984719,6.104790728266646,5.957687337224076,6.031239032745361,717400
1994-05-27,5.994464725255966,6.0312405824661255,5.884137153625488,5.884137153625488,828600
1994-05-31,5.847359581227683,6.068014659764577,5.847359581227683,5.994462966918945,610200
1994-06-01,5.978226991133257,6.1258375341242015,5.904421719637785,6.088934898376465,665800
1994-06-02,6.088934627974905,6.088934627974905,5.9782267256480885,6.052031993865967,1027000
1994-06-03,6.015129359757028,6.125837262083844,6.015129359757028,6.052031993865967,309000
1994-06-06,6.088934627974905,6.125837262083844,5.9782267256480885,6.052031993865967,657200
1994-06-07,6.052030282517884,6.088932906191774,5.978225035170105,6.015127658843994,911400
1994-06-08,6.015132653860399,6.015132653860399,5.904424690905913,5.978229999542236,523000
1994-06-09,5.941321849822998,5.978224470008234,5.904419229637762,5.941321849822998,853800
1994-06-10,5.978224470008234,6.01512709019347,5.941321849822998,5.941321849822998,318400
1994-06-13,5.941324355385521,6.1258375341242015,5.941324355385521,6.088934898376465,543000
1994-06-14,6.125834941864014,6.236542802259146,6.125834941864014,6.125834941864014,1327200
1994-06-15,6.162740169871937,6.162740169871937,6.052032262628729,6.088934898376465,507000
1994-06-16,6.088934898376466,6.162740169871937,6.052032262628729,6.088934898376465,353200
1994-06-17,6.199640182127435,6.199640182127435,6.052029701600592,6.125834941864014,1341800
1994-06-20,5.978224470008234,5.978224470008234,5.83061398926729,5.941321849822998,977800
1994-06-21,5.941326288076547,5.941326288076547,5.756813049316405,5.756813049316406,672400
1994-06-22,5.793713505037369,5.830616138827415,5.7199082374572745,5.719908237457275,602800
1994-06-23,5.756810871247322,5.867518772617463,5.7199082374572745,5.719908237457275,1329200
1994-06-24,5.756812438964844,5.756812438964844,5.498493932088216,5.535396575927734,593400
1994-06-27,5.535398277581907,5.683008898317424,5.498495622398028,5.646106243133545,1625600
1994-06-28,5.646100709392766,5.793711185455322,5.646100709392766,5.793711185455322,539000
1994-06-29,5.756810731525662,5.867518630208848,5.756810731525662,5.830615997314453,281800
1994-06-30,5.867520992572491,5.867520992572491,5.719910401564378,5.756813049316406,590400
1994-07-01,5.830615997314453,5.830615997314453,5.756810731525662,5.830615997314453,322200
1994-07-05,5.867518901824951,5.941324171030297,5.830616267222279,5.867518901824951,198000
1994-07-06,5.830616267222279,5.9782268056329695,5.830616267222279,5.867518901824951,448600
1994-07-07,5.904423640324518,5.904423640324518,5.756813049316405,5.756813049316406,250800
1994-07-08,5.756814073633265,5.978229999542236,5.756814073633265,5.978229999542236,215800
1994-07-11,5.9782268056329695,5.9782268056329695,5.793713632619606,5.867518901824951,586600
1994-07-12,5.867518772617463,5.867518772617463,5.7199082374572745,5.719908237457275,183600
1994-07-13,5.756812529130415,5.793715173547918,5.68300724029541,5.68300724029541,474000
1994-07-14,5.756810796260833,5.904421329498291,5.683005529642105,5.904421329498291,452200
1994-07-15,5.904421329498291,5.941323962807655,5.867518696188927,5.904421329498291,493000
1994-07-18,5.94132409153915,6.052031993865967,5.867518823321272,6.052031993865967,417000
1994-07-19,6.3841550706446855,6.457960331576994,6.310349809712378,6.42105770111084,2489000
1994-07-20,6.4210604429245,6.4210604429245,6.162741919358571,6.199644565582275,1146800
1994-07-21,6.1627375619957245,6.199640182127435,6.052029701600592,6.125834941864014,522200
1994-07-22,6.162740289812258,6.347253472141966,6.125837653346316,6.236545562744141,1173000
1994-07-25,6.1996429262782,6.236545562744141,6.162740289812258,6.236545562744141,228400
1994-07-26,6.199643245963163,6.347253799438477,6.199643245963163,6.347253799438477,936400
1994-07-27,6.310348596186996,6.3841538429260245,6.273445972817481,6.384153842926025,676200
1994-07-28,6.3841588903557165,6.494866847991943,6.3841588903557165,6.494866847991943,679200
1994-07-29,6.494866900973849,6.753185470898946,6.457964248127407,6.642477512359619,1359200
1994-08-01,6.6424770669622735,6.974600920310388,6.605574416590261,6.716282367706299,1360200
1994-08-02,6.679380110718987,6.716282763264395,6.494866847991943,6.494866847991943,1106600
1994-08-03,6.531769553820292,6.642477512359619,6.384158942434523,6.642477512359619,657800
1994-08-04,6.568666959773598,6.6055695831431125,6.3841538429260245,6.384153842926025,1029200
1994-08-05,6.347253799438477,6.384156437807305,6.310351161069648,6.347253799438477,320800
1994-08-08,6.310349611554827,6.45796012878418,6.2734469822474885,6.45796012878418,583000
1994-08-09,6.457960331576994,6.494862962043149,6.3841550706446855,6.42105770111084,709600
1994-08-10,6.45796255876789,6.568670488346768,6.45796255876789,6.531767845153809,862200
1994-08-11,6.531767845153809,6.642475774732686,6.531767845153809,6.531767845153809,806400
1994-08-12,6.531765387398856,6.5686680167061935,6.4210574994768415,6.45796012878418,376000
1994-08-15,6.384158098209671,6.421060746176201,6.273450154310081,6.310352802276611,277000
1994-08-16,6.347251219556511,6.3841538429260245,6.310348596186996,6.384153842926025,1035600
1994-08-17,6.384156437807305,6.4210590761761335,6.310351161069648,6.347253799438477,1372200
1994-08-18,6.31035280227661,6.347255450243141,6.236547506343551,6.310352802276611,1464000
1994-08-19,6.347255450243141,6.347255450243141,6.31035280227661,6.310352802276611,192800
1994-08-22,6.347254629189012,6.568670488346768,6.347254629189012,6.531767845153809,1418000
1994-08-23,6.494866900973849,6.790088123745388,6.494866900973849,6.642477512359619,1938800
1994-08-24,6.642475556791499,6.679378198773674,6.421059704898449,6.568670272827148,1142200
1994-08-25,6.568670272827149,6.605572914809324,6.494864988862799,6.568670272827148,1123600
1994-08-26,6.568672206666734,6.679380165206061,6.568672206666734,6.642477512359619,1227400
1994-08-29,6.6424770669622735,6.790087668450324,6.6424770669622735,6.716282367706299,962000
1994-08-30,6.71627875586241,6.753181386389127,6.60557086428226,6.679376125335693,571800
1994-08-31,6.6424770669622735,6.8638929691943495,6.6424770669622735,6.716282367706299,1269400
1994-09-01,6.662976122692804,6.737009190722724,6.625959588677844,6.699992656707764,566600
1994-09-02,6.699994390903239,6.699994390903239,6.6259613037109375,6.6259613037109375,811400
1994-09-06,6.588940658788571,6.588940658788571,6.36684153545862,6.440874576568604,1011600
1994-09-07,6.440874576568604,6.440874576568604,6.36684153545862,6.440874576568604,505200
1994-09-08,6.440875396728516,6.588941497802734,6.403858871459961,6.47789192199707,1045600
1994-09-09,6.403857231140138,6.440873746927075,6.3668407153532005,6.403857231140137,273200
1994-09-12,6.329825014903627,6.440874576568604,6.255791973793643,6.440874576568604,289600
1994-09-13,6.403857231140138,6.514906778500949,6.403857231140138,6.403857231140137,1899400
1994-09-14,6.440878585730185,6.6259613037109375,6.440878585730185,6.6259613037109375,900600
1994-09-15,6.625959363034976,6.92209162507006,6.625959363034976,6.885075092315674,1600600
1994-09-16,6.885068252438405,6.885068252438405,6.737002268514998,6.77401876449585,1312800
1994-09-19,6.811042026806903,6.99612469057883,6.811042026806903,6.885075092315674,1080400
1994-09-20,6.811044525314164,6.848061071647392,6.662978339981248,6.737011432647705,605200
1994-09-21,6.737010507325868,6.922093213571084,6.699993966076825,6.848060131072998,1018200
1994-09-22,6.811045816209581,6.848062369558546,6.662979602813721,6.662979602813721,350200
1994-09-23,6.699992656707765,6.699992656707765,6.588943054662884,6.699992656707764,310800
1994-09-26,6.662976122692804,6.774025724737684,6.662976122692804,6.699992656707764,259800
1994-09-27,6.662978339981248,6.848061071647392,6.588945247314789,6.737011432647705,1129600
1994-09-28,6.774022775983053,7.107171437096974,6.774022775983053,6.996121883392334,2003200
1994-09-29,6.996125265955925,7.144191409150759,6.996125265955925,7.107174873352051,1638800
1994-09-30,7.107173508864182,7.292256152324187,7.107173508864182,7.2182230949401855,2884000
1994-10-03,7.218226587649474,7.218226587649474,7.03314385463282,7.181210041046143,933600
1994-10-04,7.181209002314387,7.2552420848124735,6.848060131072998,6.848060131072998,2274800
1994-10-05,6.848061071647392,6.848061071647392,6.477895608315102,6.737011432647705,3499400
1994-10-06,6.737009627095769,6.737009627095769,6.551926945032698,6.5889434814453125,897800
1994-10-07,6.6259630494647554,6.811045816209581,6.6259630494647554,6.662979602813721,768600
1994-10-10,6.699989422507908,6.885072003240171,6.625956390215003,6.811038970947266,705600
1994-10-11,6.848057476594486,7.107173164898061,6.811040949693975,6.922090530395508,895000
1994-10-12,6.959105365490787,7.107171437096974,6.92208884758924,6.996121883392334,430600
1994-10-13,7.070157527923585,7.144190591043203,7.033140996363775,7.070157527923584,592800
1994-10-14,7.033143347882209,7.033143347882209,6.8480606282010985,6.959110260009766,595000
1994-10-17,6.9961222322363605,7.0701552717309255,6.922089192741796,7.033138751983643,609400
1994-10-18,6.99612469057883,6.99612469057883,6.885075092315674,6.885075092315674,725600
1994-10-19,6.885072329687693,7.03313840129388,6.774022775983053,6.996121883392334,945800
1994-10-20,6.996123584196529,7.03314011109704,6.885074003494997,6.922090530395508,819600
1994-10-21,6.959110260009765,6.959110260009765,6.88507717213732,6.959110260009766,1061000
1994-10-24,6.95911071064708,6.95911071064708,6.737011432647705,6.737011432647705,782000
1994-10-25,6.737010934499389,6.737010934499389,6.551928216518637,6.6259613037109375,1718000
1994-10-26,6.811035260476702,6.959101244400109,6.737002268514998,6.77401876449585,1396000
1994-10-27,6.77401876449585,6.811035260476702,6.737002268514998,6.77401876449585,386600
1994-10-28,6.774027048574912,6.848060131072998,6.774027048574912,6.848060131072998,655800
1994-10-31,6.922093213571084,6.959109754820127,6.811043589823955,6.848060131072998,1123800
1994-11-01,6.81104402169169,6.81104402169169,6.588944760114787,6.6259613037109375,1386400
1994-11-02,6.588945247314789,6.811044525314164,6.51491215464833,6.737011432647705,1244000
1994-11-03,6.774027048574912,6.8850766723220405,6.774027048574912,6.848060131072998,710200
1994-11-04,6.848060131072998,6.922093213571084,6.811043589823955,6.848060131072998,447400
1994-11-07,6.77401876449585,6.885068252438405,6.699985772534147,6.77401876449585,225600
1994-11-08,6.811044525314164,6.811044525314164,6.699994886314476,6.737011432647705,414400
1994-11-09,6.811042699920996,6.811042699920996,6.514910408620084,6.5889434814453125,863800
1994-11-10,6.588943542792783,6.625960079550046,6.29281124873468,6.329827785491943,759600
1994-11-11,6.292811653830789,6.366844732111151,5.99667934070934,6.107728958129883,1899800
1994-11-14,6.1077299288340985,6.2187795639038095,5.7745810236249655,6.218779563903809,4177400
1994-11-15,6.218778575550426,6.218778575550426,6.070712418989702,6.107728958129883,929000
1994-11-16,6.107728564948366,6.329827785491943,6.107728564948366,6.329827785491943,1014400
1994-11-17,6.218775400858439,6.255791921101644,6.144742360372029,6.181758880615234,613400
1994-11-18,6.218776422044251,6.218776422044251,5.9966772641141,6.033693790435791,639000
1994-11-21,6.144742488861084,6.218775530895555,6.107725967843849,6.144742488861084,434800
1994-11-22,6.070709133740538,6.144742171956885,5.959659576416016,5.959659576416016,734200
1994-11-23,5.922644211470716,6.033693790435792,5.922644211470716,6.033693790435791,485400
1994-11-25,6.033693715929985,6.107726767659187,5.922644138336182,5.922644138336182,151200
1994-11-28,5.922644892825356,5.959661423405515,5.774578770504722,5.848611831665039,703000
1994-11-29,5.774580001831055,5.848613078777606,5.700546924884502,5.774580001831055,1126600
1994-11-30,5.811596149279747,5.996678829193115,5.774579613297074,5.996678829193115,1184800
1994-12-01,5.943189417041323,6.017479284754339,5.831754615471797,5.906044483184815,483800
1994-12-02,5.906045083646421,6.01747989654541,5.906045083646421,6.01747989654541,476000
1994-12-05,6.054623126983643,6.166057908461869,6.017478199824233,6.054623126983643,403600
1994-12-06,6.054624834178407,6.054624834178407,5.9803349589124135,6.01747989654541,879400
1994-12-07,5.943190021279418,6.054624834178407,5.943190021279418,6.01747989654541,456200
1994-12-08,6.091768940792808,6.166058805924428,5.79460948026633,5.868899345397949,581200
1994-12-09,5.831756204174411,5.831756204174411,5.571741596344979,5.7574663162231445,1531200
1994-12-12,5.720320982091566,5.794610864975873,5.608886157765108,5.683176040649414,1045600
1994-12-13,5.646031099207261,5.75746592353372,5.608886157765108,5.683176040649414,1154600
1994-12-14,5.7203183796094805,6.01747777595283,5.7203183796094805,5.980332851409912,764800
1994-12-15,6.01747777595283,6.091767625038668,5.980332851409911,5.980332851409912,642600
1994-12-16,6.091767625038668,6.091767625038668,5.980332851409911,5.980332851409912,765000
1994-12-19,5.943189417041323,5.980334350897831,5.794609681615289,5.906044483184815,372600
1994-12-20,5.868900721000903,6.166060251178164,5.868900721000903,6.128915309906006,819000
1994-12-21,6.203202398667424,6.277492247753261,5.980332851409911,5.980332851409912,437400
1994-12-22,5.980333272664825,6.091768054143051,5.980333272664825,6.054623126983643,416000
1994-12-23,6.091770368633848,6.240350133722479,6.091770368633848,6.128915309906006,270800
1994-12-27,6.091767008433085,6.240346691565599,6.091767008433085,6.203201770782471,302600
1994-12-28,6.166057908461869,6.166057908461869,5.980333272664825,6.054623126983643,412200
1994-12-29,5.943188550995617,6.12891319321423,5.943188550995617,6.091768264770508,480800
1994-12-30,6.091768264770508,6.12891319321423,6.017478407883062,6.091768264770508,556600
1995-01-03,6.054624834178407,6.091769771811403,5.906045083646421,6.01747989654541,500800
1995-01-04,6.01747777595283,6.054622700495749,5.906043002324075,5.980332851409912,292200
1995-01-05,5.980335544817375,6.128915309906006,5.943190603545218,6.128915309906006,507600
1995-01-06,6.091771409625098,6.277496147723425,6.091771409625098,6.24035120010376,1409600
1995-01-09,6.240347285603368,6.463216831517774,6.240347285603368,6.388926982879639,484200
1995-01-10,6.388926643923104,6.463216488619884,6.166057109832764,6.166057109832764,522600
1995-01-11,6.240350133722479,6.240350133722479,6.017480486089533,6.128915309906006,358000
1995-01-12,6.054623336326785,6.166058121657953,6.054623336326785,6.091768264770508,280600
1995-01-13,6.091770368633848,6.128915309906006,6.017480486089533,6.128915309906006,685200
1995-01-16,6.128911929216214,6.277491612348728,6.128911929216214,6.203201770782471,648600
1995-01-17,6.240349219827091,6.314639091491699,6.203204283994786,6.314639091491699,484600
1995-01-18,6.27749490737915,6.351784787939851,6.2403499670988,6.27749490737915,297600
1995-01-19,6.3146398476595005,6.388929728220201,6.12891514625775,6.27749490737915,1184000
1995-01-20,6.351784027324003,6.351784027324003,6.203204283994786,6.314639091491699,767600
1995-01-23,6.203202032181153,6.277491876877933,6.1289121874843735,6.166057109832764,565600
1995-01-24,6.166058121657953,6.240347978545398,6.017478407883062,6.091768264770508,469000
1995-01-25,6.128914709444399,6.128914709444399,5.8689001460134245,6.01747989654541,544600
1995-01-26,5.980333272664825,6.054623126983643,5.980333272664825,6.054623126983643,522800
1995-01-27,6.128914709444399,6.240349522343388,6.01747989654541,6.01747989654541,814400
1995-01-30,6.017479284754339,6.128914086323864,5.906044483184815,5.906044483184815,754000
1995-01-31,5.906043002324075,5.980332851409911,5.868898077781156,5.980332851409912,1006400
1995-02-01,5.980332851409911,6.054622700495749,5.943187926866993,5.980332851409912,500400
1995-02-02,6.054622700495749,6.091767625038668,5.980332851409911,5.980332851409912,472600
1995-02-03,6.054623126983643,6.12891298130246,6.017478199824233,6.054623126983643,310600
1995-02-06,6.054624834178407,6.166059647077396,6.01747989654541,6.01747989654541,445600
1995-02-07,6.12891514625775,6.27749490737915,6.0917702059774,6.27749490737915,1055600
1995-02-08,6.351784706115724,6.426074585719416,6.27749482651203,6.351784706115723,970000
1995-02-09,6.277491612348728,6.314636533131856,6.203201770782471,6.203201770782471,609400
1995-02-10,6.277495074994636,6.277495074994636,6.091770368633848,6.128915309906006,1825200
1995-02-13,6.166061304864429,6.277496147723425,6.166061304864429,6.24035120010376,839400
1995-02-14,6.27749482651203,6.388929645917569,6.2403498867101845,6.351784706115723,674400
1995-02-15,6.351782478135208,6.50036218522609,6.314637551362488,6.463217258453369,1103600
1995-02-16,6.463219525521263,6.463219525521263,6.27749482651203,6.351784706115723,842400
1995-02-17,6.388929645917569,6.574654344926802,6.314639766313877,6.351784706115723,921600
1995-02-21,6.3517822183881485,6.537506844656808,6.3517822183881485,6.500361919403076,514200
1995-02-22,6.53750936100992,6.648944179663498,6.463219481907534,6.611799240112305,642200
1995-02-23,6.611799240112305,6.648944179663498,6.500364421458727,6.611799240112305,387800
1995-02-24,6.64894620125944,6.64894620125944,6.463221447034316,6.537511348724365,369000
1995-02-27,6.5375120087532,6.611801917943577,6.500367054158011,6.574656963348389,554200
1995-02-28,6.611797949227181,6.7232327461242685,6.574653016928152,6.723232746124268,561400
1995-03-01,6.672537785704417,6.970751764953777,6.672537785704417,6.933475017547607,2099600
1995-03-02,6.858919580555495,6.858919580555495,6.6725358963012695,6.6725358963012695,1336800
1995-03-03,6.672537326812744,6.709814071655273,6.560707092285156,6.5979838371276855,794000
1995-03-06,6.560704652653184,6.560704652653184,6.374320997748264,6.411597728729248,1009800
1995-03-07,6.411601072166398,6.486154573005543,6.337047571327254,6.374324321746826,1029800
1995-03-08,6.07611036889347,6.113387119622878,5.92700336597584,6.038833618164063,3155600
1995-03-09,6.038830235319318,6.150660424862268,5.927000045776368,5.927000045776367,1778800
1995-03-10,5.927002429962158,6.001555919647217,5.889725685119629,6.001555919647217,2720800
1995-03-13,5.964276775624018,6.001553505471668,5.889723315928718,5.927000045776367,1250000
1995-03-14,5.964280545354603,6.225217819213867,5.964280545354603,6.225217819213867,1471800
1995-03-15,6.33704423904419,6.374320969862097,6.262490777408376,6.3370442390441895,1103200
1995-03-16,6.33704710288866,6.33704710288866,6.262493607560558,6.299770355224609,693600
1995-03-17,6.299767535786296,6.4488744597102325,6.262490804805313,6.411597728729248,1302800
1995-03-20,6.374327095576695,6.523434162139893,6.374327095576695,6.523434162139893,926400
1995-03-21,6.560708978202905,6.672539244876819,6.523432222644934,6.635262489318848,1148200
1995-03-22,6.635260581970215,6.747090816497803,6.560707092285156,6.5979838371276855,1509000
1995-03-23,6.635262489318848,6.691177622655804,6.560708978202905,6.635262489318848,882200
1995-03-24,6.5979838371276855,6.635260581970215,6.560707092285156,6.5979838371276855,873600
1995-03-27,6.672535912108026,6.784366122925479,6.635259175168875,6.747089385986328,1197200
1995-03-28,6.784365632798937,6.784365632798937,6.672535430060493,6.709812164306641,807200
1995-03-29,6.709812649047177,6.803004491395055,6.672535912108026,6.747089385986328,2113200
1995-03-30,6.821643357691558,6.858920097351074,6.672536399053491,6.858920097351074,1255400
1995-03-31,6.858921522735267,7.008028512359947,6.784368027922927,6.933475017547607,943800
1995-04-03,6.8589191012912325,6.933472569783529,6.709812164306641,6.709812164306641,1029000
1995-04-04,6.7470912805167575,6.970751764953777,6.7470912805167575,6.933475017547607,798200
1995-04-05,6.896197326639864,7.008027553558349,6.858920584333704,7.00802755355835,795400
1995-04-06,6.970751764953777,7.045305259766117,6.933475017547607,6.933475017547607,855000
1995-04-07,6.933474061295793,6.970750803560824,6.858920576765731,6.896197319030762,529000
1995-04-10,6.858919612696913,6.933473086747966,6.821642875671387,6.821642875671387,280000
1995-04-11,6.858919612696913,6.89619634972244,6.821642875671387,6.821642875671387,323800
1995-04-12,6.858919612696913,6.89619634972244,6.78436613864586,6.821642875671387,409800
1995-04-13,6.858920097351074,6.933473576670107,6.821643357691558,6.858920097351074,1035400
1995-04-17,6.896197319030762,6.933474061295793,6.8216438345007,6.896197319030762,819000
1995-04-18,6.858919612696913,6.89619634972244,6.747089401620333,6.821642875671387,859800
1995-04-19,6.858920097351074,6.933473576670107,6.784366618032041,6.858920097351074,1089200
1995-04-20,6.858920132302488,7.157134051098248,6.858920132302488,7.119857311248779,1349600
1995-04-21,7.194407817514184,7.231684541957263,6.933470746412634,6.970747470855713,777400
1995-04-24,6.970749427874884,7.157133102416992,6.933472692966461,7.157133102416992,1007200
1995-04-25,7.157135953608248,7.268966202883377,7.119859203849871,7.231689453125,748600
1995-04-26,7.231687555507738,7.34351777543827,7.231687555507738,7.306241035461426,715200
1995-04-27,7.23169093382986,7.23169093382986,7.082583904266358,7.082583904266357,679600
1995-04-28,7.045307146875483,7.082583904266358,6.89620011731198,7.082583904266357,811000
1995-05-01,7.045304298400879,7.08258104072046,6.933474071442135,7.045304298400879,390800
1995-05-02,7.008027553558349,7.045304295864511,6.933474068946026,7.00802755355835,584800
1995-05-03,7.008024195298791,7.008024195298791,6.8961940219695546,6.970747470855713,536800
1995-05-04,7.008027091700368,7.194410790947719,7.008027091700368,7.119857311248779,768200
1995-05-05,7.157131093071106,7.194407817514184,6.970747470855712,6.970747470855713,481400
1995-05-08,6.896198270141437,6.970751764953777,6.821644775329097,6.933475017547607,671400
1995-05-09,6.970747470855712,6.970747470855712,6.933470746412634,6.970747470855713,474600
1995-05-10,6.933474061295793,7.008027545825855,6.858920576765731,6.896197319030762,560200
1995-05-11,7.045305704333119,7.231689453125,7.008028954574742,7.231689453125,1070000
1995-05-12,7.15713407555405,7.306241035461427,7.119857335577207,7.306241035461426,538400
1995-05-15,7.268967151641846,7.343520660889454,7.231690397018041,7.268967151641846,306800
1995-05-16,7.268967568874358,7.4553513526916495,7.268967568874358,7.45535135269165,677800
1995-05-17,7.418072705341475,7.455349452604497,7.306242463552407,7.34351921081543,1005800
1995-05-18,7.306242463552407,7.380795958078452,7.19441222176334,7.34351921081543,965600
1995-05-19,7.268967151641846,7.343520660889454,7.231690397018041,7.268967151641846,477400
1995-05-22,7.231688969026362,7.380795958078452,7.231688969026362,7.34351921081543,246600
1995-05-23,7.343521082401275,7.604458379745483,7.343521082401275,7.45535135269165,639000
1995-05-24,7.529904866218566,7.567181622982025,7.119860541820525,7.45535135269165,499600
1995-05-25,7.380794515415114,7.455347995368802,7.306241035461427,7.306241035461426,597200
1995-05-26,7.306241035461427,7.380794515415114,7.306241035461427,7.306241035461426,425000
1995-05-30,7.306242463552407,7.418072705341475,7.306242463552407,7.34351921081543,292400
1995-05-31,7.380795953261793,7.418072700500488,7.343519206023097,7.418072700500488,341200
1995-06-01,7.367213479066506,7.367213479066506,7.2550224108573715,7.29241943359375,599800
1995-06-02,7.217618050113801,7.217618050113801,6.843648202957645,6.955839157104492,1851000
1995-06-05,7.06803633654929,7.21762440716409,7.03063931889559,7.1428303718566895,644400
1995-06-06,7.180221557617188,7.2550155321757,7.142824570337932,7.180221557617188,461800
1995-06-07,7.142824570337932,7.217618544896444,7.105427583058676,7.180221557617188,425400
1995-06-08,7.142830961628964,7.180227982370477,7.105433940887451,7.105433940887451,234000
1995-06-09,7.142827898423303,7.142827898423303,6.955842874904367,6.993239879608154,365800
1995-06-12,6.955842874904367,7.105430893719515,6.955842874904367,6.993239879608154,691000
1995-06-13,6.993240275669619,6.993240275669619,6.694064221095518,6.843652248382568,3403800
1995-06-14,6.806257697973359,6.806257697973359,6.544478555743615,6.656669616699219,3416200
1995-06-15,6.656671401508693,6.731465462199802,6.581877340817584,6.694068431854248,1883000
1995-06-16,6.73146122791728,6.881049255204331,6.694064221095518,6.843652248382568,2695800
1995-06-19,6.768855839179306,7.10542878145894,6.768855839179306,7.0680317878723145,681200
1995-06-20,7.105434319911859,7.367213479066506,7.105434319911859,7.29241943359375,1338400
1995-06-21,7.329815864562987,7.404609903997303,7.255021825128671,7.329815864562988,685800
1995-06-22,7.367213479066506,7.404610501802884,7.180228365384615,7.29241943359375,1285200
1995-06-23,7.217623604941614,7.292417631935828,7.217623604941614,7.255020618438721,676400
1995-06-26,7.255020618438721,7.255020618438721,7.180226591444507,7.255020618438721,789800
1995-06-27,7.255021825128671,7.404609903997303,7.217624805411513,7.329815864562988,799600
1995-06-28,7.367210933818153,7.554195982899832,7.367210933818153,7.516798973083496,1607400
1995-06-29,7.442003920598684,7.479400925224808,7.329812906720312,7.3672099113464355,592000
1995-06-30,7.404603876660218,7.479397855212341,7.367206887384156,7.442000865936279,495800
1995-07-03,7.442000865936279,7.479397855212341,7.404603876660218,7.442000865936279,159200
1995-07-05,7.4420055852216835,7.628990650177003,7.4420055852216835,7.628990650177002,701600
1995-07-06,7.591589968938093,7.853368933384234,7.591589968938093,7.77857494354248,1319200
1995-07-07,7.703782653808593,8.077752685546875,7.703782653808593,8.040355682373047,1903000
1995-07-10,8.002960333953032,8.563915497547871,8.002960333953032,8.302136421203613,1985600
1995-07-11,8.189947175979615,8.189947175979615,7.815976985295614,7.853374004364014,577000
1995-07-12,7.890772768448374,8.227346014495936,7.890772768448374,8.119830131530762,1004200
1995-07-13,8.189941796389494,8.302132779901678,8.115147807381371,8.227338790893555,731000
1995-07-14,8.189942009245868,8.41432398210192,8.189942009245868,8.339529991149902,750600
1995-07-17,8.264737701416015,8.302134704589843,8.002958679199219,8.040355682373047,710200
1995-07-18,8.077754355765677,8.302136421203613,8.077754355765677,8.302136421203613,615000
1995-07-19,8.227348553625893,8.227348553625893,7.77858408706448,7.890775203704834,1386200
1995-07-20,7.890765969182404,8.00295695452623,7.815971978953186,7.965559959411621,819800
1995-07-21,8.040360217819567,8.189948314895279,8.002963193550638,8.115154266357422,552000
1995-07-24,8.077750812877309,8.302132779901678,8.077750812877309,8.227338790893555,797400
1995-07-25,8.152550172175603,8.489123344421387,8.152550172175603,8.489123344421387,1081000
1995-07-26,8.414325131550093,8.563913133888763,8.227340128626759,8.264737129211426,995400
1995-07-27,8.227348158094618,8.526524454752604,8.227348158094618,8.41433334350586,609400
1995-07-28,8.376932426120923,8.638711564437202,8.376932426120923,8.601314544677734,740000
1995-07-31,8.526516335351127,8.563913336821965,8.26473732505526,8.376928329467773,763400
1995-08-01,8.302138248729285,8.601314401836646,8.264741229590864,8.489123344421387,689200
1995-08-02,8.451720977577928,8.67610295043398,8.302132995673894,8.339529991149902,792600
1995-08-03,8.264742363433136,8.264742363433136,8.077757242088495,8.115154266357422,410400
1995-08-04,8.040360217819567,8.15255129062635,8.002963193550638,8.115154266357422,570600
1995-08-07,8.227343029446072,8.227343029446072,8.040357960595024,8.077754974365234,626200
1995-08-08,8.077750944755445,8.077750944755445,7.928162964297012,7.965559959411621,639600
1995-08-09,8.002959265092914,8.040356271004562,7.815974235534668,7.815974235534668,1139800
1995-08-10,7.853374004364014,7.928168042500814,7.778579966227214,7.853374004364014,1048000
1995-08-11,7.853374256277983,7.928168296813964,7.853374256277983,7.928168296813965,973400
1995-08-14,7.853378164824716,7.9655692814650685,7.853378164824716,7.890775203704834,439000
1995-08-15,7.890771023432414,7.965565061569214,7.778579966227214,7.853374004364014,653800
1995-08-16,7.815977236009993,7.928168296813964,7.778580215742003,7.928168296813965,421400
1995-08-17,7.890772120743853,8.15255129062635,7.890772120743853,8.115154266357422,560000
1995-08-18,8.15255129062635,8.15255129062635,8.040360217819567,8.115154266357422,328200
1995-08-21,8.077751022817843,8.339529991149902,8.077751022817843,8.339529991149902,437800
1995-08-22,8.302134129796093,8.302134129796093,8.189943128042092,8.264737129211426,523600
1995-08-23,8.302132779901678,8.302132779901678,8.152544801885432,8.227338790893555,458800
1995-08-24,8.189943313598633,8.22734031503059,8.152546312166676,8.189943313598633,690200
1995-08-25,8.152552604675293,8.227346665268644,8.115155574378617,8.152552604675293,617200
1995-08-28,8.189946015675861,8.227343029446072,8.040357960595024,8.077754974365234,781200
1995-08-29,8.002962080637614,8.040359099706015,7.815976985295614,7.853374004364014,492000
1995-08-30,7.853369989256928,7.853369989256928,7.703781989461557,7.7411789894104,871200
1995-08-31,7.741177948621603,7.815971938463357,7.628986963858971,7.77857494354248,1009800
1995-09-01,7.741184352671059,7.815978404387688,7.66639030095443,7.703787326812744,543200
1995-09-05,7.628987003380144,7.96555995941162,7.628987003380144,7.965559959411621,461600
1995-09-06,7.914546707891069,8.102095208078062,7.914546707891069,7.952056407928467,303400
1995-09-07,8.027075808003264,8.064585508040663,7.914546707891069,7.952056407928467,286600
1995-09-08,7.989576958932018,8.06459646089382,7.839537955008412,7.914557456970215,476000
1995-09-11,7.914546707891069,7.9895661079658655,7.87703700785367,7.952056407928467,625200
1995-09-12,7.989569912218069,8.214628219604492,7.989569912218069,8.214628219604492,373600
1995-09-13,8.2146264935883,8.514704173719378,7.98956823348999,7.98956823348999,954800
1995-09-14,8.027082048020922,8.327159881591797,8.027082048020922,8.327159881591797,513400
1995-09-15,8.627235572949976,8.627235572949976,8.43968697353802,8.47719669342041,1094200
1995-09-18,8.477196890877208,8.552216332389396,8.477196890877208,8.5147066116333,482800
1995-09-19,8.477198798377236,8.552218256769955,8.327159881591797,8.327159881591797,377600
1995-09-20,8.40217800564236,8.47719745212131,8.364668282402885,8.439687728881836,359600
1995-09-21,8.552220029528863,8.552220029528863,8.252142133755921,8.289651870727539,1045400
1995-09-22,8.327161053998756,8.327161053998756,8.139612381611396,8.177122116088867,748800
1995-09-25,8.21463069400272,8.364669610788157,8.13961123561,8.327159881591797,550400
1995-09-26,8.43969025743117,8.477199991908643,8.139612381611396,8.177122116088867,409400
1995-09-27,8.102099418640137,8.177118857701618,8.064589699109394,8.102099418640137,456600
1995-09-28,8.064587383626778,8.139606801148886,8.027077674865723,8.027077674865723,388600
1995-09-29,8.064587383626778,8.064587383626778,7.952058257343613,8.027077674865723,347600
1995-10-02,7.952062031869112,7.952062031869112,7.802023125607431,7.839532852172852,491800
1995-10-03,7.839530762155257,7.839530762155257,7.501943313067231,7.539453029632568,890200
1995-10-04,7.539452765538143,7.539452765538143,7.164355613023807,7.314394474029541,1917400
1995-10-05,7.389416405720077,7.689494229302618,7.389416405720077,7.614474773406982,1473600
1995-10-06,7.651989200103904,8.02708670991292,7.651989200103904,7.914557456970215,1051600
1995-10-09,7.87703805244886,7.914547757460522,7.802018642425538,7.802018642425537,547600
1995-10-10,7.7270052979632124,7.7270052979632124,7.614476094594816,7.68949556350708,374000
1995-10-11,7.68949394591117,7.839532852172852,7.68949394591117,7.839532852172852,292000
1995-10-12,7.802022843133836,7.877042293548584,7.802022843133836,7.877042293548584,341000
1995-10-13,7.83953256834121,7.952061743963332,7.83953256834121,7.877042293548584,616600
1995-10-16,7.877039103440835,8.06458765352276,7.61447113332614,7.98956823348999,821800
1995-10-17,8.252134008227655,8.252134008227655,7.952056407928468,7.952056407928467,521200
1995-10-18,8.027078294534288,8.139607429504395,7.989568582877585,8.139607429504395,683600
1995-10-19,8.252134008227655,8.252134008227655,7.952056407928468,7.952056407928467,2996200
1995-10-20,7.98957006321397,8.102099219033885,7.877040907394054,8.064589500427246,955200
1995-10-23,8.064589500427246,8.102099219033885,8.027079781820609,8.064589500427246,644200
1995-10-24,8.102095208078062,8.102095208078062,7.87703700785367,7.952056407928467,338200
1995-10-25,7.9520603446073315,8.102099219033885,7.9520603446073315,8.064589500427246,1166800
1995-10-26,8.02708119437808,8.102100644792829,7.83953256834121,7.877042293548584,1189800
1995-10-27,7.839531188787416,8.064589500427246,7.651982595754224,8.064589500427246,1048600
1995-10-30,8.252145215798329,8.364674468741033,7.839537955008412,7.914557456970215,2279400
1995-10-31,7.989570260047912,8.177118857701618,7.989570260047912,8.102099418640137,2953200
1995-11-01,8.139609942966036,8.514707175360785,8.102100219726562,8.439687728881836,1472800
1995-11-02,8.477190639839664,8.739758491516113,8.477190639839664,8.739758491516113,1556800
1995-11-03,8.702255050857346,8.702255050857346,8.55221617067015,8.664745330810547,1532800
1995-11-06,8.589727592468263,8.739766502380371,8.552217864990235,8.627237319946289,1616200
1995-11-07,8.62723750583196,8.889805603835542,8.62723750583196,8.852295875549316,847400
1995-11-08,8.852295492449379,8.852295492449379,8.664746859134773,8.777276039123535,1008400
1995-11-09,8.77726818461275,8.77726818461275,8.58971971912957,8.739758491516113,948200
1995-11-10,8.552209974844244,8.88979721069336,8.552209974844244,8.88979721069336,695400
1995-11-13,8.852292671363225,9.077350959618222,8.852292671363225,8.964821815490723,1481800
1995-11-14,8.964824867248536,9.002334594726562,8.889805412292482,9.002334594726562,843200
1995-11-15,8.964824867248536,9.002334594726562,8.852295684814454,9.002334594726562,656200
1995-11-16,8.964825060407994,9.039844516980446,8.852295875549316,8.852295875549316,877000
1995-11-17,8.889797263902656,8.927306956999292,8.58971971912957,8.739758491516113,1423000
1995-11-20,8.702253683165171,8.739763397316747,8.552214826558876,8.58972454071045,1338800
1995-11-21,8.55221617067015,8.664745330810547,8.51470645062335,8.664745330810547,633800
1995-11-22,8.589719667716368,8.88979721069336,8.589719667716368,8.88979721069336,754200
1995-11-24,8.852287570806022,8.889797263902656,8.702248798419479,8.739758491516113,337000
1995-11-27,8.702256585797693,8.777276039123535,8.702256585797693,8.777276039123535,755200
1995-11-28,8.814782956654058,8.964821815490723,8.739763527235725,8.964821815490723,814000
1995-11-29,9.00232628930973,9.039835982181854,8.852287517821235,8.88979721069336,1178400
1995-11-30,8.852287570806022,8.852287570806022,8.739758491516113,8.739758491516113,358400
1995-12-01,8.702256774902345,8.702256774902345,8.589727592468263,8.627237319946289,292200
1995-12-04,8.627235807221512,8.739764969924401,8.589726086320548,8.702255249023438,791200
1995-12-05,8.763943293998981,8.763943293998981,8.688716312934613,8.726329803466797,931000
1995-12-06,8.80155676829664,9.027237711073475,8.763943277833834,8.914397239685059,1298800
1995-12-07,8.876783749222252,8.98962422061067,8.876783749222252,8.914397239685059,904600
1995-12-08,8.952007293701172,8.989620769725127,8.914393817677217,8.952007293701172,604800
1995-12-11,8.952009398907547,9.064849853515623,8.914395914038188,9.064849853515623,522200
1995-12-12,9.027234077453612,9.064847552776335,9.027234077453612,9.027234077453612,890400
1995-12-13,9.027233201630262,9.290527503344478,9.027233201630262,9.21530055999756,811000
1995-12-14,9.290526880105965,9.629048102458004,9.290526880105965,9.516207695007324,1920600
1995-12-15,9.516207695007324,9.591434633307776,9.478594225857098,9.516207695007324,1320000
1995-12-18,9.44098316609618,9.44098316609618,9.21530229359986,9.290529251098633,602200
1995-12-19,9.215306243896483,9.591441192626954,9.215306243896483,9.40337371826172,1714400
1995-12-20,9.516210942756471,9.553824424743652,9.440983978782112,9.553824424743652,1355800
1995-12-21,9.51621420288086,9.553827697753906,9.365760223388673,9.40337371826172,1194600
1995-12-22,9.365757392434512,9.591438293457031,9.365757392434512,9.591438293457031,648000
1995-12-26,9.854731559753418,9.92995851822482,9.779504601282015,9.854731559753418,732400
1995-12-27,9.85473159904337,10.080412475357342,9.85473159904337,10.04279899597168,1533800
1995-12-28,10.04279677190464,10.268477598239576,9.967569829792994,10.19325065612793,1907400
1995-12-29,10.193256580253516,10.23087007316958,10.08041610150532,10.118029594421388,642800
1996-01-02,9.854728397570158,10.005182266235352,9.779501463237562,10.005182266235352,773800
1996-01-03,9.929956358737172,10.230864127183752,9.77950247451388,10.19325065612793,1691400
1996-01-04,10.155637669113446,10.155637669113446,9.892343359173468,9.967570304870604,836400
1996-01-05,9.8923456075091,9.929959088906472,9.666664719124864,9.817118644714355,1732200
1996-01-08,9.779505729675291,9.85473269682664,9.704278762523945,9.779505729675291,238600
1996-01-09,9.892346180402315,9.929959663977993,9.74189224609962,9.779505729675291,955000
1996-01-10,9.629051388718011,9.70427835269237,9.478597460769292,9.553824424743652,796400
1996-01-11,9.478598040203716,9.779505914495898,9.478598040203716,9.704278945922852,712400
1996-01-12,9.66666124869084,10.381317138671877,9.66666124869084,10.381317138671877,960400
1996-01-15,10.230862617492676,10.49415687603109,10.193249151987189,10.230862617492676,809600
1996-01-16,10.118029594421388,10.15564308733745,9.854735144008934,10.118029594421388,1372800
1996-01-17,10.118022667734246,10.155636134900544,9.779501463237562,10.005182266235352,1221200
1996-01-18,10.080407417181766,10.268474719741128,9.81711319359866,9.929953575134276,1497600
1996-01-19,9.929955331902754,10.04279573340165,9.929955331902754,10.005182266235352,1908000
1996-01-22,10.080413275391516,10.3060941696167,10.042799793020652,10.3060941696167,1792000
1996-01-23,10.268482208251951,10.343709184136582,10.155641744425008,10.268482208251951,712400
1996-01-24,10.230868530273437,10.531776428222656,10.080414581298829,10.531776428222656,2084800
1996-01-25,10.531777002478158,10.682230959656415,10.45655002388903,10.494163513183594,1968200
1996-01-26,10.45654945373535,10.569389915466308,10.45654945373535,10.531776428222656,1052400
1996-01-29,10.531777399236509,10.531777399236509,10.268482964255591,10.343709945678713,1080400
1996-01-30,10.381316479514624,10.49415687603109,10.118022220976211,10.230862617492676,2038600
1996-01-31,10.193249151987189,10.381316479514624,10.118022220976211,10.230862617492676,1711600
1996-02-01,10.193254500835923,10.75745677947998,10.193254500835923,10.75745677947998,2113800
1996-02-02,10.644609590442156,10.795063436243458,10.569382667541504,10.569382667541504,1104600
1996-02-05,10.494159368238686,10.682226740429345,10.418932419362422,10.644613265991213,848400
1996-02-06,10.832681316218965,11.020748700181098,10.75745436263411,10.983135223388672,1283800
1996-02-07,10.907916294203863,10.907916294203863,10.757462276352776,10.83268928527832,908000
1996-02-08,10.832688919758548,10.870302422952154,10.719848410177727,10.79507541656494,697400
1996-02-09,10.832683749965854,10.832683749965854,10.682229808994103,10.75745677947998,783600
1996-02-12,10.719838336362676,11.095973014831545,10.719838336362676,11.095973014831545,890400
1996-02-13,10.90790567559711,11.208813418372202,10.90790567559711,11.095973014831545,1499600
1996-02-14,11.095975315248644,11.208815742183376,11.095975315248644,11.133588790893556,575000
1996-02-15,11.095981183259385,11.47211613862411,11.058367687722912,11.246435165405272,1087800
1996-02-16,11.208818448258706,11.396885871887209,11.171204963533006,11.396885871887209,652400
1996-02-20,11.396889147551164,11.47211613862411,11.2088216698688,11.246435165405272,853200
1996-02-21,11.284042693473198,11.39688312040793,11.133588790893556,11.133588790893556,688200
1996-02-22,11.133591083565143,11.208818050345988,11.133591083565143,11.171204566955566,1026400
1996-02-23,11.095978347487929,11.133591833411616,10.682230002327362,10.8702974319458,723800
1996-02-26,10.832682972222983,10.870296454765429,10.494161629341017,10.682229042053224,1854800
1996-02-27,10.719842104603062,10.757455585671844,10.456547737121582,10.456547737121582,844800
1996-02-28,10.607003981067288,10.719844448950983,10.494163513183594,10.494163513183594,662000
1996-02-29,10.494157542353092,10.53177101024683,10.306090202884398,10.381317138671877,686600
1996-03-01,10.418935412293546,10.75745677947998,10.418935412293546,10.75745677947998,814400
1996-03-04,10.644611400668904,11.095973014831545,10.644611400668904,11.095973014831545,849800
1996-03-05,11.162351569350886,11.313194158125896,11.011508980575874,11.08693027496338,898800
1996-03-06,11.04921925586203,11.313193777333137,10.936087318088695,11.275483131408691,1088800
1996-03-07,11.237762767985716,11.237762767985716,11.011499088093386,11.12463092803955,461800
1996-03-08,10.860662326006825,10.97379422523606,10.52126662831911,10.709819793701172,540600
1996-03-11,10.521267250747416,10.8983736038208,10.44584598013274,10.8983736038208,610200
1996-03-12,10.822953008316658,11.200059384913056,10.785242370657018,11.162348747253418,582400
1996-03-13,11.2000594997406,11.388612689971923,11.049216947555545,11.313191413879396,395200
1996-03-14,11.426323661437404,11.841140692050642,11.426323661437404,11.765719413757324,988000
1996-03-15,11.72800489241077,11.80342614573817,11.577162385755967,11.69029426574707,1330200
1996-03-18,11.728006220019212,11.76571685095175,11.464031803491448,11.577163696289062,674400
1996-03-19,11.765717300714233,11.8411385654624,11.46403224172156,11.539453506469728,727400
1996-03-20,11.501744149927283,11.539454786484423,11.237769694027314,11.35090160369873,596800
1996-03-21,11.46403201167195,11.954270222697396,11.46403201167195,11.803427696228027,6521200
1996-03-22,11.916554347724672,11.916554347724672,11.652580042553556,11.84113311767578,1843800
1996-03-25,11.841135718605734,12.029688835144045,11.841135718605734,12.029688835144045,821800
1996-03-26,11.95426933349125,11.95426933349125,11.765716189429874,11.8788480758667,1097000
1996-03-27,11.878846687606618,11.99197856082192,11.878846687606618,11.91655731201172,556800
1996-03-28,11.84113311767578,11.916554347724672,11.76571188762689,11.84113311767578,518200
1996-03-29,11.91655696522106,12.067399458451703,11.841135718605734,12.029688835144045,1072400
1996-04-01,11.95426792471416,12.48221666586873,11.916557300345978,12.331374168395996,1383400
1996-04-02,12.369084707406852,12.369084707406852,12.255952835083008,12.255952835083008,966600
1996-04-03,12.255950599181944,12.3690824508667,12.255950599181944,12.3690824508667,635400
1996-04-04,12.406795154134912,12.519927024841309,12.406795154134912,12.519927024841309,913400
1996-04-08,12.369080432353574,12.369080432353574,12.142816765908082,12.293659210205078,2182200
1996-04-09,12.369084620992467,12.369084620992467,12.142820877925532,12.18053150177002,927000
1996-04-10,12.142825805223906,12.142825805223906,11.765719413757324,11.765719413757324,1445800
1996-04-11,11.76571551907447,11.80342614573817,11.614873012419668,11.69029426574707,1516000
1996-04-12,11.652582941176016,11.99197856082192,11.614872316770915,11.91655731201172,1097200
1996-04-15,11.878846341913397,12.067399458451703,11.878846341913397,12.029688835144045,1084800
1996-04-16,11.991979962303525,12.067401219928076,11.8788480758667,11.8788480758667,1143000
1996-04-17,11.690296035966064,11.728006668340148,11.388610976973393,11.539453506469728,1524800
1996-04-18,11.577168009497903,11.690299944444137,11.539457364515824,11.61487865447998,854000
1996-04-19,11.65258604767238,11.765717951047842,11.65258604767238,11.728007316589355,361600
1996-04-22,11.765717064610689,11.916559591080054,11.65258516975866,11.803427696228027,1087200
1996-04-23,11.84113832784537,11.916559591080054,11.765717064610689,11.803427696228027,310200
1996-04-24,11.991985362768174,12.255959883332253,11.878853425383568,12.06740665435791,887000
1996-04-25,12.02969600856304,12.10511730015278,12.02969600856304,12.06740665435791,360600
1996-04-26,12.067399544879285,12.10511016845703,11.991978297723788,12.105110168457031,455800
1996-04-29,12.067396807822451,12.067396807822451,11.803422502651337,11.84113311767578,587000
1996-04-30,11.803426588237478,11.803426588237478,11.464030935540556,11.652584075927734,700400
1996-05-01,11.614873012419668,11.72800489241077,11.577162385755967,11.69029426574707,504000
1996-05-02,11.614873447850298,11.916558472469786,11.577162819772862,11.652584075927734,628400
1996-05-03,11.728007316589355,11.916560488881789,11.69029668213087,11.728007316589355,455800
1996-05-06,11.916554347724672,11.954264962749116,11.652580042553556,11.84113311767578,416600
1996-05-07,11.80342614573817,11.916558025729271,11.577162385755967,11.69029426574707,596200
1996-05-08,11.464034080505373,11.501744718928084,11.124638334700936,11.464034080505373,1788800
1996-05-09,11.501745005649347,11.501745005649347,11.20005989074707,11.20005989074707,1024000
1996-05-10,11.237762767985716,11.313183994616493,10.860656634831834,11.12463092803955,1058200
1996-05-13,11.124638334700936,11.464034080505373,11.08692769627822,11.464034080505373,1252800
1996-05-14,11.614874771217895,11.65258540359198,11.46403224172156,11.539453506469728,714600
1996-05-15,11.539451759092268,11.87884739906557,11.501741132428569,11.69029426574707,815400
1996-05-16,11.652589299462058,11.652589299462058,11.464036074551668,11.61487865447998,590200
1996-05-17,11.765715960160042,11.765715960160042,11.652584075927734,11.652584075927734,797400
1996-05-20,11.728006432993345,11.84113832784537,11.690295801376005,11.803427696228027,759000
1996-05-21,11.84113311767578,12.029686192798009,11.76571188762689,11.84113311767578,724800
1996-05-22,11.803422502651337,11.878843732700227,11.76571188762689,11.84113311767578,968400
1996-05-23,11.84113832784537,12.067402117549422,11.803427696228027,11.803427696228027,484600
1996-05-24,11.878846341913397,12.067399458451703,11.841135718605734,12.029688835144045,471600
1996-05-28,12.029691626972957,12.10511289109191,11.841138466675575,11.954270362854004,417200
1996-05-29,12.06740665435791,12.218249237537384,12.02969600856304,12.06740665435791,754800
1996-05-30,12.067401957067643,12.180533850415152,12.067401957067643,12.142823219299316,342000
1996-05-31,12.180531586867112,12.293663459190956,12.06739971454327,12.255952835083008,659600
1996-06-03,12.293663198297674,12.293663198297674,11.91655696522106,12.029688835144045,372200
1996-06-04,12.105110519337202,12.105110519337202,11.803425521970544,11.991978645324709,809200
1996-06-05,12.096314045213024,12.209716989386896,12.020712082430444,12.171916007995604,525200
1996-06-06,12.20970758693612,12.20970758693612,12.134105682373049,12.134105682373049,289000
1996-06-07,11.945109747046589,12.13411464810745,11.831706806410068,12.058512687683104,1356200
1996-06-10,11.982911101039152,12.209716989386896,11.982911101039152,12.171916007995604,397000
1996-06-11,12.171915628319622,12.323119549168316,12.020711707470932,12.058512687683104,494400
1996-06-12,12.134111991976804,12.398718795540162,12.096311020039185,12.20971393585205,642400
1996-06-13,12.209711988529046,12.66332357943415,12.209711988529046,12.62552261352539,1267200
1996-06-14,12.625522969717002,12.625522969717002,12.436518134841,12.549921035766602,834400
1996-06-17,12.549919826228445,12.549919826228445,12.360915009568378,12.39871597290039,535600
1996-06-18,12.398714404895992,12.398714404895992,12.285311529241456,12.323112487792969,938800
1996-06-19,12.285314559936523,12.549921335073618,12.285314559936523,12.285314559936523,884400
1996-06-20,12.323112487792969,12.36091344634448,12.20970961213843,12.323112487792969,529400
1996-06-21,12.3987165740042,12.587721399827435,12.28531367851026,12.474318504333496,1197400
1996-06-24,12.4743191018162,12.549921035766602,12.436518134841,12.549921035766602,321200
1996-06-25,12.54991823910204,12.587719197653554,12.323112487792969,12.323112487792969,702600
1996-06-26,12.285318952169478,12.285318952169478,12.096314045213024,12.171916007995604,634400
1996-06-27,12.058508752676158,12.285314559936523,12.020707784799429,12.285314559936523,501000
1996-06-28,12.360920702917335,12.776731491088864,12.285318741431604,12.776731491088867,1086600
1996-07-01,12.776734400797892,12.814535390149365,12.39872450728316,12.587729454040527,592000
1996-07-02,12.663323936692205,12.701124903667404,12.4743191018162,12.549921035766602,576000
1996-07-03,12.625523387852,12.701125324306204,12.587722419624898,12.663324356079102,472000
1996-07-05,12.4743191018162,12.625522969717002,12.3987171678658,12.549921035766602,224600
1996-07-08,12.474319637727591,12.512120606326766,12.360916731930068,12.436518669128418,387200
1996-07-09,12.436515363447503,12.436515363447503,12.285311529241456,12.323112487792969,383200
1996-07-10,12.398719358444213,12.398719358444213,12.02070962190628,12.096311569213867,658800
1996-07-11,12.13411135613164,12.247514266002028,11.90730553639086,11.945106506347656,978400
1996-07-12,11.869508369175952,11.869508369175952,11.41589658436668,11.756105422973633,2190600
1996-07-15,11.756103879527044,11.793904856631633,11.378094108481156,11.491497039794922,1447400
1996-07-16,11.415894322662856,11.52929724639792,11.03788457687932,11.453695297241213,1086400
1996-07-17,11.529302660624186,11.604904645284018,11.26469571431478,11.34029769897461,574800
1996-07-18,11.340296502206838,11.567102432250977,11.26469452552546,11.567102432250977,1096800
1996-07-19,11.491490814507202,11.680495597640544,11.491490814507202,11.604893684387209,987800
1996-07-22,11.491496271819564,11.52929724639792,11.415894322662856,11.453695297241213,673200
1996-07-23,11.453697016406618,11.453697016406618,11.30249309539795,11.30249309539795,879600
1996-07-24,11.113491463334592,11.151292454706478,11.000088489218934,11.03788948059082,1144800
1996-07-25,11.11349105834961,11.264695018327156,11.075690068355224,11.11349105834961,1457600
1996-07-26,11.151292454706478,11.189093446078363,10.92448650647516,11.03788948059082,781400
1996-07-29,11.075684006149704,11.302489821975296,11.075684006149704,11.1890869140625,908400
1996-07-30,11.189088475192737,11.453695297241213,11.189088475192737,11.453695297241213,838800
1996-07-31,11.56709272776054,11.642694641013875,11.491490814507202,11.604893684387209,1076000
1996-08-01,11.642701905349204,12.13411464810745,11.642701905349204,12.058512687683104,1378000
1996-08-02,12.247514266002028,12.247514266002028,11.869504566434063,11.945106506347656,1172400
1996-08-05,11.982907476304453,12.058509416218046,11.869504566434063,11.945106506347656,181600
1996-08-06,11.907308199428233,12.058512113071766,11.831706242606463,11.98291015625,585800
1996-08-07,11.907308199428233,11.982910156249998,11.869507221017347,11.98291015625,746600
1996-08-08,11.945106506347656,11.982907476304453,11.90730553639086,11.945106506347656,326400
1996-08-09,11.945103725310297,11.945103725310297,11.642696036061936,11.718297958374023,540400
1996-08-12,11.718297958374023,11.793899880686116,11.567094113749844,11.718297958374023,583600
1996-08-13,11.756097510893882,11.756097510893882,11.56709272776054,11.604893684387209,330200
1996-08-14,11.56709272776054,11.642694641013875,11.52929177113387,11.604893684387209,163000
1996-08-15,11.680497169494627,11.718298131208204,11.567094284353905,11.680497169494627,479000
1996-08-16,11.68049725757283,11.869502067565918,11.604895333575596,11.869502067565918,303800
1996-08-19,11.982901873246904,12.171906634654585,11.982901873246904,12.134105682373049,852800
1996-08-20,12.134114069893531,12.171915048304417,11.869507221017347,11.98291015625,436400
1996-08-21,11.90730553639086,11.945106506347656,11.831703596477269,11.945106506347656,504400
1996-08-22,11.945109747046589,12.058512687683104,11.907308766834412,12.058512687683104,235800
1996-08-23,12.058510565379308,12.058510565379308,11.831704724024211,11.907306671142578,880800
1996-08-26,11.945107239943283,11.945107239943283,11.718301406273474,11.793903350830078,409000
1996-08-27,11.7561042857847,12.171915048304417,11.64270135055205,11.98291015625,610800
1996-08-28,12.02070962190628,12.13411254286766,11.982908648252486,12.096311569213867,623200
1996-08-29,12.096311020039185,12.398718795540162,12.096311020039185,12.20971393585205,1484400
1996-08-30,12.20971285753337,12.474319637727591,12.20971285753337,12.436518669128418,863400
1996-09-03,12.360922932624815,12.7767337958018,12.28532095750173,12.701131820678713,1172400
1996-09-04,12.701125324306204,12.738926292533304,12.587722419624898,12.663324356079102,925800
1996-09-05,12.654239677590546,12.654239677590546,12.5026918970206,12.540578842163086,288600
1996-09-06,12.502688729619404,12.843671149518116,12.464801794075104,12.578462600708008,955600
1996-09-09,12.692124363938731,12.919445994337636,12.692124363938731,12.805785179138184,539400
1996-09-10,12.805781983193896,12.84366891213826,12.578460409527734,12.730008125305176,529200
1996-09-11,12.881557779677848,12.881557779677848,12.730010041093404,12.843670845031738,640400
1996-09-12,12.805783910385626,12.843670845031738,12.767896975739514,12.843670845031738,332800
1996-09-13,12.95732557633344,12.995212493223304,12.76789099188412,12.881551742553713,600000
1996-09-16,12.957331657409668,12.957331657409668,12.881557788068092,12.957331657409668,740600
1996-09-17,12.881559055937815,12.881559055937815,12.692124363938731,12.805785179138184,739200
1996-09-18,12.805783910385626,12.995218583616182,12.767896975739514,12.843670845031738,373000
1996-09-19,12.881558415444031,12.881558415444031,12.730010669379986,12.767897605895996,468000
1996-09-20,12.767896984055726,12.957331657409668,12.767896984055726,12.957331657409668,974600
1996-09-23,12.843673972643762,13.146769523620604,12.843673972643762,13.146769523620604,1197200
1996-09-24,13.108880360921225,13.184654235839844,12.995219548543297,13.070993423461914,566600
1996-09-25,13.146755113158116,13.184642015501511,12.919433699097745,13.03309440612793,530600
1996-09-26,12.995218592080455,13.260427134775975,12.957331657409668,12.957331657409668,445600
1996-09-27,13.108877780500396,13.108877780500396,12.843669270490272,12.919443130493164,783600
1996-09-30,12.95732060144114,13.146755113158116,12.919433699097745,13.03309440612793,557800
1996-10-01,13.033106486002604,13.146767298380537,13.033106486002604,13.070993423461914,225800
1996-10-02,13.10887437290312,13.260422053514716,13.033100532597322,13.222535133361816,332600
1996-10-03,13.222537412481794,13.601406679315083,13.222537412481794,13.411972045898438,492400
1996-10-04,13.411972077954715,13.6771805653719,13.411972077954715,13.525632858276367,619200
1996-10-07,13.56351978505025,13.601406711824136,13.449859004728602,13.525632858276367,266400
1996-10-08,13.525629698897207,13.639290452669451,13.487742780973123,13.563516616821287,328000
1996-10-09,13.639295878035298,13.639295878035298,13.411974280068044,13.487748146057127,750800
1996-10-10,13.601406679315083,13.601406679315083,13.41197204589844,13.411972045898438,487800
1996-10-11,13.44986343383789,13.563524251588634,13.411976494587645,13.44986343383789,297800
1996-10-14,13.487750373088138,13.563524251588634,13.44986343383789,13.44986343383789,117000
1996-10-15,13.487742780973123,13.60140353474537,13.487742780973123,13.563516616821287,326800
1996-10-16,13.563517920176189,13.639291763305664,13.411970233917236,13.639291763305664,329800
1996-10-17,13.639300646702887,13.866622324147936,13.639300646702887,13.71507453918457,725600
1996-10-18,13.790841102600098,13.942388807024274,13.677180324281965,13.790841102600098,498000
1996-10-21,13.86661752928858,13.98027832870898,13.828730596148448,13.942391395568848,515400
1996-10-22,13.94239013175654,14.056050920874124,13.904503202050682,13.980277061462402,307800
1996-10-23,13.980278075210691,14.472808197101584,13.942391142757549,14.434921264648438,1108000
1996-10-24,13.980275733130318,14.093936511448453,13.63929339817592,13.790841102600098,2856600
1996-10-25,13.790839449564617,13.790839449564617,13.33619639078776,13.639291763305664,848800
1996-10-28,13.63929493513612,13.677181865511498,13.487747213634607,13.601408004760742,643800
1996-10-29,13.56351978505025,13.601406711824136,13.374085151180834,13.525632858276367,771800
1996-10-30,13.63929493513612,13.677181865511498,13.601408004760742,13.601408004760742,1147600
1996-10-31,13.639293605998413,13.67718053268174,13.41197204589844,13.411972045898438,979200
1996-11-01,13.374077413836098,13.487738128401276,13.10886907985068,13.298303604125977,1825400
1996-11-04,13.33619819253178,13.449858972581769,13.146763559115136,13.411972045898438,646000
1996-11-05,13.336200414078958,13.525635079051671,13.336200414078958,13.487748146057127,650400
1996-11-06,13.449865298918407,13.790847799454369,13.374091409910418,13.677186965942385,713600
1996-11-07,13.71506979672805,14.018165261849113,13.71506979672805,13.942391395568848,768800
1996-11-08,13.904502868652346,13.98027672624718,13.715068224665256,13.904502868652344,412000
1996-11-11,13.866619428869797,13.942393305530288,13.790845552209309,13.82873249053955,431800
1996-11-12,13.790847101519184,14.131829584798504,13.790847101519184,14.093942642211914,713600
1996-11-13,14.0560581887022,14.321266833772052,14.0560581887022,14.245492935180664,966400
1996-11-14,14.624358491799264,14.889567065484744,14.548584613603412,14.700132369995115,1415000
1996-11-15,15.154772996902466,15.154772996902466,14.472808212041857,14.548582077026367,1649000
1996-11-18,14.54858078881708,14.586467717954626,14.397033072266904,14.472806930541992,525400
1996-11-19,14.472802099263134,14.472802099263134,14.321254433302265,14.35914134979248,479000
1996-11-20,14.32126397038273,14.35915091210332,14.093942320059195,14.131829261779783,732400
1996-11-21,14.131824212618152,14.283371925354004,14.093937284434189,14.283371925354004,462600
1996-11-22,14.207598123475714,14.548580478439131,14.207598123475714,14.510693550109863,319200
1996-11-25,14.54857873071598,14.96533489227295,14.510691806938077,14.96533489227295,852800
1996-11-26,14.927448233680042,15.192656704836796,14.738013611425218,14.813787460327148,1396200
1996-11-27,14.813793187288892,14.889567065484744,14.58647155270134,14.700132369995115,568400
1996-11-29,14.775903059461736,14.775903059461736,14.700129197618343,14.73801612854004,73600
1996-12-02,14.662241576229714,14.662241576229714,14.397033072266904,14.472806930541992,636400
1996-12-03,14.397034332195291,14.624355926914165,14.397034332195291,14.434921264648438,514400
1996-12-04,14.349880906567964,14.463768850270885,14.235992962865044,14.311918258666992,502000
1996-12-05,14.273947531016086,14.539685915902025,14.198022278191532,14.501723289489746,577400
1996-12-06,14.311923932134306,14.311923932134306,14.122110617384514,14.160073280334473,459000
1996-12-09,14.19803109921907,14.501732299202368,14.19803109921907,14.425806999206545,931200
1996-12-10,14.539696172779314,14.65358413235722,14.463770866394045,14.463770866394045,366000
1996-12-11,14.046185092723116,14.273961067199709,14.046185092723116,14.273961067199709,663000
1996-12-12,14.273961474444414,14.273961474444414,14.008222829973374,14.046185493469238,412000
1996-12-13,13.970260370654696,13.970260370654696,13.742484386350544,13.932297706604004,342000
1996-12-16,13.894337145487466,13.93229981528388,13.552673117319742,13.666561126708984,753000
1996-12-17,13.628596006813694,13.66655866978532,13.438782691955566,13.438782691955566,1098000
1996-12-18,13.476747777726914,13.704523796505397,13.476747777726914,13.666561126708984,777000
1996-12-19,13.742480538108133,13.932293805209072,13.704517884687943,13.78044319152832,1595200
1996-12-20,13.97025884485641,13.97025884485641,13.5906322458114,13.704520225524902,1496200
1996-12-23,13.704516838520018,13.780442139564451,13.552666236431154,13.628591537475586,316800
1996-12-24,13.704516838520018,13.704516838520018,13.552666236431154,13.628591537475586,129800
1996-12-26,13.66655905824916,13.932297706604004,13.66655905824916,13.932297706604004,337200
1996-12-27,14.08414311137626,14.08414311137626,13.856367212000904,14.008217811584473,321400
1996-12-30,14.008222875748087,14.23599885746757,13.93229754850826,14.198036193847656,487200
1996-12-31,14.273956360855724,14.577657560022868,14.008217811584473,14.008217811584473,584200
1997-01-02,13.93229750298165,14.122110820460962,13.780446848998196,14.046185493469238,563800
1997-01-03,14.235991477966309,14.311916765848796,14.16006619008382,14.235991477966309,815600
1997-01-06,14.31191691275566,14.387842201417492,14.122103691101074,14.122103691101074,632800
1997-01-07,14.046181765469637,14.046181765469637,13.666555231267756,13.78044319152832,1697200
1997-01-08,13.704515569503991,13.932291451545607,13.666552922497056,13.856366157531738,1512600
1997-01-09,13.856370734131856,14.008221372314122,13.742482755495155,13.970258712768556,1230600
1997-01-10,13.780445415040722,13.970258712768556,13.66655743640402,13.970258712768556,1540600
1997-01-13,14.084144592285154,14.122107246172716,13.932293976734911,14.084144592285156,1384000
1997-01-14,14.008223034705388,14.008223034705388,13.894335042553312,13.932297706604004,941200
1997-01-15,13.8184035105248,13.932291451545607,13.8184035105248,13.856366157531738,1171400
1997-01-16,13.894335042553312,13.970260370654696,13.818409714451928,13.932297706604004,1130400
1997-01-17,14.04617840243924,14.198028979762908,14.04617840243924,14.122103691101074,863800
1997-01-20,14.160072010496387,14.160072010496387,13.932296053222988,13.970258712768556,1015400
1997-01-21,13.894327825115573,14.273954268424742,13.856365180784657,14.122103691101074,976800
1997-01-22,14.084147954434556,14.23599860623439,14.084147954434556,14.160073280334473,907800
1997-01-23,14.122103691101074,14.31191691275566,14.084141046770158,14.122103691101074,1549400
1997-01-24,14.122104686580291,14.198029980594164,13.8184035105248,13.856366157531738,962800
1997-01-27,13.8184035105248,14.084142039573354,13.8184035105248,13.856366157531738,1010000
1997-01-28,13.89433132284735,14.198032553947838,13.89433132284735,14.084144592285156,937800
1997-01-29,14.046185493469237,14.122110820460962,14.008222829973374,14.046185493469238,500400
1997-01-30,14.122110417548646,14.273961067199709,14.00822243031035,14.273961067199709,869800
1997-01-31,14.311920515610522,14.311920515610522,14.046181938397597,14.084144592285156,669600
1997-02-03,13.970253113777408,14.122103691101074,13.970253113777408,14.122103691101074,838800
1997-02-04,14.16007307996141,14.349886392025237,14.08414775513588,14.273961067199709,614200
1997-02-05,14.425813428330232,14.577664095996866,14.311925427580256,14.387850761413574,1048000
1997-02-06,14.23599885746757,14.425812175567136,14.198036193847656,14.198036193847656,1039000
1997-02-07,14.311923582311088,14.61562487848745,14.311923582311088,14.53969955444336,1133800
1997-02-10,14.615616798400875,14.88135528564453,14.615616798400875,14.61561679840088,599000
1997-02-11,14.653573795138854,14.691536421551133,14.425798036665192,14.501723289489746,557200
1997-02-12,14.501734451371798,14.99524897458602,14.463771795739934,14.88136100769043,617200
1997-02-13,15.109138056743577,15.7924659085561,15.033212739875518,15.75450325012207,1165400
1997-02-14,15.412838001492656,15.450800656668749,14.881360829027392,14.995248794555664,837200
1997-02-18,14.881352748870848,15.223016459941864,14.881352748870848,15.185053825378418,2394600
1997-02-19,15.07116943971256,15.185057369987469,15.033206796287592,15.1470947265625,498200
1997-02-20,15.071182012557983,15.185070037841797,14.995256662368774,15.03321933746338,326800
1997-02-21,15.033206796287592,15.147094726562498,14.995244152862623,15.1470947265625,356000
1997-02-24,15.033209374202556,15.109134674072266,14.881358774463136,15.109134674072266,532200
1997-02-25,15.109143227797286,15.109143227797286,14.577665827824518,14.805441856384276,1086600
1997-02-26,14.84339801285618,14.919323322384855,14.577659429505816,14.691547393798828,832400
1997-02-27,14.653575544004086,14.691538174947102,14.34987449645996,14.34987449645996,830600
1997-02-28,14.23600178498488,14.843404527810902,14.23600178498488,14.805441856384276,1421800
1997-03-03,14.65358489797085,15.033211449731754,14.61562224279476,14.995248794555664,572600
1997-03-04,14.995245011811402,15.071170303010447,14.691543847015222,14.729506492614746,621200
1997-03-05,14.648846660168644,14.991287231445314,14.648846660168644,14.991287231445312,740000
1997-03-06,14.915182495117186,15.333720779418943,14.915182495117186,15.219573974609377,726800
1997-03-07,15.29567184448242,15.371769714355468,15.143476104736328,15.219573974609377,1029600
1997-03-10,15.143488001467576,15.333732825606615,15.143488001467576,15.295683860778809,791000
1997-03-11,15.295672225005571,15.37177009677177,15.14347648147318,15.333721160888672,359200
1997-03-12,15.257622142782186,15.333720008830976,15.067377477660214,15.181524276733398,269200
1997-03-13,15.105439407656892,15.105439407656892,14.953243544607451,15.067390441894531,334600
1997-03-14,14.99129096300174,15.02933992483677,14.80104615382659,14.83909511566162,1082800
1997-03-17,14.877136786172104,14.953234672546388,14.762989956610683,14.953234672546388,551800
1997-03-18,14.877141846550836,14.991288714938692,14.72494602203369,14.724946022033691,324400
1997-03-19,14.610797467009393,14.839091177431412,14.534699563535384,14.686895370483398,598000
1997-03-20,14.686897821350904,14.686897821350904,14.382506156659693,14.420555114746094,405000
1997-03-21,14.534689676193963,14.648836453755695,14.38249397277832,14.38249397277832,753600
1997-03-24,14.382499925551874,14.382499925551874,14.07810839273596,14.15420627593994,1221000
1997-03-25,14.230308203684352,14.72494458509584,14.116161346435549,14.116161346435549,830800
1997-03-26,13.849816524621213,13.963963364109848,13.583473899147728,13.811767578125,2782200
1997-03-27,13.77372049342441,14.040063154899467,13.46932888031006,13.46932888031006,769800
1997-03-31,13.393227154830042,13.659569740295412,13.088835628583904,13.65956974029541,715200
1997-04-01,13.50737267409974,13.545421611209878,13.012736491667916,13.35517692565918,1310800
1997-04-02,13.393226794982224,13.773716192566946,13.393226794982224,13.545422554016112,1555000
1997-04-03,13.545421611209878,13.545421611209878,13.241030114328758,13.35517692565918,764800
1997-04-04,13.16493471189477,13.24103260040283,13.050787879132676,13.241032600402832,1608000
1997-04-07,13.202981355156696,13.507372856140137,13.164932417533768,13.507372856140137,674000
1997-04-08,13.62152284564394,13.849816524621213,13.583473899147728,13.811767578125,619400
1997-04-09,13.963970337124818,14.002019302621072,13.7356765441473,13.773725509643556,756400
1997-04-10,13.773723077774047,13.773723077774047,13.62152724266052,13.697625160217283,493600
1997-04-11,13.621522042943145,13.621522042943145,13.24103260040283,13.241032600402832,338000
1997-04-14,13.2790790514389,13.355176925659178,12.936638617447638,13.35517692565918,459200
1997-04-15,13.621519669008926,13.735666481877717,13.393226043271348,13.507372856140137,624800
1997-04-16,13.545431716666036,13.811774475139806,13.46933378567353,13.773725509643556,1134200
1997-04-17,13.735666264601743,14.002008823749144,13.697617327580684,13.925910949707031,629000
1997-04-18,13.887863384980012,13.925912325760782,13.54542291795311,13.65956974029541,873600
1997-04-21,13.621529647658544,13.84982344063606,13.621529647658544,13.773725509643556,403600
1997-04-22,14.154208265890286,14.686893523208738,14.040061425036331,14.496648788452148,1216800
1997-04-23,14.839082288492412,14.839082288492412,14.382495141154184,14.534690856933594,805400
1997-04-24,14.458599841500831,14.610795629306104,14.344453000646878,14.496648788452148,1168800
1997-04-25,14.496652388511716,14.91519090891494,14.458603432111422,14.877141952514648,1123400
1997-04-28,14.83909511566162,14.83909511566162,14.6868992683215,14.83909511566162,976200
1997-04-29,15.067373747872834,15.371765136718748,14.877129129844135,15.37176513671875,772600
1997-04-30,15.219583580626702,15.71422004699707,15.219583580626702,15.71422004699707,1484800
1997-05-01,15.67616653442383,15.79031337812109,15.562019690726569,15.676166534423828,1238600
1997-05-02,15.676168650606252,15.714217603641703,15.44787493239354,15.6381196975708,572400
1997-05-05,15.60007317014237,15.866415882803338,15.60007317014237,15.71422004699707,1004000
1997-05-06,15.562020562535569,16.132754812995305,15.523971612504916,15.866412162780762,1527000
1997-05-07,15.866401853469704,15.980548629393946,15.71420615223738,15.82835292816162,672800
1997-05-08,15.752269005948635,15.790317964900204,15.60007317014237,15.71422004699707,648800
1997-05-09,15.714218670488842,15.86641449296331,15.60007180363299,15.790316581726074,489800
1997-05-12,15.82835292816162,15.980548629393946,15.75225507754546,15.82835292816162,543800
1997-05-13,15.752269005948635,15.790317964900204,15.523975252239238,15.71422004699707,834800
1997-05-14,15.790317964900204,15.790317964900204,15.523975252239238,15.71422004699707,646800
1997-05-15,15.714217603641703,15.752266556677156,15.371777026322636,15.6381196975708,533600
1997-05-16,15.638110554736594,15.752257347106934,15.523963762366254,15.752257347106934,741400
1997-05-19,15.638122129093937,15.71422004699707,15.562024211190804,15.71422004699707,514400
1997-05-20,15.600069999694824,15.638118950913592,15.523972097257287,15.600069999694824,543400
1997-05-21,15.562019961220876,15.98055839538574,15.562019961220876,15.980558395385742,658600
1997-05-22,15.94251006284206,15.980559012872709,15.790314262719464,15.866412162780762,471200
1997-05-23,15.94250373840332,16.28494415283203,15.904454803466797,16.17079734802246,405400
1997-05-27,16.132748413085935,16.246895217895506,15.980552673339842,16.17079734802246,531800
1997-05-28,16.094698341799454,16.28494300305004,16.094698341799454,16.208845138549805,481200
1997-05-29,16.170796206299688,16.208845138549805,16.094698341799454,16.208845138549805,630200
1997-05-30,16.13274726052182,16.13274726052182,15.980551531648976,16.018600463867188,350600
1997-06-02,16.05665054321289,16.208846282958984,15.904454803466797,16.17079734802246,350800
1997-06-03,16.09470928049533,16.32300302915484,16.018611364275497,16.284954071044922,374800
1997-06-04,16.204113960266113,16.394750595092773,15.899095344543458,16.013477325439453,940400
1997-06-05,16.08972930908203,16.1659839503573,15.86096538525622,16.08972930908203,511600
1997-06-06,16.01348181751287,16.318500518798828,16.01348181751287,16.318500518798828,274000
1997-06-09,16.242239754154998,16.432876370987803,16.127857784055315,16.165985107421875,606800
1997-06-10,16.20411717252576,16.356626510620117,16.16598983800217,16.356626510620117,419600
1997-06-11,16.43288618026803,16.737904949275325,16.43288618026803,16.699777603149414,455200
1997-06-12,17.081046407019283,17.424192428588867,16.928537064099466,17.424192428588867,900000
1997-06-13,17.424192428588867,17.69108377869854,17.15730107847919,17.424192428588867,1251400
1997-06-16,17.347947816362403,17.576711963391357,17.08105631149529,17.195438385009766,698200
1997-06-17,17.11917019319964,17.11917019319964,16.852278898428153,16.92853355407715,901200
1997-06-18,16.928540151209504,17.15730420730693,16.852285465843693,17.119176864624023,958200
1997-06-19,17.042919838035502,17.386065875042927,17.00479250059023,17.347938537597656,774600
1997-06-20,17.34794644127905,17.34794644127905,17.00480024793507,17.233564376831055,840000
1997-06-23,17.081050749747984,17.11917809517153,16.54726791381836,16.54726791381836,544400
1997-06-24,16.54726027583217,16.966660881901646,16.432878292358673,16.92853355407715,952600
1997-06-25,16.852283592577333,16.89041093102208,16.432882869685137,16.471010208129883,880400
1997-06-26,16.471014553509715,16.49007822776146,16.20412311398525,16.375696182250977,994000
1997-06-27,16.394758051091976,16.89041352705522,16.394758051091976,16.776031494140625,784800
1997-06-30,16.73790663055011,17.157307480062755,16.661651930638723,17.081052780151367,886200
1997-07-01,17.61482869594469,17.61482869594469,16.623517990112305,16.623517990112305,806400
1997-07-02,16.699773846774246,16.89041053452281,16.661646509224532,16.833219528198242,654000
1997-07-03,17.042920224995726,17.11917490161763,16.890410871751914,16.985729217529297,427600
1997-07-07,17.233563283284504,17.424200045267742,17.004799168904622,17.15730857849121,935200
1997-07-08,17.119181226094565,17.15730857849121,16.966671816507976,17.15730857849121,623000
1997-07-09,17.386064246771234,17.595764583080975,17.25261857821049,17.367000579833984,1755200
1997-07-10,17.386071058096864,17.481389430125905,17.195434314038785,17.309816360473633,991600
1997-07-11,17.309813578038543,17.328877249379996,17.081049521941118,17.119176864624023,402800
1997-07-14,16.928540871360084,17.04292290427468,16.642585789073596,16.776031494140625,575000
1997-07-15,16.77603284970503,16.81416019709072,16.566332439083716,16.737905502319336,682200
1997-07-16,16.699770595487312,17.328871542577588,16.699770595487312,17.25261688232422,667000
1997-07-17,17.233551410206577,17.46231536697923,17.1954240840778,17.38606071472168,1056400
1997-07-18,17.309813578038543,17.386068263404354,17.081049521941118,17.119176864624023,696000
1997-07-21,17.081050181104096,17.595769327186474,17.061986509026973,17.557641983032227,794800
1997-07-22,17.46232294877016,17.500450291453067,17.119176864624023,17.119176864624023,1055800
1997-07-23,17.08105387369792,17.347945340474446,16.756971378326416,17.15730857849121,1253800
1997-07-24,17.176367878648378,17.176367878648378,17.00479483657531,17.119176864624023,601400
1997-07-25,17.157297521024137,17.157297521024137,16.89040622625265,16.92853355407715,1012600
1997-07-28,16.776032873466193,16.96666961066467,16.776032873466193,16.87135124206543,976800
1997-07-29,16.87134516551802,16.87134516551802,16.471008161590472,16.718835830688477,1330600
1997-07-30,16.718834491855592,16.928534810453552,16.699770826528503,16.756961822509766,1209600
1997-07-31,16.75697217668806,17.061991010393417,16.699781145368306,16.814163208007812,1249000
1997-08-01,16.833219528198242,16.871346865747952,16.623519171674822,16.833219528198242,463000
1997-08-04,16.83321986428549,17.08104756330668,16.795092525974535,16.985729217529297,708800
1997-08-05,17.023851873638396,17.081042865375142,16.92853355407715,16.92853355407715,927000
1997-08-06,16.966666896378094,17.214494615089237,16.92853955503792,16.947603225708008,634000
1997-08-07,16.985727166640174,17.04291816720125,16.718835830688477,16.718835830688477,1073200
1997-08-08,16.7188404074442,16.75696775158889,16.242248605635645,16.509140014648438,1367400
1997-08-11,16.471001999007576,16.49006565872865,16.1659834434704,16.43287467956543,1165600
1997-08-12,16.318504306537104,16.318504306537104,16.1659949204947,16.18505859375,1018200
1997-08-13,16.223181135379352,16.35662680864334,15.7847167803691,15.860971450805664,1823600
1997-08-14,15.899101374381717,15.994419727945155,15.708464667254836,15.841910362243652,1391800
1997-08-15,15.784723246407776,15.841914272662876,15.365322387203705,15.38438606262207,1418200
1997-08-18,15.403447370552266,15.78472082031841,15.36532002557565,15.746593475341797,1435600
1997-08-19,15.937231189778156,15.95629486345014,15.765658126730306,15.880040168762209,1569000
1997-08-20,15.899104668192887,16.337569185421227,15.899104668192887,15.93723201751709,3732200
1997-08-21,15.93722267150879,15.93722267150879,15.765649700164795,15.822840690612791,760600
1997-08-22,15.7084543168915,15.7084543168915,15.174671888647612,15.34624481201172,3038400
1997-08-25,15.403444681828104,15.68939971923828,15.365317343506748,15.68939971923828,1654000
1997-08-26,15.746589310886224,15.765652978332817,15.536888968973695,15.594079971313477,1145600
1997-08-27,15.670331382751463,15.994413661956788,15.594076728820802,15.822840690612791,1477600
1997-08-28,15.93722714219138,16.471009869441808,15.899099804530636,16.318500518798828,2014600
1997-08-29,16.280380521183126,16.43288994058531,16.18506213405676,16.2994441986084,1016200
1997-09-02,16.337557703949685,16.623512622921965,16.280366720155225,16.39474868774414,851000
1997-09-03,16.471005647078805,16.490069311022182,15.594077105683404,15.784713745117188,11759000
1997-09-04,15.894760407265345,16.047594641950585,15.81834328992272,15.875656127929688,1215000
1997-09-05,15.87564998829178,15.952067076081391,15.665502996870348,15.837441444396973,1213400
1997-09-08,15.83745526573033,15.85655955435003,15.627308090913644,15.741933822631836,943600
1997-09-09,15.799240632699089,16.08580485215554,15.741927788807796,15.89476203918457,765000
1997-09-10,15.70372524539244,15.875663842969727,15.68462095677274,15.741933822631836,1039600
1997-09-11,15.741924015408914,15.799236845562104,15.58908980166708,15.62729835510254,1329200
1997-09-12,15.78014087677002,15.894766597424525,15.665515156115516,15.78014087677002,871800
1997-09-15,15.780132026082695,16.143113271234718,15.780132026082695,16.066696166992188,494000
1997-09-16,16.238635736745554,16.50609561946842,16.238635736745554,16.391469955444336,920600
1997-09-17,16.544303068508007,16.582511620629273,15.971174786689025,16.066696166992188,1330400
1997-09-18,16.08580668203656,16.25774523326973,16.066702398566207,16.16222381591797,1541600
1997-09-19,16.219527470696832,16.678030014038086,16.200423198057614,16.678030014038086,3046800
1997-09-22,16.67803355378271,16.92638915080353,16.601616447007075,16.830867767333984,1278400
1997-09-23,16.83086859728247,16.888181430190357,16.486991599835157,16.63982582092285,947800
1997-09-24,16.563401496635294,16.65892284321335,16.200420379638672,16.200420379638672,1461600
1997-09-25,16.238631338271823,16.257735610434494,16.028484344482422,16.028484344482422,946000
1997-09-26,16.028492008264248,16.16222197734393,15.856553476590378,15.89476203918457,1117200
1997-09-29,15.932968965936654,16.02849036261493,15.856551848594032,15.875656127929688,1045800
1997-09-30,15.818342774778932,15.856551332205932,15.646404266357422,15.646404266357422,3881200
1997-10-01,15.684620089408678,15.703724376971904,14.538362835615107,14.901344299316406,8651200
1997-10-02,14.519250985124703,14.844023704528809,14.28999965378063,14.844023704528809,6811000
1997-10-03,15.1305878687089,15.1305878687089,14.748502316468777,14.844023704528809,5258200
1997-10-06,14.901336403780206,14.996857790983926,14.710293629372767,14.786710739135742,1641600
1997-10-07,14.786720747276858,15.07328510284424,14.786720747276858,15.073285102844238,2449000
1997-10-08,15.130593186215414,15.207010323519532,14.691194646716736,14.748507499694824,3093600
1997-10-09,14.557464599609377,14.767611726375389,14.519256031106464,14.557464599609377,3518400
1997-10-10,14.55745846848739,14.748501230541027,14.404624258844477,14.51924991607666,2605200
1997-10-13,14.61476939597994,14.748499312021588,14.500143753658527,14.65297794342041,1583400
1997-10-14,14.786707859462055,15.01595914410488,14.595665122259703,14.65297794342041,2585400
1997-10-15,14.672085789849966,14.691190068222168,14.36641733589476,14.40462589263916,1503600
1997-10-16,14.481038150271852,14.481038150271852,14.137161254882812,14.137161254882812,2064200
1997-10-17,14.13715897760824,14.1562632464969,13.716865062057726,13.888803482055664,2307800
1997-10-20,13.946113865355596,13.984322396493557,13.678654147389873,13.716862678527832,5686000
1997-10-21,13.98433320418648,14.519253053526947,13.869707522184951,14.50014877319336,3520000
1997-10-22,14.901339263916016,14.901339263916016,14.21358514404297,14.328210830688477,3515000
1997-10-23,14.328211228898232,14.385524073813825,14.137168412512922,14.366419792175291,2342400
1997-10-24,14.748505463056118,14.748505463056118,14.19448129410712,14.23268985748291,2332600
1997-10-27,14.30911352741701,14.347322108264583,13.143751811565958,13.162856101989746,1791000
1997-10-28,12.455987014883872,13.220157997392084,12.455987014883872,12.857176780700684,6366600
1997-10-29,13.296573574803457,13.755076111865645,13.296573574803457,13.640450477600098,5725000
1997-10-30,13.564042433714254,13.564042433714254,12.952705309941216,13.411208152770996,6159400
1997-10-31,13.372993332412696,13.44941043716934,13.162846294331926,13.315680503845217,2082600
1997-11-03,13.372992678900449,13.83149528503418,13.372992678900449,13.83149528503418,1469600
1997-11-04,13.888811717724163,13.984333118808925,13.449413272734263,13.58314323425293,2059600
1997-11-05,13.659552524318803,13.831490947701838,13.48761410093577,13.525822639465332,1706000
1997-11-06,13.487616932171049,13.583138298546196,13.27746992614572,13.392095565795898,2302400
1997-11-07,13.220159665114588,13.334785326950842,13.143742557223751,13.277472496032717,1548800
1997-11-10,13.277479064195676,13.411209069158796,12.68524618507328,12.704350471496582,2347000
1997-11-11,12.761656890646384,13.124638149512077,12.761656890646384,13.086429595947266,2237000
1997-11-12,12.895386836614954,13.02911677417985,12.647031238280146,12.685239791870115,1950000
1997-11-13,12.799866013854516,12.838074569119753,11.99748635328453,12.513301849365234,4123800
1997-11-14,12.532406126997854,12.570614682263091,12.226737684875957,12.513301849365234,2893600
1997-11-17,12.723448345460088,12.799865452640027,12.589718407895193,12.685239791870115,2419200
1997-11-18,12.742550165445596,12.761654438557208,12.608820253664309,12.723445892333984,1119000
1997-11-19,12.876287346625292,12.990913050007714,12.761661643242872,12.818974494934082,3759400
1997-11-20,12.838070369501995,13.04821735471706,12.838070369501995,13.010008811950684,2602800
1997-11-21,13.086429587842384,13.52582795356556,13.010012480760093,13.487619400024414,2664600
1997-11-24,13.449416723006811,13.564042433714254,13.296582442063553,13.411208152770996,2186400
1997-11-25,13.430311596647224,13.50672873233227,13.411207312725962,13.468520164489746,1100200
1997-11-26,13.487619400024414,13.506723676794987,13.449410846483268,13.487619400024414,1794200
1997-11-28,13.487615433390417,13.506719704542526,13.411198348781973,13.430302619934082,542200
1997-12-01,13.449414885445924,13.716874840554226,13.411206320430455,13.602249145507812,1294200
1997-12-02,13.755079808728448,14.213582469019396,13.659558421167834,13.850601196289062,1145200
1997-12-03,13.884303006497058,13.960906057567389,13.673644616053654,13.941755294799805,1236000
1997-12-04,13.980063362851167,14.133269536690634,13.980063362851167,14.018364906311035,1387600
1997-12-05,14.018369367545288,14.42053570186011,14.018369367545288,14.152424812316896,1259000
1997-12-08,14.171566515337696,14.171566515337696,13.865154266357422,13.865154266357422,756600
1997-12-09,13.90345576582284,13.9226065313405,13.692797345128554,13.884305000305176,719600
1997-12-10,13.922602812228686,13.94175357263065,13.711944447807069,13.807698249816896,1037200
1997-12-11,13.82684901021886,13.94175357263065,13.616190645797245,13.807698249816896,1340400
1997-12-12,13.941751719185236,14.075807024177402,13.558736562064762,13.750244140625,2206200
1997-12-15,13.654504513375782,13.807710735124738,13.654504513375782,13.7694091796875,990200
1997-12-16,13.692797376306018,13.941757328602492,13.597043548499682,13.865154266357422,2024800
1997-12-17,13.922609471681207,14.018363319491945,13.807704854308325,13.846006393432615,743800
1997-12-18,13.788545656337048,13.788545656337048,13.616188835632832,13.750244140625,1561800
1997-12-19,13.48214321378592,13.57789707183838,13.233183182849531,13.57789707183838,1495200
1997-12-22,13.71195320182747,13.826857837596974,13.597048566057966,13.69280242919922,993000
1997-12-23,13.65450215778054,13.67365293219538,13.462994413632146,13.539597511291504,1052400
1997-12-24,13.53959086664,13.597043161689392,13.482138571590609,13.520440101623535,621200
1997-12-26,13.558741631656464,13.635344691722318,13.482138571590609,13.520440101623535,133600
1997-12-29,13.635353735657162,13.903464623717836,13.635353735657162,13.7694091796875,802800
1997-12-30,13.711948141867284,13.922606563041224,13.558742017377147,13.865154266357422,1809400
1997-12-31,13.865159188376532,13.92261150545544,13.750254554218715,13.788556098937988,788000
1998-01-02,13.750243928114356,13.922600746154789,13.750243928114356,13.922600746154783,797000
1998-01-05,14.286472760313693,14.34392506363935,13.9992112436854,14.03751277923584,1007200
1998-01-06,13.960902261274882,13.999203776394978,13.90344998859474,13.922600746154783,668400
1998-01-07,13.884310077257568,13.884310077257568,13.520445399370818,13.731103897094728,1296800
1998-01-08,13.597040230271508,13.63534175204692,13.520437186720685,13.558738708496094,866000
1998-01-09,13.443848268041071,13.501300611066888,13.137435771903382,13.1948881149292,1268400
1998-01-12,12.716111064987844,13.29063415527344,12.716111064987844,13.290634155273438,1776400
1998-01-13,13.29063022034216,13.4055348043797,13.194876400310877,13.367233276367188,717000
1998-01-14,13.34808586887837,13.635347401207174,13.34808586887837,13.616196632385254,954600
1998-01-15,13.482140500225029,13.501291267981028,12.409697505888944,12.965069770812988,5791200
1998-01-16,13.00337077632095,13.328933814903358,13.00337077632095,13.27148151397705,2381600
1998-01-20,13.233189676946411,13.40554670602386,13.099134209886172,13.1948881149292,1056800
1998-01-21,13.252340457955016,13.252340457955016,13.137435771903382,13.1948881149292,729800
1998-01-22,12.56291034405048,12.582061122013972,12.179894784780648,12.448005676269531,9400000
1998-01-23,12.524601671270734,12.696958575003816,12.179887863804566,12.677807807922363,3878200
1998-01-26,12.716115207701062,12.754416759531487,12.562909000379362,12.620361328125,1279600
1998-01-27,12.620354975684217,12.696958040787004,12.390545780375854,12.428847312927246,1330200
1998-01-28,12.428848132240098,12.60120504008318,12.428848132240098,12.505451202392578,2136200
1998-01-29,12.524597795159966,13.00336682402694,12.524597795159966,12.754406929016112,1854600
1998-01-30,12.735255293177264,12.754406053016629,12.658652253819808,12.696953773498535,1235200
1998-02-02,12.75441581692514,13.118280532423002,12.75441581692514,13.06082820892334,2305800
1998-02-03,13.118272694044334,13.19487574627233,13.00336811570234,13.175724983215332,2088200
1998-02-04,13.175731973087087,13.175731973087087,12.869319601619946,13.022525787353516,1609200
1998-02-05,13.060824819451378,13.060824819451378,12.90761866321148,12.960283279418944,3234600
1998-02-06,13.022512223372066,13.405527288765365,12.965059963563071,13.23317050933838,2706800
1998-02-09,13.252332615921066,13.597046470092424,13.137427997863949,13.290634155273438,1484600
1998-02-10,13.443840618883623,13.731102170569171,13.443840618883623,13.635348320007324,2063200
1998-02-11,13.692795141662335,13.86515200358536,13.405533705123966,13.46298599243164,878800
1998-02-12,13.252332988255462,13.6353483925403,13.252332988255462,13.597046852111816,940800
1998-02-13,13.539595717733556,13.597048033367503,13.462992630221626,13.48214340209961,808000
1998-02-17,13.558741385195436,13.86515361988912,13.558741385195436,13.673645973205566,1047600
1998-02-18,13.635353735657162,13.826861512843358,13.597052180219922,13.7694091796875,980200
1998-02-19,13.788554084746176,13.922609471681207,13.711951006497586,13.846006393432615,1026800
1998-02-20,13.7885519898968,13.960908889770508,13.731099689938896,13.960908889770508,789400
1998-02-23,13.922613930604363,13.99921703338623,13.807709276431565,13.99921703338623,947600
1998-02-24,13.980060577392578,14.094965184877996,13.941759041564104,13.980060577392578,888400
1998-02-25,14.17156788340786,14.209869418227882,14.037512511537786,14.190718650817873,1000600
1998-02-26,14.17157734362201,14.72694996925044,14.17157734362201,14.612045288085938,1687400
1998-02-27,14.516284680834003,14.688641622954725,14.516284680834003,14.65034008026123,915600
1998-03-02,14.573736994874244,14.688641622954725,14.554586223527496,14.65034008026123,1038000
1998-03-03,14.612034604205268,14.7460899675466,14.612034604205268,14.72693920135498,860400
1998-03-04,14.726945696313395,14.726945696313395,14.650142850439533,14.688544273376465,526400
1998-03-05,14.573335073868645,14.707740008673756,14.43893013906353,14.554134368896484,1024000
1998-03-06,14.55414051197945,14.55414051197945,14.362133381214548,14.438936233520508,1017400
1998-03-09,14.458132748935313,14.458132748935313,14.208523551410533,14.36212921142578,934800
1998-03-10,14.342931899214928,14.496537595592065,14.323731187167787,14.477336883544922,839800
1998-03-11,14.477330404614646,14.630936032249815,14.438928997705856,14.515731811523438,1532800
1998-03-12,14.458131790161133,14.477332496389764,14.362128259017965,14.458131790161133,355400
1998-03-13,14.47732824151234,14.57333174444014,14.285321235656738,14.285321235656738,759800
1998-03-16,14.34292585486608,14.49653148651123,14.323725150910436,14.49653148651123,600800
1998-03-17,14.496530943516037,14.707738679116932,14.496530943516037,14.669337272644045,707600
1998-03-18,14.592544335681522,14.72694934929964,14.534942186988042,14.650146484375,910200
1998-03-19,14.630938717230707,14.76534366607666,14.611738010252717,14.76534366607666,827600
1998-03-20,14.822941780090332,14.89974458724106,14.726938271151925,14.822941780090332,1122200
1998-03-23,14.822954903879474,14.899757779029107,14.59254627843057,14.8805570602417,708200
1998-03-24,14.976555824279789,15.168562950232092,14.976555824279789,14.976555824279783,590400
1998-03-25,15.034151488894054,15.341362758143484,14.995750080237874,15.302961349487305,843400
1998-03-26,15.18775679837812,15.898182843308575,15.18775679837812,15.706175804138184,1712800
1998-03-27,15.80217816432317,15.859780271848042,15.610171139240263,15.667773246765137,1341600
1998-03-30,15.590967514378852,15.74457310565352,15.437361923104184,15.475763320922852,782600
1998-03-31,15.418167118892924,15.93658618764773,15.418167118892924,15.802181243896484,1037200
1998-04-01,15.802183693261457,16.051792913203617,15.667778728677217,16.013391494750977,847600
1998-04-02,16.013388264672994,16.339800255679517,15.936585443259697,16.22459602355957,763200
1998-04-03,15.936586954980438,16.013389783679138,15.744579883233683,15.859784126281738,1289000
1998-04-06,15.859778868664597,15.93658167190268,15.494965553283691,15.494965553283691,1167400
1998-04-07,15.322152428005053,15.475757966130416,15.168546889879687,15.456557273864746,996400
1998-04-08,15.36056460901832,15.379765314779592,15.206958962928136,15.245360374450684,1108400
1998-04-09,15.322164335615392,15.725379186552638,15.322164335615392,15.571773529052734,991200
1998-04-13,15.32216583449265,15.629377179545134,15.32216583449265,15.590975761413574,569000
1998-04-14,15.590974030336495,16.243798066089504,15.590974030336495,16.20539665222168,1228800
1998-04-15,16.147791695117387,16.33979873073115,15.974985363065002,16.3013973236084,1468200
1998-04-16,16.28220872200217,16.551018771657866,16.205405850671973,16.455015182495117,1158600
1998-04-17,16.205405404381718,16.301408990900565,16.205405404381718,16.243806838989258,1318600
1998-04-20,16.205400103614444,16.263002236684166,15.974991571335568,16.128597259521484,538400
1998-04-21,16.0901943881623,16.0901943881623,15.590975946524804,15.629377365112305,1883400
1998-04-22,15.590966040346803,16.05178277060336,15.590966040346803,15.994180679321287,1429000
1998-04-23,15.974985658976731,16.03258777072785,15.686975100221144,15.706175804138184,1097600
1998-04-24,15.706178290333913,15.706178290333913,15.322164151205945,15.437368392944336,526200
1998-04-27,15.49497051381353,15.648576169464718,15.302963444249546,15.437368392944336,908800
1998-04-28,15.360553812536391,15.514159350661757,15.312552081872216,15.456557273864746,763400
1998-04-29,15.379769368659984,15.39897007948228,15.091758706325528,15.187762260437012,1146400
1998-04-30,15.28375104347371,15.59096211972444,15.26455035120804,15.456557273864746,1135000
1998-05-01,15.533370774285752,15.590972890877666,15.283761602387465,15.398965835571287,508200
1998-05-04,15.39896565425543,15.744578349737472,15.39896565425543,15.552571296691896,581400
1998-05-05,15.398966979031538,15.552572634682726,15.360565565118742,15.437368392944336,485000
1998-05-06,15.47576884358596,15.47576884358596,15.187758257166864,15.245360374450684,399200
1998-05-07,15.168560612899354,15.206962032172518,15.014954935806704,15.091757774353027,400000
1998-05-08,15.091749359364712,15.18775285401716,15.014946563642754,15.034147262573242,831600
1998-05-11,15.03414582122456,15.341356974659544,14.9765437299555,15.206952095031738,725600
1998-05-12,15.322156162261962,15.533363828659056,15.283754768371582,15.360557556152344,993400
1998-05-13,15.36056843209774,15.398969853177984,15.245364168857009,15.341367721557615,380800
1998-05-14,15.418170194805793,15.418170194805793,15.168560963756631,15.264564514160156,963200
1998-05-15,15.28376178597323,15.456568137824686,15.22615966868941,15.245360374450684,480200
1998-05-18,15.226165057139792,15.28376719480867,14.918953656239117,15.072559356689451,544200
1998-05-19,15.13015075722569,15.226154251878135,14.976545165781776,15.034147262573242,244800
1998-05-20,15.1109500582952,15.13015075722569,14.957344466851286,15.034147262573242,664000
1998-05-21,15.110944526834896,15.4181555972661,15.053342451129044,15.322152137756348,457200
1998-05-22,15.36056843209774,15.398969853177984,15.283765589937252,15.341367721557615,383000
1998-05-26,15.360567709265167,15.360567709265167,15.09175777435303,15.091757774353027,613600
1998-05-27,14.899749358394097,15.168559269499143,14.650140155225122,15.110957145690918,950200
1998-05-28,15.168560612899354,15.168560612899354,14.938152097260376,15.091757774353027,420200
1998-05-29,15.034160178877102,15.168565186861954,14.842153024613026,15.149364471435549,768600
1998-06-01,15.149360616156397,15.43737127425823,14.938152800215052,15.341367721557615,1611800
1998-06-02,15.322152210202342,15.418155670166016,15.053342522304057,15.418155670166016,976400
1998-06-03,15.398917862131626,15.398917862131626,15.129436799544322,15.20643138885498,614000
1998-06-04,15.09093729654948,15.24492645263672,14.97544542948405,15.24492645263672,308200
1998-06-05,15.321917267980185,15.59139822495471,15.244922708844603,15.533652305603027,692800
1998-06-08,15.437423828721498,15.456672486862049,15.12944529847269,15.264185905456545,657800
1998-06-09,15.264176378407656,15.264176378407656,14.936949394255157,15.14868450164795,647400
1998-06-10,15.167933123961946,15.47591146150432,15.11018718567275,15.437414169311523,1187000
1998-06-11,15.437411913386953,15.437411913386953,14.80220668503063,14.956195831298828,1135200
1998-06-12,14.821463922659555,14.93695584932963,14.513485451539356,14.782966613769531,1406600
1998-06-15,14.51347306958672,14.51347306958672,14.09000303307358,14.147748947143556,820800
1998-06-16,14.320990554685515,14.359487841122842,14.109255479280218,14.205498695373535,1136800
1998-06-17,14.359491298139174,14.686718311635644,14.340242650286442,14.648221015930176,1056000
1998-06-18,14.648221015930178,15.283426395070382,14.628972368077443,14.648221015930176,1333200
1998-06-19,14.648222128113549,14.667470777427758,13.724286961031485,14.013016700744627,2201600
1998-06-22,14.01301613336877,14.128508024577853,13.685789108276367,13.685789108276367,859000
1998-06-23,13.724278236189768,14.013007792350844,13.435548680028694,13.993759155273438,3883600
1998-06-24,13.936021124168198,14.205502195630014,13.782031940475733,14.186253547668455,1070200
1998-06-25,14.186248742465317,14.397983798323008,13.897519120841192,13.955265045166016,937600
1998-06-26,14.032259979555684,14.320989608764648,13.859022202030305,14.320989608764648,592200
1998-06-29,14.37873969897527,14.41723699401938,14.205501871276772,14.224750518798828,617400
1998-06-30,14.263247155060911,14.551976854556074,14.263247155060911,14.417236328125,1268400
1998-07-01,14.474980986745734,14.705964725895932,14.417235051958183,14.6289701461792,704600
1998-07-02,14.70596569990826,14.744462992316397,14.320992775826891,14.455733299255373,927400
1998-07-06,14.45573329925537,14.474981945459438,14.320992775826891,14.455733299255373,988800
1998-07-07,14.47498903749448,14.47498903749448,14.244005169874884,14.301751136779783,410800
1998-07-08,14.263246837214686,14.474981945459438,14.20550089860248,14.455733299255373,609400
1998-07-09,14.455733653959852,14.455733653959852,14.051512073755914,14.128506660461426,1423400
1998-07-10,13.859023094177246,13.955266310109034,13.666536662313671,13.859023094177246,3190000
1998-07-13,13.897515925223551,13.99375911030128,13.820521377161374,13.878267288208008,1259000
1998-07-14,13.95526183627019,14.07075365836346,13.647283644021469,13.878267288208008,798600
1998-07-15,13.916777364368544,13.955274673813546,13.705042162421028,13.782036781311035,931000
1998-07-16,13.859028107147426,14.147757859379665,13.801282156700978,14.109260559082031,763200
1998-07-17,14.205507858604951,14.37874575931965,14.147761891700055,14.301751136779783,663400
1998-07-20,14.282497791143564,14.378741037714612,13.87827615554516,14.013016700744627,830200
1998-07-21,14.47498944483766,14.78296794366399,14.37874616395443,14.686724662780762,1674000
1998-07-22,14.763710339864096,15.28342374165853,14.744461695353191,15.24492645263672,1269200
1998-07-23,15.206427561993502,15.379665344345328,15.090935707092283,15.090935707092283,1564600
1998-07-24,15.12943299205936,15.225676204477038,14.97544385219107,15.090935707092283,1042400
1998-07-27,15.052442210233664,15.20643138885498,15.013944915578335,15.20643138885498,704000
1998-07-28,15.129445463075529,15.187191438125437,14.93695887957584,15.033202171325684,943200
1998-07-29,15.148678226470947,15.475905075073245,15.071683673858642,15.398910522460938,907200
1998-07-30,15.398916877118726,15.572154691986311,15.283425000540335,15.437414169311523,993800
1998-07-31,15.244935718284646,15.4374222803842,15.052449156185093,15.167941093444824,737200
1998-08-03,15.09094814637559,15.148694121425496,14.898461562875902,15.033202171325684,666400
1998-08-04,15.013947226784444,15.18718507940119,14.782963423295453,14.821460723876951,857200
1998-08-05,14.74446233280042,14.802208268829665,14.513478588683444,14.705965042114258,1365600
1998-08-06,14.705966014735743,14.705966014735743,14.397987668877406,14.53272819519043,1059400
1998-08-07,14.571229001255189,14.5904776525118,14.455737093715516,14.513483047485352,855400
1998-08-10,14.436491726224547,14.436491726224547,14.244005169874884,14.301751136779783,1427200
1998-08-11,14.051507874503628,14.051507874503628,13.551043210480213,13.647286415100098,1290200
1998-08-12,13.66654583314358,13.859032394173772,13.358567335495277,13.724291801452637,1639000
1998-08-13,13.724288463592533,13.724288463592533,12.935093755307406,13.281569480895996,1551400
1998-08-14,13.28156822971978,13.32006552893636,12.935092536770568,13.20457363128662,833400
1998-08-17,13.223821250181723,13.608794212341309,13.166075305857786,13.608794212341309,1396600
1998-08-18,13.570289139570528,14.051505066505651,13.570289139570528,13.993759155273438,907400
1998-08-19,13.99375911030128,14.013007747316824,13.724278192083649,13.878267288208008,595800
1998-08-20,13.839783738070752,13.955275674688869,13.705043145349618,13.724291801452637,935600
1998-08-21,13.397063002011944,13.397063002011944,13.166079157149673,13.262322425842283,1371800
1998-08-24,13.339312587015428,13.41630717626227,13.089080171963191,13.108328819274902,402600
1998-08-25,13.243064494360064,13.320059055373784,12.742599847770874,12.935086250305176,2877000
1998-08-26,12.97358996054197,12.97358996054197,12.646362914059456,12.742606163024902,1028400
1998-08-27,12.453877031413558,12.4923743329017,11.780174255371094,11.780174255371094,2210000
1998-08-28,11.837923356464932,11.837923356464932,11.298960992268157,11.318209648132324,1289000
1998-08-31,11.356700588186444,11.780170779610344,11.04872226715088,11.04872226715088,907400
1998-09-01,11.241210634955046,11.375951173387726,10.663751184529271,11.16421604156494,1319200
1998-09-02,11.010222099196742,11.144962579431668,10.894730258995375,10.9332275390625,2081000
1998-09-03,10.971864659735497,11.126397964802193,10.8173313546688,10.894598007202148,1179800
1998-09-04,11.010502792988474,11.08776947925506,10.701436047922131,10.75938606262207,1047400
1998-09-08,11.242297161056335,11.31956380821136,10.855963925281204,11.222980499267578,1749400
1998-09-09,11.22298044131862,11.3195637497637,11.010497162739435,11.126397132873535,1509800
1998-09-10,11.107082057882238,11.126398722330729,10.411682137736568,10.43099880218506,1938200
1998-09-11,10.392366351721424,10.488949682127757,9.754916371039624,10.237833023071287,3472800
1998-09-14,10.315099886790158,10.952549879794043,10.315099886790158,10.798016548156738,952400
1998-09-15,10.817332432187836,11.24229906345236,10.720749106900444,11.203665733337402,1072600
1998-09-16,11.1843500975016,11.474100100027549,11.1843500975016,11.435466766357422,1860200
1998-09-17,11.280930426385668,11.280930426385668,10.971863839361404,11.126397132873535,762800
1998-09-18,11.12639802631579,11.184348016036184,11.010498046875,11.010498046875,803800
1998-09-21,9.581069946289062,10.179886817932127,9.581069946289062,10.141253471374512,3304600
1998-09-22,10.102615176685273,10.121931840503024,9.658331908876931,9.73559856414795,4318000
1998-09-23,9.716282821655271,9.735599487304686,9.484482833862304,9.658332824707031,3850600
1998-09-24,9.696963453385797,9.948080036840013,9.696963453385797,9.909446716308594,2555800
1998-09-25,9.909445732773634,10.257145583046391,9.87081241607666,9.87081241607666,2197600
1998-09-28,9.909453392028809,10.102620124816896,9.89013671875,10.102620124816896,1357000
1998-09-29,10.19919777998176,10.315097754754282,10.19919777998176,10.218514442443848,1017400
1998-09-30,10.199203491210938,10.218520164489746,10.044670104980469,10.102620124816896,1288800
1998-10-01,10.044664327380726,10.102614313884846,9.890131030036407,9.948081016540527,1667800
1998-10-02,9.90944773613373,10.160564345431466,9.83218108711904,10.025347709655762,1702800
1998-10-05,10.006033875135133,10.044667210560366,9.77423386258374,9.928767204284668,945800
1998-10-06,9.967397830436722,10.25714776736802,9.967397830436722,10.218514442443848,641400
1998-10-07,10.295778539830987,10.643478377949108,10.2378285668113,10.62416172027588,1497200
1998-10-08,10.527583217791452,10.798016548156738,10.334416553244822,10.798016548156738,1502000
1998-10-09,10.74006161872822,10.798011591491145,10.508261727676532,10.566211700439451,1133400
1998-10-12,10.411682411846275,11.145715680213916,10.411682411846275,11.068449020385742,843000
1998-10-13,11.126402843187062,11.145719514789818,10.836652769145733,10.991186141967772,612600
1998-10-14,10.836648097405067,11.126398046533543,10.527581485001358,11.049131393432615,1565800
1998-10-15,11.049129642852366,11.31956288585924,10.624163118127274,11.280929565429688,1205400
1998-10-16,11.280930402802255,11.319563726099526,11.049130463018647,11.087763786315918,1662000
1998-10-19,11.165036186392571,11.165036186392571,10.740069411131955,10.991186141967772,1339000
1998-10-20,11.280933463194062,11.899066803643052,11.280933463194062,11.532050132751465,2096800
1998-10-21,11.667264994636913,12.034281608706616,11.667264994636913,11.783164978027344,1378400
1998-10-22,12.09222992750894,12.285396539769469,11.976329960152624,12.227446556091309,1430000
1998-10-23,12.227456145472342,12.227456145472342,11.841122617969264,11.899072647094728,1411400
1998-10-26,12.05359353371037,12.05359353371037,11.802477001758067,11.93769359588623,883400
1998-10-27,11.976328932058316,12.188812187304512,11.937695612922644,12.092228889465332,1186800
1998-10-28,12.092230786132813,12.285397412109374,11.937697485351562,12.072914123535156,1094400
1998-10-29,12.092229756862167,12.092229756862167,11.91837980828108,11.957013130187988,769800
1998-10-30,11.976337432861328,12.536520957946776,11.976337432861328,12.439937591552734,1848600
1998-11-02,12.439931965602264,12.92284857917378,12.439931965602264,12.65241527557373,1187800
1998-11-03,12.671729982906406,12.768313290702949,12.34334673639816,12.575146675109863,2187400
1998-11-04,12.497884723585964,12.826268093448348,12.285401366616188,12.38198471069336,966000
1998-11-05,12.420614190236154,12.420614190236154,12.034280933930209,12.324030876159668,1355400
1998-11-06,12.343344703316689,12.362661361694336,12.2660780698061,12.362661361694336,1455400
1998-11-09,12.343344878565317,12.671728075647646,12.343344878565317,12.59446144104004,1378800
1998-11-10,12.57514660413875,12.59446326558904,12.420613312536432,12.459246635437012,914000
1998-11-11,12.47856301433404,12.51719633635984,11.899063183947009,12.014963150024414,580800
1998-11-12,11.821794462908665,12.034277696719116,11.667261201955611,11.76384449005127,996200
1998-11-13,11.802480847167969,12.30471407470703,11.725214196777344,12.072914123535156,701400
1998-11-16,12.053596744980922,12.55582994268846,12.053596744980922,12.459246635437012,1424600
1998-11-17,12.304719944000244,12.671736708420973,12.285403272188626,12.55583667755127,739600
1998-11-18,12.555828719093396,12.594462038229068,12.092228889465332,12.092228889465332,510000
1998-11-19,11.89906420199784,12.227447467312714,11.70589757534203,12.15018081665039,652000
1998-11-20,12.324031729447212,12.420615050210907,12.014965103003396,12.11154842376709,489000
1998-11-23,11.821793658062091,12.014960221102324,11.821793658062091,11.93769359588623,737800
1998-11-24,11.93770131930499,12.4206180393416,11.93770131930499,12.343351364135742,1019200
1998-11-25,12.304713200995518,12.38197984589973,12.1501799111871,12.227446556091309,677200
1998-11-27,12.227447520295152,12.32403083404156,12.169497532047307,12.246764183044434,128400
1998-11-30,12.053594386323969,12.150177674675923,11.783161178938496,11.802477836608888,1095800
1998-12-01,11.763848120479262,11.783164784059686,11.14571488590564,11.396831512451172,1829600
1998-12-02,11.28092947287204,11.454779413378631,11.087762872309163,11.145712852478027,3007800
1998-12-03,10.97126134123726,11.184483734794874,10.893725925398128,10.91310977935791,1291000
1998-12-04,10.971263556991603,11.106950562113408,10.932495841242517,11.029415130615234,1021000
1998-12-07,11.029411975775242,11.358937465385395,11.029411975775242,11.262018203735352,1400800
1998-12-08,11.26201690673828,11.300784606933592,11.04879455566406,11.145713806152344,682600
1998-12-09,11.223248364400616,11.223248364400616,11.12632912118472,11.184480667114258,683800
1998-12-10,11.106948322349496,11.184483738212318,10.932493636658142,11.087564468383787,1010600
1998-12-11,11.04879235033463,11.12632773524926,10.874337734276716,10.893721580505373,1622600
1998-12-14,10.816188316884396,11.262016867580346,10.75803676679362,10.971259117126465,1500200
1998-12-15,10.932496106946791,10.95187996529244,10.583586656725084,10.758041381835938,1069200
1998-12-16,10.758040754691416,10.758040754691416,10.544818325319152,10.699889183044434,965000
1998-12-17,10.622350191898482,10.8549564004802,10.622350191898482,10.777420997619627,1533000
1998-12-18,10.835575347516077,10.835575347516077,10.157140397313816,10.38974666595459,2867800
1998-12-21,10.389746903459686,10.506050040438714,10.06022134868578,10.118372917175291,1978600
1998-12-22,10.060218896716831,10.137754302471876,9.769461125135422,9.924531936645508,2145200
1998-12-23,9.924533110119048,10.25405862354097,9.924533110119048,10.176523208618164,1532400
1998-12-24,10.157140091230284,10.31221093231777,10.157140091230284,10.273443222045898,532000
1998-12-28,10.350980758666992,10.544819349653263,10.312213040469738,10.350980758666992,1170400
1998-12-29,10.331593634451137,10.661119134987102,10.331593634451137,10.54481601715088,1699800
1998-12-30,10.54481601715088,10.719270693905212,10.54481601715088,10.54481601715088,791200
1998-12-31,10.54481798537234,11.010030543550531,10.54481798537234,10.9324951171875,747200
1999-01-04,11.010026029325648,11.320167607616511,11.010026029325648,11.184480667114258,1893800
1999-01-05,11.18448226534087,11.300785373819286,11.1650984139278,11.242633819580078,1037400
1999-01-06,11.262021137250438,11.475243568420412,11.24263727987135,11.47524356842041,1262600
1999-01-07,11.475243568420412,11.572162855315854,11.455859711041322,11.47524356842041,1483600
1999-01-08,11.494629372807088,11.785387282743184,11.494629372807088,11.688467979431152,899000
1999-01-11,11.61093034217106,11.630314199169677,11.533394914176595,11.572162628173828,1453200
1999-01-12,11.591548826870502,11.6303165486995,11.533397244127004,11.552781105041504,1187000
1999-01-13,11.1650972366333,11.24263263410992,11.106945688525837,11.1650972366333,3159000
1999-01-14,11.126330996902896,11.184482552635838,11.010027885437012,11.010027885437012,1611600
1999-01-15,11.048798316145596,11.378323879960464,11.048798316145596,11.320172309875488,623600
1999-01-19,11.165099884246612,11.22325144614373,10.951877490623849,11.087564468383787,912600
1999-01-20,10.990642453803392,11.126329397677509,10.56419777305617,10.641733169555664,1262800
1999-01-21,10.71927269468916,11.12633368309508,10.680504981507646,10.9324951171875,767200
1999-01-22,10.777420421223065,11.01002661736457,10.54481422508156,10.583581924438477,1183800
1999-01-25,10.54481601715088,10.661119134987102,10.428512899314656,10.54481601715088,1274800
1999-01-26,11.01002661736457,11.01002661736457,10.467278826367725,10.583581924438477,1630600
1999-01-27,10.544813216509544,10.932490172998866,10.40912628173828,10.40912628173828,2327400
1999-01-28,10.428507964114534,10.467275651713472,10.157134150921962,10.331588745117188,1204600
1999-01-29,10.25405818489119,10.29282589069418,9.924532685565763,10.021451950073242,1002000
1999-02-01,10.079604670686544,10.409130207997448,10.079604670686544,10.273443222045898,1127200
1999-02-02,10.195908703073098,10.777424408571564,10.195908703073098,10.622353553771973,1407000
1999-02-03,10.622351855423789,10.738654977928428,10.428513317916057,10.525432586669922,2048600
1999-02-04,10.44789534924077,10.951875458851642,10.44789534924077,10.874340057373049,1914400
1999-02-05,10.893725925398128,11.126332172915523,10.85495821747856,10.91310977935791,1190200
1999-02-08,10.91310977935791,10.951877487277477,10.835574363518775,10.91310977935791,949200
1999-02-09,10.913106786109752,11.300783758973331,10.835571391537036,11.184480667114258,1634600
1999-02-10,11.165102627610914,11.43647664980979,11.145718768882425,11.223254203796388,1291400
1999-02-11,11.281397819519045,11.378317044772643,11.223246284366883,11.281397819519045,443600
1999-02-12,11.300784765505323,11.358936316614267,10.854956207003395,10.874340057373049,632000
1999-02-16,11.068174127170018,11.14570949758802,10.777416488102505,10.854951858520508,499800
1999-02-17,10.738653826756366,11.0100277501762,10.738653826756366,10.796805381774902,543400
1999-02-18,10.796804270901523,10.893723519293816,10.564198074760018,10.583581924438477,808200
1999-02-19,10.622350191898482,10.91310795262563,10.622350191898482,10.777420997619627,485000
1999-02-22,10.854955289144158,11.358935356140137,10.81618759168293,11.358935356140137,1061800
1999-02-23,11.320170822818724,11.339554676967383,10.816190614953506,10.95187759399414,741000
1999-02-24,10.97125874294175,11.262016483479076,10.97125874294175,11.1650972366333,888800
1999-02-25,11.106949173776728,11.126333029228345,10.87434290835732,11.048797607421877,838200
1999-02-26,11.087563270746276,11.087563270746276,10.699886233307591,10.835573196411133,648600
1999-03-01,10.854958868646005,10.854958868646005,10.331594780336284,10.447897911071776,1000400
1999-03-02,10.389745193369247,10.680502987959803,10.35097748742384,10.54481601715088,909200
1999-03-03,10.68573143525557,10.899835343794388,10.666267443570224,10.705195426940918,1140600
1999-03-04,10.685736566617344,10.724664568681524,10.549488559392715,10.568952560424805,779000
1999-03-05,10.60787748089797,10.8609094208093,10.60787748089797,10.821981430053713,1546000
1999-03-08,10.841446455887386,10.958230439254216,10.724662472520556,10.8998384475708,1076400
1999-03-09,10.8998347810679,10.8998347810679,10.549482948819287,10.64680290222168,515000
1999-03-10,10.64680290222168,10.685730883582636,10.491090976777851,10.64680290222168,628000
1999-03-11,10.89983608633439,11.036084037413572,10.7441241422439,10.919300079345703,615800
1999-03-12,10.997156553845388,11.094476523348444,10.938764572143556,10.938764572143556,454800
1999-03-15,10.899844152525764,10.97770018218666,10.763596100619193,10.860916137695312,755400
1999-03-16,10.977693393076066,11.016621383831655,10.783053439298122,10.821981430053713,723200
1999-03-17,10.821988122864864,10.860916137695312,10.744132093203966,10.860916137695312,724800
1999-03-18,10.821979758596251,11.055547667055164,10.821979758596251,11.016619682312012,948400
1999-03-19,11.172332787815527,11.172332787815527,10.763588905334473,10.763588905334473,952000
1999-03-22,10.783054119546476,10.880374102574873,10.452166177249923,10.54948616027832,933800
1999-03-23,10.51055947419639,10.568951471275255,10.41323947906494,10.41323947906494,1037200
1999-03-24,10.374311842701651,10.530023840340702,10.257527844472364,10.276991844177246,1075000
1999-03-25,10.27699058149114,10.471630554625442,10.218598589550847,10.452166557312012,1882400
1999-03-26,10.471635009931482,11.211267222528871,10.452171004336812,10.744131088256836,1738600
1999-03-29,11.016627958900909,11.444836112780449,10.958235937917337,11.386444091796877,1762200
1999-03-30,11.308579444885254,11.347507429204995,11.172331499766154,11.308579444885254,691200
1999-03-31,11.269653278992122,11.52268521789868,11.113941316588086,11.230725288391112,651600
1999-04-01,11.113941768805187,11.250189741452536,11.094477772712708,11.211261749267578,456600
1999-04-05,11.289117733637491,11.366973718007406,11.133405764897663,11.211261749267578,613000
1999-04-06,11.13340552309726,11.250189497115764,10.899837575060255,10.977693557739258,1029400
1999-04-07,10.997158582781402,11.15287056271459,10.938766590306455,11.055550575256348,850200
1999-04-08,11.055549207376725,11.133405187710364,11.055549207376725,11.113941192626951,683800
1999-04-09,11.113940694039329,11.191796670880237,11.075012705618876,11.094476699829102,399600
1999-04-12,11.250190309958883,11.79518222808838,11.250190309958883,11.79518222808838,926200
1999-04-13,11.736795089461587,12.165003202178262,11.697867079214616,11.989827156066896,1823800
1999-04-14,11.989816950655532,13.702647943606324,11.970352962099271,13.54693603515625,2793800
1999-04-15,13.858363063901214,15.10405862020694,13.780507091632105,14.189250946044922,3769000
1999-04-16,14.111400143174102,14.169792143766546,13.916760141199289,14.130864143371582,1939400
1999-04-19,14.130867431301096,15.57120378104804,14.130867431301096,14.87049961090088,2518200
1999-04-20,14.559064309549012,15.493335816044135,14.34496042264388,14.500672340393066,2810000
1999-04-21,14.461753398371291,15.18192146800755,14.403361392725111,15.162457466125488,2594000
1999-04-22,15.084600668783866,15.298704678276282,14.636928648936086,14.75371265411377,2043000
1999-04-23,14.792636169670777,15.026204109191896,14.67585219991022,15.026204109191896,1392000
1999-04-26,14.94835464597687,14.987282652867435,14.77317861496933,14.831570625305176,1477000
1999-04-27,14.831567063987334,15.376559029593167,14.559071081184417,14.578535079956056,2626000
1999-04-28,14.65638635979324,15.590658000258149,14.65638635979324,15.434946060180664,5163800
1999-04-29,15.51280164893721,16.03832943378201,15.51280164893721,15.902081489562988,5091000
1999-04-30,15.97993440904479,16.116182327270508,15.726902560911316,16.116182327270508,2300200
1999-05-03,16.1161916009311,16.992071579242573,15.999407603822904,16.933679580688477,4440200
1999-05-04,16.992058443573285,17.108842350401968,16.42760289390132,16.50545883178711,5300200
1999-05-05,16.505475648166495,16.544403656770662,15.746379480385254,15.921555519104004,3165200
1999-05-06,15.921550071281104,16.739037972251527,15.921550071281104,16.719573974609375,2836000
1999-05-07,16.602778754144342,16.89473852121605,16.349746956015533,16.50545883178711,1380000
1999-05-10,16.466544307280923,16.661184310913086,16.388688305828058,16.661184310913086,827000
1999-05-11,17.050460913873486,18.10151672363281,16.933676935011338,18.10151672363281,3119400
1999-05-12,17.595453735907693,17.595453735907693,16.70010985111593,17.08938980102539,2732400
1999-05-13,17.089383484536757,17.55651925176783,17.089383484536757,17.361879348754883,2214000
1999-05-14,17.3229521781103,17.36188016053302,16.505464547233185,16.875280380249023,1441800
1999-05-17,16.816897962652327,16.816897962652327,15.843697849072909,16.27190589904785,858200
1999-05-18,16.23297843524874,16.894754534527465,16.23297843524874,16.369226455688477,1827200
1999-05-19,16.36921932465107,16.505467285736156,16.057795413599443,16.388683319091797,1258800
1999-05-20,16.310827341328892,16.54439527461761,16.310827341328892,16.388683319091797,1300800
1999-05-21,16.349757947419818,16.73903789854886,16.349757947419818,16.6417179107666,1241200
1999-05-24,16.505472928785878,16.622256935357477,16.135656907975818,16.23297691345215,890400
1999-05-25,16.11619689827958,16.194052921942767,15.610132744468867,15.707452774047852,1411000
1999-05-26,15.571197394459915,15.649053381432214,15.259773446570716,15.454413414001465,987600
1999-05-27,15.41548949059228,15.532273501884646,14.870497437894574,15.162457466125488,758800
1999-05-28,15.104055776475352,15.610119500944888,14.851023914240583,15.376551628112791,722200
1999-06-01,15.065139329812345,15.921555519104002,14.90942729539568,15.921555519104004,934800
1999-06-02,15.843696624624965,15.882624626159668,15.396024606975857,15.882624626159668,943400
1999-06-03,15.867796423852653,16.609464645385742,15.867796423852653,16.609464645385742,1278200
1999-06-04,16.668004464220118,16.941250439043397,16.3752409197666,16.86318016052246,1512200
1999-06-07,16.78511709365572,16.78511709365572,16.316695221274628,16.375247955322266,1025600
1999-06-08,16.21910635247288,16.375246967177794,16.102000891444195,16.199588775634766,517200
1999-06-09,16.19959487539669,16.19959487539669,15.575032181405492,15.867795944213867,1169600
1999-06-10,15.653093290089362,15.848269016898458,15.516470281322997,15.535987854003906,555800
1999-06-11,15.535991379277624,15.75068472748372,15.535991379277624,15.692131996154783,555000
1999-06-14,15.692132977878348,15.92634391784668,15.57502750789418,15.92634391784668,1230600
1999-06-15,15.926334588834552,16.062957557121123,15.653088652261411,15.770194053649902,740400
1999-06-16,15.80922603607178,15.84826116208677,15.61405040599682,15.809226036071776,654400
1999-06-17,15.809242255625673,15.828759838657309,15.633584008340945,15.750689506530762,689600
1999-06-18,15.65309511781108,15.809235717489992,15.65309511781108,15.760441780090332,825000
1999-06-21,15.614057102227603,15.63357467360539,15.048047532271854,15.360328674316406,944400
1999-06-22,15.438401298237917,15.731164913248747,15.301778277899526,15.672612190246582,1347600
1999-06-23,15.633584345983476,15.770207430155615,15.379855761092358,15.594549179077148,753200
1999-06-24,15.535982442456625,15.594535140104073,14.96997303186461,15.106595993041992,682000
1999-06-25,14.872389548165458,15.301776123046876,14.872389548165458,15.02853012084961,989000
1999-06-28,14.950465833108256,15.028536150774617,14.73577245952576,14.872395515441896,1082200
1999-06-29,14.8723925030802,15.496954917907717,14.8723925030802,15.496954917907717,956600
1999-06-30,15.457923889160158,15.575029373168949,15.282265663146974,15.282265663146973,1823800
1999-07-01,14.755291300082426,15.087090178523434,14.716256137912897,14.89191436767578,1723200
1999-07-02,15.028535267092147,15.575027458622772,15.028535267092147,15.516474723815918,1738800
1999-07-06,15.594546632730555,15.731169694594277,15.399370830068094,15.438405990600586,1672000
1999-07-07,15.575031595623988,15.692137096342964,15.53599642871766,15.594549179077148,2482800
1999-07-08,15.59454377889633,15.809237122535704,15.555508625507354,15.61406135559082,2194000
1999-07-09,15.614069296923766,15.848280336377622,15.614069296923766,15.633586883544922,652000
1999-07-12,16.04344703088179,16.04344703088179,15.418884616054276,15.496954917907717,1724800
1999-07-13,15.36033332078022,15.36033332078022,14.247831415717355,14.657700538635254,2812000
1999-07-14,14.677214786583823,15.14563653509182,14.677214786583823,15.08708381652832,3835000
1999-07-15,15.145637799175178,15.22370809710907,14.950462054340449,15.048049926757812,1113400
1999-07-16,14.872393070435036,15.496955509088476,14.482041546276635,15.301779747009276,2695600
1999-07-19,15.223719219472954,15.223719219472954,14.482050847242222,14.599156379699709,2386800
1999-07-20,14.599146565432273,15.028533229121456,14.599146565432273,14.755287170410156,2266400
1999-07-21,14.7552842017143,14.852872060191244,14.48203819797885,14.521073341369627,2138200
1999-07-22,14.40396974524673,14.482040041968936,14.130723706719015,14.345417022705078,1432000
1999-07-23,14.345419271936954,14.599147776066452,14.18927865401111,14.48204231262207,1142200
1999-07-26,14.403967911197292,14.71624905832352,14.364932767806517,14.521073341369627,1330800
1999-07-27,14.540591891032143,14.69673247509692,14.501556745015952,14.57962703704834,1380400
1999-07-28,14.59914780678984,14.794323579607886,14.59914780678984,14.657700538635254,671800
1999-07-29,14.599147776066452,14.599147776066452,14.16976107677038,14.48204231262207,765400
1999-07-30,14.443009694417318,14.482044855753582,14.18928114573161,14.403974533081056,654000
1999-08-02,14.403972003659147,14.677218085029375,14.364936849177688,14.48204231262207,666000
1999-08-03,14.52107592846485,14.677216529846191,14.44300562777418,14.677216529846191,773400
1999-08-04,14.989495818938442,15.731163580813,14.833355237491167,15.535987854003906,2263200
1999-08-05,15.575034123681457,15.750692403271849,15.360340670848757,15.633586883544922,2289600
1999-08-06,15.614061343625018,15.77020195706127,15.438403153509237,15.555508613586426,560400
1999-08-09,14.989498527682557,15.633578542543916,14.989498527682557,15.301779747009276,1661800
1999-08-10,15.301783243815104,15.535994211832683,15.22371292114258,15.282265663146973,643400
1999-08-11,15.340814314200836,15.614060370687874,15.301779163274116,15.496954917907717,553800
1999-08-12,15.496957811694934,15.965379710285209,15.496957811694934,15.906826972961426,789000
1999-08-13,15.926347753815492,16.160558750195133,15.59454884227767,15.750689506530762,553400
1999-08-16,15.750687274860525,15.750687274860525,15.165159866873145,15.438405990600586,813200
1999-08-17,15.477440514949835,15.711651468517804,15.340817458701856,15.45792293548584,1781800
1999-08-18,15.438398959827545,15.45791653120533,15.243223246049698,15.360328674316406,509000
1999-08-19,15.282258961750912,15.47743468284607,15.126118384874784,15.223706245422363,2220800
1999-08-20,15.243227018385516,15.496955509088476,15.223709442177595,15.301779747009276,837000
1999-08-23,15.37985261762985,15.59454599173382,15.37985261762985,15.45792293548584,1048000
1999-08-24,15.418885916619752,15.711649573264433,15.34081560818117,15.692131996154783,649800
1999-08-25,15.77019872617482,15.965374452983914,15.535987854003906,15.535987854003906,1097200
1999-08-26,15.496951838902064,15.57502212524414,14.774801690237863,15.02853012084961,835000
1999-08-27,15.067565668546235,15.301776533860428,15.00901295221769,15.223706245422363,1235600
1999-08-30,15.204192702525782,15.24322785708939,14.638182961353449,14.657700538635254,430600
1999-08-31,14.813839556054868,14.89190985674554,14.501558353292182,14.677216529846191,688600
1999-09-01,14.67721972127599,15.067571309607798,14.67721972127599,14.872395515441896,479000
1999-09-02,14.935815811157228,14.95539093017578,14.681339263916016,14.837940216064451,380400
1999-09-03,14.85751816626478,15.28817086673622,14.85751816626478,15.014119148254396,428800
1999-09-07,14.622613906860352,14.857515335083008,14.583463668823242,14.603038787841797,1306200
1999-09-08,14.603038787841797,14.877090454101562,14.505163192749023,14.837940216064451,893000
1999-09-09,14.798784286097476,14.886872287800438,14.759634063118382,14.877084732055664,279000
1999-09-10,14.837941174798049,14.8770914153648,14.7204904530978,14.75964069366455,384400
1999-09-13,14.75964445211628,14.974970830064926,14.681343951044044,14.935820579528809,396600
1999-09-14,14.857518230438233,14.857518230438233,14.603041633605958,14.681342124938965,445800
1999-09-15,14.79879287352045,14.857518242066163,14.603041645034727,14.6226167678833,659600
1999-09-16,14.622611038156805,14.837937305117617,14.485585231909017,14.583460807800291,503400
1999-09-17,14.622614851680927,14.994542137065046,14.622614851680927,14.75964069366455,1200600
1999-09-20,14.40728469722527,14.52473538769178,14.094082855981242,14.211533546447754,1162600
1999-09-21,14.270253952969329,14.270253952969329,13.839601570300845,13.937477111816406,985600
1999-09-22,13.898335456848146,14.191962262274515,13.683009132868808,13.898335456848145,1680200
1999-09-23,13.820036971534304,13.898337464290874,13.38938426137318,13.428534507751465,1016000
1999-09-24,13.232781427452364,13.252356547907173,12.645527813808028,12.997879981994627,2087400
1999-09-27,13.271923429510569,13.976627328422634,13.23277321290434,13.937477111816406,2063800
1999-09-28,13.878757511149484,14.328985187815828,13.839607278395889,14.133234024047852,1639000
1999-09-29,14.094088480824224,14.700917290415267,14.094088480824224,14.466015815734863,1101400
1999-09-30,14.387716288151948,14.79879389638486,14.348566039748814,14.407291412353516,1571400
1999-10-01,14.368140228459092,14.387715351386149,14.152813876261476,14.32898998260498,1443600
1999-10-04,14.328989026328552,14.466014877673224,14.328989026328552,14.34856414794922,1526600
1999-10-05,14.328990915547246,14.505167033361351,14.328990915547246,14.407291412353516,786800
1999-10-06,14.328987121582031,14.426862716674805,14.309412002563477,14.387712478637695,869000
1999-10-07,14.387708764992013,14.97496218397128,14.328983423094083,14.779211044311523,782800
1999-10-08,14.720484733581545,14.935810973035528,14.603034057515732,14.720484733581545,1633400
1999-10-11,14.603038787841797,14.896665573120115,14.505163192749023,14.603038787841797,402400
1999-10-12,14.52474605596832,14.544321185423804,14.289844502502524,14.309419631958008,467600
1999-10-13,14.309406201154944,14.309406201154944,13.996204423838282,14.113655090332031,862600
1999-10-14,14.133239762010428,14.172390010658656,13.898338270121055,14.074514389038086,1206800
1999-10-15,14.152812048253722,14.152812048253722,13.506833075096914,13.526408195495604,674000
1999-10-18,13.52640818323408,13.996211072376797,13.506833062853133,13.702584266662598,584400
1999-10-19,13.702587171786094,13.74173742084834,13.506835926474864,13.54598617553711,856600
1999-10-20,13.585135439434788,13.780886670550563,13.369809085207436,13.683011054992676,864800
1999-10-21,13.68301551944607,14.328994792896312,13.526414483458131,14.250694274902344,928400
1999-10-22,14.250688574049208,14.250688574049208,13.91791150569916,14.094087600708008,478800
1999-10-25,14.015792720920436,14.505170958382744,13.917917073427976,14.250694274902344,1108800
1999-10-26,14.25067996060504,14.58345682781697,14.211529740933049,14.231104850769045,1129600
1999-10-27,14.34855649503943,14.407281828579835,14.074504938517531,14.289831161499023,839200
1999-10-28,14.30942055055166,14.387721073400098,14.270270289127444,14.368145942687988,1790000
1999-10-29,14.36814391039272,15.053273388408725,14.328993654506093,14.64219570159912,1614600
1999-11-01,14.64218806319552,14.700913416390156,14.485587121343162,14.505162239074709,807000
1999-11-02,14.505163192749023,14.583463668823242,14.289836883544922,14.44643783569336,785400
1999-11-03,14.36814116395038,14.563892405966053,14.191965046136277,14.407291412353516,904800
1999-11-04,14.44643783569336,14.95539093017578,14.40728759765625,14.818365097045898,1134000
1999-11-05,15.033695266180832,15.19029625853688,14.837944025735768,14.857519149780272,1115000
1999-11-08,14.818366069999344,14.818366069999344,14.407288543618916,14.524739265441896,457400
1999-11-09,14.563887602496688,14.681338308968437,14.446436896024942,14.661763191223145,697200
1999-11-10,14.994545018091818,15.014120142136324,14.72049328146873,14.857519149780272,894200
1999-11-11,15.07284164428711,15.07284164428711,14.44643783569336,14.818365097045898,945400
1999-11-12,14.563892405966053,14.563892405966053,14.270265542942544,14.407291412353516,883200
1999-11-15,14.426864556617138,14.955392837524416,14.407289435102054,14.955392837524414,861000
1999-11-16,14.916241620235516,15.386044505912224,14.916241620235516,15.327319145202637,934000
1999-11-17,15.346896234982328,15.503497216971942,14.916243534510883,15.014119148254396,1294800
1999-11-18,14.99454800457878,15.092423644295351,14.583470317769178,14.64219570159912,1207200
1999-11-19,14.563895189825864,14.681345957485751,14.466019550109293,14.64219570159912,612800
1999-11-22,14.563891399337583,14.72049238212616,14.446440662246152,14.6226167678833,603000
1999-11-23,14.309406272679158,14.309406272679158,13.85917871553604,14.289831161499023,1138800
1999-11-24,14.152812973724748,14.231113460439683,14.035362243652344,14.035362243652344,479800
1999-11-26,14.05493448954207,14.11365984256244,13.878758430480955,13.878758430480955,363200
1999-11-29,13.917908665827872,13.9962091365217,13.780882842113671,13.878758430480955,924400
1999-11-30,13.82003119813294,14.074507693282696,13.6830053930523,13.976632118225098,702600
1999-12-01,13.859183331248175,14.172385214440224,13.839608213548672,14.152810096740724,825200
1999-12-02,14.07450774090349,14.211533546447752,14.05493262582574,14.211533546447754,717200
1999-12-03,14.27515253773827,14.766044990892956,14.27515253773827,14.412602424621582,823200
1999-12-06,14.373331875980648,14.432238973833028,14.059160687434623,14.07879638671875,386800
1999-12-07,14.0002568297916,14.294792387220594,13.9217140144772,14.137706756591797,911000
1999-12-08,14.098435348934595,14.216249571906197,13.823535495334202,14.137706756591797,566800
1999-12-09,14.176973677793486,14.412602049169555,14.176973677793486,14.314423561096191,1012200
1999-12-10,14.235886294825548,14.589328989041906,14.196614884357064,14.432243347167969,703000
1999-12-13,14.510784720787234,14.589327533890277,14.13770635854778,14.348790168762209,569800
1999-12-14,14.137712171861342,14.45188355345826,14.019897903762498,14.039533615112305,845400
1999-12-15,13.960988637877673,14.4911527633667,13.80390297106611,14.4911527633667,2000200
1999-12-16,14.56968575842837,15.001671050457244,14.392964502598376,14.766042709350586,2032200
1999-12-17,14.687505220380103,14.76604802904524,14.4518767943847,14.707140922546388,1318400
1999-12-20,14.746410223452942,14.746410223452942,14.294789138047593,14.451874732971191,902800
1999-12-21,14.608959824291627,14.707138317734447,14.47150993347168,14.47150993347168,1286400
1999-12-22,14.510785552617666,14.628599779025928,14.353699917406647,14.530421257019045,929800
1999-12-23,14.550067672628842,15.06059636289652,14.550067672628842,14.883874893188477,1675800
1999-12-27,15.040951550933364,15.198037206817784,15.02131584394781,15.15876579284668,1792600
1999-12-28,15.158761841739286,15.708561494030349,15.158761841739286,15.649654388427734,1001600
1999-12-29,15.571105996670523,16.25835531556519,15.531834607019402,16.06199836730957,1657800
1999-12-30,15.904919624328612,16.022733843768084,15.806741108129057,15.904919624328612,666000
1999-12-31,15.826369779598638,15.924548252176791,15.767462696051744,15.806734085083008,463000
2000-01-03,15.806740003368038,16.376175357526638,15.551475879090043,15.649654388427734,1369400
2000-01-04,15.492572002483968,15.571114826324193,15.276579236923354,15.374757766723633,983600
2000-01-05,15.374754562282204,15.924554214573266,15.374754562282204,15.649654388427734,3410600
2000-01-06,15.649650821061892,16.86706405933772,15.6103794262788,16.808156967163086,2463600
2000-01-07,16.729610839273995,16.945603467480584,16.47434682412075,16.827789306640625,2128400
2000-01-10,16.70998695346859,16.88670831960398,16.631444124075085,16.847436904907227,1391600
2000-01-11,16.76888899409443,17.259781529050354,16.76888899409443,17.122331619262695,2303600
2000-01-12,17.043781934847214,17.240138869580477,16.513618211067403,16.827789306640625,1497600
2000-01-13,16.80815960585013,17.141966513910237,16.592166900634766,16.592166900634766,1135200
2000-01-14,16.788522720336914,16.965244012129933,16.74925132216069,16.788522720336914,995200
2000-01-18,16.47434795864637,16.513619348297492,15.82637002940283,16.06199836730957,1185000
2000-01-19,15.826373026361914,15.846008724905786,15.27657346713346,15.45329475402832,1538400
2000-01-20,15.374767864599708,15.374767864599708,14.294803327495002,14.883874893188477,1869400
2000-01-21,14.962413261413577,15.00168468729655,14.66787756729126,14.726784706115724,1574400
2000-01-24,14.648232623858329,15.394389245448968,14.530418420449282,15.31584644317627,2158000
2000-01-25,14.68751150920754,14.766054351502769,13.313011769041058,13.80390453338623,3920200
2000-01-26,13.803903125779597,14.059167337209376,13.273738994348516,13.489731788635254,2475200
2000-01-27,13.273735378810338,13.82353506905692,13.234463972364154,13.74499225616455,2670800
2000-01-28,13.627173755289403,13.666445149396864,12.56684611438792,12.822110176086426,2028200
2000-01-31,12.881025443047834,12.881025443047834,12.095597062374186,12.802482604980469,2810000
2000-02-01,12.72393963976604,12.95956815161356,12.429403999956644,12.881025314331056,2200800
2000-02-02,12.8810153618837,12.8810153618837,11.93850204272148,12.252673149108888,3565200
2000-02-03,12.527585615346462,13.057749896873664,12.488314187085187,12.723942756652832,3135600
2000-02-04,12.645393832572635,13.116650745587766,12.625758127863673,12.998836517333984,2354600
2000-02-07,13.077379064900532,13.313007516520363,12.95956483909062,13.19519329071045,3286000
2000-02-08,12.920291592997888,13.195191414125503,12.763205980924964,12.782841682434082,1675600
2000-02-09,12.70429890799144,12.70429890799144,12.272313473716617,12.370491981506348,2568400
2000-02-10,12.370495772943263,12.527581433552069,11.859967375964654,12.075960159301758,2178600
2000-02-11,11.997416276076306,12.017051981929132,11.663609276578276,11.82069492340088,2328800
2000-02-14,11.742150200737848,12.252678470335146,11.624335984676932,12.193771362304688,1752400
2000-02-15,12.056321342539343,12.76320663298139,12.017049937514786,12.645392417907717,3780000
2000-02-16,12.684661156873544,13.077375124578609,12.527575569791518,12.900653839111328,2291200
2000-02-17,12.822119202453427,13.195197709109804,12.802483491576774,12.841754913330078,1514200
2000-02-18,12.723937434728963,12.802480258400132,12.370494728208715,12.449037551879885,1340400
2000-02-22,12.3704928838754,12.488307101817073,12.291950071914286,12.409764289855955,1890800
2000-02-23,12.48830758010914,12.72393602501686,12.05632209777832,12.05632209777832,2666000
2000-02-24,12.075956352897313,12.075956352897313,11.035264179395591,11.290528297424316,2292200
2000-02-25,11.251260431719498,11.388710384637536,11.03526764856258,11.153081893920898,1495200
2000-02-28,11.035265367220989,11.34943662322728,10.956722553219416,11.094172477722168,1979200
2000-02-29,11.035264559145327,11.113807367395472,10.485464901394314,10.603279113769531,2777800
2000-03-01,10.681824532056169,10.721095945776964,10.36765322228981,10.465831756591797,1595600
2000-03-02,10.485467764889078,10.642553424288163,10.171296446090905,10.269474983215332,1540400
2000-03-03,10.417045425582716,11.008923006581735,10.417045425582716,10.772171974182127,3211600
2000-03-06,10.653795967242814,10.8905469887371,10.614337463660434,10.693254470825195,2260200
2000-03-07,10.634068697284304,10.653797952752363,10.061920288710564,10.121108055114746,1034800
2000-03-08,10.18029713908986,10.417048235347762,10.061921590960909,10.140838623046877,2256400
2000-03-09,10.140837787410833,10.140837787410833,9.90408671066194,10.042191505432127,1279000
2000-03-10,10.022465983433513,10.89055358829783,10.022465983433513,10.574885368347168,2692200
2000-03-13,10.495970465270767,10.732721678773116,10.18030218060097,10.535429000854492,1626000
2000-03-14,10.614339828491213,10.85109090273265,10.535422803744066,10.614339828491213,1874600
2000-03-15,10.69325839433094,12.311057634801672,10.69325839433094,11.758638381958008,2931400
2000-03-16,11.877009244493314,12.784554801381509,11.837550742019914,12.64645004272461,3434000
2000-03-17,12.46888815390097,12.48861740730904,11.344320709640916,11.679718017578123,2063200
2000-03-20,11.837555860218249,12.547809211831344,11.837555860218249,11.995389938354492,1126600
2000-03-21,12.034845260326207,12.389971841778458,11.91646973317546,12.291325569152832,1242000
2000-03-22,12.1334916095797,12.153220864229423,11.719177261935515,11.8770112991333,1736600
2000-03-23,11.857283709065014,12.429432174227884,11.857283709065014,11.916471481323242,1291000
2000-03-24,11.679717993006806,12.350512607470035,11.679717993006806,12.251866340637209,1361400
2000-03-27,12.251870426920938,12.48862154628173,12.015119307560148,12.054577827453612,1354400
2000-03-28,12.015124313292963,12.804295039946032,12.015124313292963,12.23214626312256,1548000
2000-03-29,12.38997022547939,12.784555264507397,12.38997022547939,12.567533493041992,1575000
2000-03-30,12.626725739123774,13.6329179464602,12.50835018531949,13.080498695373535,2351400
2000-03-31,13.100226164580109,13.494811290019266,12.705641039140946,13.139684677124023,1894400
2000-04-03,13.060765167762494,13.297516197993838,12.863472642569707,13.159411430358888,1019000
2000-04-04,13.29751537095255,13.61318339162798,12.774690211708863,13.218598365783691,2181200
2000-04-05,13.139687820178708,13.415897474056337,12.50835146845841,12.942395210266112,1260000
2000-04-06,13.021306209876888,13.336974239207237,12.962118454377448,13.238327980041504,1317800
2000-04-07,13.041039822685033,13.159415373269164,12.981852047392968,13.060769081115724,929400
2000-04-10,13.139685872089432,13.297519936619034,13.021310323692228,13.100227355957031,963400
2000-04-11,12.9818555930888,14.126152894607266,12.962126329269516,14.066965103149414,2230200
2000-04-12,13.751292691412363,14.244524136584973,13.73156343360546,13.988043785095217,1629800
2000-04-13,14.047233937433091,14.047233937433091,13.455356102990686,13.534273147583008,832400
2000-04-14,13.258053674966938,13.336970661127454,12.54780079952228,12.58725929260254,1966200
2000-04-17,12.626721019476232,12.824013535405548,12.271594490803464,12.6069917678833,1165600
2000-04-18,12.528078332910397,12.54780759012758,11.837554330309036,12.015117645263672,1422200
2000-04-19,12.192678683763974,12.370241965566365,11.975656894894389,12.153220176696776,1347400
2000-04-20,12.074301046567014,13.771016553110744,12.074301046567014,13.277785301208496,2534000
2000-04-24,13.258054877387153,13.6723690923055,13.10022089075159,13.317242622375488,2424200
2000-04-25,13.100223162020855,13.573725204021608,13.100223162020855,13.494808197021484,1858200
2000-04-26,13.49480966041828,13.96831175376629,13.336975629302277,13.731560707092283,2848400
2000-04-27,13.258057471332714,13.869664289206694,13.258057471332714,13.771018028259276,1737800
2000-04-28,13.77102545779801,14.30371555430309,13.711837669297443,14.027505874633787,2131200
2000-05-01,13.88939946492513,14.224796895186106,13.69210685888926,14.20506763458252,1605400
2000-05-02,14.205067068497764,14.875861902287935,14.106420769410974,14.757486343383787,1765200
2000-05-03,14.560192591487874,14.718026657520264,14.461546300217632,14.48127555847168,1554200
2000-05-04,14.402356383564706,14.44181489420461,14.283980851644996,14.362897872924805,2043800
2000-05-05,14.283984372932412,14.67856957660458,14.283984372932412,14.56019401550293,901000
2000-05-08,14.481271613312812,14.836398165137922,14.362896096037776,14.422083854675291,816600
2000-05-09,14.402358782225551,14.481275816648704,14.086690644532936,14.28398323059082,997000
2000-05-10,14.205064894960827,14.343169692550724,13.94858455657959,13.94858455657959,1222000
2000-05-11,14.086683840791055,14.46153957324908,14.066954591714318,14.323434829711914,1380200
2000-05-12,14.264245470972815,14.323433211516273,13.928848274559902,14.185328483581545,883800
2000-05-15,13.889393018639606,14.678563076516856,13.77101750995802,14.520729064941406,1148600
2000-05-16,14.520731915484417,14.520731915484417,14.283980851644996,14.362897872924805,754000
2000-05-17,14.244526155789693,14.481277283032734,14.086692070960998,14.20506763458252,631600
2000-05-18,14.126146809085384,14.362897872924805,14.08668829844548,14.362897872924805,808400
2000-05-19,14.283982975931195,14.658838882758118,14.264253717677146,14.48127555847168,1264200
2000-05-22,14.599655597440655,14.994240883857971,14.402362954232,14.67857265472412,1183800
2000-05-23,14.67856936100409,15.270447157818772,14.67856936100409,15.132342338562012,2124800
2000-05-24,14.954775687716651,14.954775687716651,14.63910759932158,14.895587921142578,1495800
2000-05-25,14.836396956711674,14.87585545925612,13.790746639283856,14.047226905822754,1565000
2000-05-26,13.810475053262923,13.810475053262923,12.94238804991497,13.277785301208496,3445200
2000-05-30,13.336973873536978,13.39616162741362,12.666179329601686,13.218598365783691,3105400
2000-05-31,13.139684915542604,13.53427004814148,13.060767889022827,13.258060455322266,1472200
2000-06-01,13.376437579884248,13.376437579884248,12.962123141569249,13.080498695373535,1301200
2000-06-02,13.100232453885797,13.1199617196296,12.88321053070395,12.902939796447754,1708400
2000-06-05,12.971850847868325,13.209503077142248,12.674785561275922,12.892633438110352,956000
2000-06-06,12.75401160157757,12.892642162464282,12.75401160157757,12.833229064941406,1105000
2000-06-07,12.754004448464832,12.872830576866678,12.555960901128422,12.595569610595703,1317000
2000-06-08,12.674790758716323,12.674790758716323,12.377725350308909,12.496551513671877,809400
2000-06-09,12.595574740912973,12.793618368914748,12.53616165251244,12.575770378112791,1021000
2000-06-12,12.536153188234644,12.813414080233514,12.516348838806152,12.516348838806152,786200
2000-06-13,12.437141530654008,12.674793916590072,12.041054220760568,12.120271682739258,1001200
2000-06-14,12.199478404131527,12.75400014977387,12.199478404131527,12.456934928894045,2954200
2000-06-15,12.516351263952023,12.635177383546504,12.060851138839846,12.21928596496582,1553200
2000-06-16,12.357916437826049,12.357916437826049,12.021242432308352,12.21928596496582,2050200
2000-06-19,12.219288816467897,12.278701890129812,11.902419090270996,11.902419090270996,2615800
2000-06-20,12.021249855265896,12.25890224120196,11.803401834824506,12.120271682739258,2103200
2000-06-21,12.041043013885242,12.120260402134488,11.585543031452085,11.783586502075195,1003400
2000-06-22,11.743977120174234,11.902411887394123,11.724172774271748,11.82319450378418,1259000
2000-06-23,11.823203574143614,12.1400733516751,11.644964324282151,11.743986129760742,1916000
2000-06-26,12.04104760324853,12.04104760324853,11.52613438337277,11.58554744720459,1213000
2000-06-27,11.664761501876487,12.49654415566055,11.644957152976868,12.318305015563965,1785800
2000-06-28,12.19948428999557,12.357919150904603,11.98163635624565,12.229190826416016,1254800
2000-06-29,12.338108219819912,12.357912566882222,11.664760419701327,11.783586502075195,1421600
2000-06-30,12.080657096060367,12.33811372269772,11.803396113527835,11.86280918121338,2365200
2000-07-03,11.961825381643404,12.318303621493705,11.961825381643404,12.179673194885254,700600
2000-07-05,11.961832288810406,12.338115092597487,11.961832288810406,12.159875869750977,1801800
2000-07-06,12.041046296707307,12.080655001630683,11.486524427779996,11.763785362243652,2166600
2000-07-07,11.763781178487491,11.922215941834123,11.54593337888587,11.5657377243042,2083800
2000-07-10,11.5657406497646,11.961827658318184,11.5657406497646,11.724175453186035,7850600
2000-07-11,11.724179754194044,12.041049477280373,11.70437539650115,11.961832046508787,8247600
2000-07-12,12.041042768276805,12.239086234860304,11.922216688326705,12.179673194885254,5810400
2000-07-13,12.120261011896908,12.516347973070008,12.120261011896908,12.456934928894045,3230200
2000-07-14,12.595571268099944,12.595571268099944,12.278701550663468,12.397527694702148,3084400
2000-07-17,12.27869902476306,12.298503378028808,12.120264198637086,12.21928596496582,1593600
2000-07-18,12.219291094061616,12.338117263533851,12.120269286168089,12.19948673248291,1030600
2000-07-19,12.21928751738712,12.33811365207808,12.100461382696158,12.239091873168944,2264000
2000-07-20,12.555964957343209,12.575769318474665,12.377725707160105,12.476747512817385,2146000
2000-07-21,12.53615654639478,12.714395738997547,12.51635219166114,12.595569610595703,1755800
2000-07-24,12.476741527688915,12.476741527688915,11.981632736907608,12.060850143432615,3022400
2000-07-25,12.060854079280691,12.318310734503433,11.87271267738715,12.159875869750977,2431000
2000-07-26,12.15987928032301,12.397531644107824,12.12027055302554,12.33811855316162,1867200
2000-07-27,12.33811332088148,12.51635251813338,12.021243636878102,12.417330741882324,2805600
2000-07-28,12.45693942610782,12.45693942610782,12.21928716360656,12.258895874023438,1171000
2000-07-31,12.27869723833756,12.773805997947948,12.27869723833756,12.53615379333496,1985600
2000-08-01,12.555964957343209,12.59557367960612,12.318312623765737,12.476747512817385,1048200
2000-08-02,12.496543625011354,12.516347973070008,12.318304492483458,12.456934928894045,1480000
2000-08-03,12.43713144109219,12.793609730805024,12.43713144109219,12.516348838806152,2108800
2000-08-04,12.555966015312617,12.635183466513327,12.397531112911196,12.575770378112791,1854600
2000-08-07,12.674789655102469,13.348137855529789,12.585670040340029,13.348137855529783,1945400
2000-08-08,13.704616668435415,13.704616668435415,13.466964356266017,13.645203590393066,2187800
2000-08-09,13.645201174512044,13.645201174512044,13.229309701849123,13.407548904418944,1034000
2000-08-10,13.407547560734535,13.546178037728838,13.110482252889604,13.268917083740234,832400
2000-08-11,13.22930313265601,13.902650896892991,13.22930313265601,13.62539005279541,1805400
2000-08-14,13.98187336670009,13.98187336670009,13.62539500890887,13.882851600646973,1143200
2000-08-15,13.803630652502283,13.962065437609914,13.78382630436383,13.922456741333008,689800
2000-08-16,13.962065432252002,14.219521957953102,13.882848039728586,14.140304565429688,724400
2000-08-17,14.140310021963986,14.199723089283165,13.823440329595044,13.942266464233398,1511800
2000-08-18,13.902657730826016,13.981875153793686,13.704614173406842,13.783831596374512,1443400
2000-08-21,13.803640957206571,13.863054045975035,13.744227868438108,13.823445320129396,1024200
2000-08-22,13.863043691597731,14.179913261691397,13.84323934346688,14.140304565429688,4651800
2000-08-23,14.199725887806116,14.219530247482275,13.70461689590214,13.843247413635254,1330800
2000-08-24,13.803638694282936,13.962073571692208,13.783834334606777,13.843247413635254,1554400
2000-08-25,13.843244685368104,13.981875175779516,13.843244685368104,13.942266464233398,1285200
2000-08-28,14.001679531552574,14.001679531552574,13.863049041141162,13.942266464233398,768600
2000-08-29,13.98187220787901,14.021480911017475,13.82343739532514,14.001676559448242,1983000
2000-08-30,13.981868465913497,13.981868465913497,13.694705445013003,13.724411964416504,1214600
2000-08-31,13.764028121673553,14.120506547846391,13.724419407654349,14.02643585205078,2399600
2000-09-01,14.041295416611062,14.080904148392758,13.942273587156825,14.021491050720217,1139600
2000-09-05,13.942264805434444,14.001677865684876,13.902656098600824,13.981873512268066,1036600
2000-09-06,13.991414811876089,14.369024018446606,13.971540643109217,14.309401512145996,2511800
2000-09-07,14.229902425493512,14.229902425493512,13.653551628930227,13.91191577911377,2371600
2000-09-08,13.792676163286544,13.792676163286544,13.21632514205411,13.37531852722168,2437800
2000-09-11,13.31569261296213,13.5939309660688,13.11695093217165,13.39518928527832,1141000
2000-09-12,13.37531852722168,13.415066873513572,13.196450968908165,13.37531852722168,845600
2000-09-13,13.39518712557279,13.39518712557279,12.759213849581204,12.918207168579102,1673800
2000-09-14,12.838712287133978,13.01757979577826,12.659844778489695,12.818838119506836,940400
2000-09-15,12.739343848547382,12.739343848547382,12.083496193317954,12.182867050170898,3838800
2000-09-18,12.083495691541392,12.143118203177286,11.9642506682696,12.063621520996094,1203200
2000-09-19,12.003999408922695,12.003999408922695,11.646264327199836,11.705886840820312,1225000
2000-09-20,11.76550790998671,11.904627091354795,11.38789870341619,11.447521209716797,1566200
2000-09-21,11.52701796317587,11.84500466560831,11.368024611959653,11.68601131439209,1985400
2000-09-22,11.646257400512694,11.92449563192426,11.44751580664729,11.646257400512695,1104800
2000-09-25,11.606514930725098,11.70588577773473,11.24877988149042,11.606514930725098,1075600
2000-09-26,11.44752261513158,11.58664181357936,11.209032560649671,11.328277587890623,1523800
2000-09-27,11.3282752749371,11.566765280725248,11.129533603446976,11.308401107788086,1337600
2000-09-28,11.16928373438212,11.705886333720764,11.16928373438212,11.586641311645508,2665200
2000-09-29,11.507144934357608,12.043747547876874,11.507144934357608,11.884754180908203,1961200
2000-10-02,12.043750444005749,12.302114727458015,11.864882863154175,12.123247146606444,1998000
2000-10-03,12.123243048787115,13.03745481967926,12.103368879854678,12.719468116760254,2492000
2000-10-04,12.699595038455598,13.116952621879022,12.162992431196912,12.302111625671388,1881000
2000-10-05,12.321983666911075,12.44122867013925,11.944374490021866,11.964248657226562,1348400
2000-10-06,11.964253185189428,12.40148502916645,11.56676969066486,11.904630661010742,2120000
2000-10-09,12.08349768944036,12.560477861391954,12.004000994115096,12.162994384765623,1123000
2000-10-10,12.202735623049072,12.500848056836915,11.964245676018798,12.143113136291504,1398000
2000-10-11,12.143118402232297,12.361734281814218,11.86488001003712,11.884754180908203,919600
2000-10-12,11.944374856337312,12.023871527594132,11.368023989725362,11.467394828796388,782600
2000-10-13,11.288530009133476,11.407775044441223,10.811549867902484,11.129536628723145,1531800
2000-10-16,11.209032513151232,12.003999358055577,11.1295358286608,11.845005989074709,1427200
2000-10-17,11.845000331056411,12.20273524038362,11.149404674031286,11.248775482177734,1446000
2000-10-18,11.368025437840876,11.666137993029013,11.109661223344492,11.586641311645508,1135000
2000-10-19,9.857590917875388,10.652557927381467,9.638974990261216,10.394193649291992,11413800
2000-10-20,10.394191388250556,10.394191388250556,10.01658214087625,10.23519802093506,3327600
2000-10-23,10.314697271268043,10.314697271268043,9.996710457510265,10.076207160949709,1746400
2000-10-24,10.115950912347955,10.99041425251163,10.056328411882252,10.692301750183104,3255800
2000-10-25,10.930790641741726,10.930790641741726,10.47368485126889,10.59292984008789,2111200
2000-10-26,10.65255645417819,11.089788248939236,10.612808109199914,10.891046524047852,2851000
2000-10-27,10.930788896109105,11.38789461358276,10.652550633299056,11.248775482177734,2697600
2000-10-30,11.268650208112488,11.884749249473137,11.228901882863417,11.507140159606934,2914400
2000-10-31,11.50714507999036,12.262363582649488,11.50714507999036,11.845005989074709,2484400
2000-11-01,11.825130985094154,11.904627663985544,11.427647590637209,11.427647590637209,1344200
2000-11-02,11.48727045991613,11.924502207525396,11.44752211922438,11.586641311645508,1984600
2000-11-03,11.626388376409356,12.0039975715406,11.407772526596531,11.805255889892578,989200
2000-11-06,11.88474731315118,11.88474731315118,11.606509081739611,11.646257400512695,729000
2000-11-07,11.646257400512694,11.90462147253772,11.527012444193453,11.646257400512695,1019600
2000-11-08,11.606513809795926,11.984122991963943,11.3680238000056,11.785381317138672,1353800
2000-11-09,11.745631641995123,11.785379972424886,11.089784189904025,11.48726749420166,1279400
2000-11-10,11.50714277927821,11.606513615023273,11.248778606341048,11.308401107788086,666000
2000-11-13,11.228899250268512,11.626382409570052,11.129528460443126,11.149402618408203,970000
2000-11-14,11.189158636029893,11.40777452412284,10.791675203133629,11.387900352478027,1186600
2000-11-15,11.467391260099916,11.666132876392808,11.169278835660576,11.248775482177734,1090000
2000-11-16,11.407773279235064,11.407773279235064,10.751925686526429,10.95066738128662,1221000
2000-11-17,10.950662763856297,11.308397663583,10.891040280568513,11.050033569335938,1164400
2000-11-20,10.970541179509452,10.990415348312911,10.771799491474862,10.79167366027832,541800
2000-11-21,10.79167501540745,10.970542557099286,10.59293330241652,10.811549186706545,755000
2000-11-22,10.831420617025406,10.970539780913809,10.73204978567655,10.910917282104492,768400
2000-11-24,10.970543248312817,11.268655836582184,10.970543248312817,11.129536628723145,957200
2000-11-27,11.16927677637328,11.189150934338358,10.950661038757431,11.149402618408203,1396000
2000-11-28,11.14940969630068,11.407773913862018,11.08978718455576,11.169283866882324,824400
2000-11-29,11.24877988149042,11.666137438930878,11.24877988149042,11.606514930725098,2015000
2000-11-30,11.666137627311375,12.00399851259978,11.40777342091436,11.427647590637209,2326800
2000-12-01,11.487269625371816,12.321984719256966,11.447521287567762,11.68601131439209,2483600
2000-12-04,11.606516080423823,12.441231277988551,11.606516080423823,12.182867050170898,1502400
2000-12-05,12.17248513928802,12.212394926629948,11.97293620257838,12.192440032958984,1282800
2000-12-06,12.112625785221326,12.611498346391892,11.952986565646746,12.05276107788086,723800
2000-12-07,12.132579349792584,12.27226365151717,11.813300945850674,11.91307544708252,1195200
2000-12-08,11.992891414106383,12.172485461904984,11.673613106908878,12.072710990905762,993600
2000-12-11,12.112627131484423,12.112627131484423,11.75343884751948,11.933032989501951,611200
2000-12-12,12.052759035859006,12.491766815310823,12.01284923772702,12.152533531188965,1075000
2000-12-13,12.312171438986688,13.010592833418674,12.252306748035377,12.71126937866211,3543800
2000-12-14,12.771132995035046,13.17023090112989,12.71126830912082,12.811042785644531,2385800
2000-12-15,12.771136869939772,12.850956475376895,12.571587856346962,12.631452560424805,2177400
2000-12-18,12.631449847588172,12.990637994912955,12.611494950514572,12.970683097839355,1827200
2000-12-19,12.930774851543148,13.270008142401531,12.870910153156371,13.090414047241213,1369400
2000-12-20,13.050505858650617,13.07046076057516,12.731227427857942,13.030550956726074,1334400
2000-12-21,12.990637628655683,13.309915972831554,12.990637628655683,13.27000617980957,1353800
2000-12-22,13.130322351942969,13.768879062067851,13.070457660368758,13.66910457611084,1220000
2000-12-26,13.489509330035972,13.908562134667266,13.34982506182554,13.86865234375,1076000
2000-12-27,13.709012744784694,14.167975325760018,13.429644217234497,14.08815574645996,1195000
2000-12-28,14.048243845031823,14.327612330586437,13.36977752297063,14.108108520507812,1396400
2000-12-29,14.12806658677652,14.547119409265653,14.12806658677652,14.167976379394531,1265800
2001-01-02,13.9285241280654,14.327622240617416,13.68906526053419,13.748929977416992,1530800
2001-01-03,13.7688822305503,14.347574382269082,13.429648900232396,14.24779987335205,1971400
2001-01-04,14.327616864984686,14.826489318500863,14.327616864984686,14.487256050109863,1555000
2001-01-05,14.507212121897732,14.507212121897732,14.008339628022291,14.467302322387695,2014800
2001-01-08,14.447348369641247,14.786581687712935,14.088160150506525,14.207889556884766,2462200
2001-01-09,13.988381500901848,14.048246186355064,13.68905807363576,13.888607025146484,2033000
2001-01-10,13.64915045545848,13.96842882868558,13.48951126884493,13.948473930358888,1883400
2001-01-11,13.968433485017329,14.207892344760484,13.48951576553102,13.78883934020996,2045600
2001-01-12,13.728972736009805,13.728972736009805,13.230100180195496,13.529423713684082,1661200
2001-01-16,13.529426015513382,13.9285241280654,13.329876959237373,13.748929977416992,1226200
2001-01-17,13.728970443993283,13.90856453410366,13.409692061574836,13.649150848388672,1613200
2001-01-18,13.569337571565296,13.589292479758775,13.369788489630514,13.509472846984863,946800
2001-01-19,13.170231440052484,13.190186336173774,12.671359037020192,12.850953102111816,1871400
2001-01-22,12.77113437652588,12.930773556232452,12.571585401892662,12.77113437652588,2038000
2001-01-23,12.771134810014203,13.489511143077504,12.711270115592262,13.170232772827148,2072200
2001-01-24,13.150278883961857,13.369782780355756,12.930774987567956,12.990639686584473,2171600
2001-01-25,12.611495624889027,13.23009746724909,12.611495624889027,13.170232772827148,2312800
2001-01-26,13.250058193295226,13.289968007130453,12.751185520354891,12.9108247756958,1293200
2001-01-29,12.962705151659746,13.645962087721514,12.933970041180745,13.550177574157717,2055800
2001-01-30,13.834330112644976,14.469693283830328,13.55336485159435,14.306861877441406,3460200
2001-01-31,14.11528929186513,14.271736149777135,14.076976247907997,14.153603553771973,1473200
2001-02-01,14.13764936304673,14.444157600402834,14.13764936304673,14.444157600402832,2111400
2001-02-02,14.367525461495422,14.488851573085224,14.239813636879818,14.393068313598633,1223600
2001-02-05,14.38349197158798,14.728313235280613,14.38349197158798,14.539938926696776,1404400
2001-02-06,14.54313099679352,14.58463753016322,14.319635871353404,14.527167320251465,1458200
2001-02-07,14.5271575216087,14.600591358531007,14.33559109641569,14.485651016235352,1286600
2001-02-08,14.453737355063112,14.680424790131232,14.207892772176969,14.511207580566406,1473800
2001-02-09,14.303673779822216,14.440963605607978,14.144034560810915,14.28132438659668,1642000
2001-02-12,14.383497102349883,14.399460784781835,14.131266778891998,14.29729175567627,1056600
2001-02-13,14.29728917120956,14.51120637457158,14.204699342660994,14.367530822753906,2006400
2001-02-14,14.377110595054942,14.4441600063029,14.096146389442938,14.258977890014648,1055000
2001-02-15,14.207889211266716,14.83048235287861,14.159996962700234,14.523975372314451,3139000
2001-02-16,14.523975912082737,14.686807370949378,14.22385341675326,14.345179557800291,1045600
2001-02-20,14.064214225516812,14.48566164452166,14.064214225516812,14.39626407623291,1733400
2001-02-21,14.415423886725463,14.415423886725463,14.03548171531099,14.054638862609863,1495600
2001-02-22,14.096137254623343,14.169571116544354,13.697039384650427,13.802400588989258,2292400
2001-02-23,13.840719175999626,13.840719175999626,13.33306643375321,13.489513397216797,2848600
2001-02-26,13.550175924003325,13.907768637071944,13.550175924003325,13.891803741455078,2189400
2001-02-27,14.000355184506535,14.000355184506535,13.649149486079905,13.90776538848877,1652200
2001-02-28,13.952470563790389,14.239820480346678,13.920541983316925,14.23982048034668,2629600
2001-03-01,14.239813797614552,14.326019097510612,13.93011462904379,14.019512176513672,2080200
2001-03-02,14.086561623776698,14.26855020086328,13.952465290323572,14.067405700683594,1432800
2001-03-05,14.343045539157474,14.730868376496696,14.304584083410582,14.522534370422363,2493200
2001-03-06,15.14433738702107,15.182798853910912,14.96484850375516,15.147541999816896,3046600
2001-03-07,15.166777759672096,15.859090478562676,15.157162695817672,15.830244064331056,3982400
2001-03-08,15.785365987399624,15.887930704123614,15.698826778413531,15.753314971923828,2169200
2001-03-09,15.705240184721834,15.849472226870246,15.355878670481502,15.673189163208008,2356800
2001-03-12,15.544977123132918,15.689209114169747,15.09625564494449,15.125102043151855,1295600
2001-03-13,15.144339983278083,15.144339983278083,14.474463308655988,14.807799339294434,2191000
2001-03-14,14.743690818565923,14.887922821107187,14.426380412975147,14.535355567932127,1038400
2001-03-15,14.807794127483112,14.807794127483112,14.102660840904342,14.327021598815918,1178200
2001-03-16,14.118690867734797,14.551387015673088,14.118690867734797,14.304590225219728,2227800
2001-03-19,14.407154841967674,14.936004054657468,14.3911293305531,14.782156944274902,1911200
2001-03-20,14.423185128435676,15.067420192864972,14.214849743068628,14.615493774414062,3459400
2001-03-21,14.583439406439927,14.583439406439927,13.785356140509066,14.29497528076172,1865600
2001-03-22,13.94240523394652,14.166766022474649,13.653941188314937,13.977662086486816,2660600
2001-03-23,14.025738341458116,14.359074293824586,13.679582716052863,14.163559913635254,1635800
2001-03-26,14.311000516609733,14.46805223983261,14.134716223466295,14.227665901184082,1470400
2001-03-27,14.24689611942308,14.439204686034907,14.06740722729547,14.403947830200195,1893600
2001-03-28,14.410359681738676,14.455231603472203,14.157152440335874,14.42318058013916,1767000
2001-03-29,14.375094461334193,14.455223195728848,14.153939594565228,14.182785987854004,1642200
2001-03-30,14.198814119403092,14.327020607241602,14.102659864858053,14.310995101928713,1120600
2001-04-02,14.564207190466664,14.743696104948327,14.352667251780655,14.484078407287598,2001800
2001-04-03,14.503300925432624,14.50650553683473,14.118682755804787,14.182785987854004,2086200
2001-04-04,14.182786623932682,14.56740481081012,14.182786623932682,14.432787895202637,1807600
2001-04-05,14.615487787693572,14.97767018602176,14.493692932374897,14.942413330078123,1530800
2001-04-06,14.942407521933449,14.942407521933449,14.26291612956835,14.743688583374023,1517000
2001-04-09,14.743687304592278,15.320613954586308,14.743687304592278,14.881508827209473,1551600
2001-04-10,15.064209013673503,15.416775118543336,14.939208325995438,15.333441734313965,1333200
2001-04-11,15.352673506714815,15.352673506714815,14.718052544024918,14.759719848632812,2278400
2001-04-12,14.791771585440443,15.061004304356992,14.669975511422289,15.03215789794922,1799400
2001-04-16,15.048176932895784,15.371896489815509,14.871893957437818,15.166767120361328,1232600
2001-04-17,15.128305410677614,15.224459648132326,14.814200916236244,15.224459648132324,1299800
2001-04-18,15.253306961799632,15.89754149201072,14.984074347084356,15.750104904174805,1712400
2001-04-19,15.625114818159174,15.628319431942664,15.23408591248162,15.314214706420898,1372000
2001-04-20,15.336648573363544,15.416777356343852,14.743696068376549,14.807799339294434,2276200
2001-04-23,15.064209958101896,15.080235468842853,14.599462810605557,14.811002731323242,1525400
2001-04-24,14.855871483408556,15.368696276469043,14.833435528620615,15.218053817749023,1714400
2001-04-25,15.224463637782062,15.52895315507126,14.865487153301338,15.359079360961914,1705000
2001-04-26,15.384725142498406,15.714855311594055,15.32062187653771,15.705240249633787,1855600
2001-04-27,15.70844604277519,15.714856492119631,15.384726298224065,15.544983863830566,1258800
2001-04-30,15.618695539585238,15.618695539585238,15.150743940926038,15.16997528076172,1275800
2001-05-01,15.250108033786605,15.5449813193556,15.195619834611817,15.37510871887207,1471200
2001-05-02,15.37831717606146,15.625113995114752,15.256521073342162,15.461651802062988,1087000
2001-05-03,15.384728228431694,15.384728228431694,15.064213057006032,15.275753021240234,2007400
2001-05-04,15.208442015248949,15.70203557163769,15.112287728039371,15.673189163208008,1477800
2001-05-07,15.673181279165275,15.833438751456669,15.096253400782272,15.150741577148438,1629200
2001-05-08,15.160361925606368,15.471261921617725,15.14433641731739,15.384722709655762,3120200
2001-05-09,15.336641426744151,15.512925645289878,15.253308069250595,15.43920612335205,1645800
2001-05-10,15.46484769003889,16.022544289788136,15.455232631951567,16.012928009033203,3679400
2001-05-11,15.987292067946276,15.99049668067919,15.634724756595716,15.82382869720459,2052400
2001-05-14,15.823834882459389,15.932810097994327,15.67319357177024,15.929605484008787,1107400
2001-05-15,15.929592820507825,16.089850291091064,15.631513827409591,15.9327974319458,2041800
2001-05-16,15.945623381569904,16.663577615517966,15.929597873961194,16.660371780395508,4032800
2001-05-17,16.666785346137154,17.307815551757812,16.60268208104147,17.307815551757812,5343000
2001-05-18,16.90716305570806,16.987291790569234,16.516134438331935,16.689212799072266,4151000
2001-05-21,16.57062728503762,16.660371102127076,16.39434426318284,16.602678298950195,2988400
2001-05-22,16.5770380979441,16.618704172415793,16.282163628240447,16.46485710144043,1602000
2001-05-23,16.282169131937977,16.343067792034823,16.12511739548119,16.24370765686035,1297400
2001-05-24,15.96165651453794,16.054606214808302,15.83345116975289,15.929605484008787,2473800
2001-05-25,15.929593392205462,16.12190187474013,15.769335915870734,15.94241428375244,1039000
2001-05-29,15.977679373829254,16.18281009218961,15.875114625983198,16.038578033447266,1057600
2001-05-30,15.993707635969477,16.009733150100033,15.6283193113836,15.836654663085938,1395200
2001-05-31,16.08985553180705,16.266138562333243,16.03216272579224,16.118701934814453,3031400
2001-06-01,16.089858557650164,16.089858557650164,15.711650634946723,15.871908187866213,2232800
2001-06-04,15.929596981072937,16.269342124938426,15.929596981072937,16.198829650878906,1521400
2001-06-05,16.224560503441523,16.401438516594908,15.86758782179321,16.359630584716797,1522600
2001-06-06,16.353200246686168,16.658717516637708,16.298529367988944,16.4979190826416,2057400
2001-06-07,16.497920068967378,16.803437357184226,16.497920068967378,16.61369514465332,1534400
2001-06-08,16.449673303310473,16.46575289452309,16.263146610220456,16.304954528808594,1318600
2001-06-11,16.401439711140437,16.401439711140437,16.121650788982308,16.288881301879883,1477000
2001-06-12,16.224561993966045,16.240641591767275,16.02195562664545,16.076627731323242,1624200
2001-06-13,16.063758962661982,16.38857116170083,16.063758962661982,16.27922821044922,1717400
2001-06-14,16.079832008294982,16.079832008294982,15.771099528166236,15.9029541015625,1692800
2001-06-15,16.221342392985537,16.263150321113322,15.973712706066271,16.025169372558594,1915800
2001-06-18,15.88688264834661,16.192398631480835,15.832210553595743,16.025169372558594,730000
2001-06-19,16.01551426528332,16.176312603743582,16.01551426528332,16.089481353759766,1170000
2001-06-20,16.144156106127404,16.472184918242785,16.031596514447937,16.111995697021484,1709000
2001-06-21,15.983366796709046,15.986582226044328,15.54277937008385,15.597450256347656,1726200
2001-06-22,15.565287694938998,15.571718552221,15.11505162393377,15.246906280517578,1601000
2001-06-25,15.211530882431052,15.259770901038303,14.857774835293323,14.960685729980469,1296200
2001-06-26,14.664815286005204,14.889933317410303,14.561904396241944,14.761295318603516,4444400
2001-06-27,14.787018114898308,15.025000244813125,14.729130602940494,14.94460105895996,2427000
2001-06-28,14.97998574341375,15.070032492172013,14.880290252434998,14.973553657531738,1499800
2001-06-29,14.877069071455404,15.147210462365615,14.841694450055428,15.11505126953125,1754400
2001-07-02,15.076464726959829,15.259774882625331,14.857778711991342,15.179375648498535,1200000
2001-07-03,15.08288795049278,15.08288795049278,14.568332418347156,14.922089576721191,1375800
2001-07-05,14.938173255353098,15.172938798068769,14.873853642889795,15.11505126953125,822000
2001-07-06,15.082886843042688,15.082886843042688,14.780585137400074,14.819177627563477,1185600
2001-07-09,14.754860492884884,15.140776871183135,14.754860492884884,15.041081428527832,989200
2001-07-10,15.0507298400843,15.404487052528207,14.91244311936082,15.053946495056152,1364600
2001-07-11,15.053954987251664,15.324096497940824,14.783813476562498,14.7838134765625,1522400
2001-07-12,14.848124285081225,14.918875976599953,14.68411045004492,14.835261344909668,2181200
2001-07-13,14.471858330016111,14.574769224441546,14.269251969893393,14.487937927246094,3640800
2001-07-16,14.71305125333488,14.71305125333488,14.31748739964086,14.413966178894045,1222400
2001-07-17,14.42361382196072,14.60049301681804,14.4107508842573,14.51687717437744,1225800
2001-07-18,14.31105558260296,14.632652337268196,14.166336797644751,14.330351829528809,2080400
2001-07-19,14.343214183829328,14.838473460295866,14.343214183829328,14.82882595062256,2684400
2001-07-20,14.828823571632292,14.906006090224755,14.39145187696161,14.568329811096191,2678600
2001-07-23,14.359299922611616,14.568337140190629,14.262819885642472,14.487937927246094,2946600
2001-07-24,14.32714437059794,14.33036102721393,14.021627012216278,14.147050857543944,2632600
2001-07-25,14.053782510808912,14.494369849312518,13.954087046227164,14.462210655212402,1506800
2001-07-26,14.391456810021314,14.536175615480976,14.217794243469722,14.497584342956545,1238400
2001-07-27,14.481504944569648,14.745214248523752,14.423617416697327,14.475072860717772,1020000
2001-07-30,14.475071880999357,14.561903166930822,14.1888509163333,14.375377655029297,713200
2001-07-31,14.368938278761767,14.761286580475332,14.368938278761767,14.581192016601562,984600
2001-08-01,14.520096137736626,14.825612118973671,14.43004819872869,14.60049533843994,865800
2001-08-02,14.664811729277387,14.970328895886142,14.63265254407406,14.83847427368164,813400
2001-08-03,14.822400321868614,15.1472126324917,14.680898135612129,15.07967758178711,1693000
2001-08-06,15.082898260497055,15.227615914378706,15.018578621663504,15.057169914245604,2286400
2001-08-07,15.066809342269597,15.38840613699718,15.0507297478921,15.356246948242188,1822200
2001-08-08,15.156864384246516,15.2115352761175,14.85777912680116,14.95425796508789,2151600
2001-08-09,14.922091086402393,15.002490281422244,14.81274813210362,14.90279483795166,1046800
2001-08-10,14.93816633525834,15.25976302180085,14.793447580955412,15.14720344543457,798200
2001-08-13,15.044299125716687,15.166506263083,14.857773604594506,15.10861873626709,632600
2001-08-14,15.108620338611084,15.195451638043837,14.963901506223165,15.092540740966797,719200
2001-08-15,15.066807554310031,15.26298177210121,15.02178420467814,15.089319229125977,640000
2001-08-16,14.793448783255911,14.922087959045344,14.632650426916175,14.87384796142578,1479800
2001-08-17,14.825612606287896,14.986411012979932,14.735565891114591,14.835261344909668,803000
2001-08-20,14.825602849265598,14.84168366078729,14.729124114103836,14.79344367980957,1126400
2001-08-21,14.79345463354966,15.111836044800455,14.79345463354966,14.963900566101074,1071400
2001-08-22,14.9542558258393,15.115054275579508,14.828833231329106,15.105406761169434,1526000
2001-08-23,15.06681080539015,15.21152962242992,14.970332002961811,15.10861873626709,997400
2001-08-24,15.063597919820934,15.39484231390058,15.050733750180331,15.256555557250977,1419600
2001-08-27,15.2597636680683,15.404482428500224,15.172932411809144,15.272627830505373,996600
2001-08-28,15.25976818829592,15.275847782708308,14.922091798458093,15.002490997314451,839800
2001-08-29,15.002488464254585,15.17936642651515,14.954248462367971,15.082887649536133,1234400
2001-08-30,14.87384905311628,15.102182441447027,14.87384905311628,14.976759910583496,1186000
2001-08-31,14.954256424567784,15.198669538168833,14.9220972240501,15.137566566467283,653200
2001-09-04,15.23725797826595,15.758244493529135,15.172938367627332,15.594230651855469,1560400
2001-09-05,15.57163497953978,15.781408792951806,15.503862355924324,15.678135871887209,1386000
2001-09-06,15.555503953349165,16.020232251607034,15.555503953349165,15.839505195617676,1866400
2001-09-07,15.603913585343458,15.716869234604072,15.46836828356371,15.523231506347656,1544000
2001-09-10,15.329591757657084,15.671684143238286,15.329591757657084,15.36186408996582,1636200
2001-09-17,15.168231413660552,15.168231413660552,13.941864013671877,13.941864013671877,1710000
2001-09-18,14.019311655429975,14.08385753746525,13.683675284845105,13.861175537109377,1565800
2001-09-19,13.812768391539915,13.867632832381402,12.909129568001893,13.16085720062256,1890400
2001-09-20,13.070491091173697,13.273810186191724,12.602534991070112,12.650944709777832,1617400
2001-09-21,12.021630286334457,12.166858280982147,11.779584038958594,12.037766456604004,2670200
2001-09-24,12.425039608031904,12.902677346529448,12.405675466741588,12.74454116821289,2625600
2001-09-25,12.618675514405634,13.122132084733009,12.492811679601468,13.102767944335938,2068800
2001-09-26,13.10599649263527,13.10599649263527,12.780040219401023,12.834904670715332,1178000
2001-09-27,12.838127986828162,13.34481118541902,12.818765081856816,13.31899356842041,1361200
2001-09-28,13.138274070367126,13.56750347256457,13.138274070367126,13.554594039916992,2311800
2001-10-01,13.538457864663153,13.603003796789771,13.135047327760862,13.554594039916992,2148800
2001-10-02,13.554582113243011,13.554582113243011,13.264126289800876,13.393218040466309,1581600
2001-10-03,13.39645656776234,13.680457930452707,13.21572943514132,13.554594039916992,1529400
2001-10-04,13.55458472450513,13.796630880299864,13.360948292313507,13.573948860168455,1161800
2001-10-05,13.570722784254786,13.845042537805924,13.444858962638282,13.680450439453123,899000
2001-10-08,13.490043273168826,13.506179442639716,13.21895144028113,13.222179412841797,806400
2001-10-09,13.15117286666628,13.764356879273963,13.135036704462976,13.599764823913574,1166800
2001-10-10,13.65140219374769,14.232312689651994,13.593311021046226,14.05481243133545,2004000
2001-10-11,14.216179810356952,15.152092270203685,14.216179810356952,15.029455184936523,2366200
2001-10-12,14.845503242164936,15.13595923282556,14.684139076489233,15.023003578186035,1995800
2001-10-15,14.881003380543769,15.00686723131252,14.793866584370583,14.864867210388184,1015600
2001-10-16,14.845494753555895,15.164996160592644,14.68413068014768,14.94876766204834,1050600
2001-10-17,15.087545582869602,15.32959176869104,14.45822525351175,14.474361419677734,1462600
2001-10-18,14.490497101550917,14.70026969909668,14.174222372807945,14.70026969909668,2205000
2001-10-19,14.700266359048843,14.813221945395384,14.312992349350964,14.496947288513184,2709600
2001-10-22,14.49049253536842,15.59099533392741,14.49049253536842,15.55226707458496,3090800
2001-10-23,15.539372897665562,15.639417913401752,15.103688820534732,15.568418502807615,2110800
2001-10-24,15.416731155506142,15.487731775999372,15.103684308179549,15.33604907989502,2849200
2001-10-25,15.339280403970896,15.568418502807615,15.223097983402676,15.568418502807615,1630000
2001-10-26,15.442538823900009,16.084768273415452,15.442538823900009,16.0524959564209,1324200
2001-10-29,15.86209303331822,15.95891125631814,15.507091240837854,15.736227989196776,1744200
2001-10-30,15.55550639433258,15.571642565276484,15.20050447801205,15.294095993041992,1991000
2001-10-31,15.28763436633346,15.368316415684548,15.07140706500552,15.226316452026367,1690800
2001-11-01,15.248910979294664,15.65232132266225,14.990728605761548,15.649094581604004,1747000
2001-11-02,15.620047261079858,16.21709401082523,15.487728732325506,16.029911041259766,1434600
2001-11-05,16.08800570949616,16.181597214562807,15.587777076821476,15.703959465026855,1670800
2001-11-06,15.70396248723919,15.878236103086053,15.410279718805866,15.829826354980469,2385200
2001-11-07,15.781410227053351,15.878228445460769,15.539364065479592,15.813682556152344,1170400
2001-11-08,15.91050100069168,16.16545658997283,15.865319246866758,15.955682754516602,1500400
2001-11-09,15.97504094469867,16.14608644368671,15.781404577206928,16.094449996948242,561200
2001-11-12,15.820140592998058,15.865322355676344,15.620049402089627,15.826595306396484,939400
2001-11-13,16.007321447619802,16.45591476999243,16.007321447619802,16.423641204833984,1082800
2001-11-14,16.701192363807976,16.781874452522025,16.626964989924367,16.697965621948242,1706600
2001-11-15,16.6205015165505,16.83995678069475,16.6205015165505,16.69472885131836,2097600
2001-11-16,16.7173228100906,16.775413992558907,16.572094853919825,16.714096069335938,996000
2001-11-19,16.79154823910051,17.023912942411986,16.785093527218482,16.894821166992188,1108600
2001-11-20,16.81414051857822,17.017459650946442,16.701186128990607,16.875459671020508,1088400
2001-11-21,16.68182970719983,16.74960360340885,16.539829661597814,16.643102645874023,952000
2001-11-23,16.594685472278854,16.940005820918373,16.588231990870742,16.91741371154785,259800
2001-11-26,16.862548122039207,16.91418458379051,16.681819890354465,16.7818660736084,1067800
2001-11-27,16.78186251594979,17.0464994802125,16.733452804709742,16.907726287841797,1069800
2001-11-28,16.891594426606378,17.069094694475794,16.814139115132416,16.894821166992188,1410200
2001-11-29,16.79800796508789,16.940009206658278,16.64309852701083,16.79800796508789,1330600
2001-11-30,16.839960993515472,17.162689259039173,16.814142141340472,17.078779220581055,2203800
2001-12-03,17.07878049507916,17.082008467397237,16.79800722783191,16.817371368408203,1095800
2001-12-04,16.830277436335475,16.943231822709343,16.781867710112113,16.92064094543457,1052200
2001-12-05,16.96597287504821,17.584388994493093,16.96597287504821,17.577913284301758,1777000
2001-12-06,17.484014044810298,17.574671500176155,17.28974771613626,17.48725128173828,1171200
2001-12-07,17.289751243493573,17.477541901508435,17.224995375686035,17.393360137939453,1719400
2001-12-10,17.393353370686196,17.467822157400796,17.030721146099935,17.043672561645508,1580600
2001-12-11,17.03072621082448,17.338315628372776,16.917404378887632,17.1990909576416,1059800
2001-12-12,17.16024461909827,17.16024461909827,16.86884374472763,17.037208557128906,1143200
2001-12-13,17.06310347133623,17.089005073060083,16.70694687549015,16.787891387939453,1618000
2001-12-14,16.78789074616391,16.96273118279818,16.739324781620077,16.842933654785156,1033200
2001-12-17,16.8688388598776,17.208806859901248,16.8688388598776,17.17319107055664,1616000
2001-12-18,17.192610533996014,17.658851623535156,17.192610533996014,17.658851623535156,1639400
2001-12-19,17.403076128361825,17.581153869628906,17.20880972609149,17.581153869628906,1464600
2001-12-20,17.581151622671847,17.891978320625473,17.581151622671847,17.775419235229492,2367800
2001-12-21,17.904923651071783,17.904923651071783,17.506676848206812,17.526103973388672,1865600
2001-12-24,17.662093475125488,17.921115684155932,17.662093475125488,17.895214080810547,932600
2001-12-26,17.840171687424043,18.05062793315722,17.833697212735185,17.88226318359375,1057800
2001-12-27,17.88226305503352,17.969683284088873,17.70094688716515,17.74627685546875,640200
2001-12-28,17.74627184989245,17.807789222565372,17.516388541241028,17.75922203063965,983200
2001-12-31,17.726853374981772,18.105673210413567,17.726853374981772,17.888742446899414,1123600
2002-01-02,18.050630674935785,18.050630674935785,17.581152141299995,17.762468338012695,1800400
2002-01-03,17.581150584527233,18.06034202435564,17.581150584527233,17.723613739013672,1810000
2002-01-04,17.726846748901302,18.011771754807203,17.58114639161333,17.98263168334961,2148200
2002-01-07,17.937310442223364,18.015016508456835,17.791610024141033,17.947023391723633,916200
2002-01-08,17.807789284344675,17.888733781091698,17.48401129735659,17.726844787597656,1099000
2002-01-09,17.710661722861673,17.80779490257994,17.322127768873212,17.51315689086914,1690200
2002-01-10,17.484014334641344,17.48725157162299,17.00806021585035,17.19261360168457,1320600
2002-01-11,17.063100733878365,17.12785658047198,16.897973263308888,16.995107650756836,1246600
2002-01-14,16.91740394356299,16.91740394356299,16.305463596620022,16.379932403564453,2430000
2002-01-15,16.188905366293767,16.422025998805342,16.156528049607363,16.40583610534668,3053000
2002-01-16,16.188907405758652,16.496496893491187,15.871604968819655,15.939598083496094,2564600
2002-01-17,15.92988518343596,16.056158463971954,15.525162497043356,16.007591247558594,3251400
2002-01-18,15.865125169019738,16.027014201356675,15.81655796527254,15.86188793182373,1500400
2002-01-22,15.900743484497069,16.007589620585005,15.703238635992903,15.90074348449707,1312800
2002-01-23,16.188900262393105,16.771700424816242,16.16623590083496,16.75874900817871,3063400
2002-01-24,16.965975674180626,17.577916184395217,16.83646391921732,17.56172752380371,2748200
2002-01-25,17.38688919489376,18.193096203046387,17.36098634662236,18.09272575378418,4096600
2002-01-28,18.01825429129389,18.20280773542141,17.985875735674213,18.102436065673828,3097600
2002-01-29,18.102434592117376,18.180141884163536,17.746279155101618,17.775419235229492,1821200
2002-01-30,17.778652455476546,18.371166872479236,17.645903506028464,18.316123962402344,2199600
2002-01-31,18.354980186487463,18.795318603515625,18.30965144975493,18.795318603515625,2964200
2002-02-01,18.69818974790615,18.847127413106715,18.374411570453223,18.536300659179688,2945400
2002-02-04,18.32583199725317,18.584855352713276,18.30964334631564,18.374399185180664,1575400
2002-02-05,18.37440325886303,18.552480928886247,17.98586937464818,18.002058029174805,1489400
2002-02-06,18.212513033831712,18.452109304305203,18.02795966723142,18.18013572692871,2252200
2002-02-07,18.18986908950833,18.241673579771025,18.050644290343005,18.079784393310547,1176000
2002-02-08,17.969682509816,18.293460573055928,17.840170790473913,18.22222900390625,2046200
2002-02-11,18.37440976335495,18.830936899260116,18.37440976335495,18.827699661254883,1775400
2002-02-12,18.71437984145128,18.76294706583101,18.422980200520303,18.617246627807617,1890000
2002-02-13,18.61400938923635,18.68200251527533,18.5395393158232,18.617246627807617,2287000
2002-02-14,18.74675403683816,18.81150867410944,18.34203137831502,18.55248641967773,1834800
2002-02-15,18.552483602555107,18.81150581765529,18.52010628883584,18.614002227783203,1387600
2002-02-19,18.32583426457765,18.520101805208064,17.807789959793322,18.03767204284668,2534600
2002-02-20,18.212513547194632,18.536291565811425,18.15747187688504,18.455347061157227,1583800
2002-02-21,18.39058417326013,18.77588065845423,18.34201823012043,18.520095825195312,3007600
2002-02-22,18.50391808047689,18.698184437731843,18.50391808047689,18.6334285736084,1727600
2002-02-25,18.698181714767063,19.07052695291673,18.552481350486097,18.941015243530277,3215000
2002-02-26,18.843885750736,19.00577480145518,18.61724083270605,18.64961814880371,2200200
2002-02-27,18.649613489091745,18.769412245974657,18.59780905520985,18.701417922973636,2225000
2002-02-28,18.701416107261096,18.93777512620904,18.478009739419967,18.746746063232425,2122400
2002-03-01,18.64961495827419,19.05433751583322,18.58486033715692,18.860071182250977,2577400
2002-03-04,18.937778612624594,19.624187730062093,18.87625999289553,19.617712020874023,2320200
2002-03-05,19.45531551658897,19.461810357828025,18.83820152282715,18.83820152282715,2195200
2002-03-06,18.838193553470425,19.32863563358177,18.805714405012758,19.2474365234375,2307000
2002-03-07,19.328651106198027,19.42284244672572,19.098045746148365,19.40660285949707,1945400
2002-03-08,19.487796416234,19.65019471970262,19.487796416234,19.588483810424805,2129800
2002-03-11,19.552756476745223,19.84832134692506,19.45531774001575,19.6696834564209,1787200
2002-03-12,19.487801418520515,19.656695846161156,19.468313171061617,19.575496673583984,1375000
2002-03-13,19.575489803512134,19.575489803512134,19.09803843984092,19.231204986572266,1688000
2002-03-14,19.163000671015187,19.432582461615947,19.163000671015187,19.34163856506348,1264600
2002-03-15,19.341632032743377,19.61770981121433,19.325392454951054,19.481294631958008,2407200
2002-03-18,19.487796367201177,19.718401660186217,19.44557246148537,19.50403594970703,1232400
2002-03-19,19.500790850256266,19.721652667830185,19.439078694786534,19.607973098754883,1241600
2002-03-20,19.55275768087871,19.79635515720444,19.487798106058342,19.536518096923828,1110200
2002-03-21,19.504036649785014,19.526772313909436,18.880427738371107,19.0493221282959,1579400
2002-03-22,19.081806207501625,19.19548455739269,18.870687855988404,18.961631774902344,1917800
2002-03-25,18.99085814640378,18.99085814640378,18.51340673414815,18.620590209960938,1646200
2002-03-26,18.627089451000383,18.92590304647312,18.627089451000383,18.896671295166016,1279400
2002-03-27,18.87068606186888,19.325401896203463,18.87068606186888,19.27668190002441,1562800
2002-03-28,19.406585287095204,19.54624784100099,19.33512968118993,19.42282485961914,2073400
2002-04-01,19.448832799638605,19.448832799638605,18.94864542851095,19.036340713500977,1610400
2002-04-02,18.95188291492905,19.23120821570655,18.90316416370093,19.15975379943848,1658200
2002-04-03,19.169493151530144,19.20522097142922,18.64657049082668,18.67580223083496,1856600
2002-04-04,18.383488049831072,18.659565918030413,18.351008883690334,18.38998413085937,1686600
2002-04-05,18.471183986506396,18.750509286324636,18.471183986506396,18.52315139770508,1624800
2002-04-08,18.3022822795972,18.67579875020136,18.221083154596325,18.57511138916016,921000
2002-04-09,18.78947365114663,19.098030518469717,18.675795392185535,18.95187187194824,1535800
2002-04-10,18.951879638488556,19.354627936284125,18.94213613772757,19.240949630737305,1312000
2002-04-11,19.299416496359477,19.617718306122512,19.24420166015625,19.24420166015625,2020000
2002-04-12,19.42282852728045,19.42282852728045,19.03307251810756,19.21820640563965,1138200
2002-04-15,19.218226129182693,19.22147479103499,18.919413666847607,19.036340713500977,894200
2002-04-16,19.195471627427224,19.403342417066245,19.192224207761107,19.3059024810791,1088600
2002-04-17,19.3059048099636,19.48129522909762,19.28641781161564,19.396848678588867,1014000
2002-04-18,19.361124311290656,19.48129869884169,19.09154255545927,19.16299819946289,1159600
2002-04-19,19.309155403022046,19.35137930200576,19.094789726720897,19.14675712585449,1389000
2002-04-22,19.14676533550185,19.159757500606094,18.555635452270508,18.555635452270508,1552800
2002-04-23,18.55563146720284,18.578367131751943,17.993733456630547,18.048948287963867,2530000
2002-04-24,18.26980880703695,18.679051979154263,18.26980880703695,18.432207107543945,3415200
2002-04-25,18.43220866669908,18.558879153569304,18.32502518457762,18.42571258544922,2714600
2002-04-26,18.45818557998036,18.75699776348367,18.45818557998036,18.477672576904297,2119400
2002-04-29,18.493919533576577,18.50691169604363,18.211346814422573,18.22109031677246,1854400
2002-04-30,18.383500023024517,18.65957807103379,18.25682945797389,18.5458984375,1772400
2002-05-01,18.565373872875742,18.740764336752974,18.354255584245657,18.71153259277344,1968800
2002-05-02,18.740764269090324,19.422836640816023,18.714779946090896,19.309158325195312,1343600
2002-05-03,19.098037587019704,19.32539542809148,19.098037587019704,19.25069236755371,1208600
2002-05-06,19.250693920937504,19.253941341657463,18.968121236275707,19.0168399810791,1024600
2002-05-07,19.08179473876953,19.28966430449224,19.04281950494661,19.08179473876953,1265800
2002-05-08,19.29292162011008,19.43907912227685,19.195481633331024,19.35138511657715,1385600
2002-05-09,19.27667146716649,19.568988808031825,19.27667146716649,19.42607879638672,1001800
2002-05-10,19.42608767406361,19.42608767406361,19.065563201904297,19.065563201904297,1491600
2002-05-13,19.081805342313505,19.227964099118665,18.8706870003726,19.11428451538086,1046200
2002-05-14,19.114277499295817,19.520273208618164,19.114277499295817,19.520273208618164,1169000
2002-05-15,19.455319521911587,19.53651868312324,19.312408205218528,19.4877986907959,1734400
2002-05-16,19.48778604188112,19.517017770503948,19.22794914245605,19.22794914245605,1165000
2002-05-17,19.22795712727537,19.286420608799236,19.01359144135476,19.127269744873047,1379400
2002-05-20,19.15325375348557,19.159749833438152,18.935639411576084,18.977863311767575,541000
2002-05-21,18.96811815031215,19.15974815563039,18.776488144993912,18.779735565185547,802600
2002-05-22,18.692038469375333,18.919396268904727,18.61083934375772,18.88691711425781,1223600
2002-05-23,18.90966034021234,19.078554737788707,18.847948187078178,19.029834747314453,989000
2002-05-24,18.919396268904727,19.111026254922315,18.737509781481148,18.88691711425781,973800
2002-05-28,18.67580415248861,18.795978545332257,18.545885019305807,18.56862068176269,1360000
2002-05-29,18.54588206037168,18.56212287867887,18.28604507446289,18.28604507446289,1947600
2002-05-30,18.302293351229554,18.37374902093621,17.863818306577624,17.980745315551758,2640800
2002-05-31,18.02621555328369,18.318533057856257,17.81509721787006,18.18861389160156,1843200
2002-06-03,18.026213662110127,18.182115901859085,17.636457443237305,17.636457443237305,1913800
2002-06-04,17.668934012968997,17.685173593769402,17.292170038996893,17.409095764160156,2432200
2002-06-05,17.51992063390055,17.80023956298828,17.503623281992528,17.80023956298828,2785000
2002-06-06,17.76438010600146,17.80023501708728,17.451466553010896,17.467763900756836,1694200
2002-06-07,17.464506555160348,17.676374582406133,17.288492198931756,17.650299072265625,2922800
2002-06-10,17.731786676120887,18.16856234128984,17.666596037076204,17.9925479888916,1333000
2002-06-11,18.02514183224,18.227231684631363,17.624221099721403,17.65355682373047,1436600
2002-06-12,17.68289377079327,17.783939325681843,17.568811082538467,17.650299072265625,1785800
2002-06-13,17.666598461847585,17.7154905152856,17.36020278930664,17.36020278930664,1592600
2002-06-14,17.2754638620468,17.53622533203745,16.78653563953604,17.213533401489258,2221800
2002-06-17,17.14507004357743,18.100109243524507,17.14507004357743,18.074033737182617,2880000
2002-06-18,18.04144702373818,18.250057398165275,17.87847098470384,18.22723960876465,1811400
2002-06-19,18.155533806885064,18.36740194437364,18.008855100372237,18.038190841674805,1138600
2002-06-20,17.845871126004884,18.14900657063159,17.845871126004884,17.98603057861328,1718600
2002-06-21,17.894761588037827,18.041438962907165,17.604663323708113,17.774158477783203,1670000
2002-06-24,17.56881553805857,17.911064933026804,17.471028930860477,17.81979751586914,1574000
2002-06-25,17.9925479888916,18.28590399948065,17.956693075246623,17.9925479888916,1660200
2002-06-26,17.87846934106539,17.881729557855113,17.23634465182093,17.60466957092285,3043600
2002-06-27,17.686155903134846,18.21419906616211,17.67311876743937,18.21419906616211,1993200
2002-06-28,18.05774020122972,18.758536212645364,18.05774020122972,18.56948471069336,1714000
2002-07-01,18.432589081218275,18.51081812414781,18.09033966064453,18.09033966064453,2450800
2002-07-02,18.09034415122914,18.09034415122914,17.193975747339408,17.37976837158203,2840200
2002-07-03,17.308045080639808,17.51013615025052,16.806080108678238,17.11247444152832,2105400
2002-07-05,17.21027053840613,17.891510473464702,17.17767582594553,17.849136352539062,979000
2002-07-08,17.731786166993995,18.054477893717408,17.55251160391656,17.57206916809082,1557600
2002-07-09,17.396059039808243,17.604668134629,17.03425209698736,17.09618377685547,1518200
2002-07-10,17.119004797057276,17.1613789190925,16.50621448816496,16.558366775512695,2512200
2002-07-11,16.49317821357399,16.65615428779274,15.991212849970903,16.297607421875,2950400
2002-07-12,16.525768397168303,17.154855923200717,16.379089732967525,16.965803146362305,2948200
2002-07-15,16.786526741065416,16.789785713721393,15.710885470416631,16.542062759399414,2561400
2002-07-16,16.395389473784874,16.48665690225079,15.94231627880919,15.98794937133789,2751800
2002-07-17,16.216113600779973,16.67244694319038,16.216113600779973,16.525768280029297,2826400
2002-07-18,16.525769356010198,16.786530750047703,16.14766502380371,16.14766502380371,1625000
2002-07-19,16.147662176252105,16.1900350404677,15.629398453004349,15.668512344360352,2093200
2002-07-22,15.499013894377832,15.60657862722225,14.521158112481338,14.892743110656738,3063800
2002-07-23,14.863415159605882,15.417533974446542,14.700439110735603,14.86667537689209,2055400
2002-07-24,14.830820910093149,16.427986736235855,14.765630239828596,16.392131805419922,4284200
2002-07-25,16.346495615827607,17.487327777634682,16.13462628841437,17.431915283203125,4736200
2002-07-26,17.405833366128636,17.42213071376612,16.623548245450163,16.806081771850586,3248600
2002-07-29,17.079886555616014,17.699194655194706,16.96580260116668,17.536218643188477,3446200
2002-07-30,17.536205223900257,17.536205223900257,16.91689759823639,17.180917739868164,2730200
2002-07-31,17.11248911480131,17.304800946970673,16.682232345101873,17.047298431396484,4012000
2002-08-01,17.047289172074482,17.356943817500255,16.806085390919215,17.193967819213867,2251000
2002-08-02,17.19397660244593,17.21679315438879,16.036846672195313,16.167226791381836,2511600
2002-08-05,16.232406663363,16.590954550035292,15.90645471733801,15.97164535522461,1904600
2002-08-06,16.395387650146162,16.982101083728704,16.37909029654272,16.662668228149414,2246600
2002-08-07,16.80282446482156,17.275455088567774,16.623551122961445,17.255897521972656,1679600
2002-08-08,17.650307123966222,17.976259231567383,17.519925783562314,17.976259231567383,2864200
2002-08-09,17.976257061174536,18.253315821820934,17.738310957154923,18.096858978271484,2750800
2002-08-12,17.68289377079327,17.868686287898548,17.53947535650037,17.650299072265625,1543800
2002-08-13,17.63400500330813,18.38369569584525,17.454731628600353,17.754608154296875,2874800
2002-08-14,17.894765290892877,18.263090155505797,17.12551837222571,18.23049545288086,2739200
2002-08-15,18.302207529857817,18.448884953022898,17.523181110369656,17.914323806762695,2240800
2002-08-16,17.91431841448884,17.940395166656415,17.44168785041942,17.83283042907715,1918800
2002-08-19,17.79698078238562,18.28590883952158,17.735050342775402,18.27613067626953,1665000
2002-08-20,18.194642656285776,18.194642656285776,17.7937217988738,17.87520980834961,1537000
2002-08-21,18.090337625463697,18.33806062062264,17.7969803017415,18.083818435668945,1287800
2002-08-22,18.038183509838333,18.52711150387796,18.038183509838333,18.484737396240234,1684200
2002-08-23,18.351104862542805,18.422814729784736,18.109900980125108,18.25657844543457,1277800
2002-08-26,18.24027509355563,18.677050858539364,18.12293216514085,18.673791885375977,1256000
2002-08-27,18.921512135797453,19.100785475599267,18.77483349653847,18.99648094177246,4040200
2002-08-28,18.94758572995359,19.05189024637939,18.33479576339609,18.4065055847168,2337400
2002-08-29,18.35110417429626,18.55645435880017,17.99581631246318,18.253318786621094,1713600
2002-08-30,18.266344626903148,18.69008184479958,18.15552093206182,18.263084411621094,1599400
2002-09-03,17.718750556838874,18.2663500051206,17.542736182017993,17.54925537109375,1699200
2002-09-04,17.588513431224893,18.154407422773915,17.516549615114045,18.1053409576416,1735200
2002-09-05,17.79457961492614,17.853458836825382,17.339900901857252,17.34644317626953,1832800
2002-09-06,17.640847261115546,17.964681880154345,17.41841482178239,17.830568313598633,1788000
2002-09-09,17.75532726147269,17.98757365268235,17.523082118074377,17.810935974121094,1080000
2002-09-10,17.794589868911913,18.416091322478323,17.794589868911913,18.35721206665039,1501800
2002-09-11,18.87403849064936,18.87403849064936,18.481510582693502,18.66796112060547,1587800
2002-09-12,18.448805365244787,18.546937056459587,18.187119191589105,18.23945617675781,2150400
2002-09-13,18.23944955332412,18.37683486938477,17.745519513147396,18.37683486938477,2169400
2002-09-16,18.219818524096564,18.2656131998226,17.918880122764804,18.06607818603516,1194000
2002-09-17,18.35066564221272,18.39973209358696,17.814211430600675,17.8796329498291,2621600
2002-09-18,17.716085300834283,18.0235649149473,17.40206340797689,17.892723083496094,1785000
2002-09-19,17.69644731752922,17.902524600825657,17.388967897098873,17.411865234375,1474200
2002-09-20,17.5852370874405,17.71280961399197,17.264673009429618,17.454395294189453,3202000
2002-09-23,17.457660520064497,17.5983163098625,16.891766847351953,17.009525299072266,2531800
2002-09-24,16.71513846648188,16.73149478661566,16.306255419377994,16.355321884155273,2729200
2002-09-25,16.551585247640325,16.561399289283,16.22447880995722,16.355321884155273,4071000
2002-09-26,16.47634521874167,16.973546981811523,16.43709280918162,16.973546981811523,3124800
2002-09-27,17.40205955104743,17.464209313626196,16.86233352847439,16.8983154296875,3345200
2002-09-30,16.571214233669313,16.747852032416528,16.257192312215725,16.718412399291992,2956400
2002-10-01,16.71840983608109,17.33664078909904,16.64971778525954,17.27121925354004,5059200
2002-10-02,16.845976663466114,16.963735146588757,16.43709373474121,16.43709373474121,2579800
2002-10-03,16.518869405088918,16.98008927321953,16.518869405088918,16.68896484375,2190200
2002-10-04,16.747844602058787,17.009529420504215,16.388026884861134,16.528682708740234,2072000
2002-10-07,16.584286590851725,16.88849549338667,16.407648922061508,16.446901321411133,1838600
2002-10-08,16.584288494776843,17.32681989336307,16.420735356263876,17.140369415283203,1754200
2002-10-09,16.944110142242437,16.993176598100185,16.21139255380387,16.224475860595703,1751600
2002-10-10,16.22774921187044,17.22215299848802,16.087093355640427,17.19598388671875,2317400
2002-10-11,17.336641293425853,18.056275709885185,17.143648444209198,17.833843231201172,1839400
2002-10-14,17.83711282517328,17.882907524687607,17.320285326324747,17.58197021484375,1197200
2002-10-15,17.827285157099166,18.61561092789515,17.827285157099166,18.540376663208008,2303400
2002-10-16,17.69645382225072,17.974494980793025,17.464208602905273,17.464208602905273,4323800
2002-10-17,17.631025333542,17.81420401374199,17.608127998517,17.745512008666992,3031800
2002-10-18,17.745515094797984,17.92869505466606,17.25485569125518,17.869815826416016,1977400
2002-10-21,17.70627352707381,18.187119188282573,17.536178013353407,18.075902938842773,1998600
2002-10-22,17.977769139226442,17.977769139226442,17.549260513432046,17.598325729370117,1389400
2002-10-23,17.00953435911604,17.467483860217044,16.97682421524254,17.27121925354004,2983200
2002-10-24,17.418415181466877,17.418415181466877,16.702052640117405,16.738033294677734,2341400
2002-10-25,17.02261481485642,17.16654116016319,16.567937186366777,17.133831024169922,2405600
2002-10-28,17.27121520451738,17.297384311730756,16.669339464538496,16.84270668029785,3044200
2002-10-29,16.76419649935484,16.976816076032197,16.4370902261967,16.813262939453125,2793400
2002-10-30,16.976820991419306,17.385703951252992,16.751116798991582,17.336637496948242,2976600
2002-10-31,17.27121243499905,17.827293395996094,17.25158685554778,17.827293395996094,3155200
2002-11-01,17.63103281780187,18.301600587781056,17.58196636602781,18.262348175048828,2400600
2002-11-04,18.39973776641122,18.56002047554705,18.00720977783203,18.00720977783203,2168400
2002-11-05,17.843647941723585,18.12168903802904,17.7487868177672,17.817480087280273,1706600
2002-11-06,17.958135111533473,18.27215683806807,17.631028834440414,18.2329044342041,1930000
2002-11-07,18.154407597864733,18.187117743060387,17.53290485665085,17.650663375854492,1918600
2002-11-08,17.78150198345995,18.187113172321958,17.601593734473816,17.76187515258789,2308200
2002-11-11,17.696452468253025,17.863277400176585,17.012800168769036,17.074951171875,1921000
2002-11-12,17.222156379457633,17.555803885332388,16.92776005331853,17.451129913330078,2981400
2002-11-13,17.434768824082802,17.882904190096898,17.143644361902584,17.647388458251953,2737400
2002-11-14,17.761881031116857,18.317962278416942,17.761881031116857,18.23945617675781,2093600
2002-11-15,18.07262390227953,18.622162611259743,18.039913769906818,18.497861862182617,1982600
2002-11-18,18.52075821559664,18.592722000348395,18.21982102083749,18.301597595214844,1582400
2002-11-19,18.25580806305508,18.53057748038608,18.20347109060212,18.40627670288086,1457400
2002-11-20,18.33430754838316,18.775901794433597,18.08897782762564,18.775901794433597,3559800
2002-11-21,18.7791802790202,19.132455825805664,18.599271990332944,19.132455825805664,2212200
2002-11-22,19.05394582250012,19.145535205694777,18.478239167286645,18.57964134216309,1859200
2002-11-25,18.694128845764027,18.95908419695941,18.5371166959594,18.90347671508789,1511200
2002-11-26,18.77590665634806,18.802074517809576,18.17403086899149,18.347396850585938,3330800
2002-11-27,18.38011029228617,18.968902878624373,18.38011029228617,18.94273376464844,1439000
2002-11-29,19.057215199119387,19.45955710341119,19.057215199119387,19.29927444458008,1298200
2002-12-02,19.33198451478821,19.41049058672449,18.90674651531355,19.13572120666504,2070800
2002-12-03,19.004879532570648,19.26329386345751,18.91656191104849,19.070301055908203,2231800
2002-12-04,18.87011798490712,18.952161976145845,18.63054968071707,18.68305778503418,2928000
2002-12-05,18.69946018969052,18.69946018969052,18.443483421725517,18.52880859375,1771600
2002-12-06,18.37785009932213,18.942313038692365,18.328623214370843,18.866832733154297,1333200
2002-12-09,18.78807300028999,18.916061419552584,18.545222248231106,18.584604263305664,1559600
2002-12-10,18.73884125542827,18.761813465661056,18.377848307291664,18.706024169921875,1819200
2002-12-11,18.50912029525376,18.771660751180352,18.394257985110368,18.673208236694336,2062400
2002-12-12,18.607573417746718,18.64039050635048,18.322060740840573,18.397541046142575,1084200
2002-12-13,18.40082062344958,18.40082062344958,17.918401702000807,17.944656372070312,2116000
2002-12-16,18.06608292432937,18.902931213378903,18.062801716183568,18.902931213378903,2557000
2002-12-17,18.9062075920564,18.93902467052528,18.59115913194645,18.7519645690918,2171800
2002-12-18,18.755255819631067,18.755255819631067,18.459896967395977,18.71915626525879,2508600
2002-12-19,18.541947946265257,18.804488551763107,18.541947946265257,18.72244453430176,1767000
2002-12-20,18.788068763140974,19.181880061829677,18.758532884442037,19.03420066833496,3210600
2002-12-23,19.16547278244905,19.52646576645028,18.998102374820128,19.19828987121582,1948000
2002-12-24,19.14905979017712,19.17203199885811,19.060453414916992,19.060453414916992,563200
2002-12-26,19.103120408380104,19.355816022372835,19.067020856110883,19.112966537475582,758600
2002-12-27,19.05062288382174,19.155639138587556,18.830745491622235,18.850435256958008,873200
2002-12-30,18.853704188237693,19.09983609343168,18.709306002646592,19.03420066833496,1735600
2002-12-31,18.95544823604811,19.09984650031713,18.873404222947,18.95873069763184,1562800
2003-01-02,19.03419853627555,19.49364520859741,19.017789994812222,19.460826873779297,2977000
2003-01-03,19.464114274674568,19.464114274674568,19.21469987430249,19.31643486022949,2127400
2003-01-06,19.316427732498656,19.72008381510556,19.316427732498656,19.690547943115234,2104200
2003-01-07,19.690558918448808,19.736503355622467,19.526470927461737,19.559288024902344,2307400
2003-01-08,19.464112327255563,19.52318408712336,19.149062523996765,19.178598403930664,2466800
2003-01-09,19.21469262893076,19.526459885890464,19.21469262893076,19.49364280700684,2437400
2003-01-10,19.49692524032143,19.49692524032143,19.165468215942383,19.165468215942383,2603800
2003-01-13,19.16547253029015,19.306588263535648,19.02763800512148,19.13265419006348,2128600
2003-01-14,19.19829581865782,19.19829581865782,18.870119821757687,19.15235137939453,1463400
2003-01-15,19.15562268129692,19.15562268129692,18.67320506664537,18.7552490234375,1730800
2003-01-16,18.837296893028125,19.05389293387405,18.811042220493256,18.978412628173828,1538200
2003-01-17,18.9193401488552,18.96856578015239,18.673208236694336,18.673208236694336,2051600
2003-01-21,18.7552404842201,18.76180289611116,18.42378234863281,18.42378234863281,1903400
2003-01-22,18.423794716202597,18.59116512526725,18.276115311701925,18.299087524414062,1998000
2003-01-23,18.26298533036905,18.377846369421366,18.06607908241897,18.240013122558597,2283600
2003-01-24,18.24657430525928,18.345028048531432,17.77728280272303,17.78056526184082,1718600
2003-01-27,17.78384959898187,17.78384959898187,17.04873636552842,17.094680786132812,2724600
2003-01-28,17.14718664300234,17.6394503743804,17.14718664300234,17.570533752441406,2877600
2003-01-29,17.573818460303674,17.81010549903582,17.248925033938626,17.639453887939453,2569600
2003-01-30,17.642732102602487,17.842919559575417,17.429418563842773,17.429418563842773,2881000
2003-01-31,17.36050393447372,18.15797139462377,17.304713385877015,17.898712158203125,2704200
2003-02-03,17.8199491063215,18.15797109641809,17.8199491063215,17.941373825073242,1892800
2003-02-04,17.859334550225356,17.859334550225356,17.58694916343919,17.731346130371094,1536000
2003-02-05,17.734624381664837,18.07264512842531,17.583663781353515,17.741188049316406,2043200
2003-02-06,17.705080794024532,17.787124726108157,17.393313601728547,17.468793869018555,1450400
2003-02-07,17.672270333641745,17.688680128873138,17.33753204345703,17.33753204345703,1433800
2003-02-10,17.314555959191356,17.557406620285473,17.202976128725098,17.52458953857422,1597400
2003-02-11,17.524586990551605,17.580376271727427,17.196411213589148,17.30799102783203,1439400
2003-02-12,17.311279638620327,17.442550506304965,17.20298098499674,17.216108322143555,1291400
2003-02-13,17.258770557518897,17.340814532169226,17.022483509920605,17.255489349365234,1302400
2003-02-14,17.255491331796332,17.51474937003905,17.04545768097233,17.452396392822266,1137400
2003-02-18,17.655859258842543,17.901991129324248,17.62304217686822,17.721494674682617,1117400
2003-02-19,17.705090819411648,17.73790791007113,17.432704209749243,17.51146697998047,1106400
2003-02-20,17.541002147956807,17.593510242008595,17.26533434121199,17.42613983154297,1297200
2003-02-21,17.39332959098225,17.527881713214164,17.196424473728015,17.419584274291992,1819400
2003-02-24,17.419574896318174,17.419574896318174,16.98966407775879,16.98966407775879,1461200
2003-02-25,16.802603831654018,16.848548250518924,16.441609644202632,16.766504287719727,2937200
2003-02-26,16.766498189101867,17.012629987971895,16.7205537869487,16.858386993408203,2009000
2003-02-27,16.901061009730874,17.23251816025434,16.874806333467856,17.134065628051758,1258200
2003-02-28,17.196418972697945,17.426141118710433,17.09796519367339,17.344097137451172,2196400
2003-03-03,17.475361705643202,17.6263222762615,17.127494899882844,17.13077735900879,1410400
2003-03-04,17.16359774636063,17.17344387374447,16.90105730080413,16.999509811401367,2351800
2003-03-05,17.060479833267525,17.156047821044922,16.856163063313137,17.156047821044922,1782000
2003-03-06,16.958322596967893,17.12968551321769,16.89241358962416,17.040708541870117,2516400
2003-03-07,17.040703994311915,17.32411177028167,16.872637264690702,17.28456687927246,1558000
2003-03-10,17.23513732722781,17.366955325893066,16.842980729718565,16.875934600830078,1075600
2003-03-11,16.88252094650864,16.94842992757079,16.668318329443235,16.69468116760254,1431400
2003-03-12,16.70457089924399,16.81991195678711,16.48707209191957,16.81991195678711,1654000
2003-03-13,17.20218529744327,17.910703659057617,17.18570836012382,17.910703659057617,2525800
2003-03-14,18.02603346759488,18.1908052520206,17.881033492750525,18.075464248657227,2014600
2003-03-17,18.02933189944152,18.770805075324947,17.811833151466747,18.648874282836918,3656400
2003-03-18,18.71148431231364,18.902620194599887,18.29296380944352,18.65216636657715,2432600
2003-03-19,18.65217316296936,18.84990013984083,18.52694746043784,18.813650131225582,2038800
2003-03-20,18.813648611254106,18.935579420019454,18.553308804149957,18.92569351196289,2539200
2003-03-21,19.080575446330684,19.4595498420654,18.975121592116757,19.456254959106445,2277800
2003-03-24,19.45626610698141,19.45626610698141,18.68513357051233,18.79388236999512,1773400
2003-03-25,19.06410125319232,19.110238424044823,18.701603710545317,18.92569351196289,2038600
2003-03-26,18.925691084038714,19.05091801749749,18.685124381018703,18.823532104492188,1561800
2003-03-27,18.6521711732976,18.85978403687777,18.563195488872573,18.73126220703125,2143800
2003-03-28,18.731270606108456,18.770815512152502,18.58627177920703,18.73786163330078,2246200
2003-03-31,17.989786046100452,18.84659894477946,17.989786046100452,18.56978225708008,1433400
2003-04-01,18.648877057667654,19.12341950828255,18.41819622831385,18.955352783203125,1766600
2003-04-02,19.245355238141844,19.60785285531217,19.228877045180774,19.525466918945312,1744600
2003-04-03,19.624318496900308,19.624318496900308,19.21238905214124,19.245344161987305,2142200
2003-04-04,19.443075991757752,19.541938838599066,19.169554149817166,19.281599044799805,1867000
2003-04-07,19.60783928717134,19.81545205514361,19.26511372733653,19.35079574584961,2532600
2003-04-08,19.14649304802083,19.176152038401224,18.701609449424677,18.882858276367188,3016200
2003-04-09,18.87955406064196,19.0212579160779,18.523646351981704,18.56978225708008,2040400
2003-04-10,18.78397802277656,18.826819026397864,18.64557036707349,18.71806907653809,1577800
2003-04-11,18.783985627204675,18.994893334863903,18.45444201970985,18.592849731445312,1545000
2003-04-14,18.59285939899331,18.94876728355804,18.27979381477885,18.882858276367188,2856800
2003-04-15,18.882850511010595,18.988304376305354,18.635692778518024,18.96853256225586,2765800
2003-04-16,19.014674040257216,19.03774200147733,18.53683536606561,18.553312301635746,1951800
2003-04-17,18.55331099785412,19.113535567637825,18.546719972667308,19.004785537719727,2803600
2003-04-21,19.064099953874013,19.35739486302608,18.93228324603609,19.11023712158203,1794600
2003-04-22,19.110235264758582,19.265119912846696,18.849895500693563,19.251937866210938,1829400
2003-04-23,19.251938345477967,19.26841653273746,18.800463922391856,19.228870391845703,1759200
2003-04-24,19.22887108507835,19.22887108507835,18.764214598276684,18.96853256225586,2568600
2003-04-25,18.96853281064488,18.96853281064488,18.533535296330488,18.563194274902344,1671200
2003-04-28,18.751036050865206,19.25194134237683,18.685127062894924,19.1728515625,1319600
2003-04-29,19.172845779628734,19.317844503741654,18.97512013246484,19.0476188659668,2709000
2003-04-30,19.0146675550536,19.3573932293036,18.98500857829909,19.139894485473636,3612200
2003-05-01,19.139896311175917,19.139896311175917,18.65546673034701,18.981714248657227,1480400
2003-05-02,19.014685478121123,19.492524439746205,19.014685478121123,19.443092346191406,1509000
2003-05-05,19.502387862291737,19.50568274474369,19.097049436819702,19.327730178833008,1721200
2003-05-06,19.327738292035978,19.373874208383327,19.123420295198528,19.304670333862305,1653400
2003-05-07,19.222289830464163,19.23547062663079,18.886155014574257,18.97513198852539,1394800
2003-05-08,18.833420419913995,19.11353202432329,18.668648592118103,18.72467041015625,1375600
2003-05-09,18.866368202111392,19.22227583885606,18.797164358447333,19.09045791625977,1044400
2003-05-12,19.090468397926063,19.456262139717253,18.948764493320294,19.38705825805664,1346200
2003-05-13,19.38705862018408,19.416716349641543,19.20251367519913,19.24864959716797,1328800
2003-05-14,19.2288726820361,19.261827803370903,18.94876106479161,19.1234188079834,1200400
2003-05-15,19.09705387791151,19.24205262458697,18.9948948986186,19.176143646240234,1444800
2003-05-16,19.176148421248243,19.27171640079272,18.95205859333476,19.004785537719727,1060400
2003-05-19,19.00478336207581,19.00478336207581,18.60933195301411,18.66535377502441,1276800
2003-05-20,18.6653541112625,18.952056765129708,18.51705920163829,18.727968215942383,1409200
2003-05-21,18.71807539830424,18.942165136933056,18.642280524519343,18.869665145874023,1692600
2003-05-22,18.737852439149066,19.17284996352185,18.737852439149066,19.11023712158203,1413200
2003-05-23,19.113541756815795,19.25854058654931,18.701611977574075,19.232177734375,1845400
2003-05-27,19.17943920606389,19.647390549654784,19.08057637009066,19.59466361999512,1940000
2003-05-28,19.594665805721963,19.64080171718185,19.387054204152477,19.40682601928711,1520400
2003-05-29,19.42989354517443,19.660574354479877,19.0772819358354,19.169553756713867,1900000
2003-05-30,19.47603033496716,19.83523298445989,19.416712373978683,19.769325256347656,2789600
2003-06-02,19.83853102631048,20.112051644094585,19.789098968379765,19.986825942993164,2543000
2003-06-03,19.80557200412782,20.00329893982733,19.756141213034848,19.99670791625977,2013200
2003-06-04,20.124037460154867,20.173645289268475,19.93883758950033,20.14388084411621,1863000
2003-06-05,20.1240366996917,20.2563233979427,19.97521574113364,20.19679450988769,2038400
2003-06-06,20.25631832978527,20.319153801864275,19.92560292848265,19.935523986816406,2125200
2003-06-09,20.00828314598824,20.041354183746616,19.66103220320842,19.6941032409668,1567400
2003-06-10,19.75031776284353,20.077725197443613,19.6874810495685,19.93221092224121,1175000
2003-06-11,19.93222700762126,19.99506251002604,19.799940278624128,19.84293365478516,2024800
2003-06-12,19.975210969294388,20.29269745535771,19.879303199052604,20.279468536376957,2167400
2003-06-13,20.282778875321863,20.368764336045302,20.038048890590165,20.183563232421875,1469800
2003-06-16,20.40513750327394,21.000424885507982,20.388601987963348,20.98719596862793,3027600
2003-06-17,20.98719520156469,21.129402898880343,20.7755375855355,21.076488494873047,2322600
2003-06-18,20.917756883318862,20.97067131667119,20.504362478510192,20.610191345214844,1216800
2003-06-19,20.659800541752897,20.70279265435271,20.147190436699592,20.233177185058597,2185800
2003-06-20,20.15711284131771,20.25632725309858,20.05789842953684,20.14057731628418,2088800
2003-06-23,20.14056230060773,20.14056230060773,19.54527375057696,19.627952575683597,1971600
2003-06-24,19.561819329502733,19.806548055485,19.561819329502733,19.588275909423828,2351800
2003-06-25,19.63788957148276,19.852853920494127,19.495681785075693,19.51552391052246,3560600
2003-06-26,19.53867198754175,19.829700713871844,19.43945633009612,19.78009414672852,1789200
2003-06-27,19.780086841049727,19.87599334006936,19.565121344753297,19.73378562927246,2045000
2003-06-30,19.747020617884505,19.99175062334439,19.601506263727988,19.875999450683597,1460600
2003-07-01,19.87600162895429,19.899151613707645,19.403078349142262,19.846237182617188,1462800
2003-07-02,19.809855477792464,20.20671299887616,19.809855477792464,20.1207275390625,1416200
2003-07-03,20.120733636992096,20.20341252253832,19.568438025521893,20.018211364746094,873200
2003-07-07,20.30593600800664,20.507671441065614,20.193492666482417,20.41507148742676,1286800
2003-07-08,20.41507416678716,20.454759686186627,20.041365179500723,20.190187454223636,1904800
2003-07-09,20.190186417038586,20.28609424044204,19.876006355780984,20.0446720123291,1482800
2003-07-10,19.961985868839243,19.99175031145001,19.84292809839616,19.942142486572266,953400
2003-07-11,20.02482299765039,20.36546081584592,20.02482299765039,20.236480712890625,1406800
2003-07-14,20.48783178933283,20.54736069859922,20.02813730456005,20.355545043945312,1326200
2003-07-15,20.438214819931424,20.58703702665686,20.28939261320599,20.368764877319336,1318000
2003-07-16,20.352227301335333,20.47128505469077,19.99836190196178,20.289390563964844,1183200
2003-07-17,20.272853368090512,20.560575407177133,20.18356006046106,20.239782333374023,1292000
2003-07-18,20.319150384665143,20.835066778100813,20.30592272963776,20.825145721435547,1747200
2003-07-21,20.7887809594748,21.324541091918945,20.7887809594748,21.324541091918945,3147800
2003-07-22,21.27161988618342,21.29476986919826,21.06657663880365,21.198862075805664,2292800
2003-07-23,21.19886010327842,21.19886010327842,20.5506581160184,20.669715881347656,3029000
2003-07-24,20.38198966689396,20.38198966689396,19.77677990274468,20.15379524230957,6072000
2003-07-25,20.16372404818642,21.142641606448244,20.147187264243087,21.083112716674805,3196000
2003-07-28,20.884675692650468,21.446890800879476,20.868138915225742,21.00704002380371,3201600
2003-07-29,20.93428851447726,21.28153949762952,20.90121747287395,21.15586853027344,2405000
2003-07-30,21.26500467726448,21.331146758725744,21.043424667315374,21.32783889770508,1495600
2003-07-31,21.413824992188896,21.66516943603336,21.36421717097296,21.38406181335449,2222600
2003-08-01,21.301389091447906,21.579188933265417,21.2319366078342,21.473360061645508,2089800
2003-08-04,21.47335501376957,21.47335501376957,20.828459611599328,21.24846839904785,2879800
2003-08-05,21.248467339095384,21.39398294229138,21.066574096679688,21.066574096679688,1852200
2003-08-06,21.066573871839346,21.28484601272445,20.91444507155745,21.059959411621094,2347000
2003-08-07,21.059972479814554,21.32785134619256,20.42830564516977,21.08973693847656,2503800
2003-08-08,20.78547477722168,20.957447039137342,20.71602480459609,20.78547477722168,2471800
2003-08-11,20.636644827288297,20.83176699554582,20.59034360401723,20.72593688964844,1938200
2003-08-12,20.83507805347727,20.83507805347727,20.59365587186621,20.78216361999512,1806600
2003-08-13,20.86484555249915,21.152567747787025,20.762323270693223,20.835081100463867,1861600
2003-08-14,21.000428484126708,21.347680673048828,20.94751406911806,21.205472946166992,2698800
2003-08-15,21.2054802508439,21.2054802508439,20.921063437527664,21.13933563232422,608400
2003-08-18,21.19885662419407,21.48657993037938,21.13271455349224,21.4502010345459,1147800
2003-08-19,21.45021205514308,21.476669906280517,21.020282066797957,21.456825256347656,1523000
2003-08-20,21.456821013266094,21.456821013266094,21.29807898415179,21.31130790710449,1192200
2003-08-21,21.364219915065597,21.685014340552858,21.31130674928855,21.579185485839844,1658200
2003-08-22,21.744534648618824,21.75776356563268,21.34767723083496,21.34767723083496,1302400
2003-08-25,21.248460705950336,21.334447401283505,21.11617406462803,21.264997482299805,992600
2003-08-26,21.18232780739165,21.265006678578725,20.802004495299336,20.934289932250977,2425200
2003-08-27,21.01697441331069,21.01697441331069,20.775552196393303,20.835081100463867,1302200
2003-08-28,20.868144032875552,21.155867377783668,20.716015231260712,21.10295295715332,1109200
2003-08-29,21.102955607267557,21.149255573436054,20.96736230852574,21.10626220703125,795400
2003-09-02,21.10626208101184,21.294769805903485,21.000433227093005,21.29146194458008,1718800
2003-09-03,21.28980194958753,21.53535068810912,21.22675465974041,21.459030151367188,1696800
2003-09-04,21.41920810244228,21.4557088902521,21.223430919497535,21.296432495117188,1006400
2003-09-05,21.12720501887032,21.29643573980756,20.957975563739488,21.19025230407715,1261400
2003-09-08,21.236713957519417,21.47894634000735,21.17034897324081,21.32962417602539,1842400
2003-09-09,21.13052023409112,21.253295838454385,21.0177001953125,21.0177001953125,1274600
2003-09-10,20.92147756601705,20.961296043285124,20.7522480882728,20.805339813232425,1883200
2003-09-11,20.93807531334749,21.173671106295277,20.8650749588771,21.004440307617188,1317800
2003-09-12,21.08738493362607,21.316342712064568,20.89160900163733,21.24997901916504,2261400
2003-09-15,21.2499803616969,21.25993466309946,21.04093117159842,21.130523681640625,1272600
2003-09-16,21.21347956881233,21.28648115458147,21.02434024732536,21.130523681640625,1478000
2003-09-17,21.130528316945338,21.130528316945338,20.88166060083729,20.90488815307617,882000
2003-09-18,20.904879860879443,21.02433651975631,20.84847047519101,20.97124481201172,2139400
2003-09-19,21.00443568097147,21.00443568097147,20.815296311739075,20.838523864746094,2585000
2003-09-22,20.589653405995158,20.64938175316859,20.44033253806156,20.4901065826416,1785400
2003-09-23,20.5066930225836,20.612876446371494,20.456920254699043,20.55646705627441,2034800
2003-09-24,20.58965352306209,20.58965352306209,20.267785501249108,20.33083152770996,2264800
2003-09-25,20.357382785002518,20.42374777586993,20.191470940737435,20.19478988647461,2020000
2003-09-26,20.194786645355613,20.19810432475341,19.94259997369498,20.07864761352539,2029200
2003-09-29,20.490110513132848,20.662658964087623,20.34078961655595,20.539884567260746,4966800
2003-09-30,20.543193811849363,20.70578789154061,20.30759941943285,20.55646705627441,2203800
2003-10-01,20.73897203104019,20.99447631835937,20.672607067379584,20.99447631835937,1859600
2003-10-02,20.994471995045515,21.11724632976102,20.87169766033001,21.07079124450684,1052200
2003-10-03,21.07080290314824,21.734450238680463,21.07080290314824,21.50881004333496,2123800
2003-10-06,21.51875744096373,21.70126141229828,21.45239374135819,21.61166763305664,1581400
2003-10-07,21.61166613665876,21.774261493176063,21.422526821104867,21.73444175720215,1372800
2003-10-08,21.800810253254184,22.01649610695636,21.731127598663623,21.91031265258789,1773400
2003-10-09,22.082867683769443,22.12932279805412,21.76763365785045,21.8671817779541,1354400
2003-10-10,22.016495920743072,22.14590692554718,21.910312467272693,21.95345115661621,1104600
2003-10-13,22.036402656486995,22.192357594793283,21.966717484793755,22.09612846374512,1131600
2003-10-14,22.096128557369024,22.232177425445112,22.043038106821506,22.225542068481445,1948200
2003-10-15,22.315130252103227,22.437905857807525,22.18903823417812,22.26203727722168,2092600
2003-10-16,22.116038225068976,22.46445140384613,22.11271928100085,22.308496475219727,1377000
2003-10-17,22.308497388707107,22.378180027315903,22.04303754786276,22.092811584472656,957000
2003-10-20,22.165818787147614,22.192362752671805,21.94017862470552,22.04304313659668,884200
2003-10-21,22.04303740856692,22.242131022135723,22.00321767320809,22.056310653686523,1439000
2003-10-22,22.05631499125149,22.05631499125149,21.691309539325097,21.78421974182129,1117800
2003-10-23,21.784220303530955,21.95013210701312,21.601716307055288,21.87713050842285,1606400
2003-10-24,21.87712817235116,21.87712817235116,21.6083518895266,21.807445526123047,1169200
2003-10-27,21.807446221076308,22.003220919344702,21.76762647984288,21.950130462646484,1588200
2003-10-28,21.95012476307828,21.99989879379249,21.55525399278788,21.883758544921875,2986400
2003-10-29,21.850577685479823,23.12809769606604,21.568528207549747,22.796274185180664,6524400
2003-10-30,23.06174213570374,23.430066565148365,22.978786228740777,23.257516860961918,4189600
2003-10-31,23.25751172891899,23.26083067331689,22.935645007481597,23.08828353881836,1623400
2003-11-03,23.08828381244856,23.24424129003155,23.08828381244856,23.161285400390625,1075000
2003-11-04,23.161288188248967,23.386928336496453,22.98541955448661,23.247560501098636,1429800
2003-11-05,23.247557112952357,23.41346888802421,23.08828322658653,23.33051300048828,1285600
2003-11-06,23.27742643312235,23.48315544830852,23.12810429167318,23.446657180786133,1031400
2003-11-07,23.446652944873907,23.552836378190545,23.290695473399808,23.35042381286621,952800
2003-11-10,23.350426666769533,23.403517124110227,23.025238438460452,23.134740829467773,903400
2003-11-11,23.134738239384845,23.134738239384845,22.92568778330032,22.93896102905273,1019400
2003-11-12,22.938960982922893,23.167920041369214,22.82946113600805,23.03187370300293,1345200
2003-11-13,23.031872390749648,23.12809898645621,22.905777829346,23.09823608398437,1142400
2003-11-14,23.098235650691034,23.294010314189823,22.89250415494245,23.01527976989746,932800
2003-11-17,22.93232670395537,23.002009348581726,22.713321936604345,22.826143264770508,1113400
2003-11-18,22.81286071417549,22.91904411005336,22.48767264026785,22.557357788085938,1555200
2003-11-19,22.564008333143548,22.68014610500613,22.45450592041016,22.45450592041016,1461000
2003-11-20,22.45449446442524,22.76309040456917,22.232173338625927,22.494314193725582,1557400
2003-11-21,22.577275814912305,22.613776609831447,22.46777343015488,22.481046676635746,1732600
2003-11-24,22.5905455197204,22.86264070088759,22.580591219323583,22.842729568481445,1809200
2003-11-25,23.3272030472563,24.11362345863147,23.244247136749152,23.941076278686523,3548400
2003-11-26,23.97425655335285,24.123576169759545,23.878027399725724,23.92116355895996,1857400
2003-11-28,23.94107206984258,23.957661730059456,23.81497748780653,23.81829643249512,600400
2003-12-01,23.87802747910524,24.588129825984225,23.868073175526806,24.41558265686035,1617600
2003-12-02,24.438802583168258,24.53834811950357,24.24966327935737,24.389028549194336,1734000
2003-12-03,24.41900772257392,24.86529205647478,24.41234790010397,24.58553123474121,1396200
2003-12-04,24.39570526266126,24.645490640777247,24.229181677250605,24.61218643188477,2333600
2003-12-05,24.612170230351516,24.612170230351516,24.23915672983508,24.245819091796875,1437400
2003-12-08,24.079306159573765,24.56888325837957,24.079306159573765,24.56222343444824,2022200
2003-12-09,24.64548429659164,24.77537245650057,24.512264954366486,24.66546630859375,2077400
2003-12-10,24.712096110661022,24.712096110661022,24.25249198449508,24.362398147583008,1295200
2003-12-11,24.44565906824652,24.64548683166504,24.365728471068685,24.64548683166504,907800
2003-12-12,24.72874611851997,24.828661260630412,24.61218014668954,24.778703689575195,1016200
2003-12-15,24.978518892742336,25.061780622384813,24.665453976183805,24.73539352416992,1359600
2003-12-16,24.89859837784845,25.031817707152868,24.61883753221444,24.94522476196289,1047600
2003-12-17,24.958543199464117,25.04513359069824,24.68544475884397,25.04513359069824,1310000
2003-12-18,25.11175088671548,25.25163005353236,24.818667823730447,25.03182029724121,1168500
2003-12-19,25.03181687414431,25.03181687414431,24.305774221591207,24.605514526367188,1752800
2003-12-22,24.545564480849265,25.344877841051545,24.53890465843256,25.28492927551269,1067400
2003-12-23,25.04514186445624,25.158379204093308,24.91858487634217,25.065126419067383,932700
2003-12-24,25.065121904242133,25.13173029842066,24.851971993734008,24.94522476196289,318400
2003-12-26,24.911923152341885,25.178359297676653,24.911923152341885,25.058462142944336,185900
2003-12-29,25.231645040027026,25.431472760416455,24.998510582116587,25.398168563842773,868200
2003-12-30,25.431470804170846,25.431470804170846,25.111745967952245,25.32489585876465,1256500
2003-12-31,25.411485696524856,25.484753898035585,25.13838727342197,25.44478988647461,905900
2004-01-02,25.41148863983977,25.51140122126152,25.005170868928836,25.078441619873047,947800
2004-01-05,25.36486753608876,25.538050904476016,25.03848027061768,25.384849548339844,902300
2004-01-06,25.33823712385179,25.47811636859671,25.098442680889622,25.36488151550293,1167500
2004-01-07,25.364876428780125,25.37153625488281,24.765390441596814,25.37153625488281,945800
2004-01-08,25.371522541379,25.81780433654785,25.22498103684133,25.81780433654785,966500
2004-01-09,25.65128035982024,25.67792473124488,24.945222303696937,25.078441619873047,1390900
2004-01-12,25.264946460922676,25.264946460922676,24.92523708672948,25.0251522064209,1233000
2004-01-13,25.08510067173968,25.158371420433305,24.652138542702996,24.878610610961918,1274300
2004-01-14,24.878613883396245,25.10508598144441,24.718752720625407,25.05179977416992,947300
2004-01-15,25.04513359069824,25.2915902022178,24.812001705149456,25.04513359069824,1325400
2004-01-16,25.231646930506788,25.5447094508924,25.045138842014865,25.391508102416992,1270500
2004-01-20,25.498078612773,25.56468954023016,25.28492872680424,25.418148040771484,1140800
2004-01-21,25.378193491488837,25.42481989229567,24.818674140858537,25.111757278442383,1404200
2004-01-22,25.078452911433114,25.0851127368143,24.25249481201172,24.25249481201172,2155700
2004-01-23,24.379037451981524,24.41900400355573,23.852825164794925,23.85282516479492,2625900
2004-01-26,23.85283218718167,24.03267791079291,23.51312275115571,23.91278076171875,2641900
2004-01-27,24.112607457817752,24.79868358278412,23.7462562029604,24.37904357910156,2713900
2004-01-28,24.498942461678404,24.545568849735787,23.98604965209961,23.98604965209961,2814800
2004-01-29,23.992720242137263,24.11261743566023,23.44652304539861,23.579742431640625,2230300
2004-01-30,23.479814598278764,23.646338106067976,23.33993546156313,23.586389541625977,2227600
2004-02-02,23.586392663319284,23.77956056774812,23.44651350809044,23.47315788269043,1821600
2004-02-03,23.513114955741543,23.63301206506565,23.39988020857248,23.54641914367676,965800
2004-02-04,23.59305311192844,23.679646061200224,23.35992118036689,23.446514129638672,1157600
2004-02-05,23.41321122264086,23.75957795694141,23.406548857972997,23.499801635742188,1394900
2004-02-06,23.53976961623602,23.97939169568568,23.359923873604643,23.87947654724121,1362300
2004-02-09,23.999369351997505,24.279130192283787,23.88613457586906,24.085962295532227,1253800
2004-02-10,24.17921506197855,24.17921506197855,23.9194387723217,24.085962295532227,1239800
2004-02-11,23.98604239890199,24.58552797971356,23.93941602494407,24.48561286926269,1736300
2004-02-12,24.245819462267505,24.292445832926177,23.892787960349043,23.92609214782715,1572100
2004-02-13,23.97939550620124,24.132596894799292,23.679652554184084,23.77956771850586,1303800
2004-02-17,24.01269847921924,24.11261363840321,23.85283727366254,23.96607208251953,594800
2004-02-18,24.31243570261988,24.399028650834225,23.859491491733632,24.14591217041016,1476300
2004-02-19,24.41234787998573,24.9452226102925,24.41234787998573,24.552227020263672,1412600
2004-02-20,24.705422375224504,24.705422375224504,24.085954856919518,24.30576705932617,957500
2004-02-23,24.305778428184443,24.305778428184443,23.766241212505044,24.11927032470703,1230900
2004-02-24,24.112609969555976,24.57221404178561,24.012694825574563,24.365726470947266,1263600
2004-02-25,24.185877046840965,24.61217685302815,24.145910487155685,24.53890609741211,1111800
2004-02-26,24.4789562684189,24.64547978044896,24.185875801986967,24.552227020263672,1138900
2004-02-27,24.65880757027361,24.745400527673517,24.112610529962307,24.192541122436523,2602900
2004-03-01,24.279127215138963,24.512259102667773,24.21917865249627,24.41900634765625,1290800
2004-03-02,24.312441480862397,24.385712259000243,24.125935893564638,24.212526321411133,1402000
2004-03-03,24.379737854003903,24.53357402489265,24.192456929528344,24.379737854003903,1150500
2004-03-04,24.54024566775861,24.75427868543437,24.286083053940413,24.74090385437012,1423700
2004-03-05,24.740914166256506,25.08202863301613,24.72084680834648,24.968324661254883,1636300
2004-03-08,24.68072052067648,24.99508025355991,24.68072052067648,24.88137626647949,1266700
2004-03-09,24.98170256067499,25.048589509448973,24.714162420007668,24.9549503326416,2219700
2004-03-10,24.92818908565009,24.92818908565009,23.837956342513,23.89815330505371,2455600
2004-03-11,23.89815882769732,24.005175391225173,23.483469962961404,23.590486526489254,2232900
2004-03-12,23.64399163780558,24.011863437462075,23.603862024371,23.80451774597168,1162400
2004-03-15,23.757699864625668,23.757699864625668,23.309566254520234,23.49684715270996,1262000
2004-03-16,23.911537583876992,23.97842198310152,23.450029105684678,23.67074966430664,961000
2004-03-17,23.6774361960659,24.058682829519046,23.6774361960659,23.92491149902344,918800
2004-03-18,23.944967400113875,23.978409582431187,23.66405000687851,23.89146041870117,560100
2004-03-19,23.757697408701624,24.065369675490476,23.75100743902421,23.791139602661133,696700
2004-03-22,23.55704327000193,23.77776380608689,23.088844868807502,23.43664932250977,972800
2004-03-23,23.54366673777676,23.764387281891818,23.1423527143772,23.282814025878903,1281900
2004-03-24,23.322938192606856,23.47677430594842,23.175792048070647,23.2092342376709,1025300
2004-03-25,23.610539926493104,24.379722859329704,23.536965596216135,24.30614852905273,1663500
2004-03-26,24.17907556640091,24.232582565046087,23.971729886895872,24.03861427307129,1686400
2004-03-29,24.24595919247274,25.08871416865145,24.23927177465516,24.90143585205078,1376700
2004-03-30,24.901435815729933,24.90812578501346,24.49343443960869,24.687402725219727,962800
2004-03-31,24.781046013700525,24.98170175056316,24.286095366204435,24.827865600585938,1295600
2004-04-01,24.981711510833566,25.24925429882923,24.834565273765364,24.9215145111084,994000
2004-04-02,25.38301724222109,25.717444340138425,25.235868502665056,25.34957504272461,1223700
2004-04-05,25.30275349675929,25.54353884540251,25.235866551461672,25.449899673461918,854200
2004-04-06,25.383014538036758,25.663932045651105,25.28937536883197,25.650554656982425,1183800
2004-04-07,25.650556322821934,25.74419804958416,25.30944181978331,25.40977096557617,1363000
2004-04-08,25.617117455183344,25.73082400529659,25.28269032769668,25.42314910888672,788000
2004-04-12,25.42314495679402,25.791016778129944,25.42314495679402,25.77763938903809,691500
2004-04-13,25.81108580147997,25.81108580147997,25.383019486533275,25.42314910888672,1006800
2004-04-14,25.42314686102636,25.77095134903754,25.302755453134285,25.34957504272461,1471300
2004-04-15,25.44991309861925,25.744210710222426,25.429848280183556,25.61043930053711,826400
2004-04-16,25.750886917114254,25.91810046852409,25.51009899484789,25.750886917114254,839800
2004-04-19,25.63048840725578,25.811079316905506,25.49671707957348,25.737504959106445,536700
2004-04-20,25.817767392561297,25.93147391700328,25.20911026000977,25.20911026000977,877700
2004-04-21,25.28267821366452,25.449891697288592,24.98838340101725,25.30943298339844,1311600
2004-04-22,25.01514489201432,25.857899953268483,25.01514489201432,25.677309036254883,1363400
2004-04-23,25.71744184628204,25.71744184628204,25.255930862964668,25.429834365844727,830100
2004-04-26,25.4164582309344,25.67062352765706,25.235867300484827,25.249244689941406,708700
2004-04-27,25.24924156256905,25.44989727661218,25.015143654764707,25.14891242980957,1559600
2004-04-28,25.22917962512372,25.23586704404598,24.52688071890878,24.613832473754883,1547200
2004-04-29,24.747606989331977,24.8479361463658,24.23927888733588,24.28609848022461,1777100
2004-04-30,24.546955839093595,24.96833480574536,24.299480437113257,24.446626663208008,1252300
2004-05-03,24.51349862297911,24.82117083182827,23.9650385806044,24.754283905029297,2238600
2004-05-04,24.74760696239244,25.12885367634361,24.49344163593284,24.861310958862305,1030600
2004-05-05,24.78103736828624,24.97500561855632,24.42654560511869,24.88805389404297,1094500
2004-05-06,24.78105229820849,24.84793926177608,24.52019951898684,24.74761009216309,851400
2004-05-07,24.413175958982656,24.660651274838504,23.7108796266222,23.74432182312012,1920300
2004-05-10,23.57711356924491,23.951672887741804,23.376457793844533,23.77108192443848,1358500
2004-05-11,23.79783884198003,24.239282608032227,23.79783884198003,24.239282608032227,1328000
2004-05-12,24.078749811274,24.179078956078094,23.490157434807312,24.132259368896484,1433400
2004-05-13,23.878093625508225,24.306159872558784,23.744322285435903,24.259340286254883,848200
2004-05-14,24.12556894618256,24.33960206970784,23.757699674590743,24.259340286254883,1231000
2004-05-17,23.978419838912306,24.045306783631972,23.32963305972585,23.363075256347656,1901400
2004-05-18,23.476778988534136,23.677437269109184,23.39651720718973,23.58379554748535,1830000
2004-05-19,23.74432277850258,24.17238903444221,23.276124354265047,23.42327308654785,1374700
2004-05-20,23.978421278296345,24.01186602840184,23.49684800478696,23.55704498291016,1653500
2004-05-21,23.77777107728028,24.118888216646347,23.610557493682705,23.67744445800781,1572300
2004-05-24,23.911539321250103,24.145637287021408,23.52360263342741,23.577112197875977,1303700
2004-05-25,23.610549723431365,24.292781226163758,23.49015577874471,24.22589683532715,1233200
2004-05-26,24.24595819849546,24.71415652227877,24.24595819849546,24.580385208129883,1414300
2004-05-27,24.78104621365524,25.06196628871053,24.580390475173537,24.70747184753418,1398100
2004-05-28,24.81447563112286,24.81447563112286,24.406476945317383,24.74090385437012,908600
2004-06-01,24.660655169857662,24.78773910868845,24.560328564517857,24.71416473388672,1061300
2004-06-02,24.894752801021976,25.06196634202513,24.58039052746368,25.03521156311035,1028300
2004-06-03,24.86732557343852,25.015066382569664,24.645716921484237,24.719587326049805,1065500
2004-06-04,24.806882367698883,25.149371904003218,24.806882367698883,25.01506233215332,912800
2004-06-07,25.142652136476237,25.518718382230865,25.11579227457654,25.50528717041016,859300
2004-06-08,25.512006898144413,25.512006898144413,25.21652532866822,25.391128540039062,1303600
2004-06-09,25.39112472639663,25.51871739112527,25.12250562389866,25.189659118652344,819700
2004-06-10,25.417997804015307,25.465005787134256,25.156095451854608,25.25682830810547,599400
2004-06-14,25.26353508861876,25.26353508861876,24.83374647893929,24.98148727416992,648700
2004-06-15,25.25010743568157,25.384417035585287,25.05536120565086,25.122514724731445,971800
2004-06-16,25.263532806061715,25.263532806061715,24.813598696499444,25.06878662109375,581900
2004-06-17,25.04863066528832,25.18294019199385,24.961329088668556,25.10906982421875,955100
2004-06-18,24.98148417582878,25.679891860808645,24.974767288655624,25.33740234375,804900
2004-06-21,25.16951560974121,25.41798663443177,25.08221401013681,25.16951560974121,851500
2004-06-22,25.18295133855608,25.51872402307016,25.13594336766349,25.451570510864254,1238000
2004-06-23,25.478425052452597,25.773906592569816,25.32396995727393,25.69331932067871,1185900
2004-06-24,25.71346704503899,26.264133919566383,25.65302787287175,26.055953979492188,1766100
2004-06-25,26.05595342446756,26.324572530987066,25.92164387120781,26.00894546508789,1396700
2004-06-28,25.921644543391626,26.116393272581284,25.861205370944543,26.035808563232425,1324000
2004-06-29,26.035812626315064,26.761080247121683,25.99551898448165,26.754365921020508,1615800
2004-06-30,26.754364562528483,26.95582763798173,26.546184599573,26.80137252807617,1604300
2004-07-01,26.68049783620905,26.75436823843109,25.96865880594669,26.23727798461914,1034300
2004-07-02,26.08953903419115,26.136547009538035,25.65303604000688,26.08282470703125,606600
2004-07-06,25.98880820629192,26.20370253525593,25.72018901421567,25.780628204345703,961200
2004-07-07,25.74032636929469,25.948503722561156,25.518715244117796,25.80747985839844,1094800
2004-07-08,25.80748349542054,25.8141978205806,25.49185641632084,25.498573303222656,729500
2004-07-09,25.67317276818027,26.0022310443667,25.60601927266874,25.854490280151367,981000
2004-07-12,25.90150415736893,26.07610738437912,25.592593908649032,25.988805770874023,496700
2004-07-13,26.022391703187985,26.54619644545564,25.894798962870848,26.53948211669922,1576900
2004-07-14,26.546186034195028,26.94239788075356,26.458886985884025,26.808088302612305,2304400
2004-07-15,26.79465873286136,27.05656099231056,26.7745106316977,26.949113845825195,1330000
2004-07-16,27.298320772687298,27.298320772687298,26.808090390038355,26.94239997863769,1354400
2004-07-19,26.949110710869807,27.06998905682197,26.80136994098566,26.87524032592773,1143900
2004-07-20,26.83493728171809,26.96253246978933,26.7274901854028,26.928953170776367,1577700
2004-07-21,26.92896377527921,26.949111874969397,26.499175220769267,26.593191146850582,1558800
2004-07-22,26.425310671585983,26.49918107604142,26.10968607310697,26.243995666503903,1565800
2004-07-23,26.190271702409383,26.324581300411264,25.78062858128777,25.94851493835449,1045900
2004-07-26,26.022385931872027,26.089539451515314,25.538872392864132,25.666467666625977,1838700
2004-07-27,25.619460299973483,26.04924898409668,25.50529623977303,26.02238655090332,1337200
2004-07-28,26.02237982100994,26.089533324883504,25.720183930094983,25.982086181640625,1517300
2004-07-29,25.988814935919592,26.67379174751591,25.988814935919592,26.53948211669922,813800
2004-07-30,26.526042729830188,26.72079150646229,26.23056368240869,26.49246597290039,944200
2004-08-02,26.49917799980951,26.700641085646293,26.29771491397273,26.65363311767578,650500
2004-08-03,26.65363372374187,26.68721304026332,26.156691604827515,26.52604103088379,830200
2004-08-04,26.22384195860908,27.04312799768961,25.8947862149318,26.82823371887207,1627500
2004-08-05,26.82150935781087,26.834940566712067,26.123104427136777,26.21040344238281,829500
2004-08-06,26.06268171390978,26.06268171390978,25.24339538614249,25.290403366088867,1087000
2004-08-09,25.458296079306997,25.78063769137161,25.411288087656533,25.572460174560547,721400
2004-08-10,25.485139933651123,25.98208192916187,25.485139933651123,25.914928436279297,706700
2004-08-11,25.70674350952223,26.10295518864482,25.606013289790685,25.94178581237793,1094400
2004-08-12,25.914938763397224,25.914938763397224,25.606028474249992,25.666467666625977,706700
2004-08-13,25.686603327714145,25.78061924374085,25.32396831297549,25.653026580810547,1453000
2004-08-16,25.65303277863314,26.660350799560547,25.65303277863314,26.660350799560547,1427100
2004-08-17,26.660349369010152,26.82151880913482,26.52603979441156,26.552902221679688,957500
2004-08-18,26.539471147863157,26.86181259155273,26.364867931442497,26.86181259155273,768700
2004-08-19,26.76107832615415,26.86181114263581,26.599908893873817,26.8550968170166,763400
2004-08-20,26.85509478884962,27.022981095811883,26.72078523093146,26.87524032592773,797100
2004-08-23,26.969257525964224,26.98268873856669,26.673778533935547,26.673778533935547,868100
2004-08-24,26.96255513147969,27.25803425425804,26.881967820204952,26.996131896972656,789500
2004-08-25,27.002846055771077,27.29161084833432,26.80138290233561,27.271465301513672,1112800
2004-08-26,27.33188707955277,27.855691456906584,27.318455869653786,27.68780517578125,1266200
2004-08-27,27.687812106215485,27.687812106215485,27.23116110231264,27.33189392089844,940700
2004-08-30,27.338614506966863,27.51993208489629,27.123720169067383,27.123720169067383,682000
2004-08-31,27.231158435024625,27.345322455688983,27.0498409163754,27.25130653381348,723900
2004-09-01,27.36547354702919,27.70124622858783,27.244595176728694,27.44605827331543,782100
2004-09-02,27.4999712613625,28.389676024878774,27.4999712613625,28.322275161743164,1077200
2004-09-03,28.308805881595944,28.67951592057149,28.27510543644892,28.511011123657227,1494700
2004-09-07,28.308804119654884,28.504270288992604,28.221180910782977,28.26836204528809,2290900
2004-09-08,28.47732111957701,28.47732111957701,27.95832584625257,28.039207458496094,1589300
2004-09-09,27.93808079628097,28.106585502445306,27.796537460185604,27.81675720214844,1265800
2004-09-10,27.90439697882363,28.04594039916992,27.65500801400859,28.04594039916992,777700
2004-09-13,27.742641104404104,28.126831994145384,27.70219901083863,28.059431076049805,866600
2004-09-14,28.187483819516213,28.26162634574883,27.668488707067183,28.04594039916992,1275500
2004-09-15,28.07963940138012,28.106600786110004,27.64826753041868,27.965057373046875,961000
2004-09-16,27.85046244781871,28.58514319665638,27.85046244781871,28.315534591674805,777800
2004-09-17,28.443599815747035,28.618843609035093,28.36945732087117,28.484039306640625,965000
2004-09-20,28.362721557112668,28.618846933115087,28.254876045728267,28.450342178344727,479900
2004-09-21,28.376188697127567,28.6390581726645,28.376188697127567,28.537954330444336,619900
2004-09-22,28.54469915249519,28.57840215416131,28.153769530712957,28.295312881469727,1721500
2004-09-23,28.27509020860963,28.362713375744853,27.769576090116647,27.81675720214844,1019300
2004-09-24,27.83698838862148,28.106597057798645,27.83698838862148,28.0054931640625,1374900
2004-09-27,28.00549649580155,28.09311970938525,27.76959081059058,27.87743377685547,921100
2004-09-28,27.90439122731533,28.409905542511773,27.90439122731533,28.308801651000977,1288800
2004-09-29,28.308801651000977,28.409905542511773,28.072895999047475,28.308801651000977,1348500
2004-09-30,28.409913289991856,29.00304839699027,28.28858961556503,28.80758476257324,2263700
2004-10-01,29.117625916493864,29.17828773892905,28.6188506463402,28.787355422973636,1251000
2004-10-04,28.848009095434445,29.15805717976404,28.848009095434445,29.01651382446289,1016500
2004-10-05,28.98281478881836,29.056957284550368,28.733428497774717,28.98281478881836,1039100
2004-10-06,28.81432602656019,29.104154540825814,28.81432602656019,29.083934783935547,851900
2004-10-07,29.07717317264384,29.07717317264384,28.55143928527832,28.55143928527832,790400
2004-10-08,28.40316525756599,28.61211211003842,28.214440727061145,28.443607330322266,1086900
2004-10-11,28.59187777227879,28.78734385168746,28.396414264047927,28.578399658203125,966900
2004-10-12,28.5649296239639,28.5649296239639,28.086374118148733,28.308801651000977,1190700
2004-10-13,28.308804264507657,28.3492463390814,27.722408324672976,27.931352615356445,1248200
2004-10-14,27.735902041066637,28.21445524461381,27.735902041066637,28.059431076049805,1313400
2004-10-15,28.2413951133342,28.915414065240235,28.153771929656504,28.59188270568848,946600
2004-10-18,28.44359829435108,28.82778886435981,28.31553305689612,28.64580345153809,760700
2004-10-19,28.64580544479061,28.928892170314743,28.200953039553934,28.23465347290039,1000800
2004-10-20,28.20770617338676,28.450353528447383,28.052682045693476,28.409914016723636,858100
2004-10-21,28.40989928790543,28.612104455231595,28.059409131323573,28.275094985961918,1217000
2004-10-22,28.40990616782825,28.558188621814757,27.97853178290902,28.0054931640625,1140100
2004-10-25,27.938092222388786,28.261621081999643,27.80328788808956,28.17399787902832,589900
2004-10-26,28.24139313716407,28.746907315720627,27.87742231152061,28.64580345153809,1014600
2004-10-27,28.511011206092878,28.511011206092878,27.89765384639869,28.342506408691406,1626300
2004-10-28,28.17398734419576,28.295310942581803,27.452787382222013,28.20094871520996,1660800
2004-10-29,28.066155698133684,28.699735315420902,28.066155698133684,28.443607330322266,1187200
2004-11-01,28.57841228343014,28.57841228343014,28.1807408918937,28.423385620117188,868700
2004-11-02,28.37620253122233,28.8008352759174,28.2279200804996,28.308801651000977,902500
2004-11-03,28.72668736657866,28.93563416988509,28.56492425597482,28.65928649902344,754600
2004-11-04,28.477311949342496,29.48160171508789,28.477311949342496,29.48160171508789,927000
2004-11-05,29.48160171508789,29.78490830612564,29.24569344617276,29.48160171508789,1019700
2004-11-08,29.34006115011376,29.45464577532827,29.198517705301487,29.434423446655277,1027700
2004-11-09,29.43441435882222,29.63662215604237,29.380494165094746,29.447895050048828,855600
2004-11-10,29.555733579918687,29.805122473472935,29.44789063744445,29.656837463378903,1153700
2004-11-11,29.859045537911765,29.89274597858813,29.670321013181056,29.704021453857425,1155700
2004-11-12,29.79165112263161,30.04777915548469,29.52204239634632,29.973636627197266,795800
2004-11-15,29.973627641210232,30.027547827594585,29.61639580030216,29.838823318481445,500400
2004-11-16,29.72424510307533,29.78490693272157,29.52203986131424,29.535520553588867,880100
2004-11-17,29.859044920973663,30.26345791427066,29.859044920973663,29.91296768188477,1191900
2004-11-18,29.919712357758577,30.256721963178123,29.919712357758577,30.175840377807617,575400
2004-11-19,30.175827969116156,30.175827969116156,29.656833081645967,29.865779876708984,1086200
2004-11-22,29.926447025442624,30.19605310432977,29.629876996134524,30.061248779296875,1194900
2004-11-23,30.12865894560206,30.142139638229185,29.805130036088624,29.91971206665039,1295900
2004-11-24,29.993850197101224,30.18257472387879,29.95340812514367,30.148874282836918,817100
2004-11-26,30.14888165941011,30.46567153930664,30.115181210122696,30.46567153930664,925400
2004-11-29,30.36455478253465,30.4926200353338,30.014064601533303,30.216272354125977,1376400
2004-11-30,30.16235626068264,30.37130311794531,30.00059053712784,30.26346015930176,1381800
2004-12-01,30.3982476357576,30.74199867248535,30.24322361629953,30.74199867248535,1302400
2004-12-02,30.9981442353364,31.092506512240018,30.67461275569656,30.829639434814453,1687100
2004-12-03,31.275956298606893,31.275956298606893,30.57266931083296,31.086610794067383,1311000
2004-12-06,31.086618357397207,31.106904643636625,30.870222705377863,30.998706817626957,1021900
2004-12-07,30.53208425268359,30.68085455409084,30.09252942030706,30.18044090270996,1530100
2004-12-08,30.187212270601524,30.34274643499578,29.92348031447044,30.20749855041504,937200
2004-12-09,30.20747264130253,30.25481155299596,29.652959111805696,30.085752487182617,1329200
2004-12-10,30.626773554440952,30.626773554440952,29.88967514038086,29.88967514038086,826100
2004-12-13,29.855835578700404,30.05870596569609,29.78144916822004,29.88288307189941,1534300
2004-12-14,29.68002762467823,29.99109587996044,29.68002762467823,29.835561752319336,871300
2004-12-15,29.84232954936363,30.16692289122307,29.78822936923444,30.0249137878418,1071300
2004-12-16,30.031684134326827,30.06549546734909,29.59889288050736,29.713851928710938,1439700
2004-12-17,29.078189886871023,29.61241771553396,29.037614739754066,29.17962646484375,3125500
2004-12-20,29.51772377503455,30.024901141755848,29.51772377503455,29.65973281860352,1259100
2004-12-21,29.686805109220863,29.97082340886395,29.619179861944357,29.930248260498047,1317100
2004-12-22,29.51773006200369,30.07224389468698,29.483916166643606,29.828798294067383,1802900
2004-12-23,29.8896717284277,30.03168085941896,29.75442383144785,29.984344482421875,684800
2004-12-27,30.12633792299875,30.227774437813192,29.68002190116313,29.84908103942871,757500
2004-12-28,29.80175308335493,30.092535089466924,29.80175308335493,30.06548500061035,617000
2004-12-29,30.06548485811445,30.06548485811445,29.90318948502114,29.991098403930664,428400
2004-12-30,29.9978636977772,30.16015907888764,29.92347723991885,30.0249137878418,534200
2004-12-31,30.12632602016004,30.139851055434107,29.84906924613348,29.855833053588867,545200
2005-01-03,29.991105059490867,30.126352953508167,29.42982978183173,29.74089813232422,1382800
2005-01-04,29.68678583769096,29.73412219023585,29.13903329870868,29.31485366821289,1776800
2005-01-05,29.220182151318134,29.612400607939357,28.71976852416992,28.71976852416992,2078100
2005-01-06,28.604810169600785,29.084937578542604,28.56423762101525,29.0037899017334,2095900
2005-01-07,29.024085402015245,29.166097106120784,28.895601324589137,28.99703788757324,1226200
2005-01-10,28.827984325796216,29.1255276801553,28.76035907732406,28.895606994628903,797100
2005-01-11,28.89559158298532,28.99026430071259,28.53718698597835,28.82120513916016,828000
2005-01-12,28.760353509045427,28.990274150056997,28.503385353521114,28.96998786926269,1081600
2005-01-13,28.841498480494,28.915882356255352,28.47633001560667,28.523666381835938,1093300
2005-01-14,28.46956271468571,28.570999246825565,28.31402859047259,28.530424118041992,1829100
2005-01-18,28.30050572652716,28.73329939462685,28.23964431848489,28.67919921875,1025600
2005-01-19,28.57100781483886,28.598057908806496,28.25317565981655,28.28022575378418,1150800
2005-01-20,28.259919014277727,28.266680243055355,27.867700674611505,27.98266220092773,1970800
2005-01-21,28.030017062813855,28.07058962156309,27.76628511238874,27.827146530151367,2255800
2005-01-24,27.79332513804564,28.02324570103083,27.773038864135746,27.773038864135746,1107300
2005-01-25,27.860966044430576,28.32080742942751,27.786579558675257,27.86772727966309,1736900
2005-01-26,28.165263413788207,28.395184026214014,27.908292710573797,28.34784507751465,3124900
2005-01-27,28.34784776355544,28.98351205912536,28.34784776355544,28.794166564941406,2224600
2005-01-28,28.80092609832957,28.84826246908127,28.62510566120021,28.841501235961918,1466300
2005-01-31,29.21343779762155,29.247249130399343,29.017328456015257,29.17962646484375,1245800
2005-02-01,29.17962646484375,29.335160659333084,29.03085350505424,29.17962646484375,1171600
2005-02-02,29.31487179595494,29.375733226810706,29.14581255242662,29.17962646484375,1270800
2005-02-03,29.111985585850373,29.125510627626102,28.841492489249607,29.071413040161133,909900
2005-02-04,29.04436015810843,29.89641707077792,29.04436015810843,29.84231948852539,1256200
2005-02-07,29.774703204941137,30.40360358728986,29.76117816041726,30.241308212280277,1496800
2005-02-08,30.329211204117208,30.329211204117208,30.05871810542532,30.18044090270996,936500
2005-02-09,30.13311676701049,30.207500658062944,29.62593909917487,29.74089813232422,996600
2005-02-10,29.75442383144785,30.160164942748327,29.686801172777464,29.984344482421875,834000
2005-02-11,30.01138618222796,30.545611227411328,29.828801959327937,30.32245445251465,840000
2005-02-14,30.227791309751872,30.349514163614916,30.16016606891731,30.295413970947266,538600
2005-02-15,30.22779033310851,30.59972011694466,30.166928908143387,30.559144973754883,724500
2005-02-16,30.363032264985044,30.626764194802348,30.261595716760585,30.53885269165039,991700
2005-02-17,30.39683558240504,30.613231087297027,30.34273541636309,30.430646896362305,971800
2005-02-18,30.464471865031484,30.741728891173185,30.45094681745883,30.56590843200684,791300
2005-02-22,30.376539082219036,30.56588703605457,29.88965060861813,29.9234619140625,1190000
2005-02-23,30.024916145845296,30.173686493607097,29.82204303406678,30.10606384277344,1006200
2005-02-24,30.10606451699595,30.349510192871094,29.95729158626362,30.349510192871094,1299800
2005-02-25,30.241302791287943,30.741716450775964,30.139866265361395,30.71466636657715,1349700
2005-02-28,30.498272624117085,30.633520473330627,30.166918102163983,30.31569099426269,1333400
2005-03-01,30.31569613530449,30.829634953905693,30.31569613530449,30.70115089416504,1423800
2005-03-02,30.43064864604919,31.039262650825396,30.32921211870714,30.951351165771484,1626900
2005-03-03,31.16182518005371,31.25687172385566,30.924206230724767,31.16182518005371,1208900
2005-03-04,31.36550222871557,32.02404022216797,31.29760997847724,32.02404022216797,2096700
2005-03-07,32.45174190792388,32.83193061763484,32.268436775910935,32.41779708862305,2493300
2005-03-08,32.56715551531856,32.56715551531856,32.288803869453595,32.40421676635742,1526600
2005-03-09,32.621484928655704,32.933781566316135,32.51965041976209,32.682586669921875,2548100
2005-03-10,32.58752377495092,32.71651512422356,32.05797734235155,32.41779708862305,1802000
2005-03-11,32.34990417769342,32.81834885223667,32.261645584580016,32.48568344116211,1304700
2005-03-14,32.58752305815056,32.83871782323985,32.424584303337404,32.7979850769043,1063800
2005-03-15,32.79798579833401,32.81835217194977,32.36348330588275,32.41779708862305,1343700
2005-03-16,32.424586645779826,32.444955610242765,31.8339384728314,31.88825225830078,1652300
2005-03-17,31.9425475670272,32.64182296312335,31.82034420032389,32.56035232543945,1708500
2005-03-18,32.567146051157664,32.62145722514593,32.22769279680688,32.519622802734375,1586100
2005-03-21,32.48568780256878,32.49247832054795,32.10550167009657,32.18696975708008,929600
2005-03-22,32.11228247048288,32.682564132433015,32.03081440158235,32.28200912475586,1769300
2005-03-23,32.180177508534115,32.62825581152175,32.180177508534115,32.48568344116211,1641900
2005-03-24,32.56714391259995,32.791181699051926,32.42457158686946,32.458518981933594,1042600
2005-03-28,32.621474703806705,32.71652125157943,32.45174798569135,32.553585052490234,946700
2005-03-29,32.621461795719526,32.69614193651174,31.68456995729361,31.69136047363281,1307800
2005-03-30,31.820354032861133,32.28880127991556,31.69815062839679,32.24806594848633,1285400
2005-03-31,32.34991521719815,32.6078979776848,32.288813491856715,32.49248504638672,1040800
2005-04-01,32.79119123863778,32.85908345869455,32.24806642730055,32.34311294555664,1386900
2005-04-04,32.180182980062604,32.52642430449596,32.0783459253225,32.42458724975586,1137700
2005-04-05,32.41779932135766,32.54000275111623,32.254860551738275,32.42458724975586,964000
2005-04-06,32.64862078822661,32.95412929762578,32.61467597380967,32.72330093383789,1234900
2005-04-07,32.757250965266714,33.015236257604954,32.48568722703449,33.008445739746094,1220400
2005-04-08,33.008446922284655,33.13065034988476,32.859089191747515,32.87945556640625,1162200
2005-04-11,32.9269817168463,33.55157476609154,32.70294121668829,33.184967041015625,2097100
2005-04-12,33.18495516458464,33.19853360729444,32.41778998533104,33.06275177001953,1680800
2005-04-13,32.8930304716301,32.8930304716301,31.895036783611264,32.01045227050781,1906700
2005-04-14,31.942553955712576,31.942553955712576,31.087132807523076,31.45374298095703,2360700
2005-04-15,31.093934198651382,31.107512646861124,30.286035953853304,30.39466094970703,2153100
2005-04-18,30.224925547125306,30.652637478450583,30.08235576662469,30.49648666381836,1864900
2005-04-19,30.598318278812435,31.14823352163592,30.51005970136158,31.09391975402832,1419300
2005-04-20,31.02604454742688,31.08714626945861,30.37429457230452,30.39466094970703,1185200
2005-04-21,30.40144874714441,31.44017801718217,29.87869014754385,31.39944267272949,1744100
2005-04-22,31.406230972204103,31.446966317137097,30.747693062978147,31.05320167541504,1312200
2005-04-25,31.29759210833049,31.63025746999336,31.046397400435914,31.32474899291992,816700
2005-04-26,31.161808025240067,31.52162762578516,30.69336090320837,30.71372985839844,896500
2005-04-27,30.713737297996005,31.04640009874829,30.11629873421912,31.03282165527344,1854600
2005-04-28,31.127874115419974,31.413016303209407,30.584749221801754,30.58474922180176,1904800
2005-04-29,31.29760667326118,31.793210983276364,31.195772193394813,31.793210983276367,2142300
2005-05-02,31.772838657052223,31.96293432772666,31.555588681844867,31.745681762695312,1137600
2005-05-03,31.77282999235762,32.173385010503765,31.589524890173124,31.97650146484375,1219800
2005-05-04,32.20054626464844,32.22091263771225,31.908616164890148,32.20054626464844,1211100
2005-05-05,32.14623784052854,32.282019726503734,31.813574939204575,32.06476974487305,1152400
2005-05-06,32.14622606689632,32.43815610838449,31.87466498422989,32.04439163208008,980400
2005-05-09,32.04439368222131,32.139440196726625,31.77282999235762,31.97650146484375,1188500
2005-05-10,31.806774496670812,31.813565013254145,31.3586962256316,31.406219482421875,1490400
2005-05-11,31.36547856667108,31.82034464590761,31.14822870945026,31.786399841308597,1877200
2005-05-12,31.738895061932407,32.4245898371168,30.44897101813814,30.639066696166992,2431300
2005-05-13,30.73412225127127,30.910636943524963,29.518878018635743,29.78365135192871,2609800
2005-05-16,29.80401869408105,30.53723691618321,29.72254798842826,30.503292083740234,1196100
2005-05-17,30.482897674148724,31.14822561961627,30.24527888588168,31.046388626098636,1408200
2005-05-18,31.908614847674425,32.89303007902483,31.311176227503548,32.77761459350586,2501000
2005-05-19,32.6554203558142,32.72331259867288,32.13945225920953,32.302391052246094,1392300
2005-05-20,32.05118331540201,32.24806687154379,31.820354943675916,32.07155227661133,879700
2005-05-23,32.03760232823105,32.57393917729124,32.01044803181302,32.28200912475586,941000
2005-05-24,32.132659609555,32.3023863070325,31.874674304238525,31.9697208404541,1075600
2005-05-25,31.820357838024144,32.13944483115201,31.385857943447096,31.711732864379883,1056000
2005-05-26,31.85429698356312,32.01044778332654,31.7049392900421,31.840721130371094,801200
2005-05-27,31.772828915295,31.874665942997545,31.650625517981226,31.840721130371094,772900
2005-05-31,31.77962171951513,32.05118282989949,31.58273816635569,31.82035446166992,742300
2005-06-01,31.833926125502725,32.641826537146954,31.786402876561635,32.51283264160156,949400
2005-06-02,32.21411435585411,32.56035553576988,31.881449027068307,32.519622802734375,977700
2005-06-03,32.43785645624569,32.74451739366919,32.056236267089844,32.056236267089844,699000
2005-06-06,31.994910956136323,32.19935075849385,31.68824995280347,32.01535415649414,1011700
2005-06-07,32.1857071616295,32.594589188972,31.988080978393555,31.988080978393555,1102400
2005-06-08,32.19933576798282,32.206149298398984,31.538311535162222,31.59964370727539,923300
2005-06-09,31.456524788551203,31.98125482682907,31.2180123164208,31.797258377075195,869700
2005-06-10,31.804083971600832,32.076671985677216,31.62009005163003,31.695049285888672,698800
2005-06-13,31.5655700138907,32.1857052488943,31.483794653118757,31.722307205200195,788200
2005-06-14,31.65416169844653,32.09030042469176,31.647345568578523,31.933563232421875,685000
2005-06-15,32.13119162121858,32.315185546875,31.83134427655056,32.315185546875,786400
2005-06-16,32.37652292635177,33.2011006571443,32.36970939451045,32.96258544921875,1241300
2005-06-17,33.25561121765077,33.25561121765077,32.7104377746582,32.7104377746582,1341900
2005-06-20,32.485542880109826,33.18745592225503,32.25384650843215,33.01027297973633,1524800
2005-06-21,32.88080958138172,33.27606201171875,32.80584773427694,33.27606201171875,1704300
2005-06-22,33.173837643614746,33.494128196000965,33.173837643614746,33.47368240356445,1764400
2005-06-23,33.3442025050778,33.49412617580611,32.16526412963867,32.16526412963867,1269200
2005-06-24,32.0766688406618,32.471921162360125,31.415644661072676,31.66778945922852,2251700
2005-06-27,31.545134144052824,32.02897549032361,31.27936221017429,31.67461204528809,1525100
2005-06-28,31.72914323142647,32.47875680767864,31.72914323142647,32.14483642578125,862600
2005-06-29,32.17208580411663,32.328823045193346,32.04260789181655,32.22660446166992,738300
2005-06-30,32.13120853277076,32.560531384723056,31.688253412967185,31.75639915466309,1715300
2005-07-01,31.797279702118587,31.994905939903603,31.42247302329396,31.545137405395508,1030400
2005-07-05,31.54515145399688,31.58603786651097,31.19078781450945,31.37478446960449,1157000
2005-07-06,31.23165049849264,31.599640898874785,31.21120470987741,31.38838768005371,1262200
2005-07-07,31.04766062654335,31.79727384613927,30.35937698711065,31.74275779724121,1599500
2005-07-08,31.88587395758045,32.34927219647118,31.81091209546681,32.26749420166016,1333900
2005-07-11,32.540077288126206,33.08525083795641,32.540077288126206,33.051177978515625,1431500
2005-07-12,32.894427396586536,32.90805705475034,32.34925406799213,32.751319885253906,1213400
2005-07-13,32.73770830248726,32.908075224211785,32.4037879920863,32.69681930541992,591100
2005-07-14,32.69681140530844,33.07843415361821,32.642295355316925,32.64910888671875,745500
2005-07-15,32.655926467348884,32.799036640455434,32.567337550178905,32.62866973876953,655800
2005-07-18,32.54007008538249,32.76495558717985,32.37651675683968,32.56732940673828,475800
2005-07-19,32.710441839967814,33.017102752135976,32.60822066938097,32.72407150268555,1059700
2005-07-20,32.60820902240694,33.23516028552706,32.59458196414886,33.173828125,961000
2005-07-21,33.289680989173064,33.35101315830742,32.7104347470311,32.785396575927734,773300
2005-07-22,32.93532674384418,33.26924437545216,32.81266238132916,33.19428253173828,743000
2005-07-25,33.119308631408494,33.38508305316782,32.98301725564436,33.03071975708008,932100
2005-07-26,32.60821676120491,32.85354546153619,32.30837201612893,32.315185546875,1850900
2005-07-27,32.54008353434107,33.18747838635652,32.45830813606752,32.81267166137695,1412000
2005-07-28,33.11932360761833,34.15515464928408,33.11932360761833,34.059749603271484,1840400
2005-07-29,34.14833021880001,34.35276990923608,33.637229692913984,33.65767288208008,1272000
2005-08-01,34.30508627375509,34.30508627375509,33.67132106503501,34.03931427001953,1142400
2005-08-02,34.10744950705962,34.788917040066174,34.10744950705962,34.76165771484375,1400900
2005-08-03,34.584468608802595,35.2386766521804,34.4345449573483,35.10238265991211,1347700
2005-08-04,34.89112967632228,34.897943206165294,34.53676633387655,34.584468841552734,1544200
2005-08-05,34.49587707474635,34.72076255160742,34.43454490829258,34.536766052246094,773100
2005-08-08,34.67306032706209,34.7889085315352,34.44817484836719,34.584468841552734,668900
2005-08-09,34.71395243571259,34.932021820970604,34.57766101962043,34.88431930541992,1100400
2005-08-10,35.006969673414496,35.25911441154953,34.37320496334075,34.59127426147461,1115000
2005-08-11,34.679888905875394,35.01380920410156,34.557224518738664,35.01380920410156,806200
2005-08-12,34.809357496816304,35.16371827200794,34.78891170623806,34.918392181396484,914100
2005-08-15,34.829789820574284,35.102375147179536,34.72756869835286,34.979713439941406,793900
2005-08-16,34.82299595354144,34.95929000376676,34.39367320478193,34.441375732421875,1127100
2005-08-17,34.31869868146501,34.55039770145901,34.05292681138785,34.37321472167969,767800
2005-08-18,34.18921919347026,34.441364010428,34.01885233857055,34.39366149902344,777700
2005-08-19,34.61855180554057,34.6321814688009,34.24374516445508,34.34596633911133,746400
2005-08-22,34.48226061750163,34.918402079038856,34.182415799812915,34.325523376464844,935100
2005-08-23,33.39190315140569,33.90300370984558,32.84672974232153,33.3714599609375,3748800
2005-08-24,33.33056361621427,33.55544906004478,33.07842145764567,33.38508224487305,1804000
2005-08-25,33.39191691080729,33.45324910707616,32.82629747859512,33.22154998779297,1622000
2005-08-26,33.00347064114745,33.18065104414968,32.64910723555085,32.99665451049805,1101900
2005-08-29,32.60821604864421,33.24879710764269,32.47192463996469,33.18064880371094,1045100
2005-08-30,32.96257868106442,32.96939481109865,32.30155704529961,32.57414245605469,1411600
2005-08-31,32.54005716517442,32.91486358642578,32.42420899479839,32.91486358642578,1464100
2005-09-01,32.81266223587788,32.989842647840675,32.642295355316925,32.64910888671875,1231400
2005-09-02,32.62859189996287,32.84748370884193,32.28657312241483,32.76539993286133,1026500
2005-09-06,32.9022069415318,33.21002437803436,32.85432451911988,32.99797439575195,1004700
2005-09-07,32.867995083488736,33.20317454268686,32.867995083488736,33.080047607421875,822200
2005-09-08,32.902195153417544,33.13476795440541,32.854312748160815,32.9227180480957,867400
2005-09-09,33.17582134249442,33.50415905502456,32.902205277354554,33.483638763427734,673000
2005-09-12,33.44943828456393,33.77093416872619,33.34683160509744,33.56572341918945,863200
2005-09-13,33.49047864694785,33.627286682198026,33.134778799055894,33.14162063598633,1051100
2005-09-14,32.936406765188224,33.21002020035171,32.89536357568551,33.04585266113281,752500
2005-09-15,33.107425700720746,33.162147359796364,32.77224607981942,32.98429870605469,808500
2005-09-16,33.25791235972436,33.48364605402454,32.820128647696215,33.40840148925781,1573200
2005-09-19,32.9705828339348,33.13475024725702,32.71748988291655,33.01162338256836,1004400
2005-09-20,33.210015000708815,33.51783235029472,32.62858425879867,32.64226531982422,1171200
2005-09-21,32.45758929982042,32.52599202587825,31.63674354014277,31.69830703735352,1881400
2005-09-22,31.568339267920862,31.6572622855614,31.00058675374084,31.46573257446289,3676500
2005-09-23,31.493091968583084,32.40286062658176,31.20579481752282,32.09504318237305,1797800
2005-09-26,32.52598235931342,32.7243538590815,32.15660148582718,32.25236892700195,1405500
2005-09-27,32.30025985028565,32.51915169754597,32.26605587901644,32.3344612121582,1241300
2005-09-28,32.225009959449935,32.724357066522366,32.225009959449935,32.594390869140625,1454300
2005-09-29,32.614907895709514,32.99112799521931,32.272889148992256,32.7243537902832,2055400
2005-09-30,32.765398898454855,33.039012346217575,32.669631451871986,32.785919189453125,1716800
2005-10-03,33.03899963694764,33.14160627126104,32.799587636076495,32.87483215332031,1139700
2005-10-04,33.14160977201813,33.7777647094102,33.03216390157409,33.271575927734375,1600000
2005-10-05,32.94324938384581,32.9637696760119,32.17712803335533,32.354976654052734,2680900
2005-10-06,32.28655753668944,32.361802048930535,31.70512432989593,31.84193229675293,2088500
2005-10-07,31.97876098515418,32.49178923625291,31.814590796668075,31.889835357666016,1190300
2005-10-10,31.85563434087352,32.108727550190096,31.718826283887363,31.90351676940918,1207400
2005-10-11,31.84193814338141,31.97874613535828,31.55464370868585,31.739334106445312,1342100
2005-10-12,31.568342882640145,31.965083416686607,31.547819975960618,31.75303077697754,1217900
2005-10-13,31.56149741356755,32.02664323404724,31.4794136244819,31.896677017211918,1080900
2005-10-14,31.602525641657127,32.10187258691579,31.602525641657127,31.828256607055664,1072900
2005-10-17,31.547803750388606,32.21816008061324,31.534122689437627,32.149757385253906,1668900
2005-10-18,31.94455405442726,32.03347966641218,31.794064958667587,31.84878921508789,1038100
2005-10-19,31.670918579166283,31.944534474769,31.32890001436018,31.937692642211918,1334000
2005-10-20,31.81458332129426,32.423378894777784,31.664096844054345,31.72566032409668,1811400
2005-10-21,31.937705705025603,32.368650003571936,31.75301529136289,32.10871505737305,1161500
2005-10-24,32.29339891665467,32.69698101065802,32.25235835043423,32.56017303466797,836200
2005-10-25,32.69699166429079,33.073211763800586,32.163443254418574,32.7243537902832,1337300
2005-10-26,32.69701650746861,33.75727490599676,32.62861374991116,33.230567932128906,1341700
2005-10-27,33.2920905563741,33.476780920629466,32.83378686719573,33.10740280151367,1291400
2005-10-28,33.517830697562935,33.81196697161972,33.2578957696858,33.791446685791016,1149000
2005-10-31,33.93510592464932,34.12663561860843,33.72305332819718,33.79829788208008,1830000
2005-11-01,33.79827655991803,33.839319729615,33.415214804263826,33.55886459350586,1452600
2005-11-02,33.59308867487803,33.948788558232344,33.33999548054003,33.78461837768555,1365500
2005-11-03,33.743563381546736,33.846167417356,32.80643034290408,32.9227180480957,2094300
2005-11-04,33.141611123342265,33.26473805878664,32.97060178071345,33.20317459106445,1655100
2005-11-07,33.23053666372252,33.23053666372252,32.77906949482059,33.080047607421875,928600
2005-11-08,32.99796954802638,33.12793573128024,32.86116152863521,33.018489837646484,867900
2005-11-09,33.14161865791697,33.189501075987216,32.49178248631152,32.71067428588867,1591100
2005-11-10,32.90221358748437,33.85986744795288,32.81329056184133,33.81198501586914,1138300
2005-11-11,33.85984930219728,34.037697867569776,33.61359543522349,34.01717758178711,762700
2005-11-14,34.099268430948406,34.17451297367178,33.702528036674245,33.8872184753418,816400
2005-11-15,34.106122795930666,34.19504843448791,33.880389084838484,34.14716339111328,866700
2005-11-16,34.201883654926746,34.379732301797844,34.00351210347298,34.33869171142578,1509800
2005-11-17,34.37288329275065,34.817508697509766,34.35236300340346,34.817508697509766,1471600
2005-11-18,35.24159590804305,35.48100787783756,35.029543442371654,35.28947830200195,1648600
2005-11-21,34.88592008814876,35.433149685299234,34.84487688983877,35.32370376586914,1332200
2005-11-22,35.32369859287947,35.58363359198339,35.24845404502864,35.515228271484375,1187000
2005-11-23,35.46734691080448,36.137706024729326,35.46734691080448,35.740962982177734,1300900
2005-11-25,35.18687892606898,36.05560663867393,35.12531546267508,36.000885009765625,395000
2005-11-28,35.91196112858959,36.15137315902202,35.71358966943391,35.918800354003906,1437000
2005-11-29,36.076138765413226,36.43183596783618,35.99405238695011,36.1103401184082,972600
2005-11-30,36.13769085616849,36.37710286108128,35.508375199919655,35.56993865966797,1326200
2005-12-01,35.88461970999266,36.56865745944459,35.768334545096366,36.41817092895508,1361700
2005-12-02,36.22661543721745,36.3702626465617,35.98720342164369,36.34290313720703,1201200
2005-12-05,36.17132826469357,36.37037415009662,35.80755411799596,36.30860137939453,1605900
2005-12-06,36.53511769328947,36.95379972003811,36.48020999146751,36.720436096191406,1026100
2005-12-07,36.82338064284432,36.85769827352033,35.99287931818757,35.9997444152832,1521800
2005-12-08,36.205640573548926,36.644912381490194,36.047777431211685,36.22623062133789,785400
2005-12-09,36.33605482185838,36.53510071226901,36.164464078732045,36.35664749145508,751700
2005-12-12,36.3909690493272,36.6449226434851,36.288013545017854,36.631195068359375,523000
2005-12-13,36.56941482228596,36.85768860452892,36.43214433559252,36.706687927246094,744700
2005-12-14,36.7615963831377,37.19400310753681,36.73414123986159,36.94691467285156,937400
2005-12-15,36.91945423989667,36.96063433064414,36.2468190356041,36.40468215942383,1549600
2005-12-16,36.6723484693674,36.7272561076972,35.86244051244803,35.91735076904297,1337700
2005-12-19,35.78009794596008,36.17818705795944,35.49868926770079,35.51241683959961,985600
2005-12-20,35.49182223348262,36.10954984384626,35.49182223348262,35.87618637084961,788400
2005-12-21,36.13700201581295,36.775319621299154,36.020318979772306,36.452728271484375,914300
2005-12-22,36.55568694695884,36.94005111400796,36.51450684859883,36.89200592041016,796000
2005-12-23,36.89200636845629,37.24205030010104,36.89200636845629,37.11850738525391,813300
2005-12-27,37.07731177697337,37.27635757981489,36.809630754383775,36.84394836425781,1145200
2005-12-28,37.11164276194828,37.194005578982825,36.802778925235295,36.9400520324707,614200
2005-12-29,37.04986415261134,37.24204490147795,36.76159302931143,36.76845550537109,689200
2005-12-30,36.50764036869455,36.57627822713573,36.322322078303216,36.34977722167969,667400
2006-01-03,36.44586747199561,36.99495986445146,36.0134607475965,36.94691467285156,1327200
2006-01-04,36.68609297719647,36.78218335235236,36.46645708590692,36.65177536010742,1047000
2006-01-05,36.65178361772932,36.720418867370896,36.26741941224242,36.548828125,1065800
2006-01-06,37.049872403949394,37.3381462097168,36.8576916122824,37.3381462097168,1339400
2006-01-09,37.434228550109765,37.434228550109765,36.55568236668518,36.65177536010742,1253800
2006-01-10,36.30859089771259,36.32918094258033,35.704590938353135,35.8281364440918,1901700
2006-01-11,35.65654423541942,35.99286050583655,35.416315709712585,35.81440734863281,1302800
2006-01-12,35.8144024170559,36.17131130058373,35.635946666159164,35.69085693359375,1075500
2006-01-13,35.85558511763184,36.19876643430101,35.67026689243861,35.69085693359375,1044800
2006-01-17,35.48494166228582,35.95853084322403,35.48494166228582,35.91735076904297,1006200
2006-01-18,35.66342474305836,36.1644694735382,35.66342474305836,36.034061431884766,1131600
2006-01-19,35.69086657231081,37.15968258540252,35.69086657231081,36.92631912231445,1598900
2006-01-20,36.68608111584514,36.72039872183862,35.725172438434754,35.78008270263672,1589700
2006-01-23,35.82813011056482,36.33603699480184,35.65653945162367,36.02717590332031,803000
2006-01-24,36.26054515431985,36.78904216505006,36.25368006062585,36.658634185791016,1340600
2006-01-25,34.56522690011768,36.37722405685746,34.56522690011768,35.58790588378906,2194700
2006-01-26,36.10268737102599,36.35664352832216,35.94482421875,35.94482421875,1889200
2006-01-27,35.93108994741078,36.2056361026043,35.59477365647821,35.992862701416016,2304000
2006-01-30,35.95169482031213,36.25369359897246,35.72519377261657,35.76637649536133,1314400
2006-01-31,35.903643056630784,36.3978225478998,35.86932281815013,36.157596588134766,1336700
2006-02-01,35.931074143214204,36.44584599408125,35.848711380189684,36.28798294067383,1799100
2006-02-02,36.04090560936827,36.15758863434858,35.114316976082456,35.54672622680664,1566900
2006-02-03,35.210416716058575,35.47809783170681,34.97019074516059,35.03882598876953,1906400
2006-02-06,35.17609925381317,35.738916632412845,35.10746400989291,35.649688720703125,1839900
2006-02-07,35.86246871604044,36.116422306847824,34.97019729077804,34.983924865722656,1429100
2006-02-08,35.03881191281381,35.279040405472784,34.88781391388044,34.970176696777344,1530600
2006-02-09,35.0525482156686,35.7320485441475,35.03882064538691,35.09373092651367,1183500
2006-02-10,35.18296249088235,35.443781136293374,34.76428330469815,35.35455322265625,1029900
2006-02-13,35.17609711299917,35.313370210752,34.90155091749353,35.13491439819336,1133800
2006-02-14,35.27904689007711,36.63117974604248,35.23100170636732,36.43213653564453,1760200
2006-02-15,36.27427491491674,36.67922909377628,36.05463901637594,36.51450347900391,1546400
2006-02-16,36.51450715126192,36.706687927246094,36.21250579669628,36.706687927246094,1255900
2006-02-17,36.7066746434322,37.20085659514204,36.54881154625061,37.0704460144043,1095400
2006-02-21,37.22832071853169,37.32441109495032,36.734138647502895,36.80963897705078,1086700
2006-02-22,37.2694983360173,37.743090328709016,37.0773175959489,37.544044494628906,2171800
2006-02-23,37.32441938718644,37.64700820565077,37.036145575619386,37.578372955322266,1212100
2006-02-24,37.51660530209557,37.53033287768788,36.98124294533218,37.17342376708984,1048900
2006-02-27,37.269505302495496,38.39514005032944,37.24891525314407,37.91468811035156,1679400
2006-02-28,37.6813286552492,37.74310142818962,37.02928330049297,37.04987335205078,1708800
2006-03-01,37.22146646163685,37.78428393161822,37.14596611010593,37.647010803222656,839800
2006-03-02,37.441089030583,37.674452479923005,37.22831824501191,37.544044494628906,1034500
2006-03-03,37.399251125114304,38.254247254661486,37.3647733111054,37.80606460571289,1004300
2006-03-06,37.87502377668988,37.923289571175566,37.04071203739326,37.413047790527344,947300
2006-03-07,37.51645912759289,37.8681101336322,37.302708826486736,37.53714370727539,936600
2006-03-08,37.819848546288185,37.992227076818736,36.75110218305629,37.19928741455078,1548300
2006-03-09,37.0613878810531,37.62678930900149,36.85453414916992,36.85453414916992,819600
2006-03-10,37.4061418044737,38.13702773410062,37.323400844796886,37.96464920043945,1601100
2006-03-13,38.199080573131184,38.3714590908253,37.89569269860558,38.03359603881836,1223900
2006-03-14,38.15083100090114,38.91618973506227,38.12324979508762,38.78518295288086,1224000
2006-03-15,38.95754301817267,39.467784561931786,38.5783108245842,38.68863296508789,2093500
2006-03-16,38.957549403158815,39.26783129614417,38.819646047355576,39.054080963134766,917900
2006-03-17,39.2471428577,39.35746764312818,38.90238579409987,39.185089111328125,1334700
2006-03-20,39.0609861505325,39.3574775099815,38.71622900050234,39.02650833129883,951100
2006-03-21,39.30231872558594,39.60570409866904,38.7162325686356,38.78518295288086,1650400
2006-03-22,38.62657934125049,39.19887466381269,38.54383838756544,39.14371490478516,752100
2006-03-23,38.957552292518976,38.957552292518976,38.51626362544978,38.736907958984375,1075900
2006-03-24,38.50936450369446,38.57831749736543,38.10255104704288,38.54384231567383,1634300
2006-03-27,38.47489711886794,38.50937230754588,37.88881102047812,38.17840576171875,1346600
2006-03-28,38.26802849516627,38.364560038091895,37.86121511406022,37.99222183227539,825300
2006-03-29,37.99222899591512,38.61279278928662,37.902594049318616,38.52315521240234,1166900
2006-03-30,38.06119714986748,38.36458255286343,37.78539032511565,38.0267219543457,1460700
2006-03-31,37.89571252895861,38.25426034902046,37.806077546659765,38.0267219543457,1159000
2006-04-03,38.30250383520728,38.48867293891631,37.833634084448384,37.909481048583984,1092800
2006-04-04,38.06118198737592,38.06118198737592,37.64747191505849,38.00601959228516,1366200
2006-04-05,37.923279270683,38.56452765786484,37.73021614517889,38.4266242980957,1372200
2006-04-06,38.28872457049067,38.41283734302776,37.93017685319331,38.33699035644531,863100
2006-04-07,38.40593538351267,38.59899848724414,37.68194611423215,37.92327499389648,825100
2006-04-10,38.06118985878455,38.06808384445275,37.419941349820974,37.75090789794922,674300
2006-04-11,37.9232808774573,37.99223124511933,37.34408884611735,37.61299896240234,2152100
2006-04-12,37.475091135231295,37.626785082373495,37.25444682863589,37.3647689819336,1269600
2006-04-13,37.19240918079631,37.37168441410669,37.05450839245163,37.29583740234375,1437500
2006-04-17,36.88899535729473,37.13722079362898,36.7235108563096,37.068267822265625,1136500
2006-04-18,37.164813827920575,38.15771325944296,37.151023229252345,38.10944747924805,1143100
2006-04-19,37.819851276670654,38.35767411934938,37.819851276670654,37.99912643432617,987000
2006-04-20,37.88881027843558,38.52316215460855,37.83364787340058,38.12324523925781,822100
2006-04-21,38.39215744653635,38.47489842823688,38.0129250975965,38.15772247314453,638200
2006-04-24,38.10255674994428,38.10255674994428,37.66816466109556,37.97154998779297,649600
2006-04-25,37.97154666087831,38.04739364347929,37.33719486146632,37.61299896240234,1112300
2006-04-26,38.130122547120166,39.09544317070785,37.86810649838287,38.76447677612305,2253500
2006-04-27,38.2818164643292,39.219555897463046,38.2818164643292,38.76447677612305,1498800
2006-04-28,38.8196430440777,39.01270877938082,38.45420141521604,38.70242691040039,1457200
2006-05-01,38.85413029736412,38.85413029736412,38.02671522999985,38.171512603759766,1617800
2006-05-02,38.399057680171374,38.405954297436764,38.130147473174894,38.199100494384766,1229900
2006-05-03,38.233575689845296,38.41974490167874,38.0267218867933,38.199100494384766,1681100
2006-05-04,38.13013032038293,38.67484710660111,38.09565514043102,38.488677978515625,924800
2006-05-05,38.77827216800991,39.17129497458708,38.47488429606442,39.08165740966797,944700
2006-05-08,38.854116123326776,39.136816781947246,38.709318802389134,38.902381896972656,1187300
2006-05-09,38.99203283328508,39.12993621826172,38.61280049731553,39.12993621826172,836400
2006-05-10,38.750696326838806,38.90928426804021,38.23356070672162,38.61279296875,2399600
2006-05-11,39.06097851186338,39.72980546353168,38.73690601251759,39.37125778198242,2751100
2006-05-12,39.06096817295267,39.09544334603103,38.10254152753684,38.31629180908203,2407500
2006-05-15,38.31630166945979,38.874809086089954,38.171504327096045,38.61279296875,1818900
2006-05-16,38.702423633364496,38.83343035349132,37.93016601811616,38.0887565612793,1434800
2006-05-17,37.92327090967376,37.96464269756954,36.99932202229931,37.48887634277344,1703000
2006-05-18,37.57852688792523,37.90949341460632,37.1648193871459,37.21308517456055,1143700
2006-05-19,37.316508112386,37.8750155664512,37.29582352788698,37.59920883178711,1595500
2006-05-22,37.30270646339503,37.41992521150733,36.39944480398182,36.89589309692383,2057300
2006-05-23,37.219990402363294,37.73023226238251,36.86144256591797,36.86144256591797,1289500
2006-05-24,36.57872094048707,37.25444441443247,36.36497326186106,36.74420547485352,1819100
2006-05-25,36.88901547215634,37.0958692384659,36.7373214827281,36.95796585083008,1070600
2006-05-26,36.971743794971296,37.192388087533466,36.70973034148338,37.08896255493164,1397200
2006-05-30,36.71663242130934,36.74421362153344,36.206390738315584,36.213287353515625,1211900
2006-05-31,36.302934778664245,36.868336385064886,36.24087837648423,36.33740997314453,1418100
2006-06-01,36.39256388623029,37.78538308686685,36.2891383194774,37.75090789794922,2129900
2006-06-02,38.54384674950187,38.75070049373434,37.93017687153263,38.16461181640625,2535300
2006-06-05,38.02609523132675,38.33085714782691,37.37500923203503,37.41656875610352,1575700
2006-06-06,37.64511694401395,37.79749913193873,36.67541907762156,37.18797302246094,2046100
2006-06-07,37.13256834553768,37.17412520843049,36.599233253232455,36.8139533996582,2356400
2006-06-08,36.81395933544182,36.86244411144879,35.51871562719252,36.62694549560547,2090400
2006-06-09,36.52305963035701,36.89015952014122,36.07976859917089,36.50228118896485,2481500
2006-06-12,36.75161855461331,36.80702859053867,35.85118103027344,35.85118103027344,1136700
2006-06-13,35.70573455410766,35.88582315541014,35.27629677305348,35.40789794921875,1960300
2006-06-14,35.207036832750184,35.82348853772207,35.165477311141395,35.78192901611328,1815600
2006-06-15,35.89967660327492,36.95941921256908,35.878895523136045,36.862449645996094,2244000
2006-06-16,36.80010047764204,36.88321684620578,36.32910331874468,36.56460189819336,2032400
2006-06-19,36.60616893915244,36.62002211146835,35.60183904736257,35.80963134765625,1085000
2006-06-20,35.80962251183652,35.80962251183652,35.3871101082325,35.44252014160156,1667900
2006-06-21,35.2693530868402,35.78190967405973,35.15853039801183,35.712646484375,3040400
2006-06-22,35.60876670688747,35.85811854089631,35.324783260871335,35.7403678894043,1303400
2006-06-23,35.74037654209612,36.46765378143549,35.53258417752342,36.30141830444336,1494300
2006-06-26,36.204427690484216,36.46070470325758,36.01741387828038,36.31525039672852,919600
2006-06-27,36.28754050691909,36.36373160541922,35.816543390937845,35.8442497253418,1405100
2006-06-28,36.01743677012812,36.16289116910464,35.84427601642558,35.99665832519531,1297200
2006-06-29,36.43300332156335,37.444263626088265,36.22521104937021,37.368072509765625,2230100
2006-06-30,37.41655931743514,37.589719994038106,37.33344293248795,37.40270614624024,1387400
2006-07-03,37.49966799914949,37.68668180853072,37.43733006268907,37.62434387207031,570000
2006-07-05,37.333442736282855,38.00530436126028,37.03560616271325,37.84599685668945,1696200
2006-07-06,37.85292278533633,38.0330087160687,37.45811667676506,37.90833282470703,1146600
2006-07-07,37.88756207858017,37.9776063833297,37.24340405656934,37.49275588989258,836700
2006-07-10,37.568948689937095,37.98453333578427,37.41656642008919,37.72825622558594,773300
2006-07-11,37.5897271741399,37.95682703314768,37.48582969144353,37.87371063232422,803800
2006-07-12,37.90140192017972,38.28235480165987,37.57585906982422,37.57585906982422,1189000
2006-07-13,37.29880891357265,37.34036842741384,36.529977724177456,36.592315673828125,1078400
2006-07-14,36.43300999374351,36.66850864994981,35.74036719810411,36.1421012878418,1064300
2006-07-17,36.06589478195076,36.391437602627065,35.97585051708299,36.21827697753906,736000
2006-07-18,36.43994166053653,36.69621878153868,36.04513543767116,36.60617446899414,1150900
2006-07-19,36.66849629356092,37.575859001289565,36.60615835727084,37.47888946533203,1272400
2006-07-20,37.47196608160951,37.72824576296027,36.502267962804126,36.53689956665039,1053400
2006-07-21,36.78624797341291,36.78624797341291,35.94815108285596,35.989707946777344,1391200
2006-07-24,36.0451317903503,36.55076071509831,35.878896356490806,36.33604049682617,1693300
2006-07-25,36.19749970531274,37.17412562763239,36.04512013595127,36.80702590942383,1691600
2006-07-26,37.9637451964492,39.12045717192584,37.82521613581997,38.47629928588867,2841900
2006-07-27,38.40010488086687,38.573265531264,37.38192205324262,37.65897750854492,2094100
2006-07-28,37.575856952988005,37.942956645451005,37.125638255188015,37.714385986328125,1797200
2006-07-31,37.33345186861485,38.1784743759906,37.23647964703926,37.98453521728516,1346000
2006-08-01,37.78367090125355,37.97068480743156,37.37501147121042,37.52046585083008,893800
2006-08-02,37.658978757289326,38.61482631899879,37.57586238216474,38.12305068969727,1102000
2006-08-03,37.64512544472008,38.621751435945065,37.64512544472008,38.56634140014648,1179500
2006-08-04,38.60096550440754,39.016552582166085,37.8529129919964,38.22001266479492,1262500
2006-08-07,38.22002659828603,38.26851137870026,37.47889907798582,37.88063049316406,1196700
2006-08-08,38.15076880965718,38.20617886277672,37.73518152125828,37.825225830078125,1456800
2006-08-09,38.22693801674108,38.26157225496824,37.47195759804161,37.55507659912109,787900
2006-08-10,37.3126598620299,37.610496421259846,36.78625259584565,37.04945755004883,1473300
2006-08-11,36.89706211273518,37.575851368782125,36.84857735460477,37.03559112548828,1353400
2006-08-14,36.481480612736206,37.67282660416175,36.481480612736206,37.319580078125,1230500
2006-08-15,37.81827870430247,38.0260735640202,37.67282441627718,37.901397705078125,1159000
2006-08-16,38.08842488533149,38.52478790283203,38.0468653703314,38.52478790283203,1306200
2006-08-17,38.5455513392128,38.91957623413383,38.47628551258215,38.81568145751953,1373800
2006-08-18,38.90573482308642,39.078895478647006,38.50400347614125,38.933441162109375,1292600
2006-08-21,38.787980937739285,39.203565390897886,38.7741277703378,39.071964263916016,1101900
2006-08-22,39.09274081130361,39.27975459888533,39.02347761985321,39.23126983642578,1748800
2006-08-23,39.20357815603333,39.96548675787231,39.06505172135567,39.77847290039063,2383100
2006-08-24,39.75767931952416,39.82694251047992,39.34209224712546,39.65378189086914,1418700
2006-08-25,39.515253257707,39.736898641624094,39.00269929823176,39.10659408569336,1035500
2006-08-28,39.09968022320967,39.54989638458314,39.01656384056293,39.42522048950195,1087700
2006-08-29,39.44597795102408,39.65377010434948,39.0234657420041,39.5360221862793,845400
2006-08-30,39.646867912783335,39.73690955820882,39.21742755152374,39.362884521484375,1110600
2006-08-31,39.39752190820275,39.95856086673006,39.26591808950818,39.76462173461914,984400
2006-09-01,39.75768641987595,40.66504653766082,39.65378897266582,40.10400772094727,1071500
2006-09-05,40.08314667254193,40.20140794590682,39.83271353240972,40.02749633789063,713300
2006-09-06,39.85358657073716,40.14575681193323,39.74923853963532,39.90923690795898,934300
2006-09-07,39.756196729530735,39.78402057146872,39.2831569187362,39.33185195922852,702900
2006-09-08,39.94401403438256,39.94401403438256,39.185762024516144,39.56836700439453,835100
2006-09-11,40.138790159035885,40.138790159035885,38.573586057412406,38.9701042175293,1180600
2006-09-12,39.14402661425256,39.72141179601488,39.01185474220592,39.59619522094727,961600
2006-09-13,39.47793726838083,39.853586999976535,39.41532897978154,39.63793563842773,837700
2006-09-14,39.38748966474722,39.90922434870754,39.38748966474722,39.700531005859375,669400
2006-09-15,39.93009513474951,40.47965364613909,39.90226864833794,40.33356857299805,2032500
2006-09-18,40.38226652209947,40.38226652209947,39.72835996614666,40.20835494995117,991000
2006-09-19,40.13879770223949,40.27096956255728,40.02749438468757,40.13183975219727,1394000
2006-09-20,40.30575675816746,41.25183641110208,40.21532462493163,40.97357940673828,1999900
2006-09-21,41.04312862253723,41.10573689099,40.50052539839989,40.73008728027344,2208700
2006-09-22,40.84835578197812,41.34226406883954,40.556182926046375,41.00139617919922,1495200
2006-09-25,40.55618191286335,41.02226635001912,40.22227198134052,40.79965972900391,2616700
2006-09-26,41.03616364254155,41.801373273092494,40.95964214875061,41.697025299072266,1697100
2006-09-27,41.51615588132217,41.62050384879839,41.20311463257258,41.55093765258789,1226900
2006-09-28,41.55792101482685,41.704006135692296,41.32140111041966,41.47444152832031,1572900
2006-09-29,41.53007228715183,41.56485406106959,41.09877245247719,41.154422760009766,707100
2006-10-02,41.07096240855454,41.2796557892599,40.81357134046031,41.00139617919922,873400
2006-10-03,41.11271501960816,41.45358303798479,40.68141484943639,41.3214111328125,1026500
2006-10-04,41.25182812214285,41.509216529223096,41.043134747383725,41.377044677734375,977600
2006-10-05,41.25878331366283,41.42573694083756,40.9526972410424,41.14748001098633,1927600
2006-10-06,40.87617137077906,41.015301147731485,39.749225219456015,40.38226318359375,3094900
2006-10-09,40.347477466763344,40.6048658041245,40.10400237110813,40.52138900756836,1660700
2006-10-10,40.63964318026967,40.70225143432617,40.194430108614206,40.70225143432617,1068000
2006-10-11,40.55617251843159,40.68138904545752,40.25008914885687,40.54921722412109,1157700
2006-10-12,40.76486251595331,41.11268558402008,40.70921220497593,41.08486175537109,795500
2006-10-13,40.98052865517368,41.251830322197705,40.55618393344672,40.76487731933594,924700
2006-10-16,40.90399979195744,41.55790897846448,40.83443622703026,41.44660568237305,694900
2006-10-17,40.83442884074076,41.3213816681888,40.79964706456863,40.94573211669922,875200
2006-10-18,41.2796723737217,41.557932095575616,41.098805412093625,41.300540924072266,1029700
2006-10-19,41.19615933979105,41.63441443436143,41.15441962206476,41.55093765258789,828200
2006-10-20,41.6622775010098,41.6622775010098,40.91793579678417,41.300540924072266,863000
2006-10-23,41.00836623197221,41.55096971268338,41.00836623197221,41.49531936645508,692300
2006-10-24,41.2866012569152,41.55094755817613,40.97356258721742,41.39094924926758,1233500
2006-10-25,40.69532446049212,41.996182807053216,40.5631525671422,41.397926330566406,1168900
2006-10-26,41.46051545477589,41.83616506680626,40.99443374085956,41.7596435546875,1195500
2006-10-27,41.39095515631617,41.690083279824286,40.83443864293364,41.14748001098633,1277500
2006-10-30,41.26574342393967,42.21182293391757,41.1266136159405,42.16312789916992,1205400
2006-10-31,42.100517858577945,42.12834434975078,41.73878143437176,41.91269302368164,1275200
2006-11-01,42.08660665192975,42.81703483168171,41.85704206915264,42.47616958618164,1490400
2006-11-02,42.260499521308056,43.011798564341774,42.246586281213446,42.921363830566406,2225500
2006-11-03,43.02572535303494,43.31789819768742,42.35790549908672,42.45529556274414,1386200
2006-11-06,42.552668416503536,42.68484286687962,42.22571657126812,42.35093307495117,1348900
2006-11-07,42.43441189056401,42.71962668400916,42.23267388567667,42.67788696289063,1874900
2006-11-08,42.60833469218368,43.01876610393721,42.552681715962194,42.8170280456543,2038200
2006-11-09,42.78920873326881,42.85877496521188,42.47616997740644,42.64312362670898,2483500
2006-11-10,42.80312115696274,42.96311950683594,42.55964598404273,42.96311950683594,1698400
2006-11-13,42.9631037166756,43.56135981160908,42.90049545898072,43.51266479492188,1589900
2006-11-14,43.40832631265635,43.65180143448434,42.928328710081445,43.61701965332031,1768300
2006-11-15,43.512664500835385,43.95787759535469,43.443100949946505,43.783966064453125,1700400
2006-11-16,43.95789342959168,44.10398118496812,43.81180832789555,43.96485137939453,1874500
2006-11-17,43.7144237644599,44.31268014618039,43.679641972106985,43.99268341064453,1602300
2006-11-20,43.85354902405839,44.04832916391,43.61702914551841,43.72137451171875,981900
2006-11-21,43.68658661820109,43.87441143553144,43.60310980616983,43.66571807861328,1036900
2006-11-22,43.770053221221886,44.305701059706976,43.73527144546143,44.09700775146485,634100
2006-11-24,43.67266998279748,44.2848394154127,43.67266998279748,44.20136260986328,631100
2006-11-27,44.02745365317361,44.03440894834733,43.13702461117951,43.17876434326172,1119400
2006-11-28,43.15093431893932,43.68658222853759,43.00484924914336,43.26919555664063,1060000
2006-11-29,43.33875941250641,43.62397425943674,43.17180580408268,43.57527923583984,534300
2006-11-30,43.35964922429021,43.756167531678045,43.35964922429021,43.40834426879883,1550400
2006-12-01,43.44312606435057,43.52660290441093,43.03964980564385,43.40834426879883,1159300
2006-12-04,43.33182732979333,44.013560679019776,43.33182732979333,43.75617218017578,1504200
2006-12-05,43.79105709035635,43.90978754380063,43.51867295431988,43.595497131347656,1020400
2006-12-06,43.45583219609849,43.5536108824495,43.04376297199824,43.21836853027344,1232200
2006-12-07,43.44185655956269,43.59550761483529,43.246296553527344,43.39296722412109,705600
2006-12-08,43.28820266535576,43.609476201038206,43.19740704378674,43.441856384277344,1056400
2006-12-11,43.595517509504695,43.60948627483972,43.148527675862375,43.25329208374024,1001700
2006-12-12,43.05772715522211,43.148520117591296,42.71549912513573,43.043758392333984,1049800
2006-12-13,43.469802155569255,43.469802155569255,43.015826625865024,43.16249465942383,760900
2006-12-14,43.23233324476568,43.53265499000729,43.09264827837693,43.47677993774414,926600
2006-12-15,43.483749214586936,43.63041984818833,43.22533384039028,43.455814361572266,1595500
2006-12-18,43.58155591166344,43.58155591166344,43.22535901948904,43.26726531982422,683000
2006-12-19,43.18343717659143,43.630426867962576,42.897081574771285,43.23232650756836,1050800
2006-12-20,43.197414341659965,43.721231020003145,43.14852499815616,43.330116271972656,1134200
2006-12-21,43.064717081314335,43.12757519221385,40.86468586410088,41.70279312133789,4801800
2006-12-22,41.48628500943486,41.70279421377295,41.02532640551979,41.116119384765625,2272900
2006-12-26,41.24183841577139,41.905340167951245,41.03231224778559,41.7866096496582,1084300
2006-12-27,41.93325739492465,42.10786289440625,41.75166618347344,41.91928863525391,969400
2006-12-28,41.69582115984237,41.91931613264106,41.51422982927454,41.723758697509766,986900
2006-12-29,41.69580867384067,41.69580867384067,41.26977067693777,41.43739318847656,781100
2007-01-03,41.52818736912719,42.14978276066464,41.33961303726703,41.75168228149414,1990900
2007-01-04,41.75169451950878,41.807569596113055,40.983430866092064,41.1021614074707,2381800
2007-01-05,40.89262458536516,41.41644130336113,40.73198777822541,41.19993209838867,3122200
2007-01-08,41.19992755705318,41.451357315990485,40.48753657939086,41.395484924316406,1717900
2007-01-09,41.62596618291989,42.010100562435255,41.332630108674906,41.83549499511719,2452200
2007-01-10,41.57009812089608,42.15677299482229,41.311682600318406,42.05899429321289,1320400
2007-01-11,42.17073309225969,42.722484604240975,42.03803116940974,42.64566040039063,1491700
2007-01-12,42.42217996479242,43.07869609595748,42.045031209662,43.00186920166016,1641900
2007-01-16,43.23234073319206,43.26726131477068,42.89011263947455,42.945987701416016,966700
2007-01-17,42.94599559236381,43.225362960593664,42.65265679181187,43.057743072509766,1126700
2007-01-18,43.281224300370376,43.37201726749615,42.94598196629946,43.27423858642578,1330700
2007-01-19,43.37201481629271,43.42090415406487,42.90407325068229,43.09264755249024,1500800
2007-01-22,42.91805201803984,43.085671882540986,42.764398255355694,42.904083251953125,1475000
2007-01-23,42.77834520021924,43.42089212682678,42.77834520021924,43.23930358886719,1881600
2007-01-24,42.86216348245714,44.12630844116211,42.80629109994024,44.12630844116211,2132900
2007-01-25,43.965654187865056,44.084384618648784,43.19738858580139,43.504695892333984,1858500
2007-01-26,43.56758534080981,43.75615968810474,43.16249911382003,43.546630859375,1344300
2007-01-29,43.45582812528002,44.00059656350009,43.00185265058388,43.47677993774414,1661000
2007-01-30,43.54661525873817,43.63042782591199,43.34407488207339,43.567569732666016,1029200
2007-01-31,43.525666004726574,44.245039930793446,43.38598104883727,44.04249954223633,1625100
2007-02-01,44.02853418088621,44.83870112622802,43.83995987551092,44.34980773925781,1438200
2007-02-02,44.46854830361824,44.53140641965066,43.87489039107739,44.1612434387207,1067700
2007-02-05,44.09837209445085,44.2729776239121,43.93773532705877,44.0704345703125,985900
2007-02-06,44.140278037119714,44.28694604130112,43.93075193625072,44.09138870239258,1426100
2007-02-07,44.20313758584973,44.45456998085948,44.140279487097295,44.27996444702149,941500
2007-02-08,44.25900270825964,44.321860796696924,43.75614066502991,43.83995056152344,1409500
2007-02-09,44.00059465631845,44.699016793720325,43.90979903246088,44.44060134887695,2181500
2007-02-12,44.44059389159453,44.76186471719548,44.3428152350489,44.468528747558594,1023800
2007-02-13,44.3428157127185,44.90155280204705,44.286940671651344,44.74091339111328,1239700
2007-02-14,44.810772817953534,45.041248104079,44.6012440176154,44.719974517822266,1401800
2007-02-15,44.5523464214858,44.75488947001517,44.41964451728504,44.629173278808594,1236800
2007-02-16,44.496485152889775,45.04125370729263,44.40569217000243,44.88759994506836,1056300
2007-02-20,44.76885889589474,45.32061303562611,44.44758534526725,45.27870941162109,1123500
2007-02-21,45.11806021955498,45.27171391241127,44.90853681628122,45.20885848999024,897600
2007-02-22,44.94347262555144,45.18093897145049,44.6571195974926,44.99934768676758,1181700
2007-02-23,45.034252989660274,45.348540758839405,44.79678673837228,45.20885848999024,1221200
2007-02-26,45.38347056125091,45.39743665874313,44.7758414138526,44.86663436889648,1320800
2007-02-27,44.51044750103874,44.629180663165634,42.06596974530943,42.93201446533203,2922400
2007-02-28,42.77837319513769,44.2101386222842,42.50598887781105,43.08567810058594,2965300
2007-03-01,42.23360864482601,43.32314601949992,42.03106548415497,42.827266693115234,3199400
2007-03-02,42.589787628855525,42.85518882451406,42.18470411742141,42.29645156860352,1757700
2007-03-05,42.12799094223495,42.81585184733073,41.97357225908975,42.11395263671875,1694700
2007-03-06,42.25433747626346,42.97027506799224,42.163089819539216,42.7667236328125,1995400
2007-03-07,42.443848121523104,42.7316267043264,41.86829095591652,41.889347076416016,1978100
2007-03-08,42.28944277703949,43.0474954846492,42.13502403788922,42.7948112487793,2290300
2007-03-09,43.103641733274166,43.30719320040121,42.717597601589794,43.089603424072266,1142400
2007-03-12,43.033452975268645,43.39844098285397,42.99133804755483,43.16681289672852,884100
2007-03-13,42.85095335791387,43.13171415959668,42.12799790825081,42.15607452392578,1433000
2007-03-14,42.310453069563074,42.69649949923732,41.699801946080925,42.65438461303711,2154000
2007-03-15,42.66142476182682,43.405438742450514,42.65440694921741,42.96324157714844,947700
2007-03-16,42.9773131609111,43.06154036511072,42.23329860413328,42.52108001708984,1557900
2007-03-19,42.84393893148782,43.25805967408129,42.75970907780079,43.22296524047852,856500
2007-03-20,44.0792749177906,44.2266731262207,43.77044019381324,44.2266731262207,1596600
2007-03-21,44.24069586237656,44.85134995814676,43.86167241374791,44.781158447265625,1116300
2007-03-22,44.88646337610799,44.9075194995196,44.324944439019205,44.7039680480957,787600
2007-03-23,44.74608410041078,45.047901038741735,44.60570369321651,44.9706916809082,845300
2007-03-26,44.970680294084346,45.25846152860828,44.28983723198214,45.23740005493164,1149100
2007-03-27,44.92156074416327,45.0759794660321,44.47936338087848,44.76012420654297,1060500
2007-03-28,44.46532452984841,44.6127254341691,43.910826056097086,44.10735702514648,1289500
2007-03-29,44.42320640284953,44.59868122414927,43.65813607488134,44.16350173950195,1226000
2007-03-30,44.254752773664464,44.661855675364585,43.69323383815868,44.19158172607422,993700
2007-04-02,44.19860221888063,44.32494431406111,43.75640488574892,44.19158172607422,1281500
2007-04-03,44.465311947430536,44.74607269022549,44.18455388216845,44.44425582885742,794100
2007-04-04,44.56359593786779,44.689935371792224,44.402156712922576,44.49340438842773,649700
2007-04-05,44.52848771828141,44.647811983801255,44.3951278239081,44.55656433105469,823000
2007-04-09,44.74606985014682,44.81625869262416,44.40213809592934,44.72501373291016,659400
2007-04-10,44.81628044073591,44.86541318981937,44.30389414491271,44.381103515625,1089500
2007-04-11,44.3319534177271,44.46531330197416,43.89677666291775,44.00205993652344,1158800
2007-04-12,44.58463474766577,44.58463474766577,43.90379170896656,44.45127487182617,929400
2007-04-13,44.36705723977458,44.6337797422969,44.09331692187193,44.31792449951172,1013100
2007-04-16,44.45127477628444,45.033852360214645,44.45127477628444,44.900489807128906,891600
2007-04-17,44.7531090807332,45.15319424242619,44.46533040480244,44.83031845092773,1389700
2007-04-18,45.4409486356828,45.4409486356828,44.53550078376367,44.802223205566406,730200
2007-04-19,44.28983920637442,44.8513607180032,44.28983920637442,44.65482711791992,1195600
2007-04-20,45.12509494364328,45.19528378443771,44.77414538460583,44.89346694946289,1936800
2007-04-23,45.0408756117522,45.27250365987919,44.88645959053415,45.13914108276367,1250800
2007-04-24,45.279524962819,45.44095880162828,44.9566519301338,45.34269332885742,1590600
2007-04-25,45.623457980712,46.31132170341995,45.609422349870535,46.28324508666992,1518500
2007-04-26,46.81668223244242,46.85177934026709,45.798930366328506,46.46573257446289,1618600
2007-04-27,46.093726105263706,46.2200681944517,45.64451097816566,46.07266998291016,1113900
2007-04-30,46.135831663101534,46.135831663101534,45.2303811527641,45.30759048461914,1154700
2007-05-01,45.92526455189587,45.92526455189587,44.90049236960645,45.77786636352539,1847600
2007-05-02,45.20230776230884,46.71139205360592,45.20230776230884,46.50082015991211,2050400
2007-05-03,46.500805504622335,46.83771935733682,46.163891651907846,46.36042785644531,1599400
2007-05-04,46.60609947593079,46.64119121650999,46.22707333424686,46.52186965942383,1266800
2007-05-07,46.865799777887865,47.027238924454174,46.47975849229333,46.61312103271485,814600
2007-05-08,46.4587174369514,46.60611565069478,46.21304839231228,46.46573257446289,1153900
2007-05-09,46.66227038486328,47.13254165649414,46.46573407180531,47.13254165649414,1507100
2007-05-10,46.81667250893526,46.95003506489036,46.42361068725586,46.42361068725586,1952400
2007-05-11,46.56400424221024,46.9360154273934,46.29026390099052,46.47275924682617,1156800
2007-05-14,46.42360217641037,46.78157218699353,45.82698906214824,46.22005081176758,1626200
2007-05-15,46.395529195338,46.98512722087557,46.26918714379888,46.85176467895508,1558900
2007-05-16,46.95706515252098,47.57473462068688,46.76053420151669,47.51858139038086,2088700
2007-05-17,47.38522010897737,48.164328708862605,47.20272480362656,47.96077728271485,2287900
2007-05-18,48.24854435957096,48.781989194061,48.18537600874383,48.57843780517578,2427600
2007-05-21,48.36787042360245,48.56440131833588,48.15027805723451,48.37488555908203,1801600
2007-05-22,48.45913348722171,48.89431302749755,48.24856153271821,48.69076156616211,1303500
2007-05-23,48.69075715908621,49.06276293731328,48.45210860857821,48.57143020629883,1324500
2007-05-24,48.78200429093318,48.915366879594586,47.74319090807664,47.89059448242188,2347000
2007-05-25,47.88355918488685,48.39594254752044,47.56770136546192,48.31873321533203,1040800
2007-05-29,48.052012451724416,48.199410622289385,47.46943490492103,47.58174133300781,1696400
2007-05-30,47.174665872082215,47.92569814070523,46.93602260685076,47.86252975463867,1608800
2007-05-31,48.04501592974495,48.37490953299457,47.72214282051942,47.79233169555664,1615300
2007-06-01,47.86950182009314,48.43102307017859,47.84844571035106,48.40294647216797,1465600
2007-06-04,48.220453777840206,48.71880672469379,48.18536204479416,48.67668914794922,1191400
2007-06-05,48.67672230715772,49.24067818406312,48.25374867656225,49.1208381652832,2282500
2007-06-06,48.923435171358776,49.08557034165486,48.711948434598256,48.81769180297852,2358500
2007-06-07,48.775403847403325,49.12082721561267,48.2748908996582,48.2748908996582,2362000
2007-06-08,48.01407308253876,48.9939516859919,47.98587447933383,48.95870208740234,2312800
2007-06-11,48.55687312173821,49.12083433297766,48.52867452334296,48.90934753417969,1231900
2007-06-12,48.528681866052736,49.0996941578721,48.429989445902926,48.4722900390625,1595400
2007-06-13,48.648529764959584,50.02317810058594,48.54278634414206,50.02317810058594,2259100
2007-06-14,50.01610565185547,50.50252195198004,49.896265669553664,50.01610565185547,1549100
2007-06-15,50.29810722993016,50.99600519452987,50.24876101785409,50.728126525878906,2099900
2007-06-18,50.76335852242045,51.20042328401284,50.72810893530344,50.93254470825195,1685600
2007-06-19,50.93253143561934,51.45419184335266,50.77744189805067,51.320255279541016,1424700
2007-06-20,51.44715916505752,52.03931349919978,51.34846139770199,51.41896057128906,2112700
2007-06-21,51.2074683372886,52.29308987891681,51.02418018653806,52.02521133422852,1944400
2007-06-22,51.863088002597536,52.35655005885453,51.66570318009474,51.74324798583984,1779800
2007-06-25,51.70799548433418,51.98997609134361,51.087642451579626,51.22863006591797,1768900
2007-06-26,51.55290595409088,52.01817476306092,50.86911010742188,50.86911010742188,2623700
2007-06-27,50.544822535317785,51.00304029224393,50.07250817004975,50.89729690551758,2192800
2007-06-28,52.00408204117653,52.00408204117653,50.770421369990736,50.86206817626953,1673900
2007-06-29,51.08057904871014,51.51059815981307,50.509572357518,50.74925231933594,2295300
2007-07-02,50.9114106838361,51.88423823470559,50.89730869389598,51.3978271484375,1530900
2007-07-03,51.74324523247133,51.8207900340901,51.41896941585313,51.55290603637695,739300
2007-07-05,51.334374563038,51.81373999169997,51.334374563038,51.56700897216797,1215700
2007-07-06,51.64453926415533,51.8066744407199,51.32026353269483,51.72208404541016,1013200
2007-07-09,51.89128781108781,52.12392223374039,51.567011969662936,51.8771858215332,959500
2007-07-10,51.60224222087249,51.68683800030503,51.12992788695383,51.18632507324219,1471700
2007-07-11,51.313226541049616,52.23670779736052,51.313226541049616,52.16621398925781,1723300
2007-07-12,52.74426793740425,53.41396713256836,52.16621014819271,53.41396713256836,1651300
2007-07-13,53.50561574225386,53.87218675690248,53.03330133046325,53.69594955444336,1069900
2007-07-16,53.50561391685333,54.18941509959931,53.28003052053498,53.41396713256836,1433100
2007-07-17,53.71707928383075,54.25284170696448,53.39280358460872,53.4703483581543,1736900
2007-07-18,53.13902581597108,54.57007605328252,53.13902581597108,54.11185836791992,2304300
2007-07-19,54.1753272090938,55.30324448418328,54.14712860492484,55.17635345458984,1926700
2007-07-20,55.112885365613366,55.24682732943447,53.74528327115348,54.809757232666016,3556000
2007-07-23,54.90139865607286,55.33846875312485,54.809757268222384,54.91550064086914,2368900
2007-07-24,54.35859228712608,55.521758666434174,54.22465031897397,54.41498947143555,3386200
2007-07-25,54.8873087029222,55.17633488630501,52.59622532395828,53.86513519287109,3733500
2007-07-26,53.50561719532923,55.09175206053663,52.8993607721389,54.00613021850586,4551300
2007-07-27,54.12595521121222,54.6828652769907,52.84294891357423,52.84294891357422,4090900
2007-07-30,53.28706708483019,54.570078820232446,52.582118418784034,54.450233459472656,2550900
2007-07-31,55.12699481174585,55.12699481174585,53.90743638184578,54.013179779052734,2187000
2007-08-01,54.16121870709173,54.79567371578784,53.3575774888542,54.6617317199707,3013300
2007-08-02,54.11891487588476,54.65467744869533,52.95575370440864,53.71004867553711,3411500
2007-08-03,53.87923208941675,54.12596307126702,52.87115518214393,53.054443359375,3293200
2007-08-06,53.58314843584024,54.78155899047852,52.631468833235566,54.78155899047852,2482700
2007-08-07,54.52777954000054,56.022272683765706,54.23170238401823,55.57110595703125,2708000
2007-08-08,55.9729528431748,57.24890883872234,55.521785904030885,56.70610046386719,2587300
2007-08-09,55.62049332040412,57.17137941923998,55.38080779409786,56.38183975219727,3382600
2007-08-10,56.04342308525428,57.45332052136131,54.98600000817402,56.58623123168945,3259800
2007-08-13,56.58622617580016,56.790661931169495,54.36564221500275,54.753360748291016,2960400
2007-08-14,54.52777330139271,55.00008757404032,52.9416389465332,52.9416389465332,2373200
2007-08-15,52.94870069781823,53.1954316830444,50.171200919846704,50.40383529663086,4494200
2007-08-16,50.15003242436261,50.15003242436261,48.006988485765504,49.06441116333008,5146500
2007-08-17,51.03830112056149,52.25081408160889,48.754268204596194,51.24978256225586,3497900
2007-08-20,51.834890966323954,52.33540403229441,50.62942901109935,52.06047439575195,1634400
2007-08-21,52.00407120253482,52.94165440802587,51.67979539623702,52.694923400878906,1773500
2007-08-22,53.28705946365595,54.436129067102144,52.93458518104413,53.87921905517578,1875000
2007-08-23,53.99907134259691,54.34449471244659,52.49753249223114,53.00509643554688,1760900
2007-08-24,53.005083725260825,53.66773171161804,52.70900124377072,53.5831413269043,1040200
2007-08-27,53.53380378269496,54.041367686214215,53.26591984565339,53.3928108215332,1153400
2007-08-28,52.96985874331248,53.32233318551091,52.13096784981362,52.19441604614258,1266600
2007-08-29,52.36359768943473,52.99805270552899,51.94062947148279,52.92755889892578,1222100
2007-08-30,52.37064487574924,52.97690124945505,52.21555528549905,52.716068267822266,1352900
2007-08-31,53.03327863412859,53.92856087300598,52.8781891018041,53.33640670776367,1135100
2007-09-04,53.38577758953112,53.85104102344936,52.9557583703292,53.30118179321289,1608800
2007-09-05,52.890678705607584,53.24455717696925,52.43063561288603,52.83405685424805,1595100
2007-09-06,52.60755175513224,53.683339459934025,52.60755175513224,53.33654022216797,1196900
2007-09-07,52.45893039978545,52.61463234348767,51.4963808218257,51.6520881652832,2042900
2007-09-10,52.04845086328126,52.260774725202616,51.13544367767438,51.84320068359375,1184900
2007-09-11,52.11921754937776,52.51555968443175,51.75826001937838,52.43770599365234,1079400
2007-09-12,52.211224667090825,52.635883131206725,51.737028835218965,52.06967544555664,1385400
2007-09-13,52.31737586998644,52.86235157266115,52.23952219817576,52.52970504760742,955600
2007-09-14,52.36694697338654,53.15963687923432,52.25370864384156,52.94730758666992,1220000
2007-09-17,52.94730661599754,53.76122835622864,52.72790364419262,53.223331451416016,1310400
2007-09-18,53.6125875340651,56.386993408203125,53.15254444887093,56.386993408203125,2190400
2007-09-19,56.64179676907293,58.03607904421846,56.5073211994626,56.8116569519043,2296400
2007-09-20,56.90368287711933,56.90368287711933,56.13930376599129,56.47195053100586,1279400
2007-09-21,57.18678598014221,57.809610394667175,56.47194967045668,57.123085021972656,1890300
2007-09-24,57.12306900505334,58.036076217915856,56.77626957373207,57.101837158203125,1297700
2007-09-25,56.64886192559571,57.19383235309828,56.43653269943513,56.76210021972656,1643000
2007-09-26,57.07351866927093,58.92784377842744,57.00274405589238,58.828758239746094,2262100
2007-09-27,58.757977160444575,59.45158131838539,58.47487871206721,58.970306396484375,1451400
2007-09-28,59.26047592482054,59.54357430917913,58.750890193366175,59.28170776367188,1614700
2007-10-01,59.21092222245544,59.74173969463965,58.97028216052624,59.5081787109375,1208000
2007-10-02,59.42325596313584,59.62142698877848,57.46277214545078,58.248382568359375,1847700
2007-10-03,57.92992782705965,58.05732434363966,56.71966361942916,57.123085021972656,1780600
2007-10-04,57.37078046745002,57.82374451369591,56.68425531617683,57.72465896606445,1044100
2007-10-05,58.04314286392916,59.03400356944802,58.04314286392916,58.82167434692383,1313300
2007-10-08,58.60931801549945,58.97735444434389,58.474847943204,58.74379348754883,553200
2007-10-09,59.01983484975554,60.15224456787109,58.920749336905146,60.15224456787109,1252800
2007-10-10,60.15933291225449,60.44243673532225,58.82875196351925,59.21094131469727,1122600
2007-10-11,59.87625973064755,60.51324230858446,58.71553832185543,58.942020416259766,1556100
2007-10-12,59.20387680234527,59.54359715381571,58.97739476811243,59.147254943847656,1081800
2007-10-15,59.47281538209479,59.862083862779805,57.90867317746794,58.213008880615234,1545600
2007-10-16,58.120997531279,58.28377859150076,56.86118573603987,57.23630142211914,1616600
2007-10-17,58.07145463695928,58.42533307984202,57.01689298934404,57.5335578918457,1363000
2007-10-18,57.38494118919462,58.91369356347935,57.38494118919462,58.77214431762695,1151200
2007-10-19,58.56689751903112,58.87831235762886,57.767133974164445,57.97945785522461,1966500
2007-10-22,57.0664283321657,58.00066708386023,56.91780005345928,57.816654205322266,1744600
2007-10-23,58.41117715659969,58.77921377516468,57.92282315878554,58.75797653198242,1600900
2007-10-24,60.03195099580151,61.46161781877422,58.4607295271459,61.41207504272461,2740200
2007-10-25,60.15930253174234,60.64765624492116,59.4656987854848,60.18053436279297,2254300
2007-10-26,60.85294478878839,62.296764211488245,60.40705445552913,61.192665100097656,1245000
2007-10-29,61.15020232772573,61.90042297622292,60.74678107715084,60.91664123535156,1171800
2007-10-30,60.80342051966928,60.9166588579762,59.21096690149309,59.352516174316406,1340700
2007-10-31,59.80545745349778,60.626458041192265,59.05523687490263,60.499061584472656,2047300
2007-11-01,59.80546720663995,60.34336404492762,58.90661818191273,59.02693557739258,1391300
2007-11-02,59.486936016289,60.293777994734434,58.248362140635486,60.18053436279297,1605300
2007-11-05,60.017811255945645,60.513239123957575,59.175578480566585,60.095664978027344,1144200
2007-11-06,60.14520379296082,61.87212753295898,60.09566100943133,61.87212753295898,1146700
2007-11-07,61.10067050691793,61.34838440697144,59.4586742840172,59.600223541259766,1981700
2007-11-08,59.89039378256022,61.18558486977223,58.65181914633198,60.944950103759766,1987800
2007-11-09,59.99652020169278,60.44241028280224,58.74379348754883,58.74379348754883,2157200
2007-11-12,58.319170387816015,59.097701907848304,57.20091317553428,57.26461410522461,2088100
2007-11-13,57.63263886545359,58.17760924849603,56.97442479776249,58.092681884765625,2508900
2007-11-14,58.41826263360349,59.444508109745726,58.30501892325983,58.55273818969727,1425900
2007-11-15,58.43947515858019,59.281707426598096,57.39907186273582,57.83788299560547,1550000
2007-11-16,58.34747237961156,58.92783274021504,57.37784361870752,58.32624053955078,1963600
2007-11-19,58.07146665596871,58.31918053730448,55.877415536189375,56.075592041015625,2150800
2007-11-20,56.05433588752516,57.60432499327361,55.99064036799041,57.08766555786133,1569000
2007-11-21,56.50732038937455,57.1726137455834,55.98358168329406,56.11805725097656,1388000
2007-11-23,56.83287904887997,57.25753209263213,56.17466494114938,57.09474563598633,456900
2007-11-26,57.151359170946165,58.48901903411232,55.834931146916674,56.004791259765625,1629700
2007-11-27,56.18174529854204,57.05228873147998,55.50937834934519,55.92695236206055,2141500
2007-11-28,56.23836724052932,59.33126709122195,56.23836724052932,59.232181549072266,1928800
2007-11-29,59.15431438446623,60.484895218807615,58.94198518548089,59.98946762084961,1698600
2007-11-30,60.5840178489537,61.08652483462189,59.60731481480753,60.42831039428711,2563700
2007-12-03,59.67098465317844,60.70430911630247,59.246331577885336,59.62852096557617,1626200
2007-12-04,59.48695557748447,60.562743435913646,59.210930883553445,60.24425506591797,1743700
2007-12-05,60.89772020912808,61.42331676381338,60.42895120118777,61.2812614440918,1706400
2007-12-06,61.25991011706397,62.16904182917617,60.44311023173263,62.16193771362305,1661400
2007-12-07,62.154858448490174,62.46736918544667,61.75710913595277,62.18326950073242,1053800
2007-12-10,62.48160754365885,63.58961202100996,62.01993720514365,63.49728012084961,1292900
2007-12-11,61.59376978876443,62.68046710498408,60.91192059856496,60.9332275390625,2617000
2007-12-12,62.38923097295876,63.12790196608282,61.50851015836417,62.16905212402344,2585400
2007-12-13,61.74292213250116,63.76005858863124,61.42330719591261,63.56829071044922,2258800
2007-12-14,63.09240956689259,63.17053861583833,62.382149426552985,62.53130340576172,1905900
2007-12-17,62.38214361290091,62.69465436070488,61.10367331189367,61.19601058959961,1800500
2007-12-18,62.00569961407397,62.96454952174445,61.53692541720848,62.737266540527344,2302700
2007-12-19,62.950336979818,63.220239227006665,62.169052124023445,62.16905212402344,1455600
2007-12-20,62.7443672164475,62.96455150624237,61.36646647013904,62.92193222045898,1455100
2007-12-21,63.61087998486983,65.04560813189073,63.39780524918244,64.8609390258789,2386900
2007-12-24,65.42918463248752,65.42918463248752,64.39930388564109,65.15218353271484,433700
2007-12-26,65.15217138665261,65.33683513950402,64.32826694277273,65.16637420654297,587600
2007-12-27,64.98881909814538,65.16638417764851,64.12230064315312,64.29986572265625,976600
2007-12-28,64.82545684070578,65.30133537210487,64.29986572265625,64.29986572265625,1588700
2007-12-31,64.21462869277173,64.54844644226168,62.87223189995486,63.00718307495117,1115500
2008-01-02,62.84381413853742,62.96455705137382,61.79262683791829,62.31111907958984,2002200
2008-01-03,62.58103990728461,63.34812238624255,62.37506375540573,62.85093688964844,1297400
2008-01-04,62.3821408979852,62.8224986567252,61.1604927566018,61.18890380859375,2301200
2008-01-07,61.67896624119955,62.05540853470334,59.80388056527045,61.089454650878906,2282700
2008-01-08,61.27414826494011,62.71598109796518,60.78407238620593,60.94033050537109,2265200
2008-01-09,61.88497343937505,62.78700698863073,60.18745188065936,62.0838508605957,3353800
2008-01-10,61.84235034920364,62.48868967949506,61.27414006804317,61.80683517456055,2465800
2008-01-11,61.35939584138445,62.01993823357165,60.93324068294103,61.29547500610352,1930800
2008-01-14,61.66480586989849,63.49017482663763,61.55116702709735,63.24158477783203,2019100
2008-01-15,62.32534005968633,63.19185847511146,60.57810040742109,60.90481948852539,2396900
2008-01-16,60.44314013366288,60.69173011247825,57.573688360974494,57.91461563110352,4451400
2008-01-17,57.97854421370571,58.90898885743357,54.7894771008423,54.959938049316406,4240800
2008-01-18,55.06645057142029,56.486970407314445,54.46983484139425,56.117637634277344,3695900
2008-01-22,52.92149467409507,55.54235140731964,52.07628321174808,54.83919525146485,4319200
2008-01-23,53.2694999174059,54.20704289919809,49.689788872693775,53.2410888671875,5791200
2008-01-24,53.28371818674033,56.30232405753353,53.12746549350245,55.16590881347656,5201900
2008-01-25,56.209972542153366,57.42451641790032,55.6772775746054,56.97705459594727,4120600
2008-01-28,56.52252737387651,57.96435520664451,55.7696476192151,57.77968597412109,3065700
2008-01-29,58.177418239949645,58.55385529612427,57.07651271213038,57.37482070922852,2418200
2008-01-30,57.23983261979683,59.31379527944303,56.96993585630237,57.36767959594727,2664900
2008-01-31,56.998378257264704,58.01405051025427,55.606268983736165,57.3179931640625,3088500
2008-02-01,57.59499761394554,59.69026847697707,57.59499761394554,59.3564453125,2369300
2008-02-04,59.37063154882066,59.597919953791,57.751239595383815,58.04955291748047,2144100
2008-02-05,57.14753023146642,57.64471558093008,56.24550223768902,56.32363128662109,2278900
2008-02-06,56.43728312972894,57.261187683772434,55.55656186967175,55.69151306152344,2112500
2008-02-07,55.400279908857,57.73703595527509,55.400279908857,57.13331604003906,2485700
2008-02-08,56.629070826230254,57.197275962643694,55.904602097317,56.47281265258789,2273600
2008-02-11,56.352036395641946,57.772556662763,56.18157548086676,57.57368469238281,1291700
2008-02-12,57.651829426229234,59.39197047821502,57.63762660398989,58.48993682861328,2368000
2008-02-13,58.9374426071814,59.64770339559888,58.0709235782945,58.75277328491211,1685400
2008-02-14,58.88766509745366,59.26410206812958,57.89329991411744,58.08506774902344,1214900
2008-02-15,57.83646725868748,57.94300733369344,56.50118051932565,57.77254104614258,1654000
2008-02-19,58.319501255279896,59.292560277385846,57.51690868739159,57.8436279296875,1661200
2008-02-20,57.23278514532321,59.44169545420184,57.06942286670621,59.19309997558594,2634900
2008-02-21,59.28540688126567,59.51268987913424,57.68021766071345,58.02114486694336,2397400
2008-02-22,58.227109590057786,58.62485340414906,57.3605916360563,58.56803131103516,1212100
2008-02-25,58.48993839469421,59.661869049072266,57.97855007868514,59.661869049072266,1962800
2008-02-26,59.157596471057154,60.04542207768452,58.461538811164026,59.5837516784668,1827800
2008-02-27,59.34224862242835,60.15904361018168,58.958707420572125,59.825225830078125,1472100
2008-02-28,59.34933894296864,59.484290111284594,58.50413301307456,58.76692581176758,1393000
2008-02-29,58.14188839316795,58.781123524870544,56.78528909039611,57.019676208496094,1691200
2008-03-03,56.83502881752474,57.50977937753294,56.27392792941441,57.49557113647461,2538300
2008-03-04,57.00548534588791,57.417432144834144,55.70570787533581,56.7000732421875,2685300
2008-03-05,56.625126850052325,59.05140941332237,56.625126850052325,58.68746566772461,2620400
2008-03-06,58.51621181725273,59.32972944842599,57.85968977181994,58.972923278808594,2804700
2008-03-07,58.62326709675002,58.70889711104737,55.95435791066842,56.44674682617188,3361900
2008-03-10,57.75978976791512,57.75978976791512,55.20505605289996,55.47622680664063,2886300
2008-03-11,56.61087757916459,59.48673491274717,56.5395174222768,59.415374755859375,2603000
2008-03-12,59.429639858238254,59.9363040093955,58.63039745390257,58.8587532043457,1642300
2008-03-13,58.16656176901719,59.936317883508565,57.6670297062447,59.48674392700195,2433800
2008-03-14,60.03625892932219,60.05053423801547,57.260304831898864,59.030067443847656,2633100
2008-03-17,59.27264310122752,59.757899741994656,57.23171123956842,59.03715515136719,2495300
2008-03-18,59.80069874314829,61.81308473437309,59.25835199926098,61.63468170166016,2493900
2008-03-19,62.35545255140116,62.89779952592946,59.0014762878418,59.0014762878418,3088500
2008-03-20,58.70886676145757,59.44389181893589,57.54568096496802,58.316383361816406,3546700
2008-03-24,58.43771518583996,61.7988287171068,58.43771518583996,60.57855224609375,1764400
2008-03-25,60.7212925505786,61.506270753583294,60.20749606011003,60.692752838134766,1646900
2008-03-26,60.08618065337097,61.09951471537016,59.94346030660433,60.29312896728516,1420900
2008-03-27,60.31451623285122,61.25648436090326,59.72222209255902,60.25029373168945,1599300
2008-03-28,59.62231709072488,59.88635018938685,58.73030160728752,59.03715515136719,1451600
2008-03-31,58.53763135640149,60.44297538738828,58.49481634945879,60.10758209228516,2139000
2008-04-01,60.27171679090169,62.08429336547852,59.95059331333574,62.08429336547852,1920200
2008-04-02,61.499106638035,62.46961977643865,60.59282143607038,61.99150085449219,2118400
2008-04-03,62.26266855016267,63.68989304414921,61.88445493036494,62.99768829345703,1559500
2008-04-04,63.218917130543545,63.39018801902336,62.13422872565623,63.0119743347168,1690400
2008-04-07,63.51150279240853,64.47487843127246,62.56953465416351,62.88352584838867,1738100
2008-04-08,62.633750370203614,63.07619196463801,62.02718099251913,62.9334716796875,1149300
2008-04-09,63.09047514168267,63.425868397660025,62.091416688927104,62.64089584350586,926000
2008-04-10,62.77649560708086,62.94776109112738,61.52053602039936,62.16278839111328,1361400
2008-04-11,61.58474314490326,62.234127501286345,61.07807362510679,61.49197006225586,1174300
2008-04-14,61.613293723435326,62.96915841018859,61.57761636909724,62.23413848876953,1007800
2008-04-15,62.51245897026158,63.61856061255116,61.442040133632325,62.255558013916016,1499200
2008-04-16,62.27691691843812,65.04573496616112,62.27691691843812,64.81024169921875,2428500
2008-04-17,64.09666662777624,65.56670645427187,63.85404102102403,64.21797943115234,1931400
2008-04-18,65.0814716170199,66.35170670958364,64.81030076953728,66.20184326171875,2299200
2008-04-21,65.97346575919573,67.4221035387051,65.18849318955655,66.88689422607422,1787900
2008-04-22,66.43017161713514,67.24369471197855,65.47393367327162,66.43730926513672,2216500
2008-04-23,66.93682908955203,67.7860239377135,64.93871267560779,65.20275115966797,2333100
2008-04-24,65.16707253153892,66.76556249810245,64.11092397229096,65.19561767578125,2165800
2008-04-25,64.51055295082668,68.27842502032685,64.51055295082668,68.12142944335938,2915200
2008-04-28,68.49967017318203,68.49967017318203,67.01536014144247,67.13667297363281,1902600
2008-04-29,66.91544317441222,67.57197082635697,64.40352951572011,64.60334014892578,1998600
2008-04-30,64.60334855182754,66.28033709227836,64.58194104468983,65.15996551513672,2409200
2008-05-01,65.35262517642045,65.35262517642045,63.39019106807985,64.71037292480469,1588800
2008-05-02,65.20989282642337,66.33026396796635,65.06003489029177,66.03054809570312,2180400
2008-05-05,65.96634404548148,66.4230556293351,65.5952624808307,66.23037719726562,1320600
2008-05-06,66.19469000358254,67.02961523336371,65.61666023767727,66.87261962890625,1476200
2008-05-07,66.99392676572076,66.99392676572076,64.96013261740731,65.18135070800781,2142900
2008-05-08,65.52389576425213,66.6371294580173,65.52389576425213,66.62999725341797,1281200
2008-05-09,66.50153367379511,67.61476714794475,65.36688725677881,65.98773193359375,1235100
2008-05-12,66.28745845701646,67.1652041450395,64.98154639813642,67.14379119873047,1693000
2008-05-13,67.22227069188416,68.11428599004839,67.0795504219496,68.02865600585938,2537200
2008-05-14,68.47822917452417,69.28460903722114,67.22227012093614,68.48536682128906,2363300
2008-05-15,68.58531127252994,68.58531127252994,67.39357947027945,67.99301147460938,1426800
2008-05-16,68.2427679990712,68.2427679990712,66.71563753728806,67.82173919677734,1880000
2008-05-19,67.82173708804666,68.27844868235552,67.04389658108109,67.3792953491211,1209700
2008-05-20,67.17947214329014,68.38547886381947,66.9439787402701,68.32125091552734,1232800
2008-05-21,68.44255650931814,68.44255650931814,66.01627366413598,66.30171966552734,2131600
2008-05-22,66.26605949302872,67.31507077566572,66.00915854852857,66.49441528320312,1338300
2008-05-23,66.2589271477686,66.34456261760145,65.23846093776282,65.51676940917969,1131300
2008-05-27,65.56673708878841,65.56673708878841,64.58195346011084,65.30270385742188,1383100
2008-05-28,65.34549881931285,67.7931900024414,65.34549881931285,67.7931900024414,1546200
2008-05-29,67.35786500435093,68.04293216352394,66.62998284911392,67.70040130615234,1734600
2008-05-30,67.81456815155832,68.49250302477725,67.29363428171249,67.83597564697266,1333700
2008-06-02,66.09477269337853,67.3364565616837,66.09477269337853,66.78697204589844,1602700
2008-06-03,66.55863856568826,68.37121505306685,66.55863856568826,68.10004425048828,2016000
2008-06-04,68.09644475118779,70.0164709148397,67.64509187040925,68.94898986816406,2593700
2008-06-05,69.33587600045942,71.06246948242188,69.02781185274416,71.06246948242188,2165400
2008-06-06,70.34605012288027,70.76157410868842,68.77707143175205,68.86304473876953,2062000
2008-06-09,69.42899683414687,69.89467037120065,68.58361210237048,69.41466522216797,1166500
2008-06-10,68.78418823259982,68.78418823259982,67.38715168496725,68.16806030273438,1284000
2008-06-11,67.71672030407024,68.87733474311199,67.60926055908203,67.60926055908203,1666300
2008-06-12,68.24688208488492,69.27853392127336,67.47313910816273,68.82718658447266,1826900
2008-06-13,69.22841346818217,70.38902842365869,69.16393759249964,69.91618347167969,1669000
2008-06-16,69.61524448839224,70.42481089440675,69.21404692032574,70.1525650024414,1071000
2008-06-17,70.08090724892185,70.55375181621419,69.83732462885416,69.97344207763672,1387900
2008-06-18,69.386013057998,70.56811970976983,69.37168691077258,69.80870819091797,1353400
2008-06-19,70.0666240423846,70.68275223830945,69.80870965962959,70.14543151855469,970600
2008-06-20,69.5221411549357,70.14543519020378,68.90601292676061,69.65826416015625,1926400
2008-06-23,70.09529597016201,71.45650993464643,69.651114215604,71.2845687866211,2367700
2008-06-24,71.16274580425024,71.31319492528087,68.92032420215972,69.2928695678711,2082400
2008-06-25,69.41465739570224,70.89766204562055,68.77703738224363,70.23138427734375,1772100
2008-06-26,68.7842283077985,69.5937896799147,66.90001986820995,67.16510009765625,3197600
2008-06-27,67.10773447966497,68.35432174251308,66.8784779944123,67.81700134277344,2457100
2008-06-30,67.98897333097686,68.38300519085011,67.39433717240051,67.51612854003906,1783700
2008-07-01,66.67791031457375,67.74538580888017,65.49580379128791,67.65225219726562,2885100
2008-07-02,67.7668962778714,68.15376790752848,65.17343139648438,65.17343139648438,3370400
2008-07-03,65.58895518543903,67.7668904859488,63.87669349635689,67.4803237915039,2238400
2008-07-07,67.63074178426302,68.99911515724536,66.4199778342414,66.97879028320312,2260800
2008-07-08,65.68925186332177,67.50897871936334,65.18058889635918,66.35552978515625,3105100
2008-07-09,66.42718434124558,67.40868689730573,65.33105071725744,65.33821105957031,1911900
2008-07-10,66.44864328957357,66.92148801101096,65.15907174556926,66.16207122802734,2401000
2008-07-11,65.73939793406161,66.21223730654907,64.65042492400836,65.52446746826172,2453000
2008-07-14,66.43436089682693,66.43436089682693,65.23076181842268,65.56031799316406,1255800
2008-07-15,65.202097549625,66.31972320180718,64.29223115562704,65.37403869628906,1777600
2008-07-16,65.25223615381641,65.43134307861328,64.37819348626212,65.43134307861328,2240400
2008-07-17,65.20208539577662,67.36569460788745,64.89402127139265,66.13343811035156,2948200
2008-07-18,66.31970517142523,66.92866756081393,64.55012805929253,65.22357177734375,2635100
2008-07-21,65.35967169745247,66.0760990710407,65.00145801065837,66.01878356933594,1140700
2008-07-22,65.66061660155545,66.43436002738437,64.49283565352356,65.87554168701172,2306500
2008-07-23,66.84986828163385,68.81288415454661,65.86120000348843,68.53347778320312,3650600
2008-07-24,68.69826953989903,69.28574018768538,66.29107140606449,66.3985366821289,2726100
2008-07-25,66.59910614646577,67.92449605569793,66.27671592683664,67.53046417236328,1703500
2008-07-28,67.44448618451526,67.74538443060202,66.45581817626953,66.45581817626953,1721400
2008-07-29,66.25522002935476,67.70240122730925,66.25522002935476,67.51612854003906,1756600
2008-07-30,67.02892876899534,67.96745214141943,66.52743190274269,67.78834533691406,2009500
2008-07-31,67.32987902337727,68.30421568660026,66.9788255077669,67.15077209472656,1576900
2008-08-01,66.80687357678516,67.17941352309819,65.30954251918298,65.54595947265625,1516900
2008-08-04,65.33820565441337,65.78239280702334,63.26056964623923,63.53281021118164,2570900
2008-08-05,63.96264883632918,64.96564846888387,63.50413565560274,64.49996948242188,2551400
2008-08-06,64.20623064188223,66.01879123292072,63.8050275492836,65.58893585205078,2421100
2008-08-07,65.10893700327723,65.3095413185829,63.81937062890732,63.89817810058594,1686100
2008-08-08,63.6760889705969,65.33820093666925,63.22474150885593,64.69342041015625,1856400
2008-08-11,64.6933981320576,64.70772427544054,62.09992890715025,63.18889617919922,2032500
2008-08-12,63.02415265517573,63.58296544879983,62.687430724168856,63.01698684692383,1975300
2008-08-13,62.92383110691328,64.98714042018226,62.551285731380375,64.49996948242188,2312300
2008-08-14,63.94116277462919,64.49997542349232,63.2677190870717,64.07728576660156,1905000
2008-08-15,64.09879038307223,64.48566201623193,63.368031031800605,63.95550155639648,1546100
2008-08-18,64.29939507769711,64.6647747863094,63.353710599926174,63.47550201416016,1584700
2008-08-19,63.03131016748596,64.17759337096213,62.95966302621726,63.30355072021485,2402900
2008-08-20,63.052802280562126,64.47132604030062,63.04563647323552,64.23490905761719,1704600
2008-08-21,63.86951404416888,65.17341190260262,63.7405568728553,65.07311248779297,1559900
2008-08-22,65.31671592778135,66.1764324977465,64.7937267370192,65.03014373779297,1390900
2008-08-25,64.53580713814935,64.80804769055966,63.39668427740544,63.7763900756836,961500
2008-08-26,63.618754795692205,64.43548158786372,63.4396479471299,64.3351821899414,1140100
2008-08-27,63.91963205375886,64.95128891266779,63.91963205375886,64.7148666381836,780000
2008-08-28,65.1161311536856,65.67494403907983,64.72209362377372,65.19493865966797,855100
2008-08-29,65.20208563587074,65.45283423433698,64.29938521548284,64.36386108398438,1113400
2008-09-02,65.38833443719159,65.38833443719159,63.6832389831543,63.6832389831543,1625200
2008-09-03,63.88829748999198,65.12576886911293,62.17597254905552,63.10408020019531,2142400
2008-09-04,62.75154657416484,62.95299528081296,60.449262310455765,61.26945495605469,2116800
2008-09-05,60.99604971013777,62.27669249840459,59.39165088719766,61.967323303222656,3097600
2008-09-08,63.1400594245164,63.31272896657774,60.04636706347776,60.72266387939453,3479800
2008-09-09,60.585963119340434,61.11117339057922,58.8664474270147,58.93120193481445,3097600
2008-09-10,59.5067688822107,60.44926341513753,58.650606374244695,59.70102691650391,2485600
2008-09-11,58.686568136641306,61.298215579886936,58.62181913289696,61.21907424926758,2694200
2008-09-12,60.8665424965283,62.564474884620914,60.67228998535185,62.449363708496094,1702600
2008-09-15,60.89536308165778,63.05375262043791,60.13273386779071,60.47807312011719,2346200
2008-09-16,60.0679394249164,61.89537534582852,58.995941536376485,61.58600616455078,2665400
2008-09-17,60.45647956781257,61.31264235883536,58.76574248821028,59.4492301940918,3294700
2008-09-18,60.262223711286445,60.262223711286445,57.31961712376852,59.111083984375,4793900
2008-09-19,61.65077416979478,63.276756279682,57.52824957082498,63.06092071533203,3925000
2008-09-22,62.83069651404268,62.90983787234391,59.75139617344829,59.96723175048828,2979000
2008-09-23,59.715412673376576,59.715412673376576,57.42032457436871,57.5642204284668,4152300
2008-09-24,55.83029631559916,56.90949020889965,55.58568166786843,56.54975891113281,5104400
2008-09-25,56.79439047075549,56.815973474712166,55.55691367929861,56.0533447265625,3896400
2008-09-26,54.91659260737503,55.6504421916073,53.04599056940923,53.34816360473633,5819400
2008-09-29,52.204218155764266,52.808569752171785,48.76518690638756,50.60700988769531,5985900
2008-09-30,51.7581536605794,52.628702957464746,51.03869088737842,51.6142578125,3655700
2008-10-01,51.20417245558853,51.441596526162094,50.22570248813343,50.578243255615234,2523200
2008-10-02,50.36239131804436,51.04587871887751,49.64292858492944,50.182525634765625,4626500
2008-10-03,51.16820827657013,53.5280459341133,50.99553321206684,52.3409309387207,6043900
2008-10-06,51.31928420833178,51.31928420833178,47.77952845542151,49.772438049316406,5183600
2008-10-07,50.14656617471333,50.86602913555034,47.15360311194606,47.23994064331055,5018700
2008-10-08,46.68592499001505,49.11051578864236,45.75781763070187,46.42691802978516,5885700
2008-10-09,46.48449332754175,47.93061513542454,44.07429122924805,44.07429122924805,4480400
2008-10-10,42.34757370764688,47.16797145933832,40.26832700531728,44.0311164855957,6363400
2008-10-13,45.59235958275062,49.98108457083761,44.61388967735331,49.62135314941406,3388800
2008-10-14,51.218561024034095,53.585594411900026,47.53490932961432,48.69324493408203,3396300
2008-10-15,47.84428284954863,49.04578457516138,44.57792062489148,44.59950637817383,3383000
2008-10-16,44.28293395733324,46.00244957783291,42.36916305514708,45.95208740234375,5600700
2008-10-17,45.05276052939308,48.29034592867488,44.26854595435035,46.18951034545898,3511400
2008-10-20,46.79386390516839,51.16819930216599,45.91611835962532,51.09624862670898,3733800
2008-10-21,50.80846457882853,50.80846457882853,46.6715535059611,46.98811340332031,3536100
2008-10-22,43.90881569051696,45.678696340333246,41.369112775751766,42.62097930908203,5603900
2008-10-23,42.77206534317874,43.61383552806198,39.25389258055478,40.8870735168457,4503700
2008-10-24,38.296995534071534,40.58488692112727,36.71417719633337,38.69269943237305,4364500
2008-10-27,38.13153145917349,39.02366661034112,36.00911547999213,36.01631164550781,3252800
2008-10-28,37.663879142585714,41.72165192661518,35.973142540973164,41.36911392211914,4481600
2008-10-29,41.36911069397325,46.90897201736607,39.28986365647966,44.398048400878906,5321400
2008-10-30,47.11761522691034,49.84437978138359,43.405190191447865,45.980865478515625,4538200
2008-10-31,45.60674507203306,47.92341609614139,45.08873099346656,46.87300109863281,3072400
2008-11-03,46.721922377286624,47.786724393011625,45.00240374475101,45.36933135986328,2259400
2008-11-04,46.66435162257874,49.13930509155375,46.23267509612295,48.930660247802734,3075700
2008-11-05,48.10327368237587,49.11771317435287,45.45565088526076,45.47723388671875,2387200
2008-11-06,45.07433836622102,46.16072855879035,43.110202818666174,43.31884765625,2581700
2008-11-07,43.75772696742331,45.707470482966485,43.49871992212716,45.657108306884766,2163400
2008-11-10,47.57806123872889,48.09607520505795,44.829716985516654,45.498817443847656,2467900
2008-11-11,44.60670566914119,45.31897524145286,41.995054230043046,43.05266571044922,2422700
2008-11-12,42.7073135932786,42.95912448340268,40.59209113810488,40.71440124511719,3390100
2008-11-13,41.915899177354426,45.00239507551068,39.26827874632355,44.80813980102539,4112600
2008-11-14,44.2685465496773,45.49163389571499,42.779258728027344,42.779258728027344,2295900
2008-11-17,41.99505021907719,43.96637984376754,41.62092916824058,41.63531875610352,1891600
2008-11-18,41.45543778446834,42.2828209429525,40.03809820768733,41.39068603515625,2768100
2008-11-19,41.167663068953765,42.2828298810327,38.47687093872335,38.735877990722656,3744600
2008-11-20,37.93726308021507,39.4481362073074,34.102528797662856,34.39031219482422,4988700
2008-11-21,35.275268725978506,39.45534959164815,35.275268725978506,39.08842468261719,5253400
2008-11-24,39.52729129759187,41.94468711494245,38.13872766137006,40.40503692626953,4567300
2008-11-25,41.36910640296217,43.160569783484725,40.23955015204388,42.34757614135742,2969900
2008-11-26,40.65684026349221,42.728893826807045,39.61362143393564,42.71450424194336,2908800
2008-11-28,42.46987479297986,43.00227830443144,41.26117745114615,42.4842643737793,1115400
2008-12-01,41.50579717361109,41.50579717361109,37.10988291171631,37.131465911865234,3494300
2008-12-02,38.26823025272082,40.62807040570515,37.548767360433686,39.6999626159668,3202300
2008-12-03,37.82741285924173,39.804985003548246,37.82741285924173,39.261695861816406,2395200
2008-12-04,38.073702652000335,38.81981882837472,37.05956185261012,37.81292343139648,2706100
2008-12-05,37.54492293371399,40.53663474382474,36.08890571134613,40.427978515625,3074500
2008-12-08,41.695639164172455,43.31826147876451,40.97125351147301,42.96331405639648,3075200
2008-12-09,41.673907364468576,43.0574839053366,40.60906229191935,41.25376510620117,2224000
2008-12-10,41.13787462023282,43.15166647414079,41.13787462023282,42.44176864624024,3744000
2008-12-11,42.34035251508383,43.24583480683793,39.92814636346085,40.39899826049805,2688200
2008-12-12,39.81948031484821,40.58732734015106,38.81258469715426,40.40623092651367,2458100
2008-12-15,41.61596187770234,41.62320451934274,39.35587911210648,40.15270233154297,1676100
2008-12-16,40.58010045521274,42.688063417863376,40.15995528605746,42.49972152709961,3238300
2008-12-17,41.68838635067736,42.919842294055165,41.68838635067736,42.593868255615234,2984400
2008-12-18,42.68804816775251,43.39070315872012,41.4058851878327,41.69564056396485,2356200
2008-12-19,41.91295241718043,43.30377148125215,41.54351420350948,41.82602691650391,3008700
2008-12-22,42.07956199231467,42.07956199231467,39.99333057270108,40.63079071044922,1869300
2008-12-23,41.72461894700104,41.73186435210395,40.196167304461085,40.48591995239258,1530000
2008-12-24,40.83362279459436,40.83362279459436,39.91365258661284,40.26136016845703,700400
2008-12-26,40.623554393156766,40.83362416160861,39.73980288939868,40.72496795654297,801300
2008-12-29,40.68148733359477,41.36240867137892,40.04402735490267,40.90604782104492,1270900
2008-12-30,41.13062232473485,42.55042050603628,40.96401393251992,42.48522567749024,1857200
2008-12-31,42.0360928632099,43.39069584034842,41.949167370356136,42.99952697753906,1793200
2009-01-02,43.296519628417215,45.63628435167561,42.62284092406568,45.22338485717773,2010300
2009-01-05,44.54971314515315,46.81703801970417,44.02815464358429,46.26650619506836,2970300
2009-01-06,46.903970128296976,48.61352067857794,46.824287265871895,48.10645294189453,2570700
2009-01-07,47.09954735721559,47.70803411021537,45.13646588787461,45.33205032348633,2168400
2009-01-08,45.20892704601823,46.36070081748515,44.79602727542756,45.76670455932617,2189000
2009-01-09,45.75221005686751,46.107160338305,44.759802218667616,45.10026168823242,1958300
2009-01-12,44.88293002922444,45.042295741636735,43.52108712368704,44.10783767700195,2762300
2009-01-13,43.78910650977912,44.72356452094214,43.05023292629986,44.470027923583984,2776500
2009-01-14,43.593515291625685,44.12955896105772,42.87637250182637,43.54280853271485,3979100
2009-01-15,43.54282961685921,44.33965286841664,42.77497969634367,44.15131378173828,3763500
2009-01-16,44.81049833232821,45.3030808127746,44.04989392565166,45.158203125,2813500
2009-01-20,44.62216212506459,45.33206260817207,42.76773633076314,42.8908805847168,3446100
2009-01-21,42.963309893555696,44.25995798613458,42.20270282126915,44.10783767700195,3575200
2009-01-22,42.59388256305355,44.10784892718888,42.49971163958044,43.44865798950195,3095800
2009-01-23,42.94158791298327,44.13682554859589,41.73186499356696,43.49212265014648,2378000
2009-01-26,43.54283422894319,44.91192305410773,42.919861950901335,43.36898040771485,1939800
2009-01-27,43.61525359382996,44.18751884534976,42.76772382105462,42.99952697753906,2625100
2009-01-28,44.48452808294133,47.80221332776637,44.48452808294133,46.360687255859375,3802100
2009-01-29,44.18751876285057,46.57799330001471,44.18751876285057,45.70148468017578,4501600
2009-01-30,45.81740489373102,46.03472009550515,44.69460738180411,45.10026168823242,4500300
2009-02-02,44.20201612244333,45.04954607227915,43.723921666899805,44.738059997558594,3187900
2009-02-03,45.2813666962997,45.4190018019392,44.54973806747221,45.085784912109375,4490000
2009-02-04,45.70873321193253,47.30962482831197,45.63629575257069,47.02711486816406,4373300
2009-02-05,46.20130549074413,48.80909213941793,46.20130549074413,48.642486572265625,4257300
2009-02-06,48.82359182308063,50.55487301025988,48.374470749742265,50.43896865844727,3849800
2009-02-09,50.35206228583651,51.12715492896468,50.06230683875695,50.801177978515625,4449500
2009-02-10,50.12026701783818,50.93882117410801,48.88880755323048,49.16407775878906,6473600
2009-02-11,49.39585369716816,49.852214615855495,48.61351595659848,49.20751190185547,3744600
2009-02-12,48.33825388761917,49.80151037904172,47.44725716112339,49.75804901123047,3624600
2009-02-13,49.65664882593458,49.83049987056809,48.780137144058216,48.8670654296875,4352700
2009-02-17,47.19373618332568,48.062996936506806,46.969172826230896,47.03437042236328,5018500
2009-02-18,47.36033536716302,47.80945649350495,45.97676154551382,46.382415771484375,4623800
2009-02-19,46.45485466456972,47.8384340553728,45.33930274554782,45.57110595703125,3221400
2009-02-20,44.1875451607879,46.46936212277683,44.049912818194606,45.93331527709961,2810400
2009-02-23,46.5997466682686,46.5997466682686,43.01403588022131,43.1226921081543,3928300
2009-02-24,43.52832762559651,44.41932151672385,42.31135968568806,44.12956619262695,3519600
2009-02-25,44.26720749764048,44.375863687114055,42.59387565195259,42.94882583618164,2645400
2009-02-26,43.39795185009607,44.69460305593044,42.3765680136333,42.391056060791016,3330700
2009-02-27,41.44210346331943,42.58663414681273,41.01471580804576,41.10888671875,4633500
2009-03-02,40.16717495201897,40.7611708176533,38.87052429468813,39.06610870361328,4026100
2009-03-03,39.38485338381981,40.65252847625512,39.05163659414608,40.02955627441406,3794500
2009-03-04,41.10946569906175,42.06533109443231,40.67896177698927,41.43781661987305,3692800
2009-03-05,40.34330981514785,41.02190069629489,39.547972265387344,39.96388244628906,3040200
2009-03-06,40.13902059135316,41.22622673347221,39.1612657220881,40.30684661865234,2578100
2009-03-09,38.92776740953973,40.33602617484537,38.92776740953973,39.38745880126953,3542400
2009-03-10,40.16817935106047,42.40096201555316,39.81064397692225,42.29880905151367,4433500
2009-03-11,42.72932169561288,44.21784099778698,42.64175960813315,43.816524505615234,3266000
2009-03-12,43.6705983066642,45.64799932649411,43.08686486943755,45.45098876953125,3136400
2009-03-13,45.772024242163376,47.01975730012834,45.20288470294186,46.73518753051758,3549900
2009-03-16,46.91763536651304,47.537851798521686,45.669901483291376,45.7647590637207,3351100
2009-03-17,45.81580785774152,46.80085754394531,44.84534906727226,46.80085754394531,2433600
2009-03-18,46.3703575363245,47.11461853524728,45.728249516643295,46.94679260253906,3036800
2009-03-19,47.63268287353799,48.23100986726255,46.85193904554471,47.02705764770508,2069900
2009-03-20,46.81545521516434,47.362705673507264,45.575017502768645,46.12956619262695,2530200
2009-03-23,46.545486657156864,48.64692687988281,45.23938127176415,48.64692687988281,2137800
2009-03-24,48.06318682901103,48.85122327844528,47.12191534840822,48.42802047729492,2211800
2009-03-25,48.924187786927405,49.989501226545656,48.04128557964511,49.537105560302734,2020100
2009-03-26,49.96033012485197,51.06942217571209,49.54441990991433,50.97456741333008,2127000
2009-03-27,50.31785868823497,51.04022779020942,49.31821243649176,49.85087203979492,2204000
2009-03-30,48.78556723924637,48.82205283932757,47.50864917329793,48.09967803955078,2507600
2009-03-31,48.96797530032537,49.83628121044512,48.01940553799691,49.09931564331055,2255600
2009-04-01,48.28208570638986,50.80673399055653,47.77132080410063,50.33245468139648,2888700
2009-04-02,52.09823922412302,52.19309395608817,49.697633466676336,49.90193939208984,3695100
2009-04-03,49.75602833090431,51.3175163269043,49.75602833090431,51.3175163269043,1979700
2009-04-06,50.7629581310538,50.83592375384014,49.66115885614347,50.638916015625,1545400
2009-04-07,49.72681865889215,50.1135413675853,48.60313055109546,48.8220329284668,1677300
2009-04-08,48.84394210845282,50.14274931129384,48.40613717394466,49.65387344360352,1405700
2009-04-09,50.8432172757116,51.645850185839976,50.20840472575168,50.573238372802734,1869100
2009-04-13,50.06977706904914,51.14968166209752,49.36199882752568,50.77754974365234,1482000
2009-04-14,50.15005060790945,50.53677349901473,49.464161364411744,49.95303726196289,1509500
2009-04-15,49.70495572221432,50.69730403980302,49.29633810696379,50.60244369506836,1448400
2009-04-16,51.07672871797676,51.36859685260667,50.295984658821695,50.60244369506836,2877300
2009-04-17,50.64621361778501,50.967263467434094,49.88006067076129,50.186519622802734,2064300
2009-04-20,49.57361249646021,49.63198166650085,47.52324300431142,47.632694244384766,2029800
2009-04-21,47.1219347194999,49.201486256205314,47.06355997571681,49.00447845458984,2750000
2009-04-22,48.325879637277446,51.33210609126614,48.08508803287901,50.15734100341797,3138100
2009-04-23,51.01103054539461,51.27370558452752,49.82896781816422,51.09858703613281,2768800
2009-04-24,51.4123554933865,53.265711038652135,51.281015161299344,52.95195388793945,2826900
2009-04-27,52.15662842212136,52.95196321936462,51.55830137426664,52.55064392089844,1593300
2009-04-28,51.63125939789489,52.86439334201325,51.02563420645682,52.149322509765625,1836900
2009-04-29,52.806035436172166,52.94466846636441,51.813687257398165,52.28067398071289,3076200
2009-04-30,53.66705626253552,55.4547397242456,53.21466032911415,54.44050216674805,3901100
2009-05-01,54.03914388641166,54.44046301997484,52.878975864340624,53.58675384521485,1846000
2009-05-04,54.79801446478458,56.62948099158076,54.00267976033881,56.43976593017578,2461000
2009-05-05,56.33762614169531,56.43248091114682,53.88594293399635,54.30185317993164,2335600
2009-05-06,54.520738492029615,55.24310751981934,54.35291257298786,54.943946838378906,2260000
2009-05-07,55.98008683002794,56.16250368984064,52.80603458267116,53.2949104309082,2598100
2009-05-08,54.031872712066885,54.62290151935042,53.0468172773671,53.382469177246094,2287300
2009-05-11,52.50686368043551,53.243829288533256,51.80638366788608,52.36822509765625,1891100
2009-05-12,52.79143800454258,53.2438338200109,51.886651940526704,52.93007659912109,1922400
2009-05-13,52.127448665139084,52.33175467711145,50.61703714300478,50.95997619628906,2702600
2009-05-14,50.96727728508511,52.0909659807985,50.92349901347343,51.82828521728516,1879100
2009-05-15,51.60207509906824,52.3828189290349,51.0402281306253,51.44154739379883,1783800
2009-05-18,52.0982500662622,53.003036024353264,51.62396517389539,52.91547393798828,2281200
2009-05-19,53.09791111552986,53.62327270112243,52.81334118448759,53.10520935058594,1444200
2009-05-20,53.47002035365607,54.52804130849585,52.67468564646053,52.86439514160156,1816400
2009-05-21,52.11284613563217,52.1347352676657,50.81403901038297,51.3831787109375,1877100
2009-05-22,51.84286872663251,52.53605049951074,51.22264701025488,51.87934875488281,1201400
2009-05-26,51.41966629189492,53.36057882163358,51.120499964111104,53.04682159423828,1467000
2009-05-27,52.87169380628194,53.2803057276776,51.215351424693175,51.229942321777344,2146300
2009-05-28,51.93044861860795,52.18583119897266,50.87243268555872,52.07638549804688,1713700
2009-05-29,52.62360753102483,53.41894221365044,51.84286374491322,53.4116439819336,1915900
2009-06-01,53.76918280659413,55.96547727698169,53.41164183678451,55.68820571899414,1953100
2009-06-02,55.556871177779534,56.162496409916,54.96584241001168,56.01655960083008,2572800
2009-06-03,55.70850233010224,55.70850233010224,54.03614785462218,54.71095657348633,2097400
2009-06-04,55.02635180640746,56.111918175875154,54.64493992291109,55.75251007080078,1887100
2009-06-05,55.94319886825412,56.53732871367696,55.15836592802658,55.64247131347656,1846700
2009-06-08,55.187696826191726,55.85517433338341,54.39553315969106,55.31972503662109,1128300
2009-06-09,55.473783400583685,56.05324051106568,55.011687242336215,55.81118774414063,1264200
2009-06-10,56.47133282552902,56.47133282552902,53.874780345333456,54.65228271484375,1958600
2009-06-11,55.107042415803214,56.44199255617293,55.01169083294772,55.67916870117188,1565000
2009-06-12,55.51043852001565,55.51043852001565,53.933436312841,54.82095718383789,1644500
2009-06-15,54.036140535491526,54.1755052549309,52.64251012933089,53.192626953125,1708400
2009-06-16,53.61073393265429,53.9554748227024,52.27578353881836,52.27578353881836,1941900
2009-06-17,52.03371416844704,53.33932376126624,51.25621198250604,52.422462463378906,2491600
2009-06-18,52.42980797260999,53.87477692684778,52.217095443246286,53.251312255859375,1493500
2009-06-19,53.04592289377249,53.79407919228365,52.33443768667333,52.91389465332031,1991800
2009-06-22,51.93103587116059,52.27577108298846,50.55940909819381,50.66943359375,2131000
2009-06-23,50.50071614610609,51.47625785173359,49.85524784561052,51.16819381713867,2246100
2009-06-24,51.51295353340147,52.048397562945134,50.72078378429358,51.102195739746094,1857300
2009-06-25,51.05818630768885,52.29044845144012,50.691441688668576,52.077735900878906,2078000
2009-06-26,51.9310244789931,53.11194224034177,51.60828752178166,52.9432373046875,2301400
2009-06-29,53.045928955078125,53.38333325343688,52.6205039543346,53.045928955078125,1593200
2009-06-30,52.86989197337409,53.26597673120151,51.923690429021455,52.12906646728516,2257700
2009-07-01,52.5838402009256,53.00925966499226,51.90169505140988,52.0043830871582,1662900
2009-07-02,51.13885666024088,51.578948964131,50.50071918214997,51.46159362792969,1811500
2009-07-06,50.31735536282727,51.960369517788,50.31735536282727,51.637638092041016,2480700
2009-07-07,51.42492609110914,51.53495058568513,49.28313906048664,49.393157958984375,2914100
2009-07-08,49.64254622742148,50.49339073714392,49.60586953124525,50.2440071105957,2753800
2009-07-09,50.97015902389563,51.39558407025934,50.13398184784453,50.94081878662109,1737600
2009-07-10,50.317343999289285,51.04349653832535,49.89191903861081,50.77944564819336,2090700
2009-07-13,50.830781963591846,52.19507173723464,50.14130062101991,52.11438751220703,2024700
2009-07-14,52.09972947564952,52.34911867768576,51.47626486467544,52.31977844238281,1488100
2009-07-15,53.03861759176005,53.515386828783136,52.46649674576439,53.00927734375,2837400
2009-07-16,53.06059907283488,53.68406928781029,52.32710996917229,52.869895935058594,2777100
2009-07-17,52.37844902134282,52.7158532694916,51.88700716792407,52.18774032592773,2113300
2009-07-20,52.45180311599485,53.03126013242391,51.85034232361285,52.50314712524414,1943800
2009-07-21,53.16330826974588,53.9114649123774,52.6571988492108,53.80877685546875,2058500
2009-07-22,53.22198207853423,54.6449531182653,53.22198207853423,54.32221603393555,1807200
2009-07-23,54.47623535749914,56.45665937104182,54.02881213548477,55.9505500793457,2675600
2009-07-24,55.737835975297365,56.05323651685525,55.07769465621367,55.9652214050293,1247500
2009-07-27,55.92855150212998,56.58869290137082,55.76718298275127,56.49333572387695,1644100
2009-07-28,56.12658169708595,56.47865891624053,55.33441774712385,56.03856658935547,1593600
2009-07-29,51.38825889520682,54.490921116282415,51.37359157138809,53.91880035400391,5341300
2009-07-30,55.12905018195011,55.74517841515791,54.27086357701296,55.47378540039063,4070300
2009-07-31,55.56178744622073,58.312370983162346,55.290394522654935,57.34416580200195,3382500
2009-08-03,56.24394146180618,58.21702882806114,55.29773990090583,57.38085174560547,3128300
2009-08-04,56.82341181731499,58.30505760678068,55.61315346276679,57.32952117919922,2772600
2009-08-05,57.41751776663944,57.41751776663944,56.37596473437782,57.25614929199219,1402300
2009-08-06,57.42486165005288,57.9456382335338,56.77205680624738,57.072784423828125,1431700
2009-08-07,57.64491817731702,58.092347072982655,56.40532513497026,57.39553451538086,1556900
2009-08-10,57.02877923549447,57.14614018113185,56.06791027641949,56.530006408691406,1006900
2009-08-11,56.22927234199343,56.65469173103587,55.72316311500354,56.31728744506836,1045900
2009-08-12,55.95790236428551,57.64492448695419,55.921225658890286,57.13882064819336,1236600
2009-08-13,57.615578288182846,57.90896948821253,56.6180325390623,56.9701042175293,1371200
2009-08-14,56.70604215969316,56.94075845459458,54.8576520368542,55.67182540893555,2881200
2009-08-17,54.27085070022687,55.3197402164337,54.27085070022687,54.91632461547852,1710100
2009-08-18,55.01902709885208,55.81852765003374,54.901666139369325,55.49579620361328,1241900
2009-08-19,54.79896288497765,56.904078343644805,54.26351904519959,56.5593376159668,1318900
2009-08-20,56.80138703864228,56.80138703864228,55.85518560562305,56.36862564086914,1294700
2009-08-21,57.05811896835302,58.092335711285216,56.81606621717052,57.578895568847656,1951200
2009-08-24,57.98228621235764,58.23900614805568,56.632664042284496,56.816036224365234,1717100
2009-08-25,57.15346179435363,57.65223454044312,56.53733371769561,56.83073043823242,1176500
2009-08-26,56.65469243344802,57.4028543953243,56.18525989097077,56.75004959106445,1058300
2009-08-27,56.09724868303054,56.88208179412741,55.82585570215491,56.30995559692383,1177000
2009-08-28,56.79404646634127,56.977418693651416,55.671809330575385,56.18524932861328,1297300
2009-08-31,55.737837989685175,56.31729507981834,55.39309719970029,56.1999397277832,1459600
2009-09-01,55.81851468910812,56.35396414928062,55.31241105807084,55.35641860961914,2728800
2009-09-02,55.35643480405755,55.43017343514444,54.61166169051703,55.30481719970703,2691400
2009-09-03,55.82833485936639,56.18228794969215,55.31215912961376,56.123294830322266,1817600
2009-09-04,56.06433123244925,56.484647583969725,55.63663933065046,56.477272033691406,1074500
2009-09-08,57.34738456618438,57.34738456618438,55.92420757645467,56.410892486572266,1951200
2009-09-09,56.52151200992435,56.9270772056408,56.189679803361024,56.77222442626953,1397700
2009-09-10,56.4846534725638,57.25154763046065,55.82099452573989,57.19255447387695,1527300
2009-09-11,57.4358678759242,57.516982018586056,56.68372520184384,56.971309661865234,1499100
2009-09-14,56.36664866809392,57.45799346846098,56.123306220726185,57.406375885009766,957200
2009-09-15,57.45800364807263,58.09954140682051,56.786974944323255,57.937313079833984,1590500
2009-09-16,58.26176156669663,59.16875708458531,57.56860631251888,58.90329360961914,2394900
2009-09-17,58.866441441191455,59.47848269213949,58.52723927974822,58.954925537109375,2133700
2009-09-18,59.24252925407007,60.1347854329528,58.75584969148664,59.76608657836914,2493900
2009-09-21,59.49322685500889,60.09789254267233,58.91805774063344,59.987281799316406,1767500
2009-09-22,60.481326409696486,60.65093027064962,59.81029776621009,60.348594665527344,1490800
2009-09-23,60.29698484775166,60.621441514397446,59.05078702757246,59.15402221679688,1779400
2009-09-24,59.412123507091685,59.69970811666408,58.40188678507001,58.64522933959961,1378500
2009-09-25,58.54196822032574,59.51533238179864,58.37237000045023,58.68207550048828,1779600
2009-09-28,58.85906674788003,59.92829084568898,58.763207100608376,59.397369384765625,1340900
2009-09-29,59.44160628361976,60.16425260237596,59.22776035740533,59.729190826416016,1450400
2009-09-30,59.92091024741293,60.64355650004618,59.286748076223176,60.23799133300781,2095800
2009-10-01,60.31175550061055,60.31175550061055,58.21754321330944,58.24703979492188,3187100
2009-10-02,57.3768908496715,58.84431575076521,56.85333936205608,58.40924835205078,1923100
2009-10-05,58.67471622834017,59.15402570710361,58.16591017578708,58.33551406860352,1919700
2009-10-06,58.92544969382235,59.89143882785299,58.755845756676905,59.65547180175781,1649600
2009-10-07,59.45636895640408,60.09790692063454,59.32363715780113,59.53011322021485,1603200
2009-10-08,60.18636088503364,60.46656979289836,59.55219884932928,60.06837463378906,2503500
2009-10-09,60.11262170933353,60.754159346048034,59.69968104711431,60.72466278076172,1366600
2009-10-12,60.89429400032594,61.388349032716285,60.680448025284505,61.056522369384766,1261200
2009-10-13,60.91640874905696,61.25561092853759,60.466595817900846,61.02701950073242,1195400
2009-10-14,61.75702938843778,61.9413787298958,61.18923589214106,61.89713668823242,1354000
2009-10-15,61.60217241203432,61.897132463413605,61.07862099313625,61.8750114440918,1574200
2009-10-16,61.82340970134178,62.855767426741615,61.41046886154064,62.00775909423828,1518300
2009-10-19,62.015117083994575,62.55341963421253,61.77915015294317,62.38381576538086,1212100
2009-10-20,62.36906756980141,62.37643749246259,61.20397843728642,61.64641571044922,1273900
2009-10-21,61.28510389089075,62.37644899080895,61.02701590279497,61.13762664794922,1865100
2009-10-22,61.13762774453018,62.60504715393437,60.46659333754911,62.302711486816406,1824100
2009-10-23,62.4428006649717,62.56078130198155,60.72466368621363,60.9680061340332,1429200
2009-10-26,60.86477698695278,62.02249058321086,60.34122555179355,60.58456802368164,1397200
2009-10-27,60.591963494960176,61.21875037170836,60.07578739079052,60.12002944946289,1670600
2009-10-28,59.36047636014562,59.721799423609134,56.66159982768985,58.91066360473633,3513900
2009-10-29,59.913526926019145,61.21871759104465,59.20562623683138,60.72466278076172,2333700
2009-10-30,60.37073351751079,60.429721040038665,58.49036769923876,58.578857421875,2060700
2009-11-02,59.1023835674348,60.03887548632304,58.07002641706378,59.05076599121094,1506700
2009-11-03,58.505105691152224,59.29412629215052,58.38712503528878,59.087650299072266,1494700
2009-11-04,59.53007562706157,59.76604249490992,58.3428657409169,58.48296737670898,1230600
2009-11-05,58.68944927271793,59.92827698003653,58.68944927271793,59.87665939331055,1024600
2009-11-06,59.41948946648293,60.37073287762901,59.1687714012858,60.25274658203125,1054500
2009-11-09,60.72467320694779,61.68329205271299,60.41496765710816,61.66854095458984,1371900
2009-11-10,61.58005582242373,61.6021768433368,60.960639107380494,61.51368713378906,1237200
2009-11-11,61.73491574119292,61.78653333793053,60.79104790033602,61.28510284423828,1206300
2009-11-12,61.277723841343935,61.60218050306585,60.614065045047205,60.805789947509766,1420000
2009-11-13,60.798402747553446,61.852881070187934,60.57718694177586,61.58741760253906,1092400
2009-11-16,62.00774136004343,62.65665463802421,61.92663282619122,62.47230529785156,1102700
2009-11-17,61.83812662708245,62.62714136757736,61.66852280395825,62.5976448059082,1075000
2009-11-18,62.50182258117256,62.65667540313005,61.55795454682368,61.852909088134766,1100900
2009-11-19,61.23347847288404,61.764405481100525,60.43708796055932,60.73204803466797,1511700
2009-11-20,60.32649583802695,61.08601446566073,60.27487823107798,60.91641616821289,1285700
2009-11-23,61.49155716040496,62.30269302253296,61.20397267861317,61.54317474365234,764900
2009-11-24,61.388341026014416,61.616932447566185,60.67306456076308,61.04176330566406,1179700
2009-11-25,60.87954509262581,61.35147911459211,60.76156440008289,61.277740478515625,1084100
2009-11-27,59.64808192117887,60.77629916948413,59.37524282727711,60.10527038574219,728200
2009-11-30,60.24537739921927,60.82055221220234,59.54485197923406,60.48871994018555,1261100
2009-12-01,61.17451342621941,61.39573498986695,60.83531115428511,61.204010009765625,891600
2009-12-02,61.15236941809088,61.60218230283956,60.57720031979479,60.99751663208008,1234000
2009-12-03,60.99749383879205,61.80516524944824,60.62700371449103,61.10123062133789,1744900
2009-12-04,62.03491494202022,63.77621873239724,60.50108487601357,61.1161003112793,2609700
2009-12-07,61.079017337123226,61.553244362130656,60.71593850774642,61.04937744140625,1168300
2009-12-08,60.7011296645108,60.77522659419285,60.049068768782085,60.13057708740234,1845100
2009-12-09,60.18986650370972,61.21241786436559,59.671176606642966,61.13832092285156,1646600
2009-12-10,61.56064043567099,61.96077044846651,60.530678341953696,60.81966018676758,1251200
2009-12-11,61.24943949259795,61.27166799896128,59.893444072119806,60.278751373291016,1391500
2009-12-14,60.61962134471828,60.804866495536494,60.019428865101936,60.77522659301758,1129800
2009-12-15,60.3232299811053,61.2124043900131,60.17503047746531,60.49365234375,1675700
2009-12-16,60.84188383478993,61.19755116007364,60.25650880647903,60.62699890136719,1343300
2009-12-17,60.20466125034426,60.38990636188378,59.6711544245933,59.85639953613281,1387900
2009-12-18,60.30098585740149,60.36026564906789,59.1154182902339,59.48590850830078,2117200
2009-12-21,59.47108685023746,59.886034053783774,58.84125465821705,59.2710189819336,2051900
2009-12-22,59.434063412545534,59.85642220065169,58.93019629224043,59.02652740478516,1933100
2009-12-23,59.01911517199782,59.17472044400122,58.663441940822736,59.04134368896485,1751800
2009-12-24,59.1228411775031,59.34513195964182,59.056149985598246,59.15248107910156,722500
2009-12-28,59.27842431590439,59.90084505767047,59.15245902100855,59.80451965332031,1387800
2009-12-29,59.64892571617822,60.2565294538659,59.64892571617822,59.982364654541016,714900
2009-12-30,59.730423099329,60.545500307744646,59.67855470388157,60.21946716308594,1141600
2009-12-31,60.3528617280966,60.412141527096544,59.5007386437117,59.50814437866211,1003400
2010-01-04,59.9527239753535,60.59737327407889,59.90826130930822,60.434356689453125,1233000
2010-01-05,60.2194854709739,60.31581655839928,59.00427784827535,59.308082580566406,2170900
2010-01-06,59.30066446702634,60.012005020135184,59.27843595805921,59.834171295166016,2359700
2010-01-07,59.841590393025925,60.189852153669456,59.7156194039275,59.989784240722656,2105100
2010-01-08,59.80450935886807,60.4417527628306,59.72300108720564,60.38247299194336,1424900
2010-01-11,61.01232665944056,61.0345608213349,60.32322027798274,60.95305252075195,1343000
2010-01-12,60.278762547865526,60.61961289949748,59.79712409219095,60.30099105834961,1171200
2010-01-13,60.59736839143509,61.45690825812008,60.20464973460633,61.36798858642578,1257800
2010-01-14,61.40505287644538,61.40505287644538,59.930497687810536,60.02682876586914,1401500
2010-01-15,59.841590393025925,60.35286312484269,59.54519704439955,59.989784240722656,1788900
2010-01-19,59.826760907875794,60.412136151135066,59.72302409547362,60.07869720458984,1598500
2010-01-20,59.58224065589572,60.04164491650207,59.337715750793,59.834171295166016,1456100
2010-01-21,59.82678111389634,60.47884775863436,58.89314948695012,58.90796661376953,1672400
2010-01-22,58.700475194656335,59.49332409110277,57.722381176112776,57.97431182861328,2019200
2010-01-25,58.73010235853265,59.34511173409015,58.49298887978932,58.8560676574707,1885800
2010-01-26,58.49301521508115,59.1302590360908,58.12993062069703,58.28554153442383,1939100
2010-01-27,57.38893392110977,58.18919416848583,55.35123767189599,56.885066986083984,6430200
2010-01-28,57.17403551323373,57.40373756848076,56.21817036735528,56.42564392089844,2827800
2010-01-29,56.907322924686426,57.00364838543664,55.699520703994935,55.8106689453125,3075600
2010-02-01,56.32192620923256,56.91470718383789,56.15149821642876,56.91470718383789,2450400
2010-02-02,56.9072984182173,57.500079361246094,56.44788852345363,57.23332595825195,1888000
2010-02-03,57.07770528411384,57.58898344353256,56.80354622154009,56.973968505859375,1658200
2010-02-04,56.44791096149298,56.6924359536416,55.24011443406025,55.26974868774414,2506800
2010-02-05,55.5587023174018,56.018106459998144,54.173067197655335,54.83995056152344,4520300
2010-02-08,54.928883167659386,56.44048408635162,54.82514634852457,54.93629455566406,2498700
2010-02-09,55.60316532556658,56.14407780731087,54.72139691298587,55.71431350708008,2950700
2010-02-10,55.62542402378208,56.37381615540772,55.2178823547695,55.736572265625,2379200
2010-02-11,55.60315605090536,56.55160982225233,55.58833328078595,56.48492431640625,1680000
2010-02-12,55.692120921266905,57.12220847102252,55.29199060168438,57.00365447998047,3320000
2010-02-16,57.60380593937303,57.79646239693414,57.21108729170568,57.7371826171875,1770100
2010-02-17,57.90018865094461,58.374415496178536,57.35186492112349,57.82609176635742,1933200
2010-02-18,57.64084944338489,58.15953331315719,57.35927900739852,57.58156967163086,2129900
2010-02-19,57.41116999620071,57.61864362578856,56.95917145178473,57.21851348876953,2765400
2010-02-22,57.3963506346864,57.55936725426788,56.86284375359527,56.98140335083008,2019000
2010-02-23,56.78875776366517,56.944363025065,56.2330222644227,56.43309020996094,1756300
2010-02-24,56.64055887730731,56.98882066385092,56.03295501139081,56.31452560424805,2892400
2010-02-25,55.59578407685552,55.91440602152402,54.85480333606687,55.58096694946289,3189800
2010-02-26,55.6254272560384,55.94404921944409,55.21047982582996,55.67729568481445,1571000
2010-03-01,55.92181760524863,56.41086195617866,55.50687019800685,56.35899353027344,1911500
2010-03-02,56.89248748635352,57.16665233350784,56.53681997714951,57.03327560424805,1983500
2010-03-03,57.39102804101347,57.86804392305951,57.06307748967762,57.092891693115234,1710700
2010-03-04,57.29413840680503,57.733885130296805,57.12270815188977,57.58481979370117,2547700
2010-03-05,57.98731140087954,58.89661918380115,57.70407925937379,58.87425994873047,2215000
2010-03-08,58.92642313074756,59.627042702171,58.8668004097686,59.05313491821289,2471500
2010-03-09,58.88915964094545,59.25437368528243,58.695370159949576,59.05313491821289,1584900
2010-03-10,58.76247501310017,59.3214787968008,58.248195398902354,58.88918685913086,1712800
2010-03-11,58.57612913734057,59.261844635009766,58.196010731897246,59.261844635009766,1223700
2010-03-12,59.45560270192788,59.60467369612315,59.1052986601422,59.32144165039063,916500
2010-03-15,59.34381350674309,59.55250723655363,59.00840799542389,59.433250427246094,1280000
2010-03-16,59.47798702564738,60.07425413758018,59.30655674799841,60.06679916381836,1965300
2010-03-17,60.30531852822465,61.16990791245559,60.17115742023441,61.14754867553711,2223700
2010-03-18,60.81212025107707,61.37857868193815,60.81212025107707,61.214603424072266,2047800
2010-03-19,60.83448028564454,62.027019765619706,60.54379896510299,60.83448028564453,2463600
2010-03-22,60.78978253721385,61.236990012024194,60.44692764327739,61.16990661621094,990200
2010-03-23,61.26679373586352,61.61710357666016,60.78232848691037,61.61710357666016,1429600
2010-03-24,61.43821404272762,61.59473434665631,60.79722288198468,61.32641220092773,1313000
2010-03-25,61.60217638915632,61.67670903921955,60.55870222884095,60.64068984985352,1251100
2010-03-26,60.759955720515855,61.28169577072209,60.4245558704732,60.80467987060547,1523500
2010-03-29,60.98353553560911,61.33384519402312,60.379813767306736,60.99843978881836,1310300
2010-03-30,61.155010767778336,61.72891876590693,60.99848471817232,61.684200286865234,1691900
2010-03-31,61.53510942609128,62.07920872089131,61.53510942609128,61.863059997558594,1879400
2010-04-01,62.28790102094175,62.51895399828928,61.92268696625222,62.47423553466797,1639600
2010-04-05,62.54876961290015,62.80218751424921,62.23572898753796,62.57112884521485,2207300
2010-04-06,62.10901748788314,62.921433186001465,62.07920328522591,62.80963134765625,1399900
2010-04-07,62.5264324906205,63.16742391386843,62.18357753877536,62.936370849609375,2023700
2010-04-08,62.7425455475898,63.17484290053239,62.70527637746555,62.97359848022461,1212200
2010-04-09,63.02579348478675,63.53262366502539,62.95126080549732,63.31647491455078,2555800
2010-04-12,63.458096274567765,63.64443083156061,63.15995984608332,63.34629440307617,2661000
2010-04-13,63.15995757337045,63.45809399112692,63.07052062857895,63.30902862548828,1411100
2010-04-14,63.39843622254378,64.08415137190339,63.19719750343901,64.00961303710938,1635700
2010-04-15,63.99471809506392,65.47048408053512,63.83819780487621,65.32141876220703,2284500
2010-04-16,65.13507134629052,65.58972786939418,64.44190694930263,64.70277404785156,2213600
2010-04-19,64.2630372495902,64.94874678059738,63.85309911340268,64.94129180908203,1517200
2010-04-20,65.2767270733912,65.6941146850586,64.68790915751487,65.6941146850586,1763200
2010-04-21,65.69410013912194,65.69410013912194,64.8667743874101,65.26180267333984,1643500
2010-04-22,64.7102307132981,65.44066429484486,64.0319762393042,65.37358093261719,1793700
2010-04-23,65.4853857972792,65.79842633832713,64.83693980241424,65.75370788574219,1277000
2010-04-26,65.8878826902279,66.33508436890246,65.63446480420967,65.79098510742188,1304700
2010-04-27,65.61956205004229,65.71645394859168,64.4046630859375,64.4046630859375,1674600
2010-04-28,62.43695873548592,64.54626653813266,61.125168013251326,62.86180114746094,4587400
2010-04-29,62.57110588572186,64.05433219843638,62.57110588572186,62.83942794799805,3493500
2010-04-30,63.01086017646549,63.21955385686284,62.36986919440147,62.43694686889648,2218800
2010-05-03,62.77980851645712,62.90651458400064,62.347511206215934,62.6158332824707,1480500
2010-05-04,61.83325217695106,61.99722747961617,60.74505916146666,61.24443435668945,2177600
2010-05-05,60.87921471470095,61.4009490970767,60.37983956493013,61.043190002441406,2035100
2010-05-06,60.75996546872253,61.706548134540384,56.75750311195705,59.13512802124024,3363800
2010-05-07,59.03076331796052,59.97734569812694,58.143815024978,58.79225540161133,3332700
2010-05-10,60.759947356032,60.95373681580086,59.42579742580956,60.595977783203125,2978000
2010-05-11,59.96990186275978,60.51400116891104,59.768663081101735,59.917728424072266,1458500
2010-05-12,60.19350573812492,60.96120306095664,59.887914391727946,60.93138885498047,1243800
2010-05-13,60.70030927545074,60.8195603606361,59.858073963402,60.00714492797852,1417100
2010-05-14,59.54506913220998,59.76867286976499,57.59973594951088,58.06184768676758,3078100
2010-05-17,58.322724370443055,58.82209968719832,56.854406949299225,58.19601821899414,3298200
2010-05-18,58.67304244310691,59.559996999373695,57.92024903243946,57.97987747192383,3089900
2010-05-19,57.57736130206472,57.62953473533239,56.14631368688456,57.04817199707031,3473800
2010-05-20,55.93761147011231,56.59350677264164,55.32643462175089,55.35624313354492,3900500
2010-05-21,54.92396483650392,57.48792396030663,54.18607604436113,57.4655647277832,5360900
2010-05-24,56.9512797045453,57.443199830989066,56.34009708128735,56.623329162597656,2913600
2010-05-25,55.01337632397782,56.92144478972102,55.01337632397782,56.86181640625,2769400
2010-05-26,57.39103769993159,57.97985552234731,56.89911179013662,57.27923583984375,3165500
2010-05-27,58.34506577170668,58.82208170253429,57.60718264221998,58.81463241577149,2222000
2010-05-28,58.81460742608914,58.81460742608914,57.57734397175079,57.83821105957031,2809100
2010-06-01,57.42085675147332,58.06184807112975,56.83203887939453,56.83203887939453,1909000
2010-06-02,57.33140278892455,58.21090193605791,56.63078887226041,58.16618347167969,2122500
2010-06-03,58.14368546777425,58.256135723252925,56.80929025871984,57.311561584472656,3228900
2010-06-04,56.37447514451655,56.59937561354504,55.47488470731566,55.56484603881836,3909700
2010-06-07,55.789770141138725,56.53943113971181,55.54987885037372,55.65483093261719,3744200
2010-06-08,55.68479262953292,57.01918768250638,55.35494011056621,56.92173385620117,2843000
2010-06-09,57.44649449839406,57.993749298485085,56.80178587119947,57.04917526245117,2161600
2010-06-10,57.896291225912,58.795881667007045,57.738857465236656,58.21114730834961,2333400
2010-06-11,57.551465152186246,58.35360209164497,57.551465152186246,58.308624267578125,1470200
2010-06-14,58.65345261824701,58.95331804751524,58.03123857287781,58.09870529174805,2204400
2010-06-15,58.48103421638687,59.47058613543217,58.158679878847856,59.44809722900391,2778100
2010-06-16,58.915837812214775,60.1752681483438,58.915837812214775,60.04032897949219,1927900
2010-06-17,60.34771280686604,60.56511519151166,59.35066226608226,60.52762985229492,2112400
2010-06-18,60.71504781009055,61.25480468984557,60.56511788547415,60.8499870300293,2069800
2010-06-21,61.45719590170976,62.42425331634024,60.95491881073949,61.34474563598633,2150200
2010-06-22,61.2922858221944,61.80205553813162,60.37020026268308,60.385196685791016,1776000
2010-06-23,60.347707124275615,60.7525247279661,59.29818063909202,60.122806549072266,2269200
2010-06-24,59.89040090117008,60.56509676558807,59.21570503675207,59.29816818237305,2435700
2010-06-25,59.56057357788086,59.97288948084585,58.81841067200432,59.56057357788086,2239200
2010-06-28,59.762972315796304,59.95038755475981,59.10326701419088,59.485595703125,1151600
2010-06-29,58.84087529570658,59.00580158879635,57.67890447345621,58.001258850097656,1706000
2010-06-30,58.031250998254905,58.45105925744338,56.8617761456521,56.96672821044922,1917000
2010-07-01,56.76430852690784,57.90379026245877,56.74931211016823,57.55144882202149,2202400
2010-07-02,57.70138356826297,57.986252568219,57.10165273529993,57.6339111328125,1478800
2010-07-06,58.20364564254341,58.46602569565159,57.37152196021732,58.06870651245117,1572700
2010-07-07,58.22616607835404,59.93539217223161,58.1362104225453,59.90541076660156,1672600
2010-07-08,60.41514433927812,60.78248214721679,60.01782514079335,60.7824821472168,1690800
2010-07-09,60.76003218576047,61.32227798987499,60.52014087145,60.96993637084961,1476700
2010-07-12,60.76749851426647,61.28476626156298,60.52760730324416,61.09735107421875,1239700
2010-07-13,61.5621633425275,62.87407009175015,61.359751669750096,62.58919525146485,1926500
2010-07-14,60.96992615225779,62.36429597032151,60.76751449380322,62.09441757202149,2610400
2010-07-15,62.21435737507204,62.33430586611952,61.23980162287608,62.07941818237305,1602700
2010-07-16,61.75705620531344,61.75705620531344,60.49013331053554,60.69253921508789,2026900
2010-07-19,60.96240119733383,61.08234964149467,60.22773127549021,60.744998931884766,1396700
2010-07-20,60.15278615628313,61.89949734295509,60.04033588273465,61.80953598022461,1731300
2010-07-21,62.19183003670704,62.40923225281123,61.14230426634227,61.742034912109375,1976900
2010-07-22,62.47671535844546,63.991033063016886,62.27430950102011,63.2188835144043,2167000
2010-07-23,63.1814106095523,64.04352166390147,62.87405265907251,64.01353454589844,1373600
2010-07-26,63.83361232287388,64.46332459092649,63.77363809178578,64.20844268798828,1324100
2010-07-27,64.66574580917977,64.76319965959983,64.05851663814586,64.34339141845703,1358600
2010-07-28,63.73615100228041,65.01057764004784,63.73615100228041,64.68072509765625,1799100
2010-07-29,65.1830126221219,65.40791317871472,64.03603236630768,64.32839965820312,2140800
2010-07-30,63.60121009113009,65.5278435519849,63.58621939391556,65.08554077148438,2005100
2010-08-02,65.77524397744045,66.15757262750105,65.66279370160397,65.8727035522461,2507400
2010-08-03,65.49035318061595,66.12756357306391,65.45286786128389,65.82020568847656,1293600
2010-08-04,66.06012660316087,66.41996066514332,65.73027394679421,66.30751037597656,1213700
2010-08-05,66.0001477124218,66.45744132860997,65.82023069408088,66.38996887207031,1253700
2010-08-06,65.78271633127672,66.42742489190898,65.0255575390074,65.79021453857422,1203400
2010-08-09,65.97764199330919,66.63734137215064,65.97764199330919,66.55487823486328,1100900
2010-08-10,65.97764954838505,66.71981214949862,65.61031163314765,66.48741912841797,1546100
2010-08-11,65.24300345101508,65.73778251350691,64.79320794295174,65.11556243896484,1843700
2010-08-12,64.7781831823165,65.6552848198454,64.32088970234868,65.45287322998047,1871900
2010-08-13,65.19049967310927,65.65529140808987,64.9805955732657,65.4378890991211,1514900
2010-08-16,65.05556562464248,66.41244989071636,64.46333288522607,65.95516204833984,1622500
2010-08-17,66.67480773428515,67.27453271191285,66.27748857823605,66.82473754882812,1823100
2010-08-18,66.72731632764486,67.1396263787178,66.41995262243796,66.78728485107422,1555800
2010-08-19,66.50993657050994,66.55491440821903,65.60284728679302,66.05264282226562,2283500
2010-08-20,65.42288613633126,66.32248239925882,65.42288613633126,66.2325210571289,1584500
2010-08-23,66.47990467865391,66.69730694697411,65.54282889423415,65.58780670166016,1251000
2010-08-24,64.05850384525702,65.76773502740481,64.05850384525702,64.60575866699219,2430800
2010-08-25,64.25344676473411,64.75571828661768,63.36134830089628,64.41837310791016,1834200
2010-08-26,64.70324762939443,65.22051561797113,64.02855721581122,64.15599822998047,1187100
2010-08-27,64.54580454221002,65.43040466308594,63.916092110124936,65.43040466308594,1766900
2010-08-30,65.27294135637447,65.59529560928979,64.42582702636719,64.42582702636719,1152600
2010-08-31,64.09601251281025,64.8006956501956,63.81114340509199,64.49333190917969,1631100
2010-09-01,65.35545307977632,66.53242074473579,64.87567044689223,65.29547882080078,2879300
2010-09-02,65.40095238401008,65.40095238401008,64.23294138373659,64.9186782836914,3778600
2010-09-03,65.49892181386724,65.81541316003877,65.08447050316498,65.74005889892578,1535000
2010-09-07,65.42356243862857,65.72498520868007,64.99403685978253,65.12967681884766,1181000
2010-09-08,65.28794823754478,65.6722625647126,65.13723966764071,65.24273681640625,1420700
2010-09-09,65.86062734889293,65.95105015849016,65.17489038058673,65.23517608642578,1500900
2010-09-10,65.27285343002482,65.48384764270224,65.0995334700906,65.14474487304688,1011600
2010-09-13,65.60442917389629,65.98120628745951,65.4311149211882,65.83049774169922,1256700
2010-09-14,65.83047502339352,66.66692038677692,65.7249779279362,66.22232055664062,1362400
2010-09-15,66.02640586363509,66.50867998060383,65.6722345513572,66.46346282958984,1327600
2010-09-16,66.37303963447695,67.16426790804366,66.16957682901628,67.09645080566406,1285600
2010-09-17,66.97589871432622,67.02111587811144,66.51623016845426,66.58405303955078,1716200
2010-09-20,66.81009585077668,66.95326719159942,66.455924575025,66.77995300292969,1600000
2010-09-21,66.74227910443993,66.86285050684516,66.04901078809252,66.37303924560547,1852200
2010-09-22,66.25244479376387,66.52372460563564,65.97363358373264,66.35041046142578,1446800
2010-09-23,66.18467200194097,66.68955197608516,65.46126060260839,66.33538055419922,1486200
2010-09-24,66.84021787303558,67.88765716552734,66.63676088241047,67.88765716552734,1672400
2010-09-27,67.55610825477699,68.19662791966003,67.55610825477699,67.67667388916016,1250800
2010-09-28,67.81984673547886,68.36240642922824,66.74226449627098,68.14387512207031,1407900
2010-09-29,67.95551400160552,68.00826256254628,67.45063409700654,67.61641693115234,918800
2010-09-30,67.81230720590501,68.573398180086,67.41292459790849,68.0157699584961,1523900
2010-10-01,68.46792927040696,68.56588923840805,67.40541517883958,67.5561294555664,1727500
2010-10-04,67.28483931115531,67.66915347212253,66.79502804704586,67.09645080566406,1040300
2010-10-05,67.75205772888609,68.73921184521883,67.74452057747138,68.71660614013672,1606800
2010-10-06,68.61107785351237,69.09335184008663,68.2795123318078,68.70903778076172,972000
2010-10-07,68.92008478536866,68.93515909291162,67.75207891399809,67.97814178466797,1027300
2010-10-08,68.20417982120175,68.55835115051816,68.02332270676703,68.28707122802734,989300
2010-10-11,68.29460603245764,68.573423119234,68.00825754407546,68.15896606445312,799800
2010-10-12,67.62395089855548,68.5734307806686,67.3149966725146,68.46793365478516,893200
2010-10-13,68.52065399518045,69.27420786920679,68.43776260910478,69.25160217285156,1860600
2010-10-14,69.03307331783371,69.22899894182244,68.00823955272958,68.35487365722656,1556200
2010-10-15,68.80700484791133,69.0858218609276,67.91027961531522,68.35487365722656,1446100
2010-10-18,68.35490524112699,68.67893379818358,68.00827097646503,68.40765380859375,680600
2010-10-19,67.44310704156992,67.7822041627842,66.76490704997855,67.37528991699219,1362100
2010-10-20,67.56363614192297,68.89742383186372,66.76486520834496,68.5809326171875,1181000
2010-10-21,68.70152706276596,69.97503535273279,67.9178300957988,69.8996810913086,1938700
2010-10-22,69.72633577231605,70.04282700475937,69.16870754146456,69.46259307861328,830900
2010-10-25,69.85447147346666,71.06016278301233,69.85447147346666,70.66077423095703,1185600
2010-10-26,70.34427164728818,70.45730590820312,69.6208604262584,70.45730590820312,1612900
2010-10-27,69.44753540537167,69.44753540537167,67.51843336689328,68.20417022705078,2791700
2010-10-28,69.21394336469835,69.21394336469835,68.01579509786038,68.51313781738281,1277200
2010-10-29,68.36242813323396,69.11598222509208,68.03086249308473,68.82962799072266,1342300
2010-11-01,69.17626793223948,69.36465645520401,68.5734223590884,68.82962799072266,1091200
2010-11-02,69.34957555739865,69.75649541819574,68.9727985473081,69.5605697631836,1437400
2010-11-03,69.79415134959038,69.79415134959038,68.74671208269248,69.50779724121094,1184900
2010-11-04,70.23122517806004,70.23122517806004,68.93511722557697,69.54549407958984,1994000
2010-11-05,69.77907469032102,70.12570871841842,69.57561771156166,70.03528594970703,1452200
2010-11-08,69.71882300978673,70.79640560595907,69.70375445737298,70.54773712158203,1150800
2010-11-09,70.30658729151206,70.82653561835703,69.00293640136807,69.34203338623047,1272900
2010-11-10,69.33448929454943,70.19354019817122,68.79192961875472,70.14832305908203,1015700
2010-11-11,69.37971216027063,70.32165460067246,69.32696361357453,69.94487762451172,936400
2010-11-12,69.6434577449588,69.65853204415218,68.49805822016802,69.0104751586914,950500
2010-11-15,69.12349302298452,69.77154400568958,68.92003027622098,68.95771026611328,777100
2010-11-16,68.05347687716937,68.70907109041448,67.85001977604486,68.12129974365234,1708100
2010-11-17,68.31718468707987,68.70149295429285,67.93287067070813,68.05343627929688,1213500
2010-11-18,68.76180596242106,69.81678276537535,68.7090574097314,69.22901153564453,1116000
2010-11-19,69.31191192815623,69.84693467457943,69.17627195376996,69.69622039794922,1599900
2010-11-22,69.5078243246035,69.56057287841206,68.57341890749724,69.32697296142578,1091600
2010-11-23,68.62617737992073,68.99541730994723,68.11376031922269,68.69400024414062,1388400
2010-11-24,68.95019936476336,69.84693057328266,68.54327946549817,69.81678771972656,975600
2010-11-26,69.25162028052391,69.84692868656305,69.06323176275815,69.36465454101562,596100
2010-11-29,69.16873314963716,69.43247594098479,67.85001344373738,69.26669311523438,1155000
2010-11-30,68.67138042627505,69.68114587106338,68.43778050397714,69.36465454101562,1257500
2010-12-01,70.08806670936139,70.54019800829545,69.33451262808414,70.46484375,1873900
2010-12-02,70.3744221892937,71.17318775515326,70.19357080156665,71.15811920166016,1612900
2010-12-03,70.87039551325672,71.46098122789122,70.4842410934225,71.32469177246094,1090100
2010-12-06,70.74925640141052,71.37769680220953,70.34796125426598,71.02183532714844,913700
2010-12-07,71.5821272911952,71.83955971029549,70.74167664370171,71.23383331298828,1599900
2010-12-08,71.43825346352436,71.54425571094556,70.4766599971494,70.83252716064453,1149600
2010-12-09,71.22626360758909,71.32469263565594,70.64325112694777,70.96125793457031,1280000
2010-12-10,71.12026364819005,71.17326478451515,70.43124309927315,70.71139526367188,1234700
2010-12-13,70.96124126751374,71.24896081968579,70.48422539142886,70.69623565673828,1405900
2010-12-14,70.46150771334015,70.50694137041299,69.81034780328739,70.09049987792969,1553100
2010-12-15,69.73462594600375,70.80222724446979,69.65891089384806,70.48421478271484,1642800
2010-12-16,71.07481872297043,71.1278198465959,70.12836596059478,71.06724548339844,1297200
2010-12-17,70.99912032422603,71.19598417850396,70.43882172925612,70.80982971191406,1813300
2010-12-20,70.90823606808746,71.90011662996567,70.66594441264054,71.77140045166016,1391000
2010-12-21,71.9304152641947,72.9450099277418,71.73355145757749,72.66486358642578,1512700
2010-12-22,72.81626808460315,72.81626808460315,72.08939325849437,72.42254638671875,931000
2010-12-23,72.30143524327728,72.65730249202734,72.13485859265465,72.31658172607422,640100
2010-12-27,72.18782958399834,72.46798163184627,71.87739613658302,72.2181167602539,398400
2010-12-28,72.30899227197638,72.50585606736263,71.83954961426744,72.39228057861328,526000
2010-12-29,72.57400052371742,72.83900615593996,72.42257038435868,72.63457489013672,691200
2010-12-30,72.49069198981859,72.54369310147626,71.71081601398933,71.81681823730469,2364300
2010-12-31,71.84714504792574,72.4831645153782,71.74871600817202,72.28630065917969,1069600
2011-01-03,72.67999720951367,72.67999720951367,72.00612332061205,72.09698486328125,1529600
2011-01-04,72.52857161785052,72.61943316620241,71.05210178475194,71.59725952148438,1475600
2011-01-05,71.22624376923184,71.62753878755926,71.11266829051739,71.54425048828125,1239000
2011-01-06,71.41552701378232,71.43824095186743,70.32521177219094,70.45393371582031,1746900
2011-01-07,70.5523717881607,71.5139652099023,70.4463695456597,71.392822265625,2237500
2011-01-10,70.68864993567162,70.79465216126468,70.41607113366433,70.55236053466797,2054400
2011-01-11,70.68869267274455,70.78712171982131,70.25711027142096,70.64326477050781,1414200
2011-01-12,71.21869036644843,71.2565507954613,70.74168015501463,70.96125793457031,1271500
2011-01-13,71.09754009666217,71.16568192986512,70.07537216178942,70.34037780761719,1774600
2011-01-14,70.22680621755877,70.50695835970627,69.80279716063511,70.40852355957031,2014600
2011-01-18,70.4690925691161,71.05967821822216,70.31766242508007,70.7492446899414,1144200
2011-01-19,70.802276593324,70.90070565206214,69.71953384043547,69.87096405029297,1439700
2011-01-20,69.88605606535717,70.0374861571841,68.95474424822716,69.03803253173828,1518900
2011-01-21,69.43934993839697,69.77250318021977,68.86390500525476,68.93205261230469,1578200
2011-01-24,68.38690043929117,69.31821263365372,68.17489591418492,69.23492431640625,1302800
2011-01-25,68.96233788100966,69.1364819604439,68.57618352295418,69.08348083496094,1876600
2011-01-26,69.09860682669218,69.64376439955566,68.54587601623679,69.27275085449219,2221200
2011-01-27,69.00778671968551,69.60594576129353,68.80335539551903,69.59080505371094,1363500
2011-01-28,69.59834629181807,70.12079004525383,68.60646568323853,68.80332946777344,1505000
2011-01-31,68.9093644695552,70.44640350341797,68.9093644695552,70.44640350341797,1834600
2011-02-01,70.76441278507386,72.14244842529297,70.74169883234534,72.14244842529297,1712200
2011-02-02,71.74113297636886,72.02885259101915,71.3095506660483,71.94556427001953,1583500
2011-02-03,71.76384885921065,71.97585339958857,71.23383750826586,71.79413604736328,1393900
2011-02-04,71.85468922372225,72.11212158203125,71.4609616705936,72.11212158203125,1574900
2011-02-07,72.19542950390134,72.32414571804175,71.71841929913313,71.99856567382812,1234300
2011-02-08,72.15757298577809,72.24086130493599,71.6124151791774,72.06671142578125,1095100
2011-02-09,71.78652801820193,72.5361225641703,71.64267116505349,71.75624084472656,1002900
2011-02-10,71.6275345621768,72.34684203380975,71.5063916282662,72.33169555664062,1767500
2011-02-11,72.21814283861697,73.74004077906817,71.94556393057526,73.44474792480469,1491600
2011-02-14,73.24030819677294,73.74760552626601,73.18730706946307,73.28573608398438,1116000
2011-02-15,73.21758875251956,73.52045481401342,72.68757747742255,73.33873748779297,1240600
2011-02-16,73.44473318207099,74.38361268981214,73.37659135708398,74.37604522705078,1940200
2011-02-17,73.59616719317846,74.4441909790039,73.17215818861045,74.4441909790039,1673800
2011-02-18,74.52744443462149,75.07260191508925,74.11100308796229,75.02716827392578,1959700
2011-02-22,73.44473601389386,74.55776541177677,73.02829447839707,74.08074951171875,1841400
2011-02-23,73.94447784844459,74.27005211321023,72.5361554157925,73.44474792480469,1742500
2011-02-24,73.30088076188015,73.8838989705898,72.86173101608306,73.79303741455078,2158200
2011-02-25,73.93690520301503,75.0196476029324,73.82332969430112,74.42906188964844,1403600
2011-02-28,74.27005548557842,75.24679565429688,74.2473415383253,75.24679565429688,1397000
2011-03-01,75.54965638654353,75.65565865064117,74.02019102121318,74.03533172607422,1606400
2011-03-02,74.21701845777967,74.82275038281529,73.72486776746196,74.18673706054688,1657700
2011-03-03,75.00870412230718,75.22179610801264,74.4988046127518,74.96304321289062,1654000
2011-03-04,74.97063409681662,75.0467375264278,74.0573755225239,74.7803726196289,1152500
2011-03-07,75.15328986551577,75.35116344434901,73.47137896123327,73.76057434082031,1418100
2011-03-08,73.79103813096678,74.56730849888768,73.23547766195989,74.39226531982422,1247400
2011-03-09,74.30853988084445,74.46835886323919,73.32678972643025,74.37703704833984,1283200
2011-03-10,73.6159748746992,74.20958976714508,72.90058984722874,73.54747772216797,1518000
2011-03-11,73.38763757672828,75.3511368894476,73.29631000183973,74.5672607421875,1954900
2011-03-14,73.7073008221376,75.046743351271,73.7073008221376,74.69666290283203,1379200
2011-03-15,72.99952073937523,74.47595163136126,72.80165298753828,74.01932525634766,2482200
2011-03-16,73.74535013955811,73.8062352061219,71.90362042340017,72.45156860351562,2072800
2011-03-17,73.29633036682947,73.69207749498479,72.59616951710181,73.42571258544922,1501500
2011-03-18,74.08018533244339,74.95538904494384,73.5778981918884,73.927978515625,1839500
2011-03-21,74.78797338391833,74.99345901566916,74.19435854787203,74.52922058105469,926600
2011-03-22,74.6129296968594,74.80319114371808,74.06497580089541,74.49877166748047,973300
2011-03-23,74.2476412037525,75.38921013151656,73.69208091044642,75.14567565917969,1315600
2011-03-24,75.4881613178048,76.00567287612529,75.19135381588929,75.76213836669922,967600
2011-03-25,75.77733729705646,76.69059002158282,75.63273672325076,76.00565338134766,1266500
2011-03-28,76.18069326325575,76.52316740130348,75.61752092424851,75.6860122680664,928300
2011-03-29,75.56425335173782,76.9874113737766,75.28266425892122,76.80475616455078,1481400
2011-03-30,77.27659118351771,77.66472616705971,76.2643988765938,76.88084411621094,1451600
2011-03-31,76.78953579447291,77.77128574471828,76.72103864122246,77.322265625,1164600
2011-04-01,77.61907936289154,78.19747594455276,77.26899890213663,77.6114730834961,901500
2011-04-04,77.55817085531523,77.92346954345703,77.41357031283685,77.92346954345703,768500
2011-04-05,77.77888906316566,79.08028266851481,77.3679293845832,78.40294647216797,1134700
2011-04-06,78.60842631163919,78.93567625842772,77.58101557843025,78.48665618896484,994800
2011-04-07,78.38772737579704,78.8443537526446,77.45925045262601,78.02242279052734,788500
2011-04-08,78.50187380131837,78.6540806356306,77.3679172086321,77.84737396240234,778500
2011-04-11,77.87781238503733,78.14417723420105,76.98739025798223,77.14720916748047,1138000
2011-04-12,76.65254277646449,77.2766001724376,76.25679566312387,76.50794219970703,1558200
2011-04-13,76.88087675215239,77.43644297644528,76.3481467888478,77.15485382080078,1408200
2011-04-14,76.47749700022797,77.78649681108514,76.08936779139314,77.51251983642578,1660700
2011-04-15,77.60382745455503,78.76061431155154,77.47445108491206,78.50186157226562,1557600
2011-04-18,77.71041081619254,78.46384476233713,77.32227571398211,78.31163787841797,1414800
2011-04-19,78.46381615279147,80.63279539254678,78.26594263078903,80.54907989501953,2089800
2011-04-20,81.29493108775738,81.29493108775738,80.13814375668895,80.84591674804688,2217600
2011-04-21,80.86873663837176,81.07421647069276,80.22945508143671,81.05899810791016,1078600
2011-04-25,81.72108064376472,81.72108064376472,80.9295924628997,81.28728485107422,1112300
2011-04-26,81.5536831166808,82.53542723841154,81.27970612251237,82.28428649902344,1696000
2011-04-27,82.05595553854299,82.05595553854299,78.53231567724295,80.74695587158203,2344300
2011-04-28,80.35123627985215,81.72111556548049,80.12292016242073,81.56890869140625,1677100
2011-04-29,81.81244776388192,81.81244776388192,80.54910857416866,80.99051666259766,1741300
2011-05-02,81.36341656481389,81.6145572885436,79.82610065935019,80.22945404052734,1611600
2011-05-03,80.03921556183639,80.49584205268987,79.52931607715537,79.88700866699219,1093400
2011-05-04,79.78045786320637,79.90983429664591,78.41057266702137,78.61605834960938,1978000
2011-05-05,78.45623267624504,79.62824426264797,78.01483039035129,78.31163787841797,1530800
2011-05-06,79.13356153261567,79.66629138247167,78.30401841633144,78.8443603515625,1216100
2011-05-09,79.00420616594917,79.78047656116007,78.71501069289675,79.46844482421875,1351800
2011-05-10,79.71957690162434,80.3969074485024,79.45321193481625,80.03160858154297,1203000
2011-05-11,79.89462838226282,80.06205366004949,78.45624579893503,78.82916259765625,1526100
2011-05-12,78.53997253233497,79.36190389526368,77.98441200825478,79.26296997070312,1578100
2011-05-13,79.28575188043565,79.4684012471368,78.07568603603369,78.2735595703125,960200
2011-05-16,78.03763454476035,79.14114859710719,77.92347651713037,78.4105453491211,1152300
2011-05-17,78.12135340782226,78.31922694381171,77.40596848977333,77.78649139404297,1323600
2011-05-18,77.97674981174036,79.58255686977436,77.60383900583705,79.54450225830078,1721300
2011-05-19,79.6891327801773,80.32080240772977,79.33144020056758,79.95549774169922,1404000
2011-05-20,79.84133179585045,79.9935386602615,78.88241229236566,79.5064697265625,1481600
2011-05-23,78.54756118663987,78.95852674549536,77.94633411755426,78.61605834960938,1067600
2011-05-24,78.89762724169422,79.48363583758646,78.23552102320954,78.39533996582031,921200
2011-05-25,78.12139061857638,80.02400604617775,77.9463474444556,79.5902099609375,1267100
2011-05-26,79.35423484084265,79.6510480140957,78.6845166960721,79.36184692382812,1065300
2011-05-27,79.59016214476253,80.28271072505294,79.59016214476253,79.92501831054688,936900
2011-05-31,80.50341900775678,80.84589308118235,79.48362048343328,80.54907989501953,1538400
2011-06-01,80.25989688679202,80.64803190690627,78.47144025058438,78.68453216552734,2110000
2011-06-02,78.58557705999169,79.17157966775649,77.7940888709656,78.50186157226562,1528600
2011-06-03,77.5765384427044,77.83655163613848,77.01826624121098,77.13298034667969,1715400
2011-06-06,76.91883256305262,77.46180631234927,76.50586538022127,76.61293029785156,1803000
2011-06-07,76.8347076717651,77.28590898159345,76.51351292565674,76.54409790039062,1413800
2011-06-08,76.28411539077759,76.72767355225166,76.13116711731884,76.47530364990234,1415800
2011-06-09,76.81942228072496,78.25716138844253,76.64353239069649,77.73712921142578,1060100
2011-06-10,77.4082923419392,77.69889635425861,76.39881870989063,76.49058532714844,1483700
2011-06-13,76.87296308234869,77.79831927565218,76.4982357748485,76.82707977294922,1236000
2011-06-14,77.7294902134253,78.37188573237863,77.43888618973332,78.10421752929688,1280900
2011-06-15,77.33948134238241,77.92069535040693,76.39118910215538,76.83474731445312,1387700
2011-06-16,76.93415498567883,77.43889479484393,76.29176522994435,77.30123901367188,1878400
2011-06-17,77.91303935102742,78.28012338563302,76.94180553580874,77.28594207763672,1531500
2011-06-20,76.93416016339114,78.49425717680232,76.93416016339114,78.09658813476562,920200
2011-06-21,78.50189711670478,79.5954941470513,78.1730530912271,79.38900756835938,999500
2011-06-22,78.93014796539082,79.84785496773748,78.68542726501872,79.404296875,1366400
2011-06-23,78.37188184162227,79.23605054112728,77.57653810433722,79.15957641601562,1324100
2011-06-24,79.15193807227384,79.32018467127789,78.39483421135819,78.99134063720703,1061500
2011-06-27,79.20545948263464,79.57254345049364,78.1501025562678,79.404296875,839100
2011-06-28,79.67959917741231,81.17851402316926,79.37369687867393,81.14027404785156,1457900
2011-06-29,81.44621146309781,82.59334120201467,80.9185299161229,82.57804870605469,3502200
2011-06-30,82.5168209517372,82.98332058503664,81.9126655932904,82.89154815673828,1763200
2011-07-01,82.79214277657451,83.48042148855843,81.97385748416058,83.36570739746094,1888500
2011-07-05,83.37334655599705,83.70983965049743,82.7844894752221,82.90685272216797,1627600
2011-07-06,82.85331680018685,83.85514695081535,82.44799874361388,83.69454956054688,1529400
2011-07-07,84.1228383211384,85.45350703907486,84.0845983335149,85.11701965332031,1615200
2011-07-08,84.20692730773327,84.80343353009539,83.7863109537084,84.48223876953125,1604700
2011-07-11,83.56459006774686,84.00049921298385,82.59335594927312,82.86866760253906,1088800
2011-07-12,82.49391028679997,83.4422023969795,82.25683288330322,82.37919616699219,1052800
2011-07-13,82.5703894403552,82.76157770678758,81.8668180201887,82.0580062866211,1387400
2011-07-14,82.05797321772344,82.42505127396565,80.84966246050847,81.316162109375,1444600
2011-07-15,81.66029801783738,82.0273819064388,80.99496685698547,81.85148620605469,1101600
2011-07-18,81.80561750695075,81.82855916009491,80.62789735720467,80.95674133300781,922000
2011-07-19,81.42324055820693,82.5933115381275,81.33911727413145,81.62207794189453,1589200
2011-07-20,81.71383249073727,81.83619573481984,81.07144296310568,81.2549819946289,1127800
2011-07-21,81.76735993248188,82.05032054110418,81.3085094645378,81.97384643554688,1768200
2011-07-22,81.93563395901083,81.98916643432382,80.13846561967236,80.38318634033203,2152000
2011-07-25,79.83256773991101,80.99499560422447,79.6107886627117,80.37554168701172,1262300
2011-07-26,80.18434208844369,80.2914070299326,79.30487506798335,79.4731216430664,1258400
2011-07-27,78.94542774183968,79.50369397342182,77.71417536641012,77.76770782470703,2006300
2011-07-28,77.80595218849878,78.38716597969507,77.71418558198434,78.13479614257812,2073300
2011-07-29,77.43890750312566,79.87082281319171,77.12535590332108,79.25901794433594,2715500
2011-08-01,79.51897790480263,79.88605588537891,77.62238888982749,78.39479064941406,1330300
2011-08-02,77.89005338207532,78.47126700847045,76.90352179956497,76.91117095947266,2573900
2011-08-03,77.08711745466465,77.97422804706136,76.30706599856418,77.9283447265625,1734600
2011-08-04,77.06412188124587,77.20942675164424,74.59397409207155,74.7163314819336,3810900
2011-08-05,75.95521932751642,76.05463505371131,72.16204756469942,73.67625427246094,2855900
2011-08-08,72.11619598250319,73.34744853595576,69.42426268709583,69.8678207397461,3566000
2011-08-09,71.0914567000249,72.30741732079046,68.72837211502215,72.21564483642578,4194700
2011-08-10,71.29028381164018,73.27099150936036,70.60200486537722,70.64788818359375,3894300
2011-08-11,70.75494627455404,75.3817043422122,70.58670551257222,74.34928894042969,2722100
2011-08-12,74.8157754198014,76.09291132515544,73.78336020190801,75.40463256835938,2036400
2011-08-15,75.82526818423624,76.26882636588276,74.93050849114447,76.21529388427734,1804400
2011-08-16,75.37403249796533,76.3223301507107,74.79282458323834,75.51168823242188,1750000
2011-08-17,75.9017325858491,76.25351825334914,75.01461633637776,75.25169372558594,1626800
2011-08-18,73.50805395420845,73.64570971540854,70.72435374736386,71.45086669921875,3442600
2011-08-19,70.26548900540973,71.37438412680065,68.7589308081012,68.95011901855469,4744200
2011-08-22,69.9749061296218,70.25786686688716,67.78771187563261,68.00949096679688,2931000
2011-08-23,68.65186027792205,70.43373580576551,68.21595138997677,70.18136596679688,2111800
2011-08-24,70.14314199621818,71.08378486389445,69.48545398786796,70.70140838623047,4511600
2011-08-25,70.90025204344295,71.5120567955223,69.80665498745782,70.71671295166016,1959600
2011-08-26,70.27315319226165,72.22327568967346,68.774238001983,72.1850357055664,1831600
2011-08-29,72.89624054224467,74.44868787533171,72.89624054224467,74.43339538574219,2035600
2011-08-30,74.06633350368617,75.64172879203646,73.69925529825127,75.12169647216797,1632800
2011-08-31,75.82527361625382,76.28412432497208,74.74696890789275,75.3205337524414,2134200
2011-09-01,75.36639118819575,76.58234534627253,74.85400237508208,75.09107971191406,1541800
2011-09-02,74.2686267501243,75.02960563376773,73.53070694409652,74.25325012207031,1681600
2011-09-06,73.74591981401005,74.15331241860605,72.07022538406468,74.0841293334961,1885200
2011-09-07,75.07569403057121,75.66757082227049,74.59912431017557,75.62913513183594,1587700
2011-09-08,75.27556464230071,75.92893046365441,74.33778990047963,74.5837631225586,1361800
2011-09-09,73.92270848786606,74.12256356209642,72.40075101920768,72.80814361572266,1633700
2011-09-12,72.16247484986373,73.04644330551385,71.09402790768851,72.55449676513672,1640600
2011-09-13,72.68515765243588,73.77666936970034,72.06253919045893,73.62293243408203,973700
2011-09-14,73.96116046180086,76.42089320721357,72.71591746067386,75.49080657958984,1909300
2011-09-15,76.2517738675985,77.02812927956307,75.33706400771337,76.8436508178711,1233800
2011-09-16,77.30485563108715,77.5354581236336,76.34402168625188,77.48933410644531,1824900
2011-09-19,76.01347691203884,77.21259551993536,75.20637424013087,76.93587493896484,1506000
2011-09-20,77.11266637140973,78.65000023516548,76.05190811662506,78.02738189697266,2626000
2011-09-21,77.90439340877502,77.90439340877502,74.53763431359106,74.6068115234375,2355900
2011-09-22,72.45458157351004,72.59294192253451,71.22471506244045,71.83964538574219,2972000
2011-09-23,71.37073084986977,72.16245693345587,70.61744046264691,71.41685485839844,2219000
2011-09-26,71.77044934553574,73.14636416032909,70.71737330575368,73.08486938476562,1821900
2011-09-27,74.76058285301377,75.41394888173807,73.70750654625778,74.19176483154297,2332400
2011-09-28,74.57608283808156,75.05265857286587,72.30082882280476,72.41613006591797,1195100
2011-09-29,73.61525391553553,73.93809859105555,72.04717801485074,73.33853912353516,1301000
2011-09-30,72.46223751360439,73.47687774708608,71.55521019394169,71.85499572753906,2214100
2011-10-03,71.32461216221496,72.88500524546248,70.39452578905914,70.51750946044922,2466700
2011-10-04,69.41062770224563,73.13866122457812,68.98785853535226,72.98492431640625,3200000
2011-10-05,73.72287368179516,75.82133184557807,72.40844761414965,75.55229949951172,2632600
2011-10-06,75.19100551710225,76.1518392646958,74.69905910749145,75.89049530029297,2432500
2011-10-07,76.10573782070422,76.32096368907624,74.36854838182784,75.3985595703125,1807800
2011-10-10,76.7668021294057,78.42712037796404,76.6284417866537,78.3733139038086,1443100
2011-10-11,77.63537629041987,78.17344090902311,77.0819350458768,77.52776336669922,1037300
2011-10-12,77.83523310692759,79.05741099541292,77.2202970738822,78.11195373535156,1659000
2011-10-13,77.45090420077422,77.94285071094993,76.26715607801863,77.66613006591797,1189100
2011-10-14,78.3425569064835,79.10354163057436,77.78911560331382,78.9036865234375,1548000
2011-10-17,78.7730228708792,78.7730228708792,77.31255391352101,77.56621551513672,1336100
2011-10-18,77.40475870138478,79.8952438154849,76.71296314526477,79.22650146484375,2096900
2011-10-19,79.14966948267715,79.1727285623905,77.14344744509427,77.4278564453125,1698000
2011-10-20,77.41244509225403,78.53469809581807,76.59766003070582,78.0581283569336,1544900
2011-10-21,78.66537324270539,79.56471803570942,77.91208291202581,79.5570297241211,2105800
2011-10-24,79.55705321701599,79.85683294838667,78.9267463633052,79.63391876220703,1572300
2011-10-25,79.28800264232989,80.05666964639617,78.03507167244499,78.13500213623047,1573300
2011-10-26,77.59692254453671,80.41793457307384,76.95124515236787,80.18733215332031,2210000
2011-10-27,81.03288660518757,81.82461280264478,79.41099850838184,81.15587615966797,3248000
2011-10-28,80.63316138387762,81.4940645842561,80.00285474168773,80.91756439208984,2166700
2011-10-31,79.98747347735794,80.68696315153639,78.1042419713531,78.15036010742188,2158200
2011-11-01,76.4900592849023,77.28178540288528,75.221757487844,75.73676300048828,2139100
2011-11-02,76.41320180354327,77.52007847704496,76.12879285574223,77.22029876708984,1715700
2011-11-03,78.16573461150058,78.55006804022942,77.02041677147547,78.31946563720703,1612700
2011-11-04,77.56620249243674,77.72762188514605,76.39782517692441,77.22029876708984,1522800
2011-11-07,77.2280258532006,77.7353433614939,76.2133849721463,77.65847778320312,1638000
2011-11-08,77.82755354424206,78.8729413992775,77.13575189540018,78.55778503417969,1216000
2011-11-09,76.62074084308915,76.88208485606428,75.35243888765162,75.55998229980469,2398700
2011-11-10,76.54387939278567,77.16649793359107,75.77521221076806,76.74372863769531,1660600
2011-11-11,77.43553116205409,78.77301629651139,77.43553116205409,78.01203155517578,1082500
2011-11-14,77.71225121792399,78.01971926476686,76.82060033299143,77.93516540527344,1032700
2011-11-15,77.62767574345064,78.05813323495833,76.78214324841534,77.50469207763672,1219200
2011-11-16,76.60535466527035,77.12036013859095,75.54459047097954,75.67526245117188,1562900
2011-11-17,75.4523819910274,75.95969933938835,73.33854699984738,74.35318756103516,2035300
2011-11-18,74.56838014480698,75.06801481967666,73.63829386793917,74.5606918334961,1385700
2011-11-21,73.39230935803934,74.04567497150029,73.05409408612256,73.74589538574219,1528100
2011-11-22,73.49995309710695,74.49153439874914,73.0387481274391,73.28472137451172,1540500
2011-11-23,72.71590522600516,72.93881938487495,71.97798552653855,72.21627044677734,1555600
2011-11-25,71.87808227539062,73.00033585167475,71.83964656385002,71.87808227539062,686600
2011-11-28,73.59988196415786,75.52923821435469,73.438462561236,74.71444702148438,1979100
2011-11-29,74.90660405121072,75.14489483210005,74.21480837585256,74.41465759277344,1769400
2011-11-30,76.85134012542275,78.57315280724673,76.70529149810832,78.40404510498047,1762900
2011-12-01,78.3579308057727,79.02666747009759,77.36634948286293,77.52008056640625,1612000
2011-12-02,78.45016499568325,78.45785330899268,77.01276122345351,77.22029876708984,1301600
2011-12-05,78.01599254582084,79.73097028965364,77.54475971012624,78.64945220947266,2642000
2011-12-06,78.71124732845404,79.52238728720975,78.30954368111331,79.1361312866211,1468200
2011-12-07,79.04339948114547,80.66567292519187,78.4022133347634,80.26396942138672,1766400
2011-12-08,79.69235996690446,80.31036617965789,78.78851622965466,79.42970275878906,2361400
2011-12-09,79.22108355836032,80.32577561388014,78.83482767732256,79.97814178466797,2138700
2011-12-12,79.03567111174233,79.27515374946543,78.13956059351004,79.05884552001953,2031900
2011-12-13,79.46831530168086,80.39532738778807,78.44859964944327,78.88893127441406,1932600
2011-12-14,78.68805882573973,79.2210938971509,78.3327040760649,78.70350646972656,2281900
2011-12-15,79.56872416547218,80.27171280993771,78.78076463593956,79.78502655029297,1296100
2011-12-16,80.68117713777993,81.10605531720695,79.31382722488456,80.16358947753906,2059300
2011-12-19,80.4493884203462,81.0210455734241,79.43739972206808,79.61507415771484,1365300
2011-12-20,80.79699812833937,81.64676573708644,80.77382371970022,81.51543426513672,1614700
2011-12-21,81.76263569491367,81.84761245362102,80.29486817643354,81.22960662841797,1356800
2011-12-22,81.33776626960004,81.92487687443995,80.96695802080714,81.67767333984375,1681900
2011-12-23,81.62363329146011,82.4270407083702,81.50002852344335,82.3420639038086,932100
2011-12-27,82.24936047208888,83.29225058067999,82.06395922682363,82.88282012939453,710900
2011-12-28,82.98324748728771,83.16092786167489,81.71632812822985,81.91718292236328,1066700
2011-12-29,82.04076650942368,82.88280759740948,81.90944089279236,82.76692962646484,930600
2011-12-30,82.8750877824244,83.02186695085832,82.52745973421649,82.58153533935547,987400
2012-01-03,83.83300370867204,84.24244003930139,83.02959637628767,83.31542205810547,1176100
2012-01-04,83.06045935506218,84.36600607638856,82.94458730956903,84.19605255126953,1023300
2012-01-05,83.70939866352623,83.74029984999655,82.97551463970184,83.36177062988281,1744400
2012-01-06,83.26136870292679,83.79440403722371,82.7206124897275,83.40042114257812,801500
2012-01-09,83.5471695366374,83.57807072225027,82.51200044690096,82.59697723388672,1530200
2012-01-10,83.56260594769103,83.80208863054311,82.86734409937446,83.10682678222656,1149700
2012-01-11,83.04503513544371,83.39266315756106,82.55062795590867,83.2149887084961,1072500
2012-01-12,83.55491291041243,84.7986519891433,83.43130814339835,84.61325073242188,1074300
2012-01-13,83.98750209701169,84.11882771704914,83.2072633591327,83.84844970703125,1055200
2012-01-17,84.95313715968669,84.97631157438107,84.55142765898987,84.84498596191406,1362800
2012-01-18,84.67502973422879,85.81834404440193,84.35057615110922,85.81062316894531,1840900
2012-01-19,85.80288713061306,85.91103831330292,84.93767177529661,85.49388122558594,1198300
2012-01-20,85.44755284560162,85.53252963715933,84.19608128304172,84.45101165771484,1595500
2012-01-23,84.61324644774754,85.29306084430087,84.28879279146493,84.675048828125,1036300
2012-01-24,83.88706889532835,84.48190639078823,83.23043492383755,84.28105163574219,1780800
2012-01-25,80.7429573514359,82.24163262333697,79.97817206766544,81.94035339355469,3680600
2012-01-26,82.00215951625852,83.10685204049494,81.80130472263386,82.2339096069336,2197100
2012-01-27,82.07939194829522,82.66650266096536,81.25280442513257,81.72403717041016,1251300
2012-01-30,81.16782270478126,82.23388697359111,80.84336913085625,82.18753814697266,967500
2012-01-31,82.48883752690047,82.643343476497,81.56954628164895,82.04077911376953,1189000
2012-02-01,82.41932102743128,83.53946125829876,82.28798948605662,82.43476867675781,1455700
2012-02-02,82.6741950592237,82.69737535975628,81.63903226635894,81.64675903320312,1180300
2012-02-03,82.31889502300551,83.62444247749232,82.1798425965288,83.44676208496094,2298800
2012-02-06,82.9600476029069,83.70938504495707,82.9600476029069,83.68621063232422,1184700
2012-02-07,83.60122361240114,84.14197948689653,82.97549097279976,83.80979919433594,1366800
2012-02-08,83.70165827614689,83.96431537151393,83.17634997921051,83.68621063232422,760800
2012-02-09,83.81756157142541,83.97978840269481,82.9987006439324,83.6089859008789,875600
2012-02-10,82.4347604491313,82.95234211000866,82.4347604491313,82.78239440917969,1437800
2012-02-13,83.16090256061388,83.24587933636298,82.5428907176746,82.79782104492188,559000
2012-02-14,82.61244609104354,82.86737060546875,82.1103120458794,82.86737060546875,1045000
2012-02-15,83.23817865538409,83.43130668010656,82.78239934606287,83.16865539550781,1110200
2012-02-16,83.0759637374944,84.30425532187991,82.72832970685292,84.18065643310547,1048100
2012-02-17,84.48963793053883,85.07674279566854,84.43556232733482,84.976318359375,1374800
2012-02-21,85.26987079193984,85.28532433216883,84.58233559671788,84.976318359375,938800
2012-02-22,84.99175248472523,85.25440958264421,84.42782212585426,84.72137451171875,1153600
2012-02-23,84.7831595973621,85.09216545802524,84.2501246350631,85.0149154663086,862100
2012-02-24,84.99948573113583,85.13853811267842,84.62868330955443,84.8913345336914,1034800
2012-02-27,84.20380297989938,85.200344107743,84.04157617682695,84.90679168701172,897800
2012-02-28,84.96859518666778,85.28532794298597,84.50508915475244,84.72911834716797,1298700
2012-02-29,84.79092244118978,85.04584693293934,83.62442762042404,84.20381164550781,1357700
2012-03-01,84.7445519573063,84.9763078817758,84.06474361601937,84.82180786132812,1108700
2012-03-02,84.69820378457175,84.97630853856543,84.45872698288753,84.74455261230469,1118200
2012-03-05,84.58929661645838,84.58929661645838,83.72748685506771,84.17780303955078,807200
2012-03-06,82.92001773042456,83.57219478324382,82.68709396956208,83.43244171142578,1830400
2012-03-07,84.09236229830071,84.23988103618686,83.46347660267362,83.97590637207031,1038300
2012-03-08,84.8066781657548,85.42779829972332,84.58152011801096,85.36568450927734,726600
2012-03-09,85.56754510119721,85.79270313245493,84.95418479332206,85.15605163574219,1091400
2012-03-12,85.58311012642852,85.59086991009131,84.96198387046383,85.41230010986328,758100
2012-03-13,85.4588580738793,86.33619318037027,85.34239619374401,86.28184509277344,746200
2012-03-14,86.33619550253452,86.35949261798602,85.42003777019102,85.76165771484375,921000
2012-03-15,85.84704183280269,85.89362420538728,85.2259158886933,85.77716827392578,894400
2012-03-16,85.80825461174864,86.46820342071908,85.80049482878314,85.96353912353516,1209000
2012-03-19,86.05669802070629,86.81757726766891,85.87812824873929,86.3206787109375,849800
2012-03-20,85.50545230893925,86.09552157285299,85.30359134045406,86.01011657714844,780900
2012-03-21,85.94021823242068,86.9417807742512,85.93245252864004,86.73991394042969,1075100
2012-03-22,86.38276757903864,86.39829306292505,85.71505922549333,86.07220458984375,844100
2012-03-23,86.25078367813782,87.39209938137923,85.66072045042556,87.08930206298828,1223600
2012-03-26,87.81135787225683,88.51012318738293,87.7414843024927,88.50235748291016,1196500
2012-03-27,88.44028782674495,89.20116133588492,88.39369950327756,88.9449462890625,1217300
2012-03-28,88.69646035888795,88.78186533926211,87.43868869064474,88.30825805664062,1102100
2012-03-29,87.98215838283207,88.85949334215192,87.77253177255079,88.80514526367188,1100900
2012-03-30,89.1856099890319,89.20113547668724,88.59554075866707,89.00703430175781,1152700
2012-04-02,88.9604661859936,89.53500409737052,88.80518166704125,89.31761169433594,1468700
2012-04-03,89.30983146013793,89.31759716569704,88.66541413918041,89.11573028564453,1371100
2012-04-04,88.55668502742589,88.67314687351761,87.95109053594358,88.30047607421875,817800
2012-04-05,88.17625208924201,88.68868186335807,88.09084712688934,88.4635238647461,971200
2012-04-09,87.55514582867787,87.85018337342098,86.89520309061623,87.22905731201172,984800
2012-04-10,87.11259492625395,87.1747087167315,85.109475533078,85.13276672363281,1825500
2012-04-11,86.01007325883891,86.83305997732114,85.90914282542916,86.46815490722656,1032100
2012-04-12,86.56134239333036,88.35484094781192,86.45264622924017,88.215087890625,1045800
2012-04-13,87.8113741657159,87.92007035451562,86.90298204924768,86.98062133789062,956300
2012-04-16,87.54738004454094,88.11415205747991,87.08929827287429,87.69489288330078,983000
2012-04-17,88.24614777199157,89.20112209219315,87.74148360819962,88.7042236328125,804700
2012-04-18,88.09087987108656,88.86728460034715,88.09087987108656,88.49461364746094,859200
2012-04-19,88.60329270065169,89.07689996778939,87.98216666796382,88.37036895751953,976500
2012-04-20,88.57222935779838,88.73527359672103,88.0209828575847,88.2694320678711,1365600
2012-04-23,87.63280066849843,87.63280066849843,86.95732644667665,87.4775161743164,1036200
2012-04-24,86.78648887456868,87.67935518089674,86.16536886579394,87.29115295410156,1587900
2012-04-25,87.57847335339042,89.02258691264467,86.77877134650296,88.33158111572266,1413500
2012-04-26,88.51012037547761,89.89988525710515,88.26943685594044,89.54273986816406,1006400
2012-04-27,89.6747278061066,90.78498657778874,89.53497474661177,90.42784118652344,1355500
2012-04-30,90.21046730112688,90.25704968931812,89.57381566068837,89.83002471923828,741600
2012-05-01,89.96199238398508,90.7383968912046,89.558258723073,90.21044158935548,982600
2012-05-02,89.83777071124081,90.53653599826366,89.58155578541631,90.40454864501952,711000
2012-05-03,90.54431005713302,90.69958861368966,89.8843613830242,90.20269012451172,852600
2012-05-04,89.8998825662681,90.04740132466407,88.77409242705573,89.06912994384766,734100
2012-05-07,88.9759602848977,89.43404204981981,88.7042198769761,89.07689666748047,1180600
2012-05-08,88.54895978667872,88.89833953773355,87.52410580362032,88.79740905761719,1365100
2012-05-09,87.93556818038417,88.58774506409115,87.15139804054962,87.16692352294922,1511500
2012-05-10,87.77255017958869,87.92782874395384,86.59241176582248,86.76322174072266,2075600
2012-05-11,86.39831449723496,87.03496611745622,86.38278900949689,86.70887756347656,1458100
2012-05-14,86.03338779328537,86.59240002681273,85.35015390980567,85.7150650024414,1013100
2012-05-15,85.61416110807767,86.28186976001507,85.08620556755737,85.41230010986328,1122500
2012-05-16,85.62189218142579,85.94798066833084,84.82219644870773,84.91536712646484,1189600
2012-05-17,85.10172734084209,85.13278424247183,82.1979751586914,82.1979751586914,2515800
2012-05-18,82.4231144603545,82.89671581260633,81.41378611975942,81.6078872680664,2002800
2012-05-21,81.79422352258646,84.35636107503267,81.67776164774854,84.146728515625,1781500
2012-05-22,84.6125846795433,84.6125846795433,83.18399698733431,83.60325622558594,1151800
2012-05-23,83.06755539446993,84.33309912378834,82.52407435479269,84.12346649169922,1318700
2012-05-24,84.1777845221515,84.86102435479198,83.5100760985239,84.45729064941406,1683800
2012-05-25,84.34857648317104,84.78336106681247,83.35477976427879,83.75074768066406,878800
2012-05-29,84.42624397207705,85.08618677106391,83.89828854818803,84.930908203125,1174400
2012-05-30,84.01472638755293,84.27870698568458,82.3532213075049,82.50074005126953,1447200
2012-05-31,82.6870963625439,83.08306439807058,81.41379319290658,82.4852294921875,1459300
2012-06-01,80.33458183927755,81.22744827985055,80.27246805201233,80.36563873291016,1448400
2012-06-04,80.35788345428861,80.90913005991861,79.59700427031487,80.73056030273438,1432800
2012-06-05,80.73055665940163,80.73055665940163,79.55194974984842,79.68463897705078,1725200
2012-06-06,80.69933957696136,81.32376861572266,80.30907291648472,81.32376861572266,1440000
2012-06-07,81.67497210894844,82.83796460393701,81.12860139452272,81.6983871459961,870000
2012-06-08,82.28381705849948,82.75213583612684,81.09740909151041,82.6662826538086,1437200
2012-06-11,83.38435632006667,83.51704552394324,81.82329004859109,81.90914916992188,840200
2012-06-12,82.15111415292385,83.22824775763891,81.81548465975247,83.16580963134766,927500
2012-06-13,82.80674256954208,82.80674256954208,81.40178675173557,81.6983871459961,908600
2012-06-14,81.88575595694138,82.27602262884369,81.16766075484354,81.58914947509766,1042200
2012-06-15,81.87012162715116,82.74432089895002,81.79206950315017,82.40869140625,1160700
2012-06-18,82.12768626850492,83.11115955249517,81.80766486820075,82.67405700683594,798000
2012-06-19,83.46242886950061,84.7737250966707,83.30632458614569,84.41468048095703,1216000
2012-06-20,84.4380946391652,84.90641343929713,83.41559789746088,83.79805755615234,1032700
2012-06-21,84.0790608408567,84.27419419559132,81.7999046867556,81.86234283447266,1101000
2012-06-22,82.22137788097217,82.658480593879,81.85453221915284,82.23699188232422,1261000
2012-06-25,80.86324376118176,81.6828060582361,80.47297713496467,81.20668029785156,1028100
2012-06-26,81.25351402993822,81.89355108742681,81.04277266253189,81.4954833984375,729800
2012-06-27,81.81549397447235,82.20576059445266,80.91007851271596,81.27692413330078,733000
2012-06-28,80.69149252953179,82.27597938689053,80.66027049758941,82.2213363647461,999400
2012-06-29,83.40778649185258,84.88299390960603,83.40778649185258,84.86738586425781,1161000
2012-07-02,85.00004503501948,85.00004503501948,83.37653496307007,84.56294250488281,903100
2012-07-03,84.3522135257092,85.74156151803591,84.03219804505854,85.56204223632812,648600
2012-07-05,85.36691230222118,86.07719436832056,84.9298096911647,85.68692779541016,930700
2012-07-06,84.61760353179459,85.29666357619988,84.32099711700104,85.08592224121094,763500
2012-07-09,84.92984754451757,85.53866271680833,84.61763891103367,85.11717987060547,851200
2012-07-10,85.51525074881468,85.87429545426811,83.64197506036166,84.03224182128906,882400
2012-07-11,83.92293979052243,84.1883242154284,82.98630219025857,83.79805755615234,994600
2012-07-12,83.13457544831331,83.29848667150378,82.19013118802854,82.62722778320312,1148600
2012-07-13,82.78336186003598,83.86830269642365,82.78336186003598,83.79805755615234,810700
2012-07-16,83.74341125204015,83.84487842849387,82.69749362361102,83.59510803222656,886400
2012-07-17,83.72778492638575,84.96883568028784,83.5794876834001,84.78150939941406,769800
2012-07-18,84.53956247248114,85.2420436555428,84.17271085716021,84.80494689941406,839400
2012-07-19,84.85957658312111,85.27325825618698,84.20392555118949,85.17179107666016,699200
2012-07-20,85.77279932340409,85.77279932340409,83.79805113166344,83.93074035644531,1252300
2012-07-23,82.62723277064785,83.2282406252902,82.15110711288145,82.9550552368164,838500
2012-07-24,83.0643370809516,83.6185149074366,81.17544827152463,81.80767822265625,1268100
2012-07-25,81.11300264000909,81.73743153524205,78.05331415435715,80.34808349609375,2344700
2012-07-26,81.7062141184252,82.52577634541997,81.12862122839785,81.55010986328125,1380400
2012-07-27,82.0808662640212,83.2516659512448,81.62034862378243,82.73651123046875,1068100
2012-07-30,82.51795669203469,82.63503784293607,81.88572681415985,82.27599334716797,1123600
2012-07-31,82.32279322437525,82.36962328555771,80.94905386476178,80.98808288574219,1370000
2012-08-01,81.13643007419908,81.54231070459313,80.5978661736708,81.15985107421875,1525200
2012-08-02,80.28563557667762,80.88664344673079,80.12953133783121,80.44954681396484,2304000
2012-08-03,81.97940415492816,82.63505516441278,81.26912201256546,82.56480407714844,1084900
2012-08-06,82.69748545200483,82.69748545200483,81.93256629433105,81.99501037597656,1270800
2012-08-07,82.2135751889575,83.62633857819543,81.79989348636275,83.54828643798828,1024900
2012-08-08,83.00190242137873,84.43808668888876,82.92385028787186,84.281982421875,976100
2012-08-09,84.29761549095652,84.71129728084397,83.93857080624292,84.27420043945312,772100
2012-08-10,83.81363407234976,84.46147791223385,83.64972285171541,84.42245483398438,608900
2012-08-13,84.23514141333075,84.29758549845451,83.37655608536416,84.06342315673828,651300
2012-08-14,84.36004337451415,84.36004337451415,83.61073209552102,83.75122833251953,485700
2012-08-15,83.61854922236904,84.41469670347131,83.57171911936226,84.27420043945312,541000
2012-08-16,84.18048882881223,85.078103033467,84.04779963860095,84.84394073486328,810600
2012-08-17,85.04690221939887,85.06251621919927,83.99318352272465,84.07123565673828,936800
2012-08-20,83.96196284219893,84.71908105992337,83.77463652652364,84.66444396972656,744200
2012-08-21,84.73468078136077,84.98445116272457,83.99317663652951,84.32099914550781,884100
2012-08-22,84.11027561662853,85.53864712393306,83.74342398866071,85.50743103027344,1268100
2012-08-23,85.1405872952303,85.29669159798753,83.87612100490601,83.99320220947266,1304400
2012-08-24,83.55608831253925,83.8995188993813,83.33753399637183,83.61072540283203,802200
2012-08-27,83.66536430074598,83.71219439200982,82.52578642502075,82.6662826538086,989600
2012-08-28,82.40870883834064,82.40870883834064,81.46426424165911,81.64378356933594,1556200
2012-08-29,81.89353809107305,82.088671381962,81.49547046525633,82.05744934082031,1439300
2012-08-30,81.73746145910985,82.05747706770204,81.51891305226691,81.81551361083984,743800
2012-08-31,82.30720052214767,82.51794776196208,81.82327388478464,82.34622955322266,781000
2012-09-04,82.15894414536758,82.49457373247043,80.98033708996032,81.35499572753906,1110200
2012-09-05,81.37063665902653,82.22593385660626,81.37063665902653,81.94345092773438,811200
2012-09-06,82.64182873608416,83.818839213328,82.56336256825155,83.61482238769531,848600
2012-09-07,83.9600934604424,84.62706496818483,83.48144198141394,83.97578430175781,1105100
2012-09-10,83.93656013167018,84.55645317264923,83.74039167515475,83.79531860351562,823400
2012-09-11,83.81101821621532,84.4230629067361,83.59131047978086,83.63054656982422,866400
2012-09-12,83.81096583762995,83.92081963719284,83.01060158558847,83.16753387451172,1054100
2012-09-13,83.22248052443877,84.09346870380455,82.70459905882329,83.59127807617188,1317400
2012-09-14,83.89732223331285,84.71338371317809,83.47359765800286,84.69769287109375,1415900
2012-09-17,84.41522783850024,85.18420498307106,84.30537396070442,84.7134017944336,914800
2012-09-18,84.65061980292731,84.98018739706409,84.14058654739922,84.9566421508789,960500
2012-09-19,85.03507738881174,85.23908820775728,84.3445608121214,85.0586166381836,801000
2012-09-20,84.5486043725742,85.19203666754706,84.36812675930514,85.17634582519531,679400
2012-09-21,85.63932099535992,85.8511863306056,84.54862460009545,84.595703125,1537600
2012-09-24,84.81539176104656,85.29404327824814,83.90517322751627,83.99933624267578,854100
2012-09-25,84.22690623559022,84.8311085820615,83.40300210847622,83.41085052490234,978800
2012-09-26,83.51285609709379,83.55209219268612,81.40208106988499,81.48839569091797,1853900
2012-09-27,81.84144553153533,82.17885536398877,81.29217050913623,81.94345092773438,1136900
2012-09-28,81.70807792835585,81.92779161379961,81.04895483178198,81.51190948486328,1707100
2012-10-01,81.78657424642847,82.32799523947014,81.46485503053644,81.61394500732422,1189800
2012-10-02,81.72379015866636,82.076891028867,80.9234194058841,81.4413070678711,1248400
2012-10-03,81.42560078777778,82.3436737196166,81.0097246153088,82.00626373291016,999000
2012-10-04,82.390757585259,82.85371230193839,81.85717910619576,82.6732406616211,768900
2012-10-05,83.24604009377833,83.48144462707049,82.81447309819069,82.86940002441406,818800
2012-10-08,82.49273085350391,83.16755060749448,82.14747855109276,82.90076446533203,516900
2012-10-09,82.88509808251303,83.20681724024996,82.62616025725073,82.63400268554688,941200
2012-10-10,82.6889459823562,82.6889459823562,81.34715412800831,81.48839569091797,1184200
2012-10-11,82.24949555833659,82.45351239301802,81.3549680348832,81.37065887451172,1167600
2012-10-12,81.61391267624099,82.21810878716799,81.2843451746047,81.50405883789062,1007300
2012-10-15,81.51978237793652,82.61832718868756,81.45700702038786,82.2966079711914,842200
2012-10-16,82.7830973122169,83.98364743386719,82.69678270339095,83.63054656982422,761400
2012-10-17,84.02285382639803,84.92522969917314,83.85022466976119,84.9173812866211,1015700
2012-10-18,84.68984950998961,85.05079876532706,84.18765872112132,84.72123718261719,919800
2012-10-19,83.81102904917398,84.20336605397168,82.28876554143852,82.2966079711914,1690500
2012-10-22,82.13964488769984,82.67322325441584,81.60606652098384,82.59475708007812,1211600
2012-10-23,81.63746664563698,83.03418511637312,81.06465211104987,82.35151672363281,1514400
2012-10-24,81.63746375897296,82.78308680105216,80.65662149829699,82.06903076171875,1736400
2012-10-25,82.54766298731207,82.86153363475047,81.72375927269401,82.21810150146484,976800
2012-10-26,82.1160901335938,82.92430295122398,81.56681504374174,82.62612915039062,812300
2012-10-31,82.93217459575125,84.07779760820458,82.17888847742246,83.34020233154297,1602300
2012-11-01,83.30095690302949,85.2547925999336,83.02631633841956,85.12924194335938,1691900
2012-11-02,85.45881786233807,86.42396318707176,84.9330819192499,86.07870483398438,2033100
2012-11-05,85.81977295553318,85.9610144745437,84.57998695383925,85.89823913574219,1662800
2012-11-06,86.14147301065228,87.03600049969867,85.68636085332413,86.31410217285156,1123100
2012-11-07,85.49020060840637,86.0237789850159,85.03509439417496,85.5765151977539,987100
2012-11-08,85.64716254049497,86.11011729581519,84.68985936698664,84.72909545898438,966300
2012-11-09,84.43875234551793,85.10572391175984,84.07780309774685,84.27397155761719,1144400
2012-11-12,84.39949076471166,84.67413131483967,84.0071539634825,84.2974853515625,532000
2012-11-13,84.1013126333123,84.83105928559783,83.63835211860564,84.14054870605469,752800
2012-11-14,84.06210077995149,84.19549987375912,82.91647776749817,83.34020233154297,1384500
2012-11-15,83.2617376081461,83.4265183881738,82.27304694139391,82.80662536621094,1194700
2012-11-16,82.94001266370843,83.01063641396331,81.82577737974302,81.83362579345703,2414400
2012-11-19,82.45350076667171,83.1047812712461,82.13178172709245,82.90076446533203,1306000
2012-11-20,82.75170349006355,83.27743353270311,82.39075423750863,82.83016967773438,1010000
2012-11-21,82.86155160860335,83.04987164328183,82.39074852861418,82.53199005126953,1184400
2012-11-23,82.86935981099325,83.9051284790039,82.60256773695401,83.9051284790039,691300
2012-11-26,83.3951111619306,83.7325210571289,82.78306669775336,83.7325210571289,920900
2012-11-27,83.42651906862487,84.06210293771372,82.39074988101272,83.41867065429688,1209900
2012-11-28,82.71245247774293,83.64621005214534,82.51628406486896,83.61482238769531,767900
2012-11-29,83.85023933484125,84.14057078419785,83.0420263115833,83.26173400878906,922700
2012-11-30,83.4029567739739,84.29748418951856,83.2381760381193,84.1248550415039,1028000
2012-12-03,84.50155011871678,84.52508938229543,82.42216269484173,82.68110656738281,1033200
2012-12-04,82.68890934002691,83.26957216722565,82.37504466072328,82.9478530883789,1102900
2012-12-05,83.23185021320525,84.06006950345916,82.88479199246039,83.55525207519531,965100
2012-12-06,83.56310900936363,83.86284236011738,83.19238253838897,83.83917999267578,730100
2012-12-07,84.01269649087943,84.69104564880195,83.49998989227824,84.64371490478516,802900
2012-12-10,84.71471714870296,85.14065778342368,84.49386037912086,85.06177520751953,1051800
2012-12-11,85.21954305882089,85.8505616053336,84.75416108854265,85.1722183227539,737100
2012-12-12,85.3930800402472,85.58238501333015,83.89440112675702,84.10736846923828,1311100
2012-12-13,84.15470448334163,85.28265696566768,83.89440636790555,84.77783966064453,1284900
2012-12-14,84.62795095004853,85.29052125738963,84.29666579637798,84.3676528930664,855200
2012-12-17,84.54118430828511,85.2195335329348,84.47808065531873,84.96712493896484,870500
2012-12-18,85.1012118371987,86.42635840005094,84.78569960453954,86.38691711425781,1282300
2012-12-19,86.56834283429892,86.74976433275967,85.47194243609799,85.50349426269531,1122800
2012-12-20,85.79533353164784,86.36325434418706,84.99078305914746,86.33959197998047,959800
2012-12-21,85.68492688777346,86.40271754621881,85.47195953799879,85.7085952758789,1858500
2012-12-24,84.99081199868658,86.76556213322992,84.82516937494354,86.56047821044922,459000
2012-12-26,86.76553786644172,87.309796347876,86.17395465371598,86.8365249633789,1024900
2012-12-27,86.96273709571973,86.96273709571973,85.17221445373197,86.43425750732422,774300
2012-12-28,85.99254277901782,86.12663956251235,84.99079774121844,85.10911560058594,795900
2012-12-31,85.02235056806099,86.33171844482422,84.95924690660588,86.33171844482422,795900
2013-01-02,87.50700315084849,88.80059814453125,87.47545131955178,88.80059814453125,1088100
2013-01-03,88.87947471382478,89.49472037936944,88.45353401816391,88.80059814453125,971200
2013-01-04,89.06876216563262,89.71555953526166,88.9110090580725,89.4000473022461,771700
2013-01-07,88.88733653334641,89.4000370832596,88.6349279793649,89.20284271240234,874500
2013-01-08,89.22653729773522,89.85755585907158,88.79270714727565,89.82600402832031,860900
2013-01-09,90.03895672227362,90.04684618262533,89.14763425727615,89.81809997558594,882500
2013-01-10,90.15729281881104,90.3781496102369,89.46316459673405,90.06263732910156,973300
2013-01-11,89.7155704178537,90.42547152377664,89.54203836775075,89.920654296875,562300
2013-01-14,89.83389962699124,90.37026875060928,89.56571807413063,89.99954223632812,581000
2013-01-15,89.60514750157549,90.12574368369924,89.45528382742481,89.77079010009766,645400
2013-01-16,89.131861041595,89.131861041595,88.31153168685239,88.79268646240234,862600
2013-01-17,89.33696345442131,89.98376092384952,89.26597033253849,89.31330108642578,1012900
2013-01-18,89.42376422489613,89.6525105675516,88.22481829221219,89.54207611083984,2631400
2013-01-22,89.06877005118346,90.11784576123286,89.06877005118346,89.9364242553711,1410100
2013-01-23,88.77694676120359,88.77694676120359,86.30018486794233,87.37291717529297,3016100
2013-01-24,87.80673996117334,88.627069553335,87.15205297638613,87.64898681640625,1137600
2013-01-25,87.87771074554111,88.34308661680782,87.46754304479892,88.13011932373047,1067600
2013-01-28,88.27210450438014,88.27210450438014,86.55256908787642,86.74976348876953,1069700
2013-01-29,86.86020430847022,87.37290500988428,86.7497759095906,87.19937896728516,1532400
2013-01-30,87.1599294964572,87.32557207923509,86.4421389531905,86.71821594238281,1333800
2013-01-31,86.37904663926602,87.24670089591581,86.2765016879672,87.0573959350586,1523800
2013-02-01,87.554338328619,88.19324643934398,86.83654762129822,88.01971435546875,1103900
2013-02-04,87.10473382022379,87.53856402298825,86.8444356985651,86.90753936767578,838500
2013-02-05,87.3807908493296,88.19323090078792,87.15993406072688,87.22303771972656,923700
2013-02-06,87.01006357178807,87.52277026510878,86.89175173462613,87.38867950439453,800400
2013-02-07,87.14416999407989,87.61743544878912,86.48159354316955,87.10472869873047,607900
2013-02-08,87.23883979015977,88.0670590421963,87.16785266347568,88.03550720214844,695600
2013-02-11,87.86984188815303,88.24845183526375,87.41234935232237,87.54644012451172,705800
2013-02-12,87.6095384346005,87.82250576459897,87.01795516273151,87.5385513305664,893800
2013-02-13,87.79883750592336,88.2799923495265,87.54642890090989,88.16167449951172,744100
2013-02-14,87.79883200010086,87.99602639846091,87.39655976033109,87.71995544433594,1304000
2013-02-15,87.36500489434331,87.93292570472119,86.3948058402986,86.88385009765625,2092500
2013-02-19,87.53854650411364,87.53854650411364,86.89174906991403,87.34923553466797,1094700
2013-02-20,87.31767806193,87.99602728051987,86.58411465196167,87.06526947021484,1960900
2013-02-21,86.55257803272475,87.43600518857124,86.03987133383747,86.73399353027344,2355300
2013-02-22,86.986373582012,87.77515100806275,86.72607558712066,87.68838500976562,1273000
2013-02-25,88.15378184937904,88.50083988384168,86.36325341696407,86.40269470214844,1701800
2013-02-26,86.79709704832298,87.60164763793232,86.79709704832298,87.22303771972656,1645800
2013-02-27,87.10474183594056,88.90315444581181,86.93909920270481,88.51665496826172,884200
2013-02-28,88.52453575323729,89.54994328958068,88.41410132400935,89.17133331298828,1164400
2013-03-01,89.02934714821889,89.81023543868366,88.18535519321844,89.53416442871094,1051000
2013-03-04,89.17919506327782,89.27385054334735,88.39041744971861,89.05299377441406,1126100
2013-03-05,89.52876953609565,90.82134390698506,89.52876953609565,89.93319702148438,945400
2013-03-06,90.32179299052328,90.47245736146182,89.4495029717485,89.52880096435547,1015600
2013-03-07,89.49706779941171,89.81426577467177,89.10850345599343,89.34639739990234,999900
2013-03-08,89.86978263729627,90.3297194381782,89.47328664689088,90.11560821533205,1098700
2013-03-11,89.88566643395976,90.08391448787236,89.38608351611819,89.95703887939453,953600
2013-03-12,89.96492430617197,90.40107225020522,89.17193244432806,89.54463958740234,1253900
2013-03-13,89.52085853632286,89.61601974598555,88.63270539628256,89.42569732666016,944400
2013-03-14,89.7270336327205,90.09974078931567,89.48120203259825,90.08387756347656,973700
2013-03-15,89.67152511277696,90.39314459260356,89.4336251237957,90.03630065917969,1391600
2013-03-18,89.22745910474478,89.81427755345162,89.10851514221538,89.60016632080078,1011900
2013-03-19,89.67944374369942,90.12352328546832,89.1719294531472,89.98871612548828,1390800
2013-03-20,90.37729702101126,90.49624702814262,89.98873264442761,90.11560821533205,877100
2013-03-21,88.5772004725819,89.3464036501315,88.2044993293808,88.23621368408203,1567100
2013-03-22,88.2362329909008,88.85477194379094,88.00627059373194,88.489990234375,773800
2013-03-25,89.13232713306549,89.13232713306549,88.07764602377877,88.9261474609375,1253000
2013-03-26,89.21158424549745,89.60808017547744,88.65649236354457,88.8943862915039,740700
2013-03-27,88.49791241707322,88.50584403166293,87.68906318035275,88.29173278808594,912600
2013-03-28,88.4503402709961,88.78339550366138,88.10935342325315,88.4503402709961,1914700
2013-04-01,88.67237611791971,88.79132614257806,87.8555952253417,88.08556365966797,1215800
2013-04-02,88.37103605301849,88.42654525455735,87.73663999253216,88.0221176147461,1074500
2013-04-03,87.911093085808,88.68822185319985,87.26083989164292,87.47494506835938,1416400
2013-04-04,87.77626638950376,88.80715212427368,87.53836642376207,88.228271484375,930600
2013-04-05,87.31635087545206,88.04590207406363,87.1577548931622,88.00625610351562,773700
2013-04-08,88.03005542262565,88.46619745110173,87.50667772839478,88.4503402709961,601500
2013-04-09,88.72787144794981,88.96577146006494,88.06176109410524,88.30758666992188,1007600
2013-04-10,88.6009889042584,89.60808596950511,88.36308891086878,89.58429718017578,1312800
2013-04-11,89.5922325347649,89.9014989090578,88.9895569630448,89.09264373779297,1677100
2013-04-12,88.79925248633938,89.35434450172801,87.86352162464912,88.0221176147461,1129600
2013-04-15,87.2053135160057,87.68110740946803,85.39729309082031,85.39729309082031,1757800
2013-04-16,85.95239483211724,87.41150312973994,85.81758765599209,87.33219909667969,1167900
2013-04-17,86.800922182228,87.60184596775781,86.60267413977361,87.41152954101562,1529400
2013-04-18,87.68114441390522,87.82388324718933,86.7929910012429,87.05467987060547,1664000
2013-04-19,87.48288137926974,87.66527221000865,86.58680255445896,87.03087615966797,1815200
2013-04-22,87.20533537601412,87.4115149998822,86.7612617708051,87.03087615966797,1465300
2013-04-23,87.13396603564594,87.82387131109624,85.88104316938066,86.91986083984375,1764700
2013-04-24,87.79213588609777,90.29799329011416,87.53044709706157,89.42569732666016,2089500
2013-04-25,89.60016210398851,89.88563970072168,88.94990892255156,89.4653549194336,1271200
2013-04-26,89.41775546037101,89.74287894652284,89.21950751392201,89.39396667480469,1058300
2013-04-29,89.5922240598785,90.7975690392519,89.25916287672,90.70240783691406,839100
2013-04-30,90.4645178638867,90.932380183242,90.14731989226462,90.63897705078124,1842000
2013-05-01,90.4883143797279,90.71035116380848,89.49707441504772,89.7508316040039,1423500
2013-05-02,89.83013869106591,90.32972755590475,89.33848749081082,89.9728775024414,1141000
2013-05-03,90.88480900809093,91.59057136839763,90.70241819529268,90.94824981689452,1257800
2013-05-06,91.19407605658988,91.19407605658988,90.0838860945869,90.1314697265625,941200
2013-05-07,90.48037286171288,90.86101162850544,89.98872176508038,90.46451568603516,1525700
2013-05-08,90.3614356160193,90.63105604095873,89.84599565813447,90.31385803222656,1118400
2013-05-09,90.0997324542495,90.63103551979732,89.98871408383795,90.58345794677734,1382600
2013-05-10,90.6627813544198,90.86102936435246,89.99666489502047,90.40109252929688,1123600
2013-05-13,90.3931354912818,90.42485588995535,89.61600689894526,89.69530487060547,660900
2013-05-14,89.74290158070605,90.63898639668854,89.74290158070605,90.62312316894533,884200
2013-05-15,90.64691036485192,91.3050951534896,90.24248881524925,91.28923797607422,880100
2013-05-16,91.19408456902757,91.19408456902757,90.3614405072907,90.40109252929688,1238600
2013-05-17,90.59932854760618,92.20910120718392,90.52003056413872,92.14566040039062,1292700
2013-05-20,91.95535028447544,92.1456666677515,91.30509709573752,91.80467987060548,1119300
2013-05-21,91.98708446426,92.34392849259288,91.56679961531916,91.91571807861328,1129800
2013-05-22,91.86812604064514,92.70077009737766,91.43990961575834,91.74917602539062,865100
2013-05-23,90.93237601088944,91.97912503417948,90.68655046793468,91.82846069335938,831100
2013-05-24,91.50332480368247,92.17736663461704,90.97202174106737,91.95532989501952,860800
2013-05-28,92.70075665923012,92.70075665923012,91.95534231840487,92.1615219116211,812000
2013-05-29,91.78883911955742,92.09810556649624,91.20202663691072,91.6143798828125,570000
2013-05-30,91.80468650382768,91.98707733643016,91.32889248623528,91.43991088867188,853000
2013-05-31,91.16235589403033,92.07429786702752,90.66277313232422,90.66277313232422,1076400
2013-06-03,90.82139858762312,91.5985336303711,90.63901376384844,91.5985336303711,805100
2013-06-04,91.4319524738418,92.61350850385462,91.35264845769508,92.51042175292967,1152900
2013-06-05,92.4945109757043,93.1003023009069,91.65756235428852,91.66553497314452,1895100
2013-06-06,91.54596069824768,92.351024843628,90.48582750737292,90.9959716796875,1500300
2013-06-07,91.20319320667956,91.73724296571046,90.06335230294185,91.03580474853516,1855000
2013-06-10,91.29087655750128,92.16767587632378,90.94812701416868,91.5300064086914,1158400
2013-06-11,90.6532242760862,91.94450868960774,90.31844120468624,90.92423248291016,1073500
2013-06-12,92.183639420142,92.33508268007373,91.55393636283372,91.64958953857422,1238600
2013-06-13,91.3865589510812,93.17204254552723,90.78076759389666,93.01262664794922,1362200
2013-06-14,93.11624386630584,94.30390869086914,92.25538344737708,93.98507690429688,1800600
2013-06-17,94.63871052297576,95.06913473628131,93.93726585853884,94.41551971435548,1538700
2013-06-18,94.5988281333854,94.98940130141092,94.12854094299357,94.86186981201172,961600
2013-06-19,94.8299901027844,95.77853106759028,94.8299901027844,95.26838684082033,1743800
2013-06-20,94.31985183067434,94.99737848405736,92.47059953559322,92.74958038330078,1306400
2013-06-21,93.14013710638947,93.30752558542596,91.3068303731384,91.87276458740234,2331700
2013-06-24,90.11122321925458,91.42641971905866,89.89600504491504,90.94816589355467,1372700
2013-06-25,91.57785182324828,91.657559765578,90.7249640695352,91.17930603027344,1106000
2013-06-26,92.12784148150224,92.50247547761812,91.44234227187012,92.414794921875,1478300
2013-06-27,92.77347224337224,92.81332924791444,91.3387052184049,91.5778350830078,1363200
2013-06-28,91.66552274335952,92.27928052420572,90.82857423360733,91.79306030273438,1847000
2013-07-01,92.54230790917173,94.02489836099475,92.0082581446238,93.0444793701172,1071000
2013-07-02,92.85320159738414,92.90103123013664,91.30684798178648,91.42640686035156,1747000
2013-07-03,90.406120634862,91.63364233116444,90.23075952377226,91.48219299316406,655600
2013-07-05,92.1836383745614,92.26334631277813,91.41045860307504,92.21552276611328,900600
2013-07-08,92.70176181418452,92.70176181418452,92.14379400745936,92.25538635253906,1186800
2013-07-09,92.86115370930416,93.88142978992228,92.66188084726704,93.72998046875,1501500
2013-07-10,93.6662412976608,93.80174541835795,92.60610794586768,93.38726043701172,1394000
2013-07-11,94.1684212446404,94.5430553496457,93.54669063689867,93.5706024169922,1255500
2013-07-12,93.7140657159239,94.01695835580752,93.23581193877676,93.33145904541016,1249400
2013-07-15,93.33146561329728,93.60247995759262,92.82930002415355,92.83727264404295,1379000
2013-07-16,92.89304486018167,93.25173360543324,92.00827280181387,92.4865264892578,1404600
2013-07-17,92.86911878148447,93.19592308638538,92.27130024394232,92.82926177978516,1486500
2013-07-18,92.99665707740856,93.3394066407171,92.51043081128893,93.02056884765624,1035900
2013-07-19,93.10825808372482,93.53071561440048,92.57420822726034,93.37129974365234,1252400
2013-07-22,93.39520114390444,93.88940001846028,92.95680450737144,93.26766967773438,1088900
2013-07-23,92.90898998794503,93.87347004267548,92.90898998794503,93.25971221923828,1179800
2013-07-24,93.81767606273527,95.1807080092632,93.33144971486884,94.10462951660156,1985500
2013-07-25,93.86551309815572,95.16477028026468,93.44305550255764,95.01332092285156,2371800
2013-07-26,94.65462420167042,95.08505438043082,93.96912496305116,94.85389709472656,1966100
2013-07-29,94.79012039429062,95.34808809705224,94.19230176504108,95.22055053710938,1491100
2013-07-30,94.973459325307,96.4799618671357,94.7821590562262,96.19300842285156,1872200
2013-07-31,96.806767618772,97.1016936855214,95.66692644366748,95.78649139404295,2009100
2013-08-01,96.942267317345,97.13356756845268,95.42779229953965,95.682861328125,1370800
2013-08-02,95.49953315806935,96.02561648081742,95.14881702422969,95.89807891845705,1232400
2013-08-05,95.89806320582996,95.97777720990712,95.29227812785136,95.73067474365234,759900
2013-08-06,95.7545977104794,96.50386565089104,95.26837141910488,96.03358459472656,1152200
2013-08-07,95.7705462884908,96.2567725968367,95.65895396342704,95.92996215820312,1326200
2013-08-08,96.40824454313194,97.06185953361216,96.38433276369068,96.69519805908205,913200
2013-08-09,96.4958953857422,97.1335710205309,96.2248871938186,96.4958953857422,648400
2013-08-12,95.88212599942548,96.26472646893087,95.3480762166899,95.50749206542967,959100
2013-08-13,95.754618591996,96.17708227863456,95.58723007374,95.8662109375,919300
2013-08-14,95.8183854776934,96.07345455967436,94.93361326928166,95.03723907470705,703400
2013-08-15,94.4473960987316,94.71841044553106,93.79378113228567,94.24812316894533,883600
2013-08-16,94.02490473861876,94.34374252819129,93.6423042561918,93.96910858154295,1240800
2013-08-19,93.69015685317817,94.04884567686264,93.35537980689573,93.4510269165039,1004600
2013-08-20,93.49881904830784,93.9133038801142,93.00462021536708,93.6343231201172,748500
2013-08-21,93.5785167575535,94.4872003231521,93.44301270052932,93.67416381835938,1120200
2013-08-22,93.7140516616721,94.5908511351698,93.23579795624843,94.22418975830078,1131400
2013-08-23,94.30391145138132,94.73434167344548,93.61044560582796,94.62274932861328,608700
2013-08-26,94.853902596297,95.39592514010032,93.937246018807,94.0089874267578,763200
2013-08-27,93.4589835319231,93.66622903612974,92.87710402903264,93.12420654296876,850200
2013-08-28,92.98072133186012,93.0126057204672,92.29522218012124,92.78942108154295,753000
2013-08-29,92.5582684154407,93.08434565023428,92.37493469218914,92.6618881225586,848400
2013-08-30,92.86116861137158,93.73796812877596,92.8053724443002,93.57855224609376,1211700
2013-09-03,94.66257170524143,94.79010316067246,93.41113851211956,93.6343231201172,824800
2013-09-04,93.9307835539038,94.56371946618528,93.24176502218202,94.3714370727539,700700
2013-09-05,94.41951856946778,94.91625477313332,94.19518806218268,94.47560119628906,639300
2013-09-06,94.7399728465645,95.50910846766948,94.29931936505022,94.6278076171875,986600
2013-09-09,94.68389422989029,95.5411605834961,94.68389422989029,95.5411605834961,776500
2013-09-10,95.9257489448803,96.87114617076804,95.71743942390898,96.0859832763672,898500
2013-09-11,96.13406177903587,97.21565890399047,95.75750433931832,97.02337646484376,758000
2013-09-12,96.70285615413884,96.8951446153523,96.19009914932757,96.33431243896484,655200
2013-09-13,96.43849856320789,96.94324216902538,96.08597572657806,96.51861572265624,649300
2013-09-16,97.32777526526424,98.12895877346102,97.15151391545376,97.91263580322266,971900
2013-09-17,98.11295016974717,98.11295016974717,96.99930537248986,97.25568389892578,977900
2013-09-18,97.30374368440371,99.1624893519666,96.9512270645087,99.13044738769533,1574500
2013-09-19,99.24264014479353,99.6752801330817,98.12899514463491,98.36934661865234,1083800
2013-09-20,98.36933831694571,99.15450106925384,97.5280990600586,97.5280990600586,1730000
2013-09-23,97.1034721839454,97.7924907272471,96.6227631360144,96.82305908203124,1251900
2013-09-24,96.60674179986717,96.94323752094506,96.14205373978022,96.5506591796875,1189400
2013-09-25,96.7349296434033,96.9432391415016,95.58923657268367,95.75748443603516,2020800
2013-09-26,96.04590987615605,96.75095551847882,95.81356584516762,96.29428100585938,1368000
2013-09-27,96.32630156624349,96.67881817412876,95.9257097884978,96.02986145019533,871900
2013-09-30,95.67735922704092,96.31830865376487,95.0364159128637,96.31029510498048,1270000
2013-10-01,96.0459015275502,96.91919495518684,95.55717897252944,96.8070297241211,905000
2013-10-02,96.49457241695724,97.32780424710334,96.0138572788579,97.2877426147461,895800
2013-10-03,96.89514245471524,96.99929411780752,95.91769752591902,96.2221450805664,797100
2013-10-04,96.1500699682309,97.42394928175572,96.02989117519807,97.271728515625,659200
2013-10-07,96.3423471401299,96.6948699505454,95.94976880924251,95.96578979492188,627700
2013-10-08,95.86165958204536,95.86165958204536,94.29934723251806,94.33940887451172,781700
2013-10-09,94.94029014648476,95.55719904694504,94.17115435222152,95.35690307617188,1023100
2013-10-10,96.13406488415248,97.22367559542576,96.11804389393464,97.1916275024414,704400
2013-10-11,97.2636894853585,97.63223320490827,96.31829260041052,97.51205444335938,590200
2013-10-14,97.12752020436412,98.03285574856174,96.94324523052067,97.9447250366211,445300
2013-10-15,97.76847779315445,98.28123503924476,96.92723830154466,97.02337646484376,525800
2013-10-16,97.47202531886607,98.70584300798696,97.47202531886607,98.68180847167967,769700
2013-10-17,98.16102234783386,99.7233342003343,98.15301491202128,99.66725158691406,700700
2013-10-18,99.85153578438975,100.14797599384862,99.3548057354906,100.09990692138672,763400
2013-10-21,100.14796128138856,100.14796128138856,99.36279857542203,99.9797134399414,595600
2013-10-22,100.14794876559172,100.90106329632358,99.92361833836412,100.79690551757812,963300
2013-10-23,100.67676203899002,100.67676203899002,99.06638084473772,99.2105941772461,822400
2013-10-24,99.17853938390743,99.62720033801617,98.90613372423635,99.36280822753906,865200
2013-10-25,99.57112760647225,100.35629046667869,99.12246660781008,100.34026336669922,642600
2013-10-28,100.09989653087212,100.33224054456588,98.9782380936613,99.37882995605467,590300
2013-10-29,99.36279378521724,99.8835643812838,98.75389861101424,99.87555694580078,939500
2013-10-30,99.91560805540992,102.64764100847296,99.58712595125031,99.7473602294922,1487600
2013-10-31,99.92365533504903,100.47647417293062,99.50703629090556,99.91564178466795,1262300
2013-11-01,100.28415646090704,100.4604178427184,99.19454620293338,99.41887664794922,1065400
2013-11-04,99.70729443276326,99.7153079801039,98.81798016686658,99.13044738769533,887100
2013-11-05,99.34679323450132,100.18002513707056,98.76192635900314,100.15599060058594,1323800
2013-11-06,100.28416966462991,101.10138052197976,100.16399087824942,100.86102294921876,784300
2013-11-07,100.90106693666996,101.1334109196942,99.3307477768764,99.49098205566406,1067300
2013-11-08,99.4909920039099,99.74737054313336,98.86606969658686,99.7393569946289,1047400
2013-11-11,99.90760728856628,100.08386868470838,99.37882921268664,99.89158630371094,607700
2013-11-12,99.62719991157346,99.78744033203144,98.96221591990364,99.38684844970705,938300
2013-11-13,99.21859427309468,99.78744012384998,98.938181178562,99.77942657470705,893100
2013-11-14,100.13997222452709,100.95718321147714,99.89962072619608,100.64472198486328,543300
2013-11-15,100.85299429706193,101.61412242179244,100.26012011559573,101.590087890625,827800
2013-11-18,101.99070064909368,102.02274262219784,100.85301500238106,101.18150329589844,688300
2013-11-19,100.93313034426924,101.75033507027364,100.70879376233084,101.14143371582033,693800
2013-11-20,100.8850394976288,101.24557579249183,99.62718146453784,99.7473602294922,812500
2013-11-21,100.03579800406696,100.62065868632676,99.4990063881445,100.48445892333984,632300
2013-11-22,100.4924586847358,101.51797270954678,100.08385333928756,101.4058074951172,725600
2013-11-25,101.3577718779845,101.80643288373686,100.90910475968438,101.0052490234375,699700
2013-11-26,100.95717994783485,101.1494623627933,100.62869163108915,101.0052490234375,1604800
2013-11-27,100.80494746539595,101.63817936738276,100.7088032069772,101.41384887695312,512300
2013-11-29,101.34974546428394,101.82244094784184,100.9171055011284,101.15746307373048,568300
2013-12-02,101.03727066862405,102.05477121539045,99.86754327222516,99.97169494628906,1161700
2013-12-03,99.45096229338267,100.18805617870356,99.01031478495396,99.53909301757812,1154700
2013-12-04,98.85474592288452,99.81278312555348,98.53271604329582,99.52295684814452,822500
2013-12-05,99.01577134265662,99.45856325546676,98.49247348448368,98.6132354736328,1217400
2013-12-06,99.74034808609012,101.0848165621119,99.37806822107704,101.00431060791016,810100
2013-12-09,101.38268489698474,101.42294094104068,100.38439765493894,100.96405029296876,1095100
2013-12-10,103.21021272911192,103.5483414451382,101.1492306784248,101.39075469970705,2042000
2013-12-11,101.18140881555372,101.5275898830518,99.78863210895652,99.92549896240234,1307700
2013-12-12,99.54712744700804,100.68227546994652,98.91111999977164,100.37635040283205,1218500
2013-12-13,100.48102783942052,100.71449944134793,99.87722387857046,100.03018951416016,727200
2013-12-16,100.31193391669872,101.22166888073066,100.23142797407716,100.65006256103516,1017400
2013-12-17,100.63396346504396,101.23776724583422,100.47295158038376,100.82717895507812,930600
2013-12-18,100.93183947849168,102.02673746275768,99.63567357273868,101.97038269042967,1133900
2013-12-19,101.62420367216237,102.3809668955344,101.18946421590545,102.3648681640625,1108700
2013-12-20,102.21189759853168,102.95256205436954,102.0991880570872,102.67884063720705,1055800
2013-12-23,103.16190383675438,103.16190383675438,102.550047525946,103.0169906616211,804800
2013-12-24,102.9767496530752,103.9508797725699,102.82378402660356,103.8301239013672,316900
2013-12-26,103.789844510678,104.3533922569384,103.25849422802408,104.31314849853516,326800
2013-12-27,104.65932736212837,104.98135114793617,104.39365221084796,104.66737365722656,486500
2013-12-30,104.40169850594614,104.97330485283796,104.27289636227503,104.66737365722656,453100
2013-12-31,105.01356933030988,105.12627889283576,104.232648688373,104.68348693847656,597600
2014-01-02,103.96694101926934,104.59489585483954,103.64491730825488,104.25676727294922,777700
2014-01-03,104.25678823769448,104.65932409961609,104.1440786877332,104.40169525146484,737600
2014-01-06,104.65934628187668,104.7801021522792,104.0313911869392,104.24876403808594,1160100
2014-01-07,104.313127335692,105.11819889113823,104.03134737751895,104.85252380371094,1183600
2014-01-08,104.69153708801474,105.46441146265752,104.16019900764562,105.40805053710938,1262500
2014-01-09,105.46441650390626,105.64153330063604,105.08603173674916,105.46441650390624,1665000
2014-01-10,105.46440950078114,106.71227329145324,105.44025832868734,106.66397094726562,1311500
2014-01-13,105.9635352925304,106.9537823476525,105.19067332471064,105.30338287353516,1246000
2014-01-14,105.47241494909748,106.3499522381959,105.02157686538624,106.15673065185548,709600
2014-01-15,106.24535403109655,107.332206157227,105.9635739141223,107.01016998291016,924700
2014-01-16,106.527102723587,107.00209212061004,106.37413712146288,106.7283706665039,865600
2014-01-17,106.47076026246869,107.3643905753302,106.47076026246869,106.62372589111328,1230000
2014-01-21,107.40461080965778,108.06476316882826,106.44657358925944,107.24359893798828,771600
2014-01-22,107.48511060328336,107.54951780883482,106.84910941064238,107.24359893798828,717800
2014-01-23,106.18095192358678,107.22754804291353,105.4966357689896,105.68985748291016,1602000
2014-01-24,105.04574486834018,105.04574486834018,102.20384294239376,102.2199478149414,2067100
2014-01-27,102.38904951595995,102.6547247301378,101.14923799200815,101.22974395751952,2671600
2014-01-28,101.39877768969522,101.91402308393825,100.99624184155478,101.197509765625,1915200
2014-01-29,101.84160021829427,104.2407111553398,100.63399231056746,102.5098114013672,2654800
2014-01-30,102.15555166637884,102.45343041866012,100.8352345161864,101.02845001220705,1806800
2014-01-31,99.77253904842644,101.1653158341807,99.51491634231242,100.4085464477539,1794200
2014-02-03,100.52929810430064,101.26191010425536,97.63103528058554,97.82425689697266,2278400
2014-02-04,98.87889932228887,99.3136387482215,98.18653721530836,98.52466583251952,1354100
2014-02-05,97.75986857941083,98.99967988416064,97.59080423906455,98.79035949707033,1384600
2014-02-06,98.79033622274764,100.08650200224513,98.44415518582204,100.0542984008789,1342400
2014-02-07,100.7064270282348,102.38097782166426,100.2394900592024,102.29241943359376,1688800
2014-02-10,102.28434915681488,103.11357192141234,101.69664418670304,102.79154205322266,1097700
2014-02-11,102.79960242770233,103.6046740892435,102.4051128911564,103.39534759521484,1225100
2014-02-12,103.58051416534045,104.01524742067566,102.96060559872426,103.1135711669922,1013500
2014-02-13,102.64664387418767,104.49025270019516,102.50978315648575,104.18433380126952,994300
2014-02-14,104.13602158100608,105.06184905353425,103.89449763204532,104.50634765625,1241100
2014-02-18,104.82032989111352,104.94914430769728,104.21652613334857,104.43389892578124,1356300
2014-02-19,104.44194421598633,104.7156779196996,103.03307493695668,103.16992950439452,1244900
2014-02-20,103.2907004639362,103.50807326025247,102.4614714623347,103.10553741455078,1101900
2014-02-21,103.25849071700536,103.7495849401382,102.85596101351324,103.10553741455078,1415300
2014-02-24,102.8962122935701,103.30680672372402,102.34876329038096,102.3648681640625,1602500
2014-02-25,102.7674111835222,104.0635710636539,102.40512520693264,103.69324493408205,1007000
2014-02-26,103.6932484263573,104.65933211204592,103.52417794626204,103.71739959716795,1222800
2014-02-27,103.3228929030178,104.6593147940328,103.2262882357603,104.53855895996094,965500
2014-02-28,104.627129018546,105.58515407282462,104.4983145915368,104.95719909667967,1292200
2014-03-03,104.42584575761042,105.23091738163684,103.94279786942734,104.8927764892578,936700
2014-03-04,106.30974443658532,106.30974443658532,105.15043896141654,105.46441650390624,1462700
2014-03-05,105.8689533915977,105.88512622964171,104.80903990717508,104.817138671875,1045700
2014-03-06,105.18118689188049,105.97408776704609,104.74428585534896,105.85272979736328,901200
2014-03-07,106.0550606027375,106.2168754346714,105.68287537817724,106.0469741821289,761200
2014-03-10,105.90130793166142,106.51620909042153,105.65857956652434,106.45957946777344,790600
2014-03-11,106.4191081699156,106.9288364326224,106.2168366174987,106.4676513671875,1297900
2014-03-12,106.22494297360196,109.4208439782008,105.71522696089713,106.86412811279295,1652200
2014-03-13,107.02594541950477,107.34957503341712,106.55667383735694,106.83985900878906,1657600
2014-03-14,106.3786882714287,107.40623157074148,106.33823147778394,106.5971450805664,1426100
2014-03-17,106.9126627571846,108.0939341825206,106.66184798050404,107.1392059326172,983900
2014-03-18,107.34148359766472,107.5761255506123,106.6456688491601,107.4790267944336,1162100
2014-03-19,107.7702904430158,109.07291985267294,106.8317473916292,107.33338928222656,1629800
2014-03-20,106.95311967848684,107.36574924590948,106.81557648934594,107.21202087402344,952300
2014-03-21,108.06160000470602,108.42568649102805,106.98551338820316,107.54378509521484,2424800
2014-03-24,107.97258964472802,108.2395896679674,106.38678703756572,106.5971450805664,872100
2014-03-25,107.10686418917714,107.2524938187954,105.69904937447212,106.27350616455078,1110700
2014-03-26,106.42720171060644,106.6213868583665,104.88185632942708,104.9061279296875,1269100
2014-03-27,104.92233012354237,105.09224371858411,104.08897202628812,104.21034240722656,1225700
2014-03-28,104.6310515883307,104.9789527891826,104.00805164870724,104.64722442626952,1243600
2014-03-31,105.31875484217248,106.09548306808358,105.03558206433374,105.96602630615234,1208000
2014-04-01,107.2524706145226,107.36574219494553,105.50484136313212,106.0388412475586,905000
2014-04-02,105.97414303013464,106.8398714842409,105.72332819821372,106.48387145996094,974200
2014-04-03,106.85603347569692,107.35766303065196,106.1763916015625,106.1763916015625,959900
2014-04-04,106.83986218457927,107.00167699634537,104.68768938562182,104.74433135986328,851800
2014-04-07,104.7605006968553,105.0355994479076,103.16660571844211,103.21514892578124,1107600
2014-04-08,103.15849166265096,104.35593579535758,102.97239911850494,103.73294830322266,1648800
2014-04-09,103.36886344214729,105.585758090519,103.36886344214729,105.4320297241211,1259100
2014-04-10,105.48056649101096,106.00647994111851,103.6439496615384,103.67630767822266,1250800
2014-04-11,103.31222350481076,104.32358130034586,102.71349524541054,102.7539520263672,1474500
2014-04-14,103.71677546208969,103.74913348220691,102.3251460291803,102.96432495117188,1222200
2014-04-15,103.16659085287874,104.598670818583,102.98859088783158,104.5258560180664,1610400
2014-04-16,105.31065820005554,106.54046028197754,104.99511508953049,106.43528747558594,941200
2014-04-17,106.44335266239334,107.04208074952248,106.06308125303292,106.6860809326172,876500
2014-04-21,106.92884071492207,107.665112158168,106.54856919349513,107.51947021484376,1208200
2014-04-22,107.68934123355902,107.80261276889324,106.6375270650718,106.77507019042967,1532100
2014-04-23,103.2313109265564,106.7751126264956,103.2313109265564,106.55665588378906,1286200
2014-04-24,106.88028470143576,106.88837111844347,105.57765551405316,105.70709991455078,1227800
2014-04-25,105.4158353518289,105.69093404198377,104.4125763670987,104.66339111328124,888500
2014-04-28,104.98701889584508,105.456290364513,104.18603147412048,104.69574737548828,1217400
2014-04-29,104.70384823283877,105.27020610439534,103.9109348669839,103.93521881103516,1014100
2014-04-30,104.36404049106729,105.7556698375104,103.87858379973076,105.62621307373048,1860000
2014-05-01,105.85275362949923,105.92556842770276,104.82521065403697,105.41584014892578,902500
2014-05-02,105.23786629775525,106.08739707924651,105.19740951157048,105.99031066894533,787600
2014-05-05,105.61001352775884,105.8850998541192,105.14884084482236,105.70709991455078,806100
2014-05-06,105.38345369484291,106.24108289739732,105.26209573058442,105.52908325195312,847100
2014-05-07,105.820393765407,106.0550357104664,105.12457904029422,105.18122100830078,1590300
2014-05-08,105.6585785024087,105.966035251531,104.81713417017572,105.31876373291016,989500
2014-05-09,105.32687731232366,105.57770450404928,104.6796179724708,105.2621612548828,652900
2014-05-12,105.73951735947828,106.22496185528,105.26215928428516,106.0469741821289,587500
2014-05-13,106.03076745513007,106.3301254506774,105.61812551999428,105.99031066894533,630700
2014-05-14,105.99835065034284,106.58089354829544,105.45626452085104,106.33816528320312,561300
2014-05-15,106.00648831335448,106.2249327209964,104.89803170997868,105.47248840332033,788100
2014-05-16,105.4158539347482,106.11976744646547,105.15695272538568,105.99031066894533,775700
2014-05-19,105.71522796631233,106.47577112869529,105.64241315604455,106.42721557617188,609200
2014-05-20,106.37865385184116,106.54856739190042,105.21356770765236,105.3349380493164,717900
2014-05-21,105.37541999597002,105.82040765131669,105.20550641533148,105.59386444091795,684200
2014-05-22,105.50484012862212,106.0388400068003,105.1488525555129,105.41584014892578,522800
2014-05-23,105.21359126268868,106.02267767221488,105.21359126268868,105.93367767333984,501600
2014-05-27,106.2087296359974,106.5242727028461,105.7799150155536,105.85272979736328,674100
2014-05-28,105.94985006850422,106.1521216464684,105.30257854988336,105.31876373291016,684900
2014-05-29,105.66668221891312,107.30102775657092,105.26213904402552,107.20394134521484,752900
2014-05-30,106.84794933503292,107.14730735613176,106.5809493382371,106.99359130859376,1097500
2014-06-02,106.79938932966292,108.57129026430428,106.62138935979269,108.44183349609376,1066100
2014-06-03,108.25572910394172,108.50654383458884,107.81072925327354,108.15863037109376,962400
2014-06-04,108.24810603202262,108.60584548785889,107.79280578132244,107.91475677490234,506300
2014-06-05,107.86595528207803,108.74403948213023,107.25617562143056,108.69525909423828,670700
2014-06-06,108.9472923098852,109.5651978598118,108.64647166671016,109.49202728271484,659100
2014-06-09,109.49202965766489,109.63024488606756,108.52451065284772,108.76842498779295,698500
2014-06-10,108.76032148905762,109.14245113121422,108.16679359021808,108.6139678955078,671800
2014-06-11,108.41882437229842,108.59769405821795,107.60578485666365,107.7114715576172,614700
2014-06-12,107.50822989492193,107.8334531998808,106.2805444844536,106.50006866455078,680000
2014-06-13,106.60573773391866,107.27243609420634,106.22360816760715,106.9390869140625,674200
2014-06-16,106.86593309878856,106.96349388642822,105.97972286172724,106.19110870361328,872900
2014-06-17,106.01224740427692,106.50007619320031,105.85776787425114,106.37811279296876,947700
2014-06-18,106.06100659913396,108.01230895873796,106.06100659913396,107.60578918457033,1547400
2014-06-19,107.48384392649793,107.83345744233335,106.646414043033,106.91471862792967,992100
2014-06-20,107.29683474467636,107.51635890573284,106.87405068790076,107.41065979003906,1029000
2014-06-23,107.23991358487474,107.72774228592768,107.10169834764288,107.2073974609375,514100
2014-06-24,107.23989608864451,107.54072911447912,106.63825484896964,106.6789093017578,556300
2014-06-25,106.84153587198192,107.46756742614568,106.63013763800488,106.82527160644533,589300
2014-06-26,106.857765433337,106.9390743380536,105.92277505908174,106.53255462646484,1152800
2014-06-27,106.42687437331196,107.27244247047398,106.06100904930882,107.23991394042967,1005500
2014-06-30,107.67083929004929,108.7359316960698,107.11797826036016,108.00418853759766,1521200
2014-07-01,108.36192798316168,108.4676271118968,107.532624032627,108.00418853759766,654700
2014-07-02,107.74402538389046,108.32127662817057,107.40255019586532,107.91475677490234,670400
2014-07-03,107.93099959718172,108.40256402199472,107.45130924307844,108.378173828125,531200
2014-07-07,108.1586370171867,108.30499056927314,107.59763781185072,108.13424682617188,936400
2014-07-08,107.94727262962002,108.19118699412785,107.53261448815674,107.95539855957033,729600
2014-07-09,108.23183034597896,108.23183034597896,107.15862449769256,107.65457916259766,694900
2014-07-10,106.92285846265187,107.6058213157459,106.90660659915162,107.2155532836914,583500
2014-07-11,107.07729647187053,107.15860538184222,106.80899195616132,106.98786163330078,508900
2014-07-14,107.58953450421666,107.79279440940728,106.99601905474007,107.65457916259766,706000
2014-07-15,108.20742727335612,108.60582110628162,107.71147266746868,107.85782623291016,941500
2014-07-16,108.21556323126318,108.66272503484824,107.89847832010372,108.58142852783205,845200
2014-07-17,107.89034723560228,108.30500535144452,106.94721836764636,107.05291748046876,812900
2014-07-18,107.48381952526726,108.25620456983268,106.84152377827026,107.94725799560548,1074000
2014-07-21,107.58951840725668,107.67081491356971,106.849649485618,106.89842987060548,688300
2014-07-22,107.14233102991172,107.65454982130666,106.9228069184572,107.06916046142578,1007200
2014-07-23,106.06916287908942,107.02041782285376,104.61381489399616,106.6301498413086,1963500
2014-07-24,106.06100098582688,106.46752073847932,104.9634050972642,105.069091796875,1695200
2014-07-25,104.96342671271002,106.21550235008418,104.74390252739086,106.13419342041016,1060900
2014-07-28,106.20735328938096,106.71955973557472,105.83334966273324,105.93904876708984,850700
2014-07-29,105.84150013914912,106.04476006020847,104.59755041474592,104.62194061279295,1090200
2014-07-30,105.16670378328716,105.50004067491486,104.47561498634596,105.06100463867188,869300
2014-07-31,104.98778243537824,105.34552175887102,104.09343412664634,104.18286895751952,1280200
2014-08-01,103.82517816285296,104.73579115900786,103.5731378142217,104.25608825683594,1322700
2014-08-04,104.8739969972729,105.02846412162984,103.7601303579005,104.80895233154295,801100
2014-08-05,104.67071545125044,104.80079234984376,102.91454705725177,103.2966766357422,1243700
2014-08-06,103.296655722645,104.28042642520552,103.23974321415804,103.97147369384766,1094200
2014-08-07,104.1097153717836,104.43492622473929,103.2316311816047,103.28854370117188,692900
2014-08-08,103.33732146919075,104.87397186455355,102.94706597433613,104.80078887939452,653600
2014-08-11,104.85773280477709,105.52441891848598,104.38616828239688,104.52438354492188,791700
2014-08-12,104.52436505292862,105.060974146151,104.14223546284592,104.77640533447266,779800
2014-08-13,105.23171296624264,105.75207023727545,104.99593693305604,105.2235870361328,533700
2014-08-14,105.288643332607,105.70328912204204,105.09350933440146,105.44312286376952,509100
2014-08-15,105.82523264882477,106.06914699927331,104.65445369147096,105.35366821289062,858200
2014-08-18,105.86586272474666,106.2967726020238,105.70324492456965,106.26424407958984,788500
2014-08-19,106.18298880063276,106.37811038698786,105.77646895439143,106.1748504638672,842100
2014-08-20,106.15044551418022,106.15044551418022,105.2317068194287,106.04474639892578,1305600
2014-08-21,106.16671567940472,107.18301521025444,105.84149238593274,106.88219451904295,772800
2014-08-22,106.50817563525098,106.79274442568344,106.10978180984522,106.31304168701172,730800
2014-08-25,106.71959711078549,107.13425533863746,106.5326014349713,107.03668212890624,784800
2014-08-26,107.2480623466281,107.3049686705503,106.75210766787572,106.80088806152344,719800
2014-08-27,106.83339510050176,107.10983798432297,106.39435918901997,106.62200927734376,503900
2014-08-28,106.13417797791269,107.093571103271,105.7845769243832,106.8659210205078,553300
2014-08-29,107.25618109060342,107.25618109060342,106.54884061810355,106.95536041259766,570000
2014-09-02,107.17490439921691,107.3049813289554,106.62203092532133,107.04481506347656,768800
2014-09-03,106.96349702638616,107.817191161295,106.84967196879838,107.50823211669922,874700
2014-09-04,106.95258758399687,107.81049857401112,106.95258758399687,107.75331115722656,1160800
2014-09-05,107.60627602180836,108.30894470214844,107.41835662685854,108.30894470214844,748900
2014-09-08,108.0474754760286,108.76647618210274,107.85954364472065,108.28441619873048,900400
2014-09-09,108.05564862500536,108.15369134878252,107.704320553281,107.9412612915039,1213700
2014-09-10,107.75333782689444,108.52137238010026,107.4428525903345,108.5050277709961,1139400
2014-09-11,107.94124724444868,108.62757115614184,106.96894880257534,107.16504669189452,1782600
2014-09-12,107.27127139376564,108.02297384741202,107.10786269538865,107.54907989501952,1014200
2014-09-15,107.45920818954924,107.76968099057812,106.96896960455712,107.48371887207033,810000
2014-09-16,107.53275877611402,108.4151809008612,106.96082197320952,108.00665283203124,866900
2014-09-17,108.39881885757632,108.74198088414124,107.72883941541208,108.2517547607422,1069200
2014-09-18,108.52956219594812,109.48551632750944,108.31713210025222,109.0443115234375,1250800
2014-09-19,109.53452751696796,109.53452751696796,108.75832679517704,109.09332275390624,1756900
2014-09-22,109.06062023924184,109.37110547703034,108.6275816008968,108.80733489990234,1402100
2014-09-23,108.69297667097824,108.71748735765188,107.85957592221308,107.88408660888672,1094700
2014-09-24,108.17824196931254,109.29761750394236,107.86776907362966,109.2812728881836,1233300
2014-09-25,109.06876583431108,109.08509797126304,107.6470844808404,107.6552505493164,1403500
2014-09-26,107.63896524449515,108.35796606889312,107.61445456112284,108.30894470214844,1160800
2014-09-29,107.15689070187187,107.98212525085955,106.49507732867782,106.93629455566406,1587300
2014-09-30,106.60944671961371,107.10785130037414,105.39204144903076,105.40020751953124,1603800
2014-10-01,105.24498897037718,105.63717238787704,102.61406746288048,102.81016540527344,2243100
2014-10-02,102.49966674824708,102.7529583324002,101.64993404324744,102.37711334228516,1887900
2014-10-03,102.66308314231212,103.02258352766182,102.1401678239468,102.5568618774414,1179200
2014-10-06,102.94905936831265,103.3902703707854,102.311756664844,102.63858032226562,1973800
2014-10-07,102.28724190946863,102.42613993240953,100.86555999132683,100.88190460205078,1083800
2014-10-08,101.19239058795084,102.1891999667492,99.84424685816032,102.0829849243164,1348800
2014-10-09,102.01758526186887,102.21367690378857,99.41117532705464,99.66446685791016,1413700
2014-10-10,99.47659060751197,99.89329100763317,98.37356600356198,98.67587280273438,2291200
2014-10-13,98.86377944069172,99.32132882184987,96.99272038753736,97.07442474365234,1448200
2014-10-14,97.47477839785024,99.0925457057591,97.19697613030851,98.20195770263672,1360200
2014-10-15,97.08259280079687,99.32132447531798,95.85700881177809,99.18242645263672,2352800
2014-10-16,98.16111021544508,100.62862289853318,98.12842722645104,99.9749755859375,1444000
2014-10-17,100.39166047588408,101.85419128198956,100.35897749191255,101.4048080444336,1438400
2014-10-20,100.79201931206916,102.6467335172755,100.7593363270628,102.54869079589844,1003000
2014-10-21,103.30037594125857,104.70570682925872,102.56502439695272,104.23181915283205,1623500
2014-10-22,104.8527749079858,105.13057089472098,103.74975079738464,103.77426147460938,1366700
2014-10-23,104.72208225259216,104.86098029804282,103.22686804480624,103.42296600341795,1606800
2014-10-24,103.365763553479,104.5831753334246,103.29222526682832,104.35440063476562,868100
2014-10-27,103.14513812974896,103.66805342256671,102.09113523945142,102.54869079589844,1802700
2014-10-28,103.22686437838064,103.74978601579518,102.3281039177515,102.70394897460938,2932700
2014-10-29,99.95861352813876,102.12381286035638,99.66447914581508,100.1792221069336,5268800
2014-10-30,99.96679095013052,101.04530451933697,99.39485429738542,100.2282485961914,1881700
2014-10-31,101.49470102119936,102.95723206260818,100.7348386641242,102.94088745117188,2752200
2014-11-03,103.11243938008548,103.1941499469298,101.15151044864253,101.6580810546875,1870400
2014-11-04,101.65808207879762,102.0911206594144,100.98809656595556,101.5355224609375,1076100
2014-11-05,102.11567010798662,102.84284950971934,101.64994839863373,102.76113891601562,1240600
2014-11-06,102.58952863622616,103.48829504153753,102.3280710184014,103.41475677490234,894400
2014-11-07,103.69258077890728,103.74160214453252,102.9163738325329,103.4964828491211,868500
2014-11-10,103.51280802648463,103.5373187046956,102.50782658434532,103.25135040283205,1222700
2014-11-11,103.30853556006736,103.766084805389,103.1532929659871,103.52096557617188,721600
2014-11-12,102.97358606665044,103.7579592262659,102.7121283467786,103.13700103759766,979200
2014-11-13,103.4719481851584,103.69255674662791,102.90001160661002,103.54548645019533,816200
2014-11-14,103.7824450610702,103.7824450610702,102.63039940157644,102.83466339111328,886100
2014-11-17,102.96537062287688,103.57816248150456,102.76927897353556,103.16146850585938,757400
2014-11-18,103.40658002817808,104.7710617177736,103.00622443169458,104.44424438476562,1291600
2014-11-19,104.5586296817658,104.96715757378888,104.17461246588158,104.79557037353516,1007600
2014-11-20,104.32988887398464,105.49827303956042,104.19915691401808,105.25316619873048,991800
2014-11-21,106.0947274125414,107.18140092978692,106.08654887341524,106.66666412353516,1342300
2014-11-24,106.80555807224408,106.854579435989,105.6861953757856,105.79240417480467,974800
2014-11-25,105.80058670326996,106.16008087338392,105.04889667383765,105.11425018310548,1230600
2014-11-26,105.0570644882724,106.1437504903322,104.82828980018458,106.1192398071289,965500
2014-11-28,106.58499207836888,106.82194538757764,104.69759401594152,104.89369201660156,633100
2014-12-01,104.50963027205496,104.83644766737837,103.71708499774694,104.2236557006836,1093300
2014-12-02,104.43605520806824,104.9834872430566,104.16642534162266,104.95079803466795,889600
2014-12-03,104.92620783936457,106.68360650225314,104.49918054594936,106.51114654541016,1240800
2014-12-04,106.47004874105478,106.64250864166412,105.7720265973766,106.3550796508789,729900
2014-12-05,106.21551928427144,106.62612513818996,106.05948705487104,106.37155151367188,749500
2014-12-08,106.1744281360846,106.19907600904703,105.00010171892832,105.1725616455078,1045100
2014-12-09,104.9918963655916,105.18077778055536,104.22816936655884,104.86871337890624,1137900
2014-12-10,104.86050811987694,104.87692959464036,102.91423442968625,103.14417266845705,1234000
2014-12-11,103.30019445180842,104.50737634892124,103.28376671335512,103.68616485595705,1169000
2014-12-12,102.62679506578502,103.1195206786676,101.60028076171876,101.60028076171876,1257500
2014-12-15,102.19155055706824,102.47075943099227,101.28821298767669,101.75630950927734,1540400
2014-12-16,100.51628580529336,103.63688565146506,100.1549507513386,101.2307357788086,1284300
2014-12-17,101.95340470006197,104.09676712635328,101.71525262321332,103.86682891845705,1119500
2014-12-18,104.49916276970012,107.14346478683876,104.33492297679008,107.12703704833984,1656900
2014-12-19,107.22560991664238,107.41448508536594,106.31406449444408,106.79857635498048,2038700
2014-12-22,106.68359132943164,107.86613792046973,106.429017763718,107.85791778564452,932400
2014-12-23,108.15353635127197,108.81050796208694,107.93180576985,108.47380828857422,1026300
2014-12-24,108.60524533303342,108.68737151380556,108.12894105208596,108.18643188476562,422900
2014-12-26,108.5641479238553,109.18005649286056,108.12890687088029,108.58878326416016,444000
2014-12-29,108.2931644996923,108.93370851458282,108.15356003805655,108.6627197265625,520500
2014-12-30,108.31779423089417,108.61343087865366,107.7511688091573,107.85791778564452,640700
2014-12-31,108.01396714959144,108.15357162618513,106.39617919921876,106.39617919921876,764900
2015-01-02,106.46186471816122,106.93816892029594,105.81311310791368,106.71643829345705,683700
2015-01-05,105.78846086511132,105.98554358575808,103.56297240917154,103.89966583251952,1165700
2015-01-06,103.63690731912216,104.3103006188784,102.50363750207312,102.5693359375,1349800
2015-01-07,103.36589582613814,104.00643980648302,102.85674243043871,103.7190170288086,861300
2015-01-08,105.0247563256478,105.82133262032384,104.4827599002621,105.42715454101562,1089700
2015-01-09,105.81310829391688,105.81310829391688,103.8832562291611,104.00643920898438,989200
2015-01-12,104.10499177371342,104.54844678954856,102.94708667571108,103.7765121459961,1026600
2015-01-13,104.21173957808954,104.69625135095777,102.3229506405282,103.06204223632812,1235000
2015-01-14,101.23894282820014,102.65142747267956,101.1732444109346,102.31472778320312,1231700
2015-01-15,102.65145055953796,103.65332971945465,102.15872484992164,102.2162094116211,787600
2015-01-16,102.2162158641927,102.38866956017748,100.61484937516654,101.44427490234376,1990600
2015-01-20,101.72349190603286,102.93066779908035,101.55103820702608,102.57755279541016,1563400
2015-01-21,102.29834377552817,103.43161369433112,101.89595178676709,103.20167541503906,1030200
2015-01-22,104.00645146145322,104.86051228606804,103.20166132843336,104.671630859375,1170600
2015-01-23,104.6469700064708,104.73730376260816,103.71078950227056,103.75184631347656,1066700
2015-01-26,101.46068564393252,103.11953015499336,101.46068564393252,102.25725555419922,1408300
2015-01-27,100.92690383647412,102.34759635285364,100.59841795335296,101.17326354980467,1831900
2015-01-28,101.98627940343142,104.56488354856285,100.68054958885465,100.70518493652344,2334800
2015-01-29,101.03366083437604,101.1979069114529,98.68499518762816,99.73614501953124,1981000
2015-01-30,98.47967417839456,100.20421694577536,98.47967417839456,99.0298843383789,2048800
2015-02-02,99.43228108334849,100.62303514634218,98.44682361175568,100.36846160888672,2307000
2015-02-03,101.46066752883146,101.64954263582048,100.45057478439904,101.40318298339844,1520600
2015-02-04,100.6969603634897,101.60029179610588,100.56556351093262,100.77086639404295,1394400
2015-02-05,101.53460051284922,102.3722398434621,100.72160279283445,102.3311767578125,1330900
2015-02-06,101.95341144014148,103.37410386085573,101.7891653769672,102.85674285888672,1440900
2015-02-09,102.6514388126407,103.2180767597974,102.32295295537094,102.68428802490234,1262800
2015-02-10,102.8485478850792,103.1113353690916,102.23263913204876,102.57755279541016,1188700
2015-02-11,102.5775509395678,102.70072767566712,101.74812541286214,102.11766815185548,1226800
2015-02-12,102.65144585424326,103.10311472214076,102.46256443711876,102.94708251953124,1289800
2015-02-13,103.06204584539212,104.27744165275168,102.93064899471683,104.20352935791016,770200
2015-02-17,104.0228472195173,105.11505989239473,103.61224151681265,104.66339111328124,759500
2015-02-18,104.65522281410786,104.9262179180038,103.89149566964151,104.81124877929688,728400
2015-02-19,104.8030039124874,106.13336867141484,104.26100136669794,105.82130432128906,1082400
2015-02-20,105.81308385446783,106.34686620150428,104.64695901553806,106.19083404541016,1075800
2015-02-23,105.90345276383944,106.30583842558968,105.23005324146594,105.43535614013672,872400
2015-02-24,105.59139436316944,105.82954022568822,105.09866863136035,105.42715454101562,830400
2015-02-25,105.38606838841947,105.93627856410032,105.3285775713655,105.59957885742188,719500
2015-02-26,105.36966777115612,105.88703513503472,104.83588519591632,105.03297424316406,1462500
2015-02-27,105.09867268069593,105.62424138490728,104.89336976241977,105.03297424316406,1249000
2015-03-02,105.03297572141884,107.06958345613523,104.79482358102494,106.98745727539062,1376400
2015-03-03,106.60969237656856,106.65074293064588,105.87059444276422,105.97735595703124,1223800
2015-03-04,105.85759553649552,106.04752294298014,104.51981885930046,105.46947479248048,1996900
2015-03-05,105.63467249198,105.76680143730816,104.8749499571078,105.48603057861328,2209100
2015-03-06,104.4372389564032,104.9161967269444,104.1812471101925,104.2885971069336,1849200
2015-03-09,104.3133895414614,104.71802331411308,103.99959282189018,104.25558471679688,1934500
2015-03-10,103.38852035771376,103.71057675403166,102.41409153544942,102.69486236572266,1703800
2015-03-11,102.69484854137052,103.48760312560914,102.48840183817546,102.57923889160156,1429000
2015-03-12,102.93433135905433,103.82618266258667,102.7526572453436,103.74359893798828,1544000
2015-03-13,103.4710945169161,103.5536719416194,101.64610003962856,102.23241424560548,1332300
2015-03-16,103.66928966562088,103.67754929881022,101.78649651471726,102.59576416015624,1437600
2015-03-17,102.31498510023266,102.38930288761728,100.76250189438582,101.42313385009766,1374400
2015-03-18,100.86985487237736,103.6362392824151,100.23399553349893,103.06644439697266,1277800
2015-03-19,102.26543463367122,102.5792376508944,100.74598994065506,100.7542495727539,1394400
2015-03-20,99.77979674992146,101.72039400686997,98.8384005265464,100.67990112304688,3025100
2015-03-23,100.67989493382905,101.07627525100222,100.4404160776569,100.7294464111328,1100400
2015-03-24,100.4652190655962,101.44790101428096,100.36612238746916,100.37438201904295,1301700
2015-03-25,100.55606449390532,100.87812716977872,99.33390345315772,99.3421630859375,1008100
2015-03-26,99.25132767258047,99.82111633876129,99.14397134542382,99.5155792236328,1040100
2015-03-27,99.3256605384151,99.87068298904776,99.13573305428908,99.22657012939452,1071700
2015-03-30,99.94498320485064,100.70470560814842,99.6311864644243,100.34961700439452,846900
2015-03-31,100.10187052314927,100.4734720393606,99.65594492354396,99.70549011230467,997500
2015-04-01,99.5733630007868,100.06057413555052,98.88795851944734,99.92845153808594,1231700
2015-04-02,99.6311928489598,101.20844258513443,99.35042202089866,100.96896362304688,1334700
2015-04-06,101.00196365314218,101.56349882997505,100.53126551228614,100.96067810058594,1085500
2015-04-07,100.81207771353856,101.85256478952634,100.81207771353856,101.38186645507812,922400
2015-04-08,101.35706299038378,101.75344339881684,100.76249552786062,101.04326629638672,1012400
2015-04-09,101.2497375560066,101.57179395966324,100.88638928511016,101.21670532226562,1327300
2015-04-10,101.57176930746222,101.57176930746222,100.3248295624624,101.04326629638672,1690400
2015-04-13,101.15062946163948,101.34056320919326,100.02755884196102,100.10188293457033,1380000
2015-04-14,100.16795037438791,100.49000675135008,99.44951352564335,99.9202117919922,1566100
2015-04-15,100.39914092012498,101.01848089837836,100.0853379656486,100.33307647705078,1429400
2015-04-16,100.3083343301518,100.64690367822378,99.639448966708,100.11840057373048,1060100
2015-04-17,99.41644298189564,99.8623684782065,99.1439319063304,99.46598815917967,1048900
2015-04-20,100.3496141122138,100.9028960836891,99.85414326783236,100.7459945678711,1644200
2015-04-21,100.8533410296687,101.09281996105612,99.97800902547937,100.11013793945312,1703500
2015-04-22,100.17621140902278,100.40743074356745,99.35042447121796,100.13492584228516,965100
2015-04-23,100.30008556018149,101.09284030278064,99.92022430645198,100.63040161132812,979700
2015-04-24,100.729465142767,101.15887145765984,100.29179289649312,101.12583923339844,1042500
2015-04-27,101.15887830303592,102.1745987919859,100.72121232739796,102.0589828491211,1804400
2015-04-28,101.70388928320202,102.3480018776469,100.9524203895148,101.39834594726562,1563300
2015-04-29,99.09441921640632,103.21509371808422,98.93751770323254,102.96736145019533,2635200
2015-04-30,102.54619920982468,102.64529588824702,100.11838414062753,100.68817901611328,3068600
2015-05-01,100.95241734646488,102.11677953998073,100.81203512888204,101.36531066894533,1204300
2015-05-04,101.5800504781341,101.86081500594103,100.77903616017846,100.96896362304688,826100
2015-05-05,101.14236354181752,101.4313876432088,99.53207560506122,99.84587860107422,796500
2015-05-06,100.54782191202614,100.71297678375736,98.63199641877304,98.97056579589844,1453000
2015-05-07,98.62372662794026,99.94498436647852,98.38424767841552,99.73027801513672,1039000
2015-05-08,100.80379281865608,100.94417506035964,99.84588342204282,99.93671417236328,1408700
2015-05-11,99.68071953756332,100.00277587153911,98.2438523321134,98.39249420166016,1696000
2015-05-12,98.1364861438734,98.1364861438734,96.99690279220803,97.31069946289062,1810800
2015-05-13,97.2942017098083,97.64103065797464,96.77395828755878,97.28594207763672,1509900
2015-05-14,98.0704252160234,99.67244704752038,97.70707707061582,99.59812927246094,1515300
2015-05-15,99.31736423161811,101.629569525565,99.31736423161811,101.0762939453125,1920100
2015-05-18,100.76251360698068,100.93593439820968,100.03582341143009,100.62213134765624,938700
2015-05-19,100.64692047826884,100.64692047826884,99.70552377248572,100.19274139404295,887700
2015-05-20,100.56433692689929,101.03503525119812,99.920224093675,100.3166046142578,1083900
2015-05-21,100.19273552116704,100.63866124517682,99.97802914288354,100.63040161132812,830200
2015-05-22,100.49825137971604,100.99372850159406,100.05233205043116,100.7542495727539,1430900
2015-05-26,100.10189388047924,100.48175511687012,99.81286971151386,100.47349548339844,1429900
2015-05-27,100.11011690981292,100.44868615530568,99.64767210830163,100.35784912109376,1229500
2015-05-28,100.15966292333272,101.37357029946553,100.04405329705835,101.36531066894533,1354800
2015-05-29,101.20842295174904,101.8442822829686,100.94417144144106,101.45616149902344,2269000
2015-06-01,101.58002444167673,101.64608258994691,100.58082328371708,101.12583923339844,1448400
2015-06-02,101.05977326558538,101.30751179369506,100.49823806208892,101.19190216064452,1212900
2015-06-03,101.25421325913727,102.01839447021484,101.25421325913727,102.01839447021484,1319600
2015-06-04,100.42358799561808,101.45357172609788,100.42358799561808,100.8222885131836,1691700
2015-06-05,100.42358799561808,101.12131706997296,100.14947742902274,100.8222885131836,1220600
2015-06-08,100.82229427094876,101.32067945221316,100.58971789954848,101.16285705566406,2319300
2015-06-09,101.279128643326,101.58646527644068,101.00501810599908,101.30404663085938,1628700
2015-06-10,101.87716477384616,102.21772109558984,101.36216990072788,102.17619323730467,1007600
2015-06-11,102.31741256389262,102.500152908165,101.8937877964638,102.36724853515624,1103100
2015-06-12,102.3090975936205,102.4253857435882,101.91869894563092,102.3174057006836,1253600
2015-06-15,101.5366354563658,101.7858280368179,100.6146317808159,100.68939208984376,1339600
2015-06-16,100.57308504162432,101.18775193093738,100.54816705569978,101.12129974365234,800200
2015-06-17,101.42863095756104,102.05991402870488,100.88040994748714,101.89378356933594,1061900
2015-06-18,102.18451307356706,103.13974270421603,101.80242248875338,102.82410430908205,1032500
2015-06-19,102.82411653659167,102.840726417372,102.0599352760904,102.16791534423828,1216400
2015-06-22,102.583229706135,102.70782598941848,102.16791298667698,102.45863342285156,562500
2015-06-23,102.44200766435824,102.69119385507209,101.68612831023236,102.58321380615234,841000
2015-06-24,102.32571743237057,102.32571743237057,101.1545214469152,101.74427032470705,1598300
2015-06-25,101.83566530634764,101.90211750693965,101.18777219365236,101.51171875,1083800
2015-06-26,101.22930304533388,101.82735381913122,100.772452102957,100.98841857910156,1541600
2015-06-29,100.32391566640597,100.73923242696384,98.8287791307361,99.0945816040039,2066800
2015-06-30,99.85873837759284,99.96671842739369,98.82875483899998,99.30221557617188,1511700
2015-07-01,99.97501970710972,100.09961596358856,98.8536660732579,99.07793426513672,1380100
2015-07-02,99.45174877754332,99.62618104687373,98.24732643612305,98.76232147216795,1179800
2015-07-06,97.96493548983254,98.46331441635895,97.5163925547892,97.8984832763672,892200
2015-07-07,97.6077511513253,98.57128278301136,96.96815976297104,98.4300765991211,1187300
2015-07-08,97.98984067048502,97.98984067048502,96.41994377176005,96.4282455444336,1171900
2015-07-09,97.53298314556014,97.73233974651949,96.35348510742188,96.35348510742188,1685900
2015-07-10,97.32529411208353,97.79045303055229,96.83522354788106,97.49142456054688,867600
2015-07-13,98.2722393467555,98.52143191133568,97.86523073935602,98.40514373779295,1280000
2015-07-14,98.33870116155424,99.14441668364933,98.01475459825036,99.06965637207033,875600
2015-07-15,98.96996595072288,99.29391245361845,98.34699093173457,98.58787536621094,1112400
2015-07-16,98.770641027969,98.86200489058037,97.95661733952522,98.18919372558594,1579300
2015-07-17,97.84862982094764,98.19749437352792,96.78541360695948,97.1924285888672,979900
2015-07-20,97.10934488352656,97.48312734417624,96.58604183394183,96.9432144165039,1086000
2015-07-21,97.13428655897287,97.40008903380534,95.48962938910084,95.85511016845705,995000
2015-07-22,95.77205724576704,96.33688835097698,95.37335032675882,95.6474609375,1168400
2015-07-23,95.63912124239948,95.91323176261622,95.04937233774577,95.68895721435548,1339200
2015-07-24,95.49792950712448,95.88002013664428,93.55424392356768,93.844970703125,1550300
2015-07-27,93.30506407521602,93.8283609072216,92.64886283920411,92.88143920898438,1312000
2015-07-28,93.3133666835034,95.99631574403163,92.80668606607482,95.83849334716795,2030300
2015-07-29,93.86988576590412,96.6608145996799,92.93957404223546,96.29533386230467,2795500
2015-07-30,96.54450486705188,96.83522523539324,94.35162726972158,94.9164581298828,2517300
2015-07-31,95.05770241850092,95.34842288416122,94.37658318299782,94.80850982666016,2223000
2015-08-03,94.77529413743969,94.92480844152388,94.01942084368136,94.38489532470705,876800
2015-08-04,94.67560100517932,95.38163815222951,94.011091727232,94.1855239868164,1167600
2015-08-05,94.8998692425792,95.19058967521988,94.1356880090009,94.1855239868164,1110000
2015-08-06,94.2187345958628,94.77525738074982,93.81172605707384,94.14397430419922,981300
2015-08-07,93.9529418121557,94.35995039260308,93.39641897030712,93.98616790771484,1536000
2015-08-10,94.69220642853952,95.98799248859548,94.48454808110851,95.91323852539062,1467900
2015-08-11,94.86664792332796,95.33180063898244,94.21875483017196,94.67560577392578,958500
2015-08-12,94.20213180507167,94.73373664513896,93.496088383743,94.2353515625,1476900
2015-08-13,94.00278174358122,94.76696296191751,93.82004137892906,94.41809844970705,1163300
2015-08-14,94.43472031892397,94.80850284191688,94.23536372524605,94.68390655517578,850200
2015-08-17,94.58423489682365,94.99124352005924,93.8532733921372,94.69221496582033,1146100
2015-08-18,94.4180847989647,94.71711329112084,94.0359942450383,94.28518676757812,820600
2015-08-19,93.67052694488044,94.06923377043437,92.62393341010772,93.37980651855467,1073100
2015-08-20,92.95618557169826,93.80342883979488,92.73191100789955,92.74021911621094,1532800
2015-08-21,92.00095862595222,92.56578960045115,90.07388936070232,90.21509552001952,2431600
2015-08-24,86.02869893619902,88.19665256555923,83.90227951074186,87.51553344726562,3888500
2015-08-25,89.53398737391723,89.54229548349478,85.37251168787388,85.55525207519531,3243100
2015-08-26,87.24973929038272,87.32449325981919,85.44726620535917,86.42741394042969,3876200
2015-08-27,87.87271505440887,88.06375720257853,86.30281831197291,87.37433624267578,3116500
2015-08-28,87.25801946282111,88.686703231563,87.25801946282111,88.20494079589844,2824700
2015-08-31,87.87272653066505,88.19667311746079,87.19160725365461,87.8395004272461,1967400
2015-09-01,85.9871743378019,86.59353956148195,84.70800436612653,85.04025268554688,2145300
2015-09-02,85.8874835464257,86.18651203812774,85.05685025552647,85.5136947631836,1819000
2015-09-03,86.17033187893166,87.38317773170169,85.60155053662791,86.16197204589844,2336900
2015-09-04,85.14985181492136,85.62662380012607,84.4723290284883,84.8487319946289,2890000
2015-09-08,86.32924653701757,87.21587371826172,85.35061015226118,87.21587371826172,2592500
2015-09-09,87.85157401144805,88.16106010164685,86.78092839780524,87.24097442626953,2470200
2015-09-10,86.80603281519595,88.49565084588203,86.50491289649054,87.98542022705078,3322600
2015-09-11,87.76792812635068,87.86830354240276,87.05695314524714,87.63409423828125,2412500
2015-09-14,87.69263383556157,87.82646770663959,86.93147443384346,87.33296966552734,1783900
2015-09-15,87.73447078685558,88.58764588043388,87.12387121392216,88.4119873046875,1934500
2015-09-16,87.943574935563,89.9175799929081,87.943574935563,89.8757553100586,1922100
2015-09-17,89.73356934306314,90.5198275013253,89.18152049480017,89.54119110107422,2397300
2015-09-18,88.1275881478711,88.79674474481425,87.44170550770195,87.9352035522461,3108300
2015-09-21,87.98540660732309,88.77165837863276,87.6090035764307,88.03559112548828,1655300
2015-09-22,86.93149652756928,87.35808412311039,85.92776776558625,86.51327514648438,1725600
2015-09-23,86.34597028773942,86.66381617058417,83.9955622999426,84.17958068847656,2877200
2015-09-24,83.64427018873762,84.84038350769863,82.43143082362148,84.480712890625,2723900
2015-09-25,85.08293680183554,85.4007826719637,84.14611885293911,84.41378021240234,2011400
2015-09-28,83.63589489283663,84.33014379158678,82.87473543518038,82.95001220703125,2025900
2015-09-29,83.0336571540731,84.25486901084172,82.90819586469009,84.10430908203125,1497700
2015-09-30,84.72327829029105,85.40916102022098,84.505801410591,85.2000503540039,2388000
2015-10-01,85.40078759598401,85.77719059232408,84.10430540383643,84.82364654541016,2627200
2015-10-02,83.97049914565378,86.27908325195312,83.30134229753574,86.27908325195312,1874300
2015-10-05,87.00677210473864,89.08951914833521,86.68892615688677,88.94731903076172,1940900
2015-10-06,88.57091569500949,89.17315545123556,88.21961129772805,88.63783264160156,1739300
2015-10-07,88.86365359104617,89.7000961303711,88.04394347617581,89.7000961303711,1224600
2015-10-08,89.75027195969501,90.9380186346288,89.47424443647054,90.82927703857422,1339700
2015-10-09,91.25589034710627,91.60719472279196,90.57837385377664,90.8794937133789,1368100
2015-10-12,90.837656861575,91.25587812371997,90.36925109006866,90.77910614013672,674200
2015-10-13,89.90086072577805,90.69547870741512,89.8172113537732,90.64529418945312,1461400
2015-10-14,90.59507022185946,91.4231527552812,90.2855906319886,91.14712524414062,1693800
2015-10-15,91.59045849742384,91.96685508931375,90.8543913566291,91.58209228515624,1588900
2015-10-16,92.20106270319556,92.20942253376258,90.9463989107346,91.53190612792967,1354800
2015-10-19,90.78748487692316,91.51519227080526,90.71220172094527,91.2809829711914,1424500
2015-10-20,91.29772121334962,91.95014549281346,90.72893992687192,91.47337341308594,1101000
2015-10-21,91.59882567122428,91.60718550202948,90.10159273711518,90.23542022705078,964400
2015-10-22,91.02167881764689,92.5021793359828,90.59509132664827,92.22615814208984,1164100
2015-10-23,92.84511837543256,93.74847781552226,92.3265217231848,93.47245025634766,1442600
2015-10-26,93.28844823627384,93.63975261959511,91.9501412653706,92.12579345703124,1481900
2015-10-27,91.59046352186463,92.37672159784714,90.92130689785182,91.39807891845705,1236900
2015-10-28,91.49844172556952,92.60254553605068,90.8878422931824,91.9333953857422,1950900
2015-10-29,92.3934596406674,95.95670732041768,92.25963212741529,94.30891418457033,2939900
2015-10-30,95.07008168114255,95.76432428191956,92.90369173929209,92.92041778564452,2628300
2015-11-02,93.13787772140824,94.40927398548082,92.9956840178693,93.9994125366211,1663300
2015-11-03,93.75685556449424,95.30427960506506,93.51429280661291,94.9864273071289,1502600
2015-11-04,95.25408544284156,95.46319610261544,94.38418433239607,94.53474426269533,1696100
2015-11-05,94.26708755734091,95.22063170276496,94.02452479571566,94.83586883544922,1704200
2015-11-06,94.25873268430504,95.35447061151632,94.09980652452268,95.00316619873048,936600
2015-11-09,94.7187582175061,94.9780597629067,93.43900206081985,94.09979248046876,984000
2015-11-10,93.8990476695076,94.09142589303345,92.56074079142364,93.34699249267578,1324600
2015-11-11,93.49755154423616,93.67320372207789,92.25125387390202,92.87858581542967,917700
2015-11-12,91.96686614824672,92.8534996902745,91.8832231601632,92.14252471923828,1096900
2015-11-13,92.14252888804975,97.085901818964,91.96687030911085,94.94461059570312,3184700
2015-11-16,94.92788081614025,97.2699229430698,94.85260403582495,97.01062774658205,2451700
2015-11-17,97.04408692148996,99.18538474230355,93.94925123933498,94.86097717285156,5891100
2015-11-18,94.94459716885235,96.78476825591542,94.41763426965996,96.67603302001952,1758700
2015-11-19,96.56727731993315,97.1109661832258,96.09050538353334,96.65928649902344,1408900
2015-11-20,96.75130205572218,97.83867985398471,96.09887792938456,96.2327117919922,1473800
2015-11-23,96.18253011805749,96.60911761905363,95.69739827349856,95.83959197998048,1085600
2015-11-24,95.47993016430402,95.68067461429077,94.73549671328352,95.37955474853516,1422800
2015-11-25,95.12026738470465,95.43811332176564,94.5765783389925,94.69367980957033,1566200
2015-11-27,94.5849259502686,95.5719284235538,94.45945829031156,95.2791748046875,889900
2015-11-30,95.07008744099956,95.50503486958064,94.15836151154332,94.35074615478516,2564700
2015-12-01,93.8906834352175,93.982692633295,92.15088126627114,93.7066650390625,2185900
2015-12-02,93.3051755703638,93.78194760214896,92.19270536901487,92.30980682373048,1739200
2015-12-03,92.7181131523166,93.02961735080775,90.85752157608016,91.8172836303711,1619700
2015-12-04,92.24664482955792,92.9117441639802,91.77518461200845,92.84439086914062,1932200
2015-12-07,92.32242267782208,92.70969450428449,91.84253524978472,92.23822784423828,1149100
2015-12-08,91.08484155145511,91.9014826966507,89.73780116758039,89.84725189208984,2107300
2015-12-09,90.02404721753992,91.042741825254,89.76306120077643,90.13349151611328,1865100
2015-12-10,89.62835736964759,90.55444282138954,89.47681564676876,89.8135757446289,1510600
2015-12-11,88.34868045738722,89.28318671763064,88.34868045738722,88.65176391601562,1939300
2015-12-14,88.53388121097355,88.8622204885798,87.58253360181794,88.16344451904297,1595400
2015-12-15,88.82013732622055,89.66203436248804,88.60966306715368,89.08112335205078,1446800
2015-12-16,89.76304991539962,90.15032171915954,88.02873793123206,89.23265075683594,1670200
2015-12-17,89.46841029233327,89.67047023976075,86.60596502526701,86.64805603027344,1730100
2015-12-18,86.15132419844963,86.43756610412515,85.42729224235153,85.4693832397461,2015100
2015-12-21,85.90717977234371,86.3702193176103,85.28417772467982,85.97453308105469,1703000
2015-12-22,86.336538958384,87.1700151806218,85.89032815789203,86.55542755126953,1553800
2015-12-23,87.20370812934608,88.39920053791822,87.04374561581689,88.18030548095703,1655900
2015-12-24,87.87719022967458,88.27288277390441,87.67513678568007,87.98664093017578,493100
2015-12-28,87.574123795587,87.6414770976708,86.9006100442422,87.3720703125,644100
2015-12-29,88.12135231932712,88.2644732594373,87.58253878454197,87.89404296875,637900
2015-12-30,87.69199764479077,87.8266978294175,86.86693572998047,86.86693572998047,1261600
2015-12-31,86.54701858570425,87.31314155475354,86.10922852639206,86.21025848388672,930900
2016-01-04,85.05687416524202,85.67987630264372,84.6275047893191,85.59568786621094,1853500
2016-01-05,86.30286969181469,86.31970480687538,84.15602961276447,85.30101013183594,1589200
2016-01-06,84.04660614390268,85.35996383184967,83.88664360692631,84.44229888916016,1885300
2016-01-07,83.21312804174322,84.24866457173651,82.1691771632284,82.32913970947266,2002700
2016-01-08,82.53959354901394,83.53303239711066,81.9418473708694,82.37963104248047,2541000
2016-01-11,82.81739499239835,83.42355532561507,82.19438670213943,82.87632751464844,2389200
2016-01-12,83.76876755451974,84.1981369052956,82.75849353016362,84.09710693359375,1736500
2016-01-13,84.68643307427814,86.14291800159737,82.12707133508931,82.51434326171875,2652800
2016-01-14,82.70795840388907,84.47594079622066,82.09337719886865,84.01290130615234,1928500
2016-01-15,83.69300660475238,84.0129252393819,81.2515033564059,81.99237060546875,1584700
2016-01-19,82.91002713721389,83.01105067583309,81.3525124030748,82.65745544433594,1822000
2016-01-20,81.3019912607341,83.18783870113762,80.82211023812181,82.35436248779297,2844600
2016-01-21,82.71640285960551,83.17102813465198,81.82399385108806,82.47225189208984,1653200
2016-01-22,83.68456982442794,83.92872074487111,82.20282918660537,82.58168029785156,1746800
2016-01-25,82.16916956372957,82.6322156162604,80.82213526068475,80.93157958984375,1400000
2016-01-26,81.25992621903771,82.82585574267276,80.77163065673405,82.6238021850586,1350100
2016-01-27,82.34595982965565,83.87821241631174,82.28702728490602,82.5901107788086,2132200
2016-01-28,83.04471497420671,83.51617521272482,82.43013379516191,82.67427825927734,1815000
2016-01-29,81.47038198368274,84.2065476407262,80.48536388870677,84.18971252441406,3435200
2016-02-01,84.04659224036155,85.01477522692412,82.81742319825698,84.63591766357422,2402500
2016-02-02,82.36278772721754,83.56670073325472,82.3206903065842,82.63219451904297,2462400
2016-02-03,83.62563733070998,86.96796971936398,83.30571233394991,86.95954895019531,2563200
2016-02-04,87.01005458353049,90.07455918201516,87.01005458353049,88.84539031982422,2169200
2016-02-05,88.37394648893172,88.83698607605048,87.28789837467295,88.48339080810547,2021200
2016-02-08,87.99507786777176,88.23081443998403,84.58539862933851,85.81456756591797,2926200
2016-02-09,85.67986999469535,87.72568032290779,85.4441398207722,87.40576171875,1592800
2016-02-10,87.818272413543,88.64333428469334,86.71538941906262,87.02689361572266,1107300
2016-02-11,85.65461203573084,86.8501108395361,85.25050501111483,85.92401885986328,1594100
2016-02-12,86.51333220438909,87.51518520509832,86.05028631356602,87.4141616821289,978100
2016-02-16,88.43287819692733,88.43287819692733,87.10267914648229,87.55730438232422,1878700
2016-02-17,88.28976049776742,88.73596498010453,87.82671447468222,87.97825622558594,1449200
2016-02-18,87.81829370430818,88.28133972739337,87.62466094786586,87.97825622558594,995300
2016-02-19,87.90247896903296,88.02875839503385,86.69014509410364,86.97638702392578,1354300
2016-02-22,87.46468037804955,88.44128399860817,87.19527359016519,87.74250793457031,1273100
2016-02-23,87.1616066063155,87.39733676896478,85.53674493015136,86.05872344970703,1294600
2016-02-24,84.9642502378962,85.99136568465663,84.8632267009459,85.78089141845703,1493800
2016-02-25,86.05028674831611,86.6396184689924,85.06526885540387,86.38704681396484,1758900
2016-02-26,86.96796050827383,87.74250418746841,86.24392859241152,86.91744232177734,1582100
2016-02-29,87.0268999235271,87.4983602136911,85.66302439719801,85.69670104980469,1325500
2016-03-01,86.58911057168123,88.84539492948213,86.20183869828108,88.68543243408203,1591500
2016-03-02,88.15505202911416,88.61809804255903,86.99323624515112,87.6751708984375,1582700
2016-03-03,87.82779514454253,89.87148838155157,87.10699286513487,89.75276184082031,1295700
2016-03-04,89.93933979604738,93.35679631058856,89.82061970396107,92.25439453125,2152400
2016-03-07,92.58511904240392,93.0515240422056,91.27070965733375,92.08479309082033,1851700
2016-03-08,91.1858952994697,92.16958332774924,90.42269018610784,91.70317840576172,1315000
2016-03-09,91.94061522358751,92.72925940049248,91.45725308095275,92.48333740234376,1416000
2016-03-10,93.07692870861489,94.3998129899638,92.68684761205704,93.8401336669922,2592500
2016-03-11,94.19632451556492,95.154567099559,93.78927958188687,94.22176361083984,2132100
2016-03-14,93.87405524957094,94.1708618729214,92.93277014120802,93.1956558227539,1279100
2016-03-15,92.390068620474,92.97519367504472,92.06782930608875,92.80559539794922,1057300
2016-03-16,92.65294177208236,93.84014895972597,92.27981784945644,93.39070129394533,1331000
2016-03-17,93.84017181410944,96.29090405965825,93.78080529399804,95.92626190185548,2289100
2016-03-18,96.25695643062464,96.37567649842562,95.66334962186124,95.72270965576172,2287000
2016-03-21,95.72274646557206,96.16371243248332,95.61250820872472,95.79058837890624,1122600
2016-03-22,95.51071908576596,95.70576291554995,94.8238376939025,95.46832275390624,1246700
2016-03-23,95.3071918801878,96.12975699245422,94.68815243491584,95.65487670898438,1229500
2016-03-24,94.87470150815032,95.06126345539776,94.12846018891868,94.7559814453125,1106200
2016-03-28,95.0273720595899,95.5870580753527,94.93409105696276,95.35809326171876,852300
2016-03-29,94.93407029445612,95.66335444471952,94.62878825621756,95.3665542602539,960700
2016-03-30,95.97711750865236,97.70704688715912,95.75663460076927,97.5204849243164,1708100
2016-03-31,97.46112200713164,97.79184312430128,96.97775987667151,97.0540771484375,1751700
2016-04-01,96.6300879525671,97.93601535844525,95.58704628063649,97.72401428222656,1171100
2016-04-04,97.09647891900038,98.02928222601724,96.92688067036404,97.2745590209961,977500
2016-04-05,96.51985468345237,97.05409509387157,95.29872635134018,95.81600952148438,1285900
2016-04-06,95.90929437714782,96.10433823183828,94.74753251364385,96.06193542480467,976700
2016-04-07,95.4259165527556,95.61247852161776,94.37439310161132,94.6966323852539,878400
2016-04-08,95.3750246264986,96.06190589492398,94.9425407127917,95.23086547851562,840200
2016-04-11,95.6294430003375,96.20608618877212,95.5785648121625,95.60400390625,919900
2016-04-12,95.80751852421028,97.02864018757865,95.2817535847231,96.72335815429688,774500
2016-04-13,97.23217232581202,98.04625564547716,96.53680261614564,98.00385284423828,908700
2016-04-14,98.19041547851104,98.29217832031333,97.41025310063772,97.96993255615234,748100
2016-04-15,97.7833910137013,98.83492118943984,97.5968289996264,98.63987731933594,987700
2016-04-18,98.02930995609977,98.54659317145337,97.8173088504552,98.47027587890624,888300
2016-04-19,98.81794926140688,100.7938010174532,98.48722807113852,100.75988006591795,1226200
2016-04-20,100.91249476594376,101.51457694153764,100.54785271934372,101.15841674804688,1079300
2016-04-21,101.10756226337332,101.7944437217553,100.6920354704975,100.78531646728516,573500
2016-04-22,101.26865822059696,101.58242209816198,100.369775854814,101.43826293945312,658300
2016-04-25,100.92099025881542,101.52307251578245,100.78530646976186,101.0736312866211,654500
2016-04-26,101.08210715246052,101.40435291811764,100.33586571838994,101.26866912841795,903600
2016-04-27,101.32801580570305,101.3619367486544,99.75072754213475,100.4460906982422,1493700
2016-04-28,99.72531005740116,101.2347567620815,99.4454670697443,100.28499603271484,1193400
2016-04-29,96.3926456217934,100.36130593844273,95.09520009957792,99.60658264160156,1962600
2016-05-02,99.6998766629608,100.69204025437462,99.25891722336358,99.55571746826172,1290900
2016-05-03,98.76705943314369,98.88577951465042,96.85056795062768,97.59680938720705,1477300
2016-05-04,97.24914160172452,97.46114269464162,96.43505818129402,96.62162017822266,1248200
2016-05-05,97.22369835313536,97.39329663232124,96.0619300844573,96.22305297851562,1084100
2016-05-06,96.21459087748514,97.13891915717336,95.90082687983666,96.92691802978516,848400
2016-05-09,96.92689123262672,96.92689123262672,95.41743818833868,95.84992218017578,1132900
2016-05-10,96.47744442486722,96.86753208841372,96.11280232440708,96.68944549560548,979600
2016-05-11,96.77428078365148,97.21524029935016,96.08739270433148,96.18915557861328,1049700
2016-05-12,96.8336236855265,97.68162807833852,96.24001672870206,96.3332977294922,1156400
2016-05-13,96.3078379560676,96.78271824376472,94.60334768092802,94.94255065917967,799200
2016-05-16,95.07821266966796,96.14669307235162,94.67116789500952,95.78205108642578,735700
2016-05-17,95.61249896716426,95.90929922211248,95.10369760585868,95.21393585205078,1071100
2016-05-18,94.88322584858211,94.95106776337047,93.68754283180247,93.9419403076172,931000
2016-05-19,93.82318861654193,94.90863300881792,92.86494615424552,93.3313446044922,1429400
2016-05-20,93.9503792811067,94.17086216864972,93.19565611541978,93.34829711914062,1206600
2016-05-23,93.34832832615898,94.21328998990128,93.28896827540962,93.69600677490234,1093500
2016-05-24,94.103038274694,94.56943675817804,93.76383526049509,93.93343353271484,1281000
2016-05-25,94.35744525917148,94.98497316354178,94.12848692146234,94.66272735595705,881900
2016-05-26,94.81534786303304,94.9679888783568,93.67054348298394,93.76382446289062,637000
2016-05-27,93.76383526049509,94.2217583591997,93.458553194692,93.93343353271484,750400
2016-05-31,94.01823692847982,94.23871338323087,93.11934799151918,93.16175079345705,1726200
2016-06-01,92.9158276454939,94.15391310386092,92.44942270888754,93.99279022216795,2096700
2016-06-02,93.76383005963474,93.76383005963474,93.22958970899212,93.7553482055664,974500
2016-06-03,93.55897266500791,94.40422893008474,93.55897266500791,94.12247467041016,1168200
2016-06-06,94.41277811830376,95.85568915615416,94.35301264944542,95.32633972167967,1137600
2016-06-07,95.43733286702346,96.12037239447946,95.43733286702346,95.5056381225586,1101100
2016-06-08,95.8300888683672,97.14493586944674,95.2921995781772,97.05101776123048,1450200
2016-06-09,96.65828400753044,96.9314985789886,96.06916244153192,96.85466003417967,1765800
2016-06-10,96.4362522989722,97.39250613131556,95.94958885616047,97.10221862792967,1847200
2016-06-13,96.87170630012542,97.73404219905817,96.23989899975314,96.37650299072266,1283800
2016-06-14,95.96667537382488,96.5814095595719,95.58246325075962,96.00936126708984,1212800
2016-06-15,96.11182371854738,96.65825268438752,95.48854971885156,95.62516021728516,1454900
2016-06-16,94.95919760957564,95.84714628218649,94.00294368969928,95.72761535644533,1159100
2016-06-17,95.83861148828936,96.31673521615087,95.03604107599556,95.71054077148438,1579200
2016-06-20,96.77780098384729,97.58891130749905,96.01792286327716,96.15453338623048,1401500
2016-06-21,96.41920226203086,96.41920226203086,95.19827347174564,95.49710083007812,1393900
2016-06-22,95.8300724785284,96.43626692809784,95.37756158757848,96.35942840576172,1075300
2016-06-23,97.50352646632204,98.36586247904212,97.33276982659154,98.3573226928711,1383300
2016-06-24,95.74472120867097,96.12892695674216,93.7297613217418,94.16519927978516,1903400
2016-06-27,93.0210832231472,93.29429771674434,90.76706202248384,91.3647232055664,1761100
2016-06-28,92.20997178994888,93.27721683381402,91.38178859367802,92.61979675292967,1345600
2016-06-29,93.89197535299544,94.51524297231948,93.67852628890805,94.4725570678711,1315800
2016-06-30,94.77138412925724,95.95816040039062,94.09688430738422,95.95816040039062,1322200
2016-07-01,96.06913807305035,97.28153353319232,95.64224000631027,96.81194305419922,1436400
2016-07-05,95.96671209557002,96.45337575985089,94.73724325361869,95.18122100830078,1087400
2016-07-06,96.90584878394289,96.91438856809326,94.02002056605862,95.48001098632812,1389200
2016-07-07,95.75322183650312,96.43625472195576,95.05310938339494,95.48854064941406,716200
2016-07-08,95.9325515283137,98.16096036314254,95.5312662303558,97.96458435058594,1024000
2016-07-11,98.10975024589231,98.61348700954822,97.51208884049488,97.6401596069336,988300
2016-07-12,98.39147669982778,100.17591422552768,98.27194574755488,99.8856201171875,1344400
2016-07-13,100.28688635015048,100.46618274451704,99.33063239958172,100.36373138427734,880900
2016-07-14,100.83331916124531,101.36267509379984,100.61133034901958,101.04676818847656,940400
2016-07-15,101.45658145043164,101.71271634511108,100.03074367681482,101.59318542480467,988100
2016-07-18,101.35413303967688,101.60173468739544,100.9528478352346,101.31144714355467,579500
2016-07-19,101.10652054378856,101.24313103019529,100.50886595062543,100.901611328125,603400
2016-07-20,100.8076827547658,101.43095663471738,100.53446832433605,100.97843933105467,480900
2016-07-21,100.8760166790536,100.97846804838484,100.19297715175628,100.4747314453125,660900
2016-07-22,100.44912775653938,100.82479366823304,100.13322080643609,100.49181365966795,571900
2016-07-25,100.38081142046391,100.57718739782511,99.97098640916334,100.52595520019533,587800
2016-07-26,100.57717320667751,101.24313305637185,100.31249201245406,101.0809097290039,857700
2016-07-27,101.14925147514874,101.43100582521772,100.60282234929018,101.03825378417967,986400
2016-07-28,98.4682814687688,100.1331808471979,97.93892567242293,99.988037109375,1575800
2016-07-29,99.45869614339878,99.75752344640014,98.63051296511888,99.50138854980467,1256300
2016-08-01,99.84291235942732,99.86852519874402,98.41706800264336,98.95496368408205,1506100
2016-08-02,98.9037582666102,99.21112544951468,98.17803272906578,99.08306121826172,1052900
2016-08-03,99.28795132267484,99.8599931582652,99.0318098817506,99.53555297851562,1156600
2016-08-04,99.42456004314896,99.82584527984092,99.2452636315532,99.61239624023438,1051400
2016-08-05,100.090523044941,100.22712703829572,99.52701447324056,99.64654541015624,846000
2016-08-08,99.95389949398998,100.38079750267944,99.42454361819426,99.7319107055664,884000
2016-08-09,99.57826497847417,100.02224272392968,98.63909030547865,99.82586669921876,597200
2016-08-10,100.00515406346372,100.227142916023,99.45019170298836,99.45872497558594,576300
2016-08-11,99.68067637404587,100.06488194292844,99.30500407455462,99.8770523071289,649700
2016-08-12,99.66363067960296,100.70525654458191,99.3391839631811,99.6977767944336,612200
2016-08-15,99.79170024006548,100.94433035274588,99.79170024006548,100.77356719970705,551400
2016-08-16,105.04253126064592,106.72451058977228,103.38616477182956,103.53984832763672,5935800
2016-08-17,103.27517073147015,103.30078357106233,101.66149669769304,102.8311996459961,2264800
2016-08-18,102.8311894195552,104.08627054633148,102.71165850404758,104.0691909790039,1073500
2016-08-19,103.60817319272158,104.80348924041208,102.9763657943224,104.64126586914062,2162200
2016-08-22,104.27410151831448,104.73515213283991,103.99235379328204,104.53024291992188,875400
2016-08-23,104.94860266677058,105.3071954231163,104.20580431633252,104.5473175048828,708000
2016-08-24,103.49718402522576,104.41928555245424,103.35204022388848,104.23998260498048,795700
2016-08-25,104.15457510713505,105.07667637607716,104.03504418493291,105.05106353759766,967300
2016-08-26,105.34135735312508,105.48650763642615,103.61669214834062,104.00943756103516,1006600
2016-08-29,104.0777747577641,104.82057340184592,104.0777747577641,104.37660217285156,727700
2016-08-30,104.53879507461107,104.94008027810833,104.20581512148512,104.60709381103516,654000
2016-08-31,104.46197089818246,104.56442879419792,103.65086705839263,104.19729614257812,844600
2016-09-01,104.39365165363505,105.01692570484956,104.11190387673442,104.88885498046876,1224300
2016-09-02,105.05108124335348,105.58897048392114,104.93155030100507,105.3926010131836,489600
2016-09-06,105.48707084812688,105.968117270522,104.64523305516946,104.9373016357422,787200
2016-09-07,104.67961137649117,105.24655810116354,104.28446510080626,105.00603485107422,731300
2016-09-08,105.03179552416144,105.16064912706469,103.41684915523815,103.57147216796876,1032100
2016-09-09,103.28801088350474,103.28801088350474,100.85700225830078,100.85700225830078,1373500
2016-09-12,99.71452168379032,102.48055266655116,99.31078334666124,101.81910705566406,4768200
2016-09-13,100.84840738799292,103.1419768902696,99.66296196371312,101.3638153076172,3575700
2016-09-14,101.56998592813758,101.69024756796712,99.98080864144606,100.36736297607422,1676300
2016-09-15,99.9893814981172,101.97370472937249,99.85193590531632,101.54419708251952,1438900
2016-09-16,101.14905903594097,101.51843590433752,100.547750903094,101.08892822265624,1597700
2016-09-19,101.51843006653873,101.9737071343375,101.17482263019934,101.20059204101562,846800
2016-09-20,101.93077744663984,102.2228395567076,100.99444718895948,101.02880859375,777900
2016-09-21,101.50126091485951,101.71601476085024,100.77968458437176,101.3638153076172,1558300
2016-09-22,102.22281788976636,102.4118022991736,101.26931040867817,101.681640625,1247200
2016-09-23,101.31228522297477,101.59575534327708,100.1612011011904,100.36736297607422,1558200
2016-09-26,100.2986439024341,100.84841325585728,99.9636284074971,100.01516723632812,1477400
2016-09-27,100.01516797971756,100.78828318676769,99.94644517158696,100.50480651855467,965400
2016-09-28,101.83625857812328,102.65232042864368,101.13186634862969,101.6644515991211,2086300
2016-09-29,101.87063936718538,102.9444086828211,101.71602287735092,102.10257720947266,1648500
2016-09-30,102.66950062038356,104.0868771050129,102.21422358283203,103.79481506347656,1698300
2016-10-03,103.39110243757165,104.4305103692572,102.93582528732078,104.14703369140624,1708300
2016-10-04,104.19858231552772,104.79989054138908,103.24507459039889,103.39110565185548,1346300
2016-10-05,104.02677528401864,104.21575974179456,103.16775978777775,103.39110565185548,918100
2016-10-06,103.16774257466716,103.9580351264474,103.0303035261592,103.81200408935548,913200
2016-10-07,104.07830113282267,104.07830113282267,101.63869417350104,102.0939712524414,1126100
2016-10-10,103.14196048009433,103.14196048009433,101.97369921947713,102.02523803710938,733700
2016-10-11,101.6730852794968,101.72462411744888,99.9292846885844,100.61649322509766,1095800
2016-10-12,100.49618778210092,101.09750236255272,100.31579537409516,100.77107238769533,636700
2016-10-13,99.89491304483052,100.77110596909708,98.64075120425343,100.59071350097656,669500
2016-10-14,101.20063184701044,101.36384691806774,100.65945434570312,100.65945434570312,464300
2016-10-17,100.45324760301102,100.79684846742327,100.27285518306468,100.5735092163086,638300
2016-10-18,101.6988059090897,102.09395210261384,101.1662141419403,101.78470611572266,726200
2016-10-19,101.99949032906412,103.09044359533728,101.54421319974053,102.97876739501952,849800
2016-10-20,102.43759219435904,103.12480717440272,102.05103786418933,102.88427734375,673000
2016-10-21,102.13693594368056,103.20211324188745,101.44972097813364,102.97876739501952,683400
2016-10-24,103.14197234222196,103.73469502822572,102.48911884414292,102.70387268066406,617300
2016-10-25,102.65235314654436,102.65235314654436,101.64730657567088,101.81910705566406,599000
2016-10-26,101.4411091217271,102.17986277118789,100.97724664766228,101.85343933105467,920200
2016-10-27,101.5699694224968,101.5699694224968,98.52905440861132,100.12682342529295,2052800
2016-10-28,100.27285901669256,101.5699674031025,100.0323292271351,100.88275909423828,1123000
2016-10-31,101.24352731073712,101.45828110079827,100.33297333808277,100.55631256103516,1258000
2016-11-01,100.64223172096158,100.89993236852888,98.85547839458955,99.62859344482422,866200
2016-11-02,99.43102756997814,99.7059122220598,98.46034257595134,98.7867660522461,957200
2016-11-03,98.9757602012856,99.30218370964332,98.49471365133364,98.64933013916016,759300
2016-11-04,98.94140005681672,99.1303845049232,98.29713846759984,98.35726928710938,855400
2016-11-07,99.61143000228424,100.93431457120148,99.34513731211058,100.9171371459961,1459300
2016-11-08,100.91709293608474,101.71597721039706,100.2900090536346,101.23492431640624,763900
2016-11-09,99.35370623006186,102.5492374313951,99.06163763925156,101.94792938232422,1798800
2016-11-10,102.1283274180714,104.5078034441431,102.1283274180714,103.27941131591795,1554600
2016-11-11,102.86705425415629,103.36528456582737,100.53053222374758,101.23492431640624,1379000
2016-11-14,101.72457902172906,101.9479248101242,99.37087919465468,100.32438659667967,1613400
2016-11-15,100.09245620935194,100.61645604747692,99.55987093725312,100.5735092163086,1075600
2016-11-16,100.64224372213847,100.83981358678952,100.15259867046304,100.63365173339844,605600
2016-11-17,100.89993615770818,101.20059020137728,99.66295203087924,99.89488983154295,1035300
2016-11-18,99.86054831677552,100.09247960985336,99.25064811995964,99.4568099975586,1041200
2016-11-21,100.04092511908112,100.60787838594068,99.96361688474585,100.2814483642578,1158200
2016-11-22,100.86557288986796,100.87416487774686,99.8605265823304,100.35875701904295,1112500
2016-11-23,99.98079380165537,101.97370910644533,99.73167856933576,101.97370910644533,1215500
2016-11-25,102.08537366542042,102.46334248929132,101.9565266152522,102.29154205322266,352000
2016-11-28,102.02525158740283,102.28295881732356,101.7761428999178,101.95653533935548,749900
2016-11-29,101.49266739448557,106.47495261402928,100.62506003472004,104.95449829101562,3835600
2016-11-30,105.28092389183476,105.35823868474004,103.12479998593486,103.3395538330078,2108200
2016-12-01,103.58006863102985,103.9666229026742,102.39462329762247,102.84990692138672,1840600
2016-12-02,102.7468311195894,103.43404605174116,102.30013944756054,102.72106170654295,934600
2016-12-05,103.31752423406178,103.7583890227948,102.34071263856708,103.52499389648438,1946900
2016-12-06,103.36938893833091,103.88804987397344,102.74699317750726,102.8852996826172,996000
2016-12-07,103.49038003942798,105.92809167618633,103.21376051309832,105.68605041503906,2813600
2016-12-08,106.01455625798708,106.85306122777124,105.40945297831352,106.29117584228516,1267300
2016-12-09,106.3516918780214,107.54461925787388,104.9685938823018,107.12104034423828,1376500
2016-12-12,107.4668161106742,107.60512920732116,106.36898393534744,106.74069213867188,872800
2016-12-13,107.3198567021395,107.32850291892385,106.1960859448922,106.95679473876952,830500
2016-12-14,106.89629352853927,107.36308375260896,105.76387645792576,105.96269989013672,995200
2016-12-15,105.84166559906978,107.2679813353487,105.77250905806224,106.69745635986328,908200
2016-12-16,107.15561887843306,107.164265095808,105.5650578282804,105.88489532470705,1735000
2016-12-19,105.73795758918632,106.34306098855237,105.5823586300447,106.32577514648438,793500
2016-12-20,105.30572533421515,105.40946015856728,100.68098825273736,102.34070587158205,4678100
2016-12-21,102.591413122383,102.6778555283805,101.23424690331024,102.46174621582033,2194300
2016-12-22,101.90847083771456,101.90847083771456,100.3870599690832,101.3033676147461,1732100
2016-12-23,101.05269755323648,101.68373293824312,100.52539039856975,101.64915466308594,936000
2016-12-27,101.96899785492178,102.6000398294469,101.7269565261061,102.47901916503906,703600
2016-12-28,102.72106595737232,103.2397269174398,101.48492059506,101.5540771484375,747300
2016-12-29,101.6923776262645,102.00357550286682,101.35524769246724,101.49356079101562,574800
2016-12-30,101.33794588393437,101.48489858163664,100.65503990650966,101.3033676147461,984800
2017-01-03,101.97765904062902,102.1937683438108,100.37845151611052,101.0527114868164,2364200
2017-01-04,101.45899436504824,101.49357264372348,100.6637071457822,101.00948333740234,1564800
2017-01-05,100.482185150637,100.61185205852792,99.41028479599564,99.9894561767578,1756500
2017-01-06,100.03266755231652,100.62048507517834,99.5312924249954,100.44759368896484,1907500
2017-01-09,100.68098078466322,101.33795476656545,100.2487622746201,100.75013732910156,1143700
2017-01-10,100.95760006755508,101.11319899451392,100.00672066730952,100.14502716064452,928300
2017-01-11,100.08453422185468,101.13914862167796,99.49671668400887,101.06999206542967,995100
2017-01-12,101.13915345409532,101.61459655710348,100.73286691063971,101.35526275634766,1102600
2017-01-13,101.33794933579333,101.69236506556712,100.90573084891312,101.20828247070312,1088300
2017-01-17,100.810664872197,101.32932585379456,100.58590936195628,101.06999206542967,1424300
2017-01-18,100.88846172460276,101.2428841313901,100.68099864960628,100.79337310791016,1386400
2017-01-19,100.71559801811388,101.05272805875376,100.11913413307391,100.36117553710938,1965400
2017-01-20,100.43028936190149,101.47625732421876,100.17095562788232,101.47625732421876,1295500
2017-01-23,101.3206689056924,101.64915262038716,100.69827315563376,100.86251831054688,1750400
2017-01-24,101.31202440950852,102.20240015299404,101.13913962939124,101.73560333251952,3539800
2017-01-25,101.90847859147615,103.89668635272729,101.38117148771296,103.36073303222656,3917600
2017-01-26,100.74148406573984,103.52497213094291,100.0239998064224,103.30021667480467,1980500
2017-01-27,104.12142845232792,104.59687141499376,103.30021598422935,103.9053192138672,1739300
2017-01-30,103.17919870320677,103.32615140732118,101.88254323015552,103.12733459472656,1649800
2017-01-31,102.6605230339876,102.76425123599503,102.0554132767148,102.38390350341795,1356800
2017-02-01,101.41576464398028,102.4012224525006,101.26016569552276,101.96035766601562,1324400
2017-02-02,101.03540257669448,101.43304283830258,100.7414971379486,100.81065368652344,1705100
2017-02-03,101.06135035097734,101.79612060929688,100.9749013598898,101.5454330444336,1120900
2017-02-06,101.19099893502876,101.23422342556952,100.33520810239834,100.6550521850586,1448000
2017-02-07,100.15367270401624,100.9143749000715,99.87705312407516,100.53402709960938,1582800
2017-02-08,100.24011508616076,100.8192863011732,99.8684069073214,100.53402709960938,891600
2017-02-09,100.5340040069402,100.91435172003642,99.92889428066026,100.06720733642578,1030400
2017-02-10,100.44758734833286,100.77607766383694,100.0672395129362,100.47352600097656,1247500
2017-02-13,101.1132066189361,101.96035126671092,100.7933625240888,101.51949310302734,1059300
2017-02-14,100.95759804132202,101.64914368437982,100.17095720550408,101.4157485961914,767600
2017-02-15,101.06998339324926,101.77882154614248,100.88845239502275,101.64915466308594,884700
2017-02-16,101.74424250640588,102.20239970244694,101.24287400822342,101.57135772705078,1810700
2017-02-17,101.70965926202474,101.92576850921232,101.37252276889174,101.50218963623048,906000
2017-02-21,101.39848386552455,102.82479993660824,101.17372835205768,102.27156066894533,1600600
2017-02-22,101.8479764297192,102.4703721820998,101.61458132014224,101.8220443725586,861700
2017-02-23,102.01224016408617,102.40988050160868,101.70968845022476,102.05545806884766,853800
2017-02-24,101.23421112654536,102.21102249985876,100.992169837238,102.09864807128906,833400
2017-02-27,102.00359003834846,103.4817768652849,101.83070523565848,102.45309448242188,1737000
2017-02-28,102.06407803803845,102.97173954131434,101.44168233237852,102.61731719970705,1616100
2017-03-01,103.54227267548566,104.26840325417592,103.14463240899424,104.04364776611328,1283100
2017-03-02,104.01771364634448,104.26840118668753,102.59139116962857,102.6778335571289,1064600
2017-03-03,102.71089868339918,102.73700392454847,102.13656346058538,102.33670806884766,1076300
2017-03-06,101.96251456632626,102.9632574968216,101.93640932591634,102.44983673095705,1203300
2017-03-07,102.36281412042251,103.58981357756502,102.05824190597536,103.37226104736328,1676500
2017-03-08,102.85883650656434,104.08583599809624,102.82403394323184,103.18081665039062,2717000
2017-03-09,102.8153477029405,103.29395938178098,101.47522305166734,101.80590057373048,1728800
2017-03-10,102.27578819095145,102.40632102893709,101.71015031913096,101.77106475830078,1407300
2017-03-13,102.11045652865909,102.11045652865909,100.93567414577448,101.57093048095705,1580600
2017-03-14,101.30986613520096,101.97993168230178,101.13582675732312,101.51001739501952,1455800
2017-03-15,102.075642447149,103.51148373134065,101.55351110106928,103.2243194580078,1606300
2017-03-16,103.28524363115164,103.7203487011096,101.84939557245517,101.91901397705078,1567400
2017-03-17,102.44114729497429,103.10250891555492,102.30191047414591,102.96327209472656,2297100
2017-03-20,103.05026905072744,103.30263075341396,102.66738115628546,102.89363098144533,643400
2017-03-21,102.9284457417037,103.24172189719889,101.46649256245158,101.77106475830078,1047100
2017-03-22,101.5970213363021,102.23227758152656,101.1880215585902,101.87548828125,1103500
2017-03-23,101.77107387110004,102.81533002931415,101.3533767191556,102.37152099609376,781100
2017-03-24,102.28450546347082,102.78922896181392,101.0749138431092,101.3011703491211,850600
2017-03-27,100.77033716990228,102.876244121616,100.65720560229003,102.58907318115234,1309200
2017-03-28,103.17210100627749,103.9030808978348,102.4585290335916,103.3635482788086,2120500
2017-03-29,103.28523441666154,104.0858260805578,102.937149063914,103.01546478271484,1306000
2017-03-30,102.78921967789996,104.07712691141693,102.71960127631088,103.20691680908205,1732200
2017-03-31,102.88494332029089,103.96400198821682,102.7631077979219,103.20691680908205,1469700
2017-04-03,103.33744913844738,103.77255418745138,101.9103051088484,102.6847915649414,1825500
2017-04-04,103.08507950896342,104.05971713410248,102.7456981278975,103.78994750976562,1006400
2017-04-05,104.4252388101296,104.4252388101296,102.5977984587879,102.79794311523438,1440000
2017-04-06,103.0154708499732,104.20766109561733,102.85883276397014,103.87698364257812,1238600
2017-04-07,103.68554232830478,103.99011455775155,103.08509519084063,103.42447662353516,1076500
2017-04-10,103.26783494268793,104.36430156979984,102.68479574668112,104.051025390625,686500
2017-04-11,103.7551449321288,104.02490791724097,103.2417175613944,103.71163177490234,1019400
2017-04-12,103.2852369428128,103.79865770531136,102.72830302046556,102.88494110107422,904000
2017-04-13,102.69349364777425,103.39836168974016,102.1626649665582,102.22357940673828,818600
2017-04-17,102.47594028352034,103.41576211867827,102.188769365389,102.72830200195312,660900
2017-04-18,102.72831825855,103.3026535465244,102.34542364044904,102.96327209472656,1498300
2017-04-19,103.7290175818538,103.9030635456229,102.55423554290468,102.82400512695312,1120300
2017-04-20,103.3200744073822,104.46875176635574,102.95458102652591,104.1902847290039,1034700
2017-04-21,104.1728630959998,104.48613930169223,103.6159290945859,104.05973815917967,853900
2017-04-24,105.67831088856506,107.14026404217202,105.38243601837604,107.04454040527344,1896700
2017-04-25,107.50574236469032,108.55869565004583,107.16636100160775,108.5151824951172,1672900
2017-04-26,108.358574163454,109.56817248277002,108.00179142401176,108.87200164794922,1536000
2017-04-27,107.20989254960028,109.6203784892812,104.44262388506596,109.19397735595705,1653700
2017-04-28,108.8807018818864,109.35931350516158,108.0017877268275,108.75887298583984,1521100
2017-05-01,109.11564569281316,109.21136933651314,108.34986318238968,108.741455078125,939300
2017-05-02,109.15917577792916,109.31581388834329,108.34987998065245,109.27230072021484,1291900
2017-05-03,109.1069320713732,109.52463581045632,108.81106384553676,109.23746490478516,1000200
2017-05-04,109.46373931297364,109.95975884988908,109.15046311711367,109.9249496459961,1459700
2017-05-05,110.18600980666716,112.7183178499691,109.9336480705346,112.6748046875,2035500
2017-05-08,111.72626669839032,112.50945042440914,111.66535890022736,112.33541107177734,1005500
2017-05-09,112.35281454402252,112.63127484154262,111.83939382665504,111.92640686035156,861300
2017-05-10,111.88292642768924,112.43986039787433,111.56093963983386,112.40504455566406,830400
2017-05-11,112.24839803463718,112.55296358215496,111.38688531333533,112.33541107177734,898500
2017-05-12,111.98734398927996,113.09251457463832,111.93513350590683,112.88365936279295,1110800
2017-05-15,113.09250898373185,113.5102061084202,112.63999601961396,113.2752456665039,2034700
2017-05-16,113.40580167642294,114.64149858923588,113.40580167642294,114.02364349365234,1764800
2017-05-17,114.0236361426894,114.0236361426894,112.09176852623504,112.10047912597656,1341600
2017-05-18,108.30634438738382,111.9090201809641,106.94881880432594,111.7088623046875,2094600
2017-05-19,112.0569556722928,112.77052103284888,111.73496891354915,112.45724487304688,1080900
2017-05-22,113.0837832451485,113.30133573822434,112.43983636378827,112.97066497802734,689000
2017-05-23,113.25783535752883,113.54500627417907,112.54427000450409,113.10120391845705,801100
2017-05-24,113.1447114597057,116.3296700678578,112.61388281195516,115.1026840209961,2260700
2017-05-25,115.85106348239246,115.91197127866646,114.5457484606094,114.80680084228516,1323900
2017-05-26,114.72850508707316,115.05918919919291,114.3369131680833,114.84163665771484,957200
2017-05-30,114.55443844657928,114.5631357659613,113.98880728469304,114.51092529296876,1721600
2017-05-31,114.58927317367154,115.19843093854104,114.22378648176222,115.12010192871094,1020100
2017-06-01,115.302854226613,120.6894576165288,114.94606484937091,116.68648529052734,2287500
2017-06-02,117.10417207231431,119.96715727649746,116.74738276723345,118.88809204101562,2348600
2017-06-05,119.03513810279335,119.39399723913044,116.60192090706396,116.77696990966795,1766700
2017-06-06,116.23433985930886,117.41593090634932,115.9104851092757,116.6632080078125,1082800
2017-06-07,117.77479487985464,118.34372098212378,116.13806557434772,116.47941589355467,1729200
2017-06-08,116.4793921460749,116.68945897483071,115.33280575263952,116.39186096191406,1549700
2017-06-09,116.89952757559324,119.2364662569561,116.8820186654186,119.2014617919922,1837200
2017-06-12,119.25396624503102,119.91041009592112,117.90607408090584,118.13363647460938,1388400
2017-06-13,117.98482617722554,119.39399263017155,117.94980836482684,119.28020477294922,1013200
2017-06-14,119.27147551396514,119.43777676022084,117.94982667607054,118.3261947631836,870500
2017-06-15,117.380940034803,118.27370761213562,117.09210307286048,118.03738403320312,1176800
2017-06-16,118.45747484112508,119.05265752902778,117.8360488236649,119.03514862060548,1816900
2017-06-19,119.47279438329883,119.8754192004475,119.05267401068978,119.4377899169922,1263200
2017-06-20,118.93889854739244,119.48155464183831,117.78356406318709,117.9498519897461,1461200
2017-06-21,118.2474183939882,118.3962107233837,116.21681244024892,116.28683471679688,1059200
2017-06-22,116.28683823746526,116.7594719242436,115.7879345102254,115.94548797607422,1975200
2017-06-23,115.96299361915555,117.11832779618264,115.78793124972336,116.23432159423828,1878800
2017-06-26,116.54065433691127,116.57567215304344,115.72667040951929,116.3043441772461,768600
2017-06-27,116.68070864024274,116.68070864024274,115.5603788273091,115.73542785644533,833800
2017-06-28,116.6807065541972,117.38091601360844,116.1117938808294,116.96954345703124,1133400
2017-06-29,117.0658243159069,117.10958991196176,114.74639463423163,115.24528503417967,978300
2017-06-30,115.4815947745159,116.58441554429088,114.95643439535644,116.0155029296875,1502300
2017-07-03,115.7879463423981,118.00236273482918,115.7879463423981,117.4421844482422,903000
2017-07-05,117.47719461419092,117.75727038384962,115.70042096277449,116.1117935180664,1071600
2017-07-06,115.92797033297504,116.67194530180583,115.82294360057844,115.91046142578124,1598900
2017-07-07,115.9980280455134,116.64572425573392,115.376601881801,116.4619140625,1187700
2017-07-10,116.10303968695244,117.36341411813684,115.96300847100947,116.70697021484376,737700
2017-07-11,116.6632055861524,116.8470157569712,115.9104827032404,116.37438201904295,657000
2017-07-12,117.62598081840974,117.70475087245045,116.97828476706846,117.12709045410156,1252700
2017-07-13,117.09206407921856,117.46843212443244,116.66318266848246,116.9170150756836,870700
2017-07-14,117.3371469939181,117.87980296531735,116.8907699873204,117.55596160888672,1078300
2017-07-17,117.7222663499226,118.08112553442284,117.36340716542234,117.75727081298828,1190900
2017-07-18,117.52096158562551,117.71351952250156,116.81200434321131,117.4246826171875,848400
2017-07-19,117.42468287197072,118.7725750776429,117.24087271168668,118.70255279541016,726500
2017-07-20,118.65877485957108,118.94759834758274,117.84477769084717,118.34368133544922,925700
2017-07-21,118.2474361433675,118.43123296093373,117.6610011586754,117.93234252929688,813900
2017-07-24,117.99356552473014,118.65877035896902,117.63470642787826,118.35242462158205,917100
2017-07-25,119.35897459814484,119.55153249983648,118.44871180818804,118.91259765625,1009800
2017-07-26,118.45750052549975,118.86012537420754,117.61725971442064,118.18617248535156,1141200
2017-07-27,118.1598917156082,118.6587954467696,115.35906732379654,116.15555572509766,1812900
2017-07-28,116.15553463334884,116.72444718504012,114.57130589504716,115.76165771484376,1486900
2017-07-31,115.9367654529131,115.9367654529131,113.31098953014676,113.92366790771484,2094700
2017-08-01,114.7638827376991,115.77043796007482,113.73108418585603,114.40503692626952,1783300
2017-08-02,114.35251383589996,114.65885964274808,113.79234894895993,114.30876159667967,963400
2017-08-03,114.36127485996218,114.50131942041092,113.7310876933272,114.06369018554688,698700
2017-08-04,114.06369980915072,114.40505010692917,113.4510081443405,113.9148941040039,1143600
2017-08-07,114.12496575689111,114.25624920178836,113.68733646671892,113.9761734008789,521900
2017-08-08,113.86236879170924,113.86236879170924,112.26064422223622,112.54073333740234,1137200
2017-08-09,112.44446209250324,112.87334357127392,111.9455650078267,112.78581237792967,1357700
2017-08-10,112.46195479971487,112.84705727094624,111.66546646334255,111.70047760009766,1130500
2017-08-11,111.75299838921345,112.4619622696344,111.47291595426069,111.54293823242188,583000
2017-08-14,112.496977007858,114.79891119942644,112.496977007858,114.7113800048828,1648600
2017-08-15,114.50130074748014,115.25401008752507,114.36125620986996,115.0702133178711,1030100
2017-08-16,115.21902982505318,117.415923879176,115.18402536099131,116.92578125,1771000
2017-08-17,116.9082836886963,117.12709831263528,115.17526225122263,115.35031127929688,980200
2017-08-18,115.3415689744264,115.95424727944588,114.65886838377826,115.79670715332033,935100
2017-08-21,115.20152009213469,115.57788819388148,114.64135518345272,114.8426742553711,1034100
2017-08-22,115.60413023670908,116.57566758788238,115.58662132932864,116.1905517578125,910500
2017-08-23,116.08552143980192,116.77696967307084,115.26277643830888,115.86670684814452,826800
2017-08-24,116.17305680538404,116.39187143008247,115.36782058914,115.6654052734375,624200
2017-08-25,115.85793729463292,116.39184539367932,115.60411826313036,115.90170288085938,527600
2017-08-28,116.05926406399848,116.29557420570131,115.11398343103887,115.6041259765625,479000
2017-08-29,113.91489988150896,114.79015846947412,113.55605401053674,114.55384826660156,576400
2017-08-30,114.55382445477947,114.6763600974082,113.73107941625102,114.34375762939452,1885800
2017-08-31,114.34378049275423,115.2365479849224,114.2037359144953,115.13150787353516,1149400
2017-09-01,114.7901463746724,115.5253736611898,114.37877381324192,114.68511962890624,901200
2017-09-05,114.44879214021024,114.5800889232651,113.63480817788418,114.04618072509766,819100
2017-09-06,114.5801093874471,115.35032789298371,114.42255589071884,115.33283233642578,1671900
2017-09-07,116.40530800354756,116.75752577963472,115.91221655275984,116.44053649902344,1376300
2017-09-08,116.13231877016784,116.76629717387208,115.91218775320748,116.63422393798828,807000
2017-09-11,116.6606736224623,118.91481376341666,116.6606736224623,118.87958526611328,2149700
2017-09-12,118.28082617594922,119.62802722706682,117.9021937552696,118.71228790283205,1418500
2017-09-13,118.38645145731869,118.65061134969596,117.68202955622267,118.1222915649414,858400
2017-09-14,117.7260846196662,118.47453557519204,117.14493541436848,118.06948852539062,1314400
2017-09-15,118.15753005424716,118.72986533975,117.47952274140782,118.18394470214844,1840100
2017-09-18,118.56257305858618,118.85314764438206,117.8493506369656,118.64183044433594,1030800
2017-09-19,118.93238175289255,120.2619681406441,118.57136369249498,120.20032501220705,2031900
2017-09-20,120.455714084065,122.14631894752324,120.33244123263782,121.5035400390625,1681400
2017-09-21,121.60036621925234,122.34000313305351,121.3538205813186,122.01421356201172,923200
2017-09-22,121.93495479641284,121.93495479641284,120.85191408248662,121.16010284423828,922000
2017-09-25,120.1739208795218,121.35383334023514,120.01543299664252,121.24816131591795,1645300
2017-09-26,121.95259620433882,123.83691736999462,121.44189057906526,121.89095306396484,1490300
2017-09-27,122.57778960104524,123.26459745713736,120.9135992673244,122.13752746582033,1480600
2017-09-28,121.6179532165322,124.21550939424942,121.5827381732812,124.20669555664062,1453000
2017-09-29,124.3740508982255,124.92878547777278,122.75388949517163,123.04446411132812,1304300
2017-10-02,122.91233851588,124.38281194268237,122.60416318589176,124.32118225097656,920200
2017-10-03,124.16270358202762,125.61557646788478,123.71364110952562,125.46588897705078,1006300
2017-10-04,125.4747093755527,125.88855686028168,124.87595931680777,125.34263610839844,739200
2017-10-05,125.52753868241442,125.67722619710064,124.82311657421184,125.34263610839844,803300
2017-10-06,125.09608763684838,125.3690480067916,124.59418236122332,124.99922943115234,1190400
2017-10-09,124.85831545084692,124.91994514898796,123.828103904224,124.03942108154295,579900
2017-10-10,124.35643336759298,124.96399723662935,123.58158118070232,123.8193130493164,879600
2017-10-11,123.9865883332425,124.38282146540844,123.20292247247676,124.3123779296875,781700
2017-10-12,123.74006085569287,125.0168182183528,123.58157295383408,124.91996002197266,880800
2017-10-13,125.281005329197,125.80051147894147,124.91998711568554,125.21937561035156,648700
2017-10-16,124.72623757611716,125.06964144921145,123.59916776515487,124.40924835205078,746600
2017-10-17,124.66463944907876,124.88477053722112,123.90738796843956,124.54136657714844,633000
2017-10-18,124.35643207920116,124.35643207920116,123.18533325195312,123.18533325195312,937300
2017-10-19,123.12367859782655,123.92495870187584,122.8683191012378,123.63438415527344,881000
2017-10-20,124.25953819912984,126.03820037841795,123.84569085886386,126.03820037841795,1185000
2017-10-23,126.50487757771972,126.76023705387628,125.42183685302734,125.42183685302734,1225500
2017-10-24,126.49611930281432,127.30620001540429,125.57156613618712,125.87094116210938,1076000
2017-10-25,125.89733394044342,126.74264300081798,125.42185683104827,126.46086883544922,1424900
2017-10-26,127.35897498588304,131.9993396508727,126.17026235940374,131.72637939453125,2803700
2017-10-27,131.4181932322625,131.87606942629847,130.1766512977547,130.44081115722656,2127100
2017-10-30,130.9427514920803,131.63835965478813,129.17288936206708,129.83328247070312,1727100
2017-10-31,130.1854712571336,130.22948670600806,128.6445543461091,128.6621551513672,1533000
2017-11-01,130.85466450416766,131.01315236572358,129.42822000724735,130.24710083007812,1317700
2017-11-02,129.93899199446778,130.32641144396442,128.9968244384941,130.22955322265625,1233600
2017-11-03,129.97417753524445,130.29116678427337,128.9791808910668,129.8773193359375,1011800
2017-11-06,129.87727523784238,130.3263375899381,129.5602860964429,129.85086059570312,615900
2017-11-07,130.31758790860545,131.15408325195312,129.93015509213274,131.15408325195312,864000
2017-11-08,131.24215008824865,132.12267439151,130.9251608016452,132.05223083496094,1759900
2017-11-09,131.33898997154833,132.29875810359758,130.62576753514966,130.72262573242188,1908200
2017-11-10,130.71374381690654,130.88984587412523,129.9653067147957,130.56405639648438,1283200
2017-11-13,128.89992834620818,130.81947795842132,128.3275930293721,130.44964599609375,1455900
2017-11-14,130.15029395429403,130.1679082022078,129.02322393103267,129.99180603027344,1056100
2017-11-15,129.62192913715944,129.87727515625463,128.44201690085748,128.7061767578125,1943800
2017-11-16,129.87729057172854,131.26852011014043,129.24331221407934,131.23329162597656,1779900
2017-11-17,131.29498027830752,133.3466035309702,131.2333371275127,132.64218139648438,2930700
2017-11-20,132.6421335125592,133.11761055614207,132.448417159614,132.8446502685547,1497800
2017-11-21,133.27611912911615,134.08619963300416,132.77421397755228,133.26731872558594,2127900
2017-11-22,133.67235307030353,134.27111640725312,133.12643246204738,133.59310913085938,2341000
2017-11-24,134.7641741323308,135.46859587962751,134.50881469901867,134.61448669433594,807800
2017-11-27,135.09004036242465,135.53030252503288,133.7252249711921,133.91014099121094,1253100
2017-11-28,134.1302157310783,137.71394124278223,133.65472527117973,137.67872619628906,2641100
2017-11-29,137.59950227619774,137.59950227619774,135.8912834046689,136.63092041015625,1301700
2017-11-30,137.18564766789962,137.3353351419196,134.93150828263109,135.53025817871094,3178300
2017-12-01,135.36294910765685,135.4862219287247,133.42579901842046,133.7251739501953,2270100
2017-12-04,134.99315677381384,135.9177098286448,134.7201964340242,135.0371856689453,2300600
2017-12-05,134.940321643667,135.37178330014154,134.46484452969517,134.79063415527344,1308100
2017-12-06,134.30207190173934,134.5675851525791,132.97445162653327,133.10720825195312,1421200
2017-12-07,133.31958583909764,133.94798498715554,133.0098024808739,133.61166381835938,1647000
2017-12-08,134.6118272248399,134.815405368682,133.78870922624054,134.00997924804688,1424900
2017-12-11,134.6207417524456,135.19603864243874,134.33750952612195,134.76234436035156,3109400
2017-12-12,134.46140731391796,135.16062836460603,133.47896756940716,133.94805908203125,1508000
2017-12-13,134.8419660621251,134.8419660621251,133.43467836164288,133.88607788085938,1183600
2017-12-14,134.00999023640125,134.13390091856303,131.65567377007602,132.0008544921875,2503200
2017-12-15,132.46107688266153,132.71774414198234,131.68220215603438,132.40797424316406,3631100
2017-12-18,133.22223241252223,135.81551007755172,133.2045270327761,135.7093048095703,2350000
2017-12-19,136.4970918012811,136.7537591588593,135.70052489337908,136.4528350830078,1811200
2017-12-20,136.8511178091713,136.9838879632851,136.07225629377157,136.31121826171875,987300
2017-12-21,136.7183139139027,136.9218785402253,135.99254180360114,136.39083862304688,1363300
2017-12-22,136.67406890941447,136.8422362910855,135.72704021483395,136.1607208251953,509500
2017-12-26,136.09880948652457,136.09880948652457,134.82429161900976,135.07211303710938,1960800
2017-12-27,135.47924965194017,136.5856000404015,135.19601746997228,136.4705352783203,1574900
2017-12-28,136.67403086116647,137.55911072440827,136.06332359469013,137.4440460205078,905800
2017-12-29,137.32016350603448,137.85121693484965,136.443942905314,136.9041748046875,1924300
2018-01-02,136.97503542506217,138.38232350022324,135.6916715687593,138.24070739746094,1067600
2018-01-03,138.09907737010056,139.56831390129196,137.7892938647005,139.400146484375,1427900
2018-01-04,141.07295549078395,142.7988594605433,140.61270993043,141.5863037109375,1896800
2018-01-05,143.17941857847748,143.68390723748198,142.108465662659,142.82537841796875,1699500
2018-01-08,142.59527974171695,143.07321713482133,142.0199829808178,142.7722930908203,936700
2018-01-09,143.68388395387362,145.5868140569586,143.34756273745435,144.16183471679688,3366400
2018-01-10,144.00252494530187,144.41851365936532,142.9404315604538,143.9317169189453,2416800
2018-01-11,145.2505273992562,146.99413665658415,144.54246046392828,144.98500061035156,2007100
2018-01-12,145.20626520736178,146.14444812155662,144.48935235803376,145.28591918945312,2644400
2018-01-16,145.59569900783046,146.24180379946438,141.80755667333568,143.4715118408203,2754100
2018-01-17,144.75482485065686,145.3566727188669,142.90501104335212,144.6751708984375,1751900
2018-01-18,144.2504059892932,145.60457797887685,142.85197727676285,142.94049072265625,1746700
2018-01-19,143.56001308936376,143.69278322931297,142.75458682486465,143.27679443359375,1678800
2018-01-22,143.0024122992528,143.11746353999405,141.26764919038385,142.1615753173828,1523400
2018-01-23,141.31194230921497,142.32977938442804,140.29409172874657,140.9313507080078,1775300
2018-01-24,140.8162910179586,143.41841593822497,140.71007219092917,142.38287353515625,3701100
2018-01-25,147.15343888833897,147.76414642742833,143.2059884991212,144.57786560058594,3391800
2018-01-26,144.87876555890213,147.1357225434458,143.542285947669,146.64892578125,1870000
2018-01-29,146.21526603983534,147.0383977594743,142.24126404974396,144.1176300048828,2982800
2018-01-30,144.00254657623628,144.21497068721462,142.19698890130283,142.25009155273438,2007700
2018-01-31,142.87849394961748,143.67507425365432,141.64823297957128,142.93161010742188,3570500
2018-02-01,141.47117198716649,142.40935454693576,140.66574601406347,141.4623260498047,1520800
2018-02-02,138.70980263153214,139.26740761029143,137.14320652779506,137.23171997070312,2086200
2018-02-05,136.32009839773434,138.8160183118785,132.78862244430275,133.04530334472656,2593900
2018-02-06,132.89474580427952,138.4176494176027,131.0095347409644,137.46176147460938,3718100
2018-02-07,136.79802301956963,136.99274178593524,132.76205859900082,132.77090454101562,2248000
2018-02-08,132.65582548957164,133.31077619812004,127.49580627213857,127.51351165771484,2054300
2018-02-09,128.5932703621315,133.31960794022189,128.0710763907847,132.3017578125,3116200
2018-02-12,133.5320198780153,137.16969934353014,133.20454458841465,136.0810546875,3099700
2018-02-13,135.17829238425168,136.70063137736116,134.60299566818492,136.15188598632812,1402800
2018-02-14,134.75344208331907,138.28491646187544,134.53217206347782,137.24937438964844,1622000
2018-02-15,138.31149661694067,138.34689388518424,135.52348568258816,137.8955078125,1634200
2018-02-16,136.78916147102998,137.30250965967454,135.59429767786116,135.95718383789062,1589400
2018-02-20,134.75345485892078,136.53246112521697,134.21355541911177,135.9483184814453,2590500
2018-02-21,135.8332384540822,137.84237398011604,135.1871337890625,135.1871337890625,1834100
2018-02-22,136.18729777801852,137.15204554307468,135.5411929578596,136.01028442382812,1627100
2018-02-23,136.57672264323298,137.84239434401354,135.01898636290886,137.73617553710938,1593400
2018-02-26,137.5768621247569,138.05479946847635,136.0014205215964,137.9220428466797,1018600
2018-02-27,137.09891969547607,137.47066526983974,135.90406951017212,136.30235290527344,1239400
2018-02-28,136.4350878869266,136.74487131465855,132.46108700146584,132.54074096679688,1541700
2018-03-01,132.0627503869871,132.83276541834726,129.7438323471439,130.92098999023438,1918000
2018-03-02,130.31919333076647,132.74430405989168,129.7969858296355,132.25750732421875,1420600
2018-03-05,131.70876211605236,135.78898174984798,131.443235395897,135.1871337890625,1852900
2018-03-06,136.20607963439903,137.63879801178584,135.05813156787968,136.73110961914062,1470000
2018-03-07,135.75228473098983,138.64441791060062,135.5387069309687,138.02149963378906,1821700
2018-03-08,138.59095857031235,140.68218415342952,138.3239898464737,140.4953155517578,2190900
2018-03-09,140.55760282670366,142.5420463837326,139.84569074451494,142.4619598388672,1340300
2018-03-12,144.7400790881035,145.46979276418136,142.48866662484028,143.36965942382812,1787800
2018-03-13,144.0548427620182,144.15273082817805,141.5542636648165,142.7111053466797,1678500
2018-03-14,143.2183876310668,143.4853563939932,140.13937324536036,140.19276428222656,1611600
2018-03-15,140.2372676733052,140.9847693803856,138.42190444488202,138.5286865234375,1491600
2018-03-16,137.62102809933253,138.23505234197776,136.28619751222513,137.32737731933594,2276000
2018-03-19,133.71436936211765,135.53863979521515,132.19267072382854,133.1092529296875,2058400
2018-03-20,133.9991317057819,134.49746605095686,133.36730621762564,133.67877197265625,837700
2018-03-21,134.0169704965476,136.04591151084722,133.47413895280803,135.00474548339844,826700
2018-03-22,133.53640686993663,134.0792383441475,129.8344746385506,130.00355529785156,1351300
2018-03-23,130.67986318270383,131.30278113723304,126.48849098402717,126.85334777832033,1232100
2018-03-26,129.03361768854046,130.33285871019453,127.85006632444824,130.02139282226562,1068200
2018-03-27,130.08363561787857,130.94682683189583,127.38727991342262,128.2415771484375,856500
2018-03-28,128.5441287821736,128.87339608868186,125.79438218760237,126.50629425048828,1236200
2018-03-29,125.17147258716392,129.3539375654805,124.81550974264276,128.41065979003906,1461000
2018-04-02,128.16147682594982,128.90897833962003,125.1269601452598,126.45289611816406,2028000
2018-04-03,126.3372546423431,128.35730187304836,125.83001255000929,127.8233642578125,1079000
2018-04-04,125.5808396735606,129.30057411537078,124.58417065348377,129.05140686035156,1132800
2018-04-05,129.92344188175983,131.551935967654,129.32721949707593,130.55526733398438,988100
2018-04-06,129.38061103081574,130.38618722463815,126.6664542102719,127.41395568847656,1188600
2018-04-09,128.188176226439,129.8700614725022,127.08471187856004,128.09918212890625,1231700
2018-04-10,130.05694439087418,131.87232098316971,129.11366659894944,130.53749084472656,1089400
2018-04-11,129.24716985816835,129.62981468261432,128.2326994011355,128.67764282226562,890700
2018-04-12,129.39843290594644,131.40957203114831,128.8466938988887,130.74215698242188,1001200
2018-04-13,131.1247940858037,131.48963726691073,129.75436113718612,130.39508056640625,716500
2018-04-16,131.70323794134308,134.55087280273438,130.82224517763078,134.55087280273438,2211500
2018-04-17,135.2183020989844,138.0748448189116,134.11485111195594,137.86126708984375,2268500
2018-04-18,137.76335841416704,137.879048030787,136.18825514676112,136.37513732910156,971000
2018-04-19,136.0191925686688,136.0191925686688,133.85676074663888,134.87123107910156,839000
2018-04-20,134.60427073235624,134.69326484263897,133.1715524598111,134.088134765625,974700
2018-04-23,133.0736463996394,134.13261370746451,132.6732001146331,133.80335998535156,865900
2018-04-24,134.07922769567872,134.58646963329682,128.94457762563056,130.61756896972656,1221000
2018-04-25,135.654325874513,136.3039393403003,132.21936279207853,133.26052856445312,2062400
2018-04-26,134.76448803924384,139.42748718003827,133.55424118879228,138.8134765625,3037100
2018-04-27,138.82233572901873,139.0181119041549,135.06701248390772,136.3573455810547,1734000
2018-04-30,136.90907585686972,136.90907585686972,135.21828295957823,135.72552490234375,1411300
2018-05-01,135.30730386697647,136.4908550559685,134.42631096066307,136.41966247558594,985100
2018-05-02,136.94463486674968,137.06032445852472,134.1859812465379,134.58644104003906,1591800
2018-05-03,134.65768147915452,137.23834785176172,133.89237826308693,136.0102996826172,1537900
2018-05-04,134.92464281819738,138.11934699966642,134.66658160060598,137.54981994628906,1066500
2018-05-07,138.68884656931493,139.75670788545673,137.6209716745798,138.16380310058594,897100
2018-05-08,137.4430030764779,137.93244349492062,136.4374403025072,137.0425567626953,1041200
2018-05-09,137.91468299934073,139.0804327928882,136.36628831479285,138.38632202148438,1365000
2018-05-10,138.91136968763192,140.59325561754503,138.71559345633213,139.7567596435547,1250200
2018-05-11,139.64994124732547,141.48311962203297,139.28509794707722,140.2728729248047,1166100
2018-05-14,140.8245888288328,141.29622775568438,140.0592856228593,141.0025634765625,1150300
2018-05-15,140.53982102659157,141.18054063267854,139.82792242302426,141.11825561523438,1344600
2018-05-16,141.01150190019862,142.2128412192746,140.71783755679832,141.49203491210938,1273400
2018-05-17,141.50086936891933,142.53314112748825,141.0648336067562,142.2572784423828,1520500
2018-05-18,141.73230498606998,142.70227854826902,141.6166153319846,141.97256469726562,1882500
2018-05-21,142.8713329565335,143.50314500042404,142.3818924853959,142.80014038085938,746800
2018-05-22,143.02260292008322,143.8857941742328,141.55429517938464,141.6788787841797,1044300
2018-05-23,140.83346168224475,141.46528720228946,139.80120344882366,141.1983184814453,1375900
2018-05-24,141.65215335369464,141.73225347357877,139.48973526727585,140.1571502685547,1282400
2018-05-25,139.59657837599732,140.1127144988203,138.42193452087514,139.77456665039062,1094600
2018-05-29,138.7511171440852,139.31175004764478,136.37512154977784,136.4285125732422,1318000
2018-05-30,137.46078704504274,139.40964091211916,137.1137318069738,139.25836181640625,1223300
2018-05-31,139.54315140890952,139.84570967174616,138.34181233755388,139.0537109375,2504700
2018-06-01,140.24612818578137,141.07371617415865,139.36513559744532,140.42410278320312,1025200
2018-06-04,141.0470443493855,141.42079514031224,139.95248749177188,140.18385314941406,641200
2018-06-05,141.37630431918487,142.58655084825105,141.22502520037588,141.94583129882812,1179300
2018-06-06,142.22763203290563,145.38526327478263,141.1899932026458,145.15269470214844,1555000
2018-06-07,143.918247646343,144.2581670760086,142.45124634610892,142.91639709472656,1227000
2018-06-08,142.22758422048574,143.20260023273326,141.67299046107644,142.97003173828125,1079700
2018-06-11,143.0953359623294,144.24031223261247,142.42445078915446,143.63204956054688,1289000
2018-06-12,144.00769880313717,145.73410289322192,143.52465398523054,144.32077026367188,1179000
2018-06-13,144.91113027242173,145.14369877766998,143.3099577398689,143.5425262451172,1048700
2018-06-14,144.7769932132586,145.43892436617725,144.16871702904098,144.50863647460938,1169000
2018-06-15,144.08815196811415,144.08815196811415,142.25439763549016,143.35464477539062,2856700
2018-06-18,141.62827821801582,141.93240943369824,140.94845309192772,141.75350952148438,972900
2018-06-19,139.81240703204776,139.87501585450332,138.4795775347812,138.9268341064453,1141300
2018-06-20,139.10575271487417,139.28466628695344,137.95183661042242,138.66744995117188,1173600
2018-06-21,138.9000053925855,139.89291556759616,138.76583387536297,139.42776489257812,2217100
2018-06-22,140.27756269452715,142.2097007796873,140.17916569928198,141.45831298828125,1341000
2018-06-25,140.97525063775376,140.97525063775376,137.13778232280185,138.47061157226562,1434500
2018-06-26,138.65846615446557,138.93577667165695,137.32565041480396,137.9249725341797,1026100
2018-06-27,138.92683415810546,140.67113205840676,138.6763715698154,139.132568359375,1399300
2018-06-28,139.43671363462076,140.16126709936623,138.0681096125044,140.15231323242188,1349500
2018-06-29,140.73377610479062,142.9163906937916,140.5727566166697,141.46726989746094,1391000
2018-07-02,140.43859638805912,141.95926635796434,140.03606810914167,141.5835723876953,1291900
2018-07-03,141.959258155665,142.64803721928968,140.4833166685162,140.59959411621094,640000
2018-07-05,144.91113970746258,145.95771852300277,144.0792489755672,144.80380249023438,1547900
2018-07-06,144.90220542298545,148.04194199818147,144.4817831060404,146.73594665527344,1642500
2018-07-09,147.66623551206294,148.74858880253606,147.42471313476562,147.42471313476562,1293700
2018-07-10,147.6930987574986,149.12432556741672,147.26373617419932,148.90963745117188,2150100
2018-07-11,145.96666916777323,147.2100557190275,145.46574391934266,146.75384521484375,1518200
2018-07-12,147.29948566071226,148.64125544845697,145.8861531797186,148.3907928466797,1913100
2018-07-13,147.72886361525096,150.0277693102017,147.42473237403874,149.20481872558594,1501800
2018-07-16,150.3050523544787,150.76124917413802,149.15113632866365,149.4194793701172,1399500
2018-07-17,149.4284283147098,149.82201629479263,148.75754343480165,149.2584686279297,1854200
2018-07-18,148.69491879971758,149.42842614269878,146.92378656427692,147.6215057373047,1641300
2018-07-19,146.65544507168602,147.8898777283323,145.52836328682793,147.82725524902344,1553400
2018-07-20,145.96668511386244,148.8023045070572,145.9398508047071,148.113525390625,1326500
2018-07-23,147.075909430591,147.42476915294048,144.68756000078417,144.8217315673828,1745200
2018-07-24,145.46575156449424,146.70018431242497,145.27791141105524,146.10980224609375,1685100
2018-07-25,147.44267070024554,148.48924992021367,145.76993472250075,148.3192901611328,1562100
2018-07-26,145.59993643650265,149.73258359349032,145.1884543050203,148.89173889160156,2223000
2018-07-27,148.95432636744783,150.2155794746652,148.10454164581753,148.87380981445312,1470800
2018-07-30,148.8738044274836,150.14402500447275,147.59465728264345,147.89878845214844,1268200
2018-07-31,148.29242952111275,150.24247581966,148.1135295719631,149.83099365234375,1673600
2018-08-01,149.91148679643752,150.21561805505848,147.28161540311308,148.02406311035156,1447600
2018-08-02,146.7895899955726,147.16528382083357,145.72511733274064,146.62857055664062,1597600
2018-08-03,146.66011006863002,147.81986334312995,146.58818536442493,147.63107299804688,1050100
2018-08-06,138.68560272993406,142.76724310250415,138.0203233618344,142.01205444335938,3928400
2018-08-07,142.9200697255706,143.70222838352217,140.6724747606698,141.17593383789062,2552900
2018-08-08,141.51760877403663,142.01208253613797,140.6904952620828,141.19395446777344,1740900
2018-08-09,141.14897851069162,142.27277611029905,140.465714508694,141.28382873535156,1003300
2018-08-10,140.09710137305956,140.09710137305956,138.5687394273927,139.16209411621094,1303700
2018-08-13,139.79140514596818,140.24990952701316,138.08322494002206,138.73953247070312,1337500
2018-08-14,139.64760025024555,140.0881338910307,138.91038236789902,139.65658569335938,1612000
2018-08-15,138.56874572381355,139.09917490653694,137.12129384472863,139.0182647705078,1352200
2018-08-16,139.98023294258616,140.19600703057006,138.7485551044815,138.92835998535156,1102400
2018-08-17,138.59569142281853,140.47467741555374,138.59569142281853,140.28587341308594,1662800
2018-08-20,140.82533884004957,142.6773552811184,140.82533884004957,142.30874633789062,1161100
2018-08-21,142.53349964554366,143.1718227563355,142.0120696001718,142.33572387695312,935200
2018-08-22,141.9670695338455,142.26375366917034,139.2879268760255,139.3688507080078,1229200
2018-08-23,139.3508803504025,140.01617336289632,138.5327525346797,139.26097106933594,840400
2018-08-24,139.71948761741584,140.7084211068146,138.9193444105998,140.438720703125,708000
2018-08-27,141.12202418017816,142.2638065096257,141.04111403637256,142.09298706054688,674200
2018-08-28,142.4975058361132,143.0369340584313,141.67039262192708,142.36265563964844,1078100
2018-08-29,142.53349332186482,143.54042531508472,141.85921475167171,143.39657592773438,685700
2018-08-30,143.01001467754497,143.26174427893568,141.38274399380842,141.9491424560547,805700
2018-08-31,142.1828570910077,143.0009849799451,141.56253238176427,142.2188262939453,1057800
2018-09-04,141.93110409998613,142.0389979727462,139.45874995830624,140.41172790527344,1577700
2018-09-05,140.1330188899349,141.11298052753503,139.83633476679668,140.37576293945312,1736100
2018-09-06,140.72643013889098,141.76931760832014,139.6475871821374,140.852294921875,897600
2018-09-07,140.5556216979045,140.58259174506466,138.9643340425215,139.3778839111328,1225600
2018-09-10,140.0701463624634,140.67250027612522,139.65658277788702,140.13307189941406,645300
2018-09-11,139.86337405608003,141.54457103650546,138.95533672883673,141.22091674804688,1247500
2018-09-12,141.11299134295737,141.76928515268182,140.63648864692723,140.78933715820312,799700
2018-09-13,142.11095588577462,143.24373892797445,141.40969356262335,143.1178741455078,867900
2018-09-14,143.55836936851077,143.90900732897964,141.00510495229844,141.1399688720703,1675500
2018-09-17,141.29280582740833,143.0189570246113,141.12198642403098,142.06597900390625,1529500
2018-09-18,142.56944504719306,143.07290412295694,141.96709124453054,142.20083618164062,1104600
2018-09-19,146.31846487127177,149.81572286846713,146.31846487127177,147.77490234375,2689100
2018-09-20,148.6739205238169,149.85165819487835,147.37930351438888,149.4291229248047,1624200
2018-09-21,150.11238357362367,150.99343701722046,149.01555606051608,149.68983459472656,2323000
2018-09-24,149.2313207616297,150.36410368942634,147.3703055392877,147.44223022460938,1609000
2018-09-25,147.2084904386897,148.17045398729758,146.43531719220724,146.59713745117188,1273900
2018-09-26,146.28246769969851,147.6849646762852,145.55423545271992,146.16558837890625,1309300
2018-09-27,146.5431801729931,147.2534140899576,145.59020217782785,145.94082641601562,1314300
2018-09-28,144.4753950714031,145.7700119075998,143.9449659760318,144.5023651123047,1302400
2018-10-01,148.86272738446863,152.02734527678007,148.601998658267,151.820556640625,2329700
2018-10-02,149.4740469844705,152.17116087698284,148.7278438280211,151.96438598632812,1652300
2018-10-03,152.61172147579992,152.61172147579992,150.3011869134763,150.65182495117188,950500
2018-10-04,149.97751587892,150.13933612352417,146.8848231674467,149.08746337890625,1720100
2018-10-05,147.57711141645075,149.00659254518365,147.1275923274963,147.6580352783203,1538700
2018-10-08,146.9837279782114,148.2603602956685,146.42631508822274,147.72093200683594,1109000
2018-10-09,146.45329850740856,147.20850092439815,144.74513163380573,144.90695190429688,1510400
2018-10-10,144.9339397627952,145.28456407699898,141.99408130171267,142.0570068359375,2222200
2018-10-11,141.985091606736,142.2368349151171,138.24510324530442,138.6856231689453,1977000
2018-10-12,140.9871419142079,141.85021068854934,139.64757039204008,140.4656982421875,1840700
2018-10-15,140.79835429086012,143.20776976107894,140.24095507096254,140.96017456054688,2161500
2018-10-16,141.79626609306274,144.60126009776545,141.34674711957933,144.44842529296875,1297500
2018-10-17,145.37443816767188,145.8689117987715,143.0279484984817,143.6572723388672,1540700
2018-10-18,150.21130138843597,150.60688038420682,143.37860570458332,145.0688018798828,3739600
2018-10-19,145.15869453432265,146.59714723238903,143.20776982731397,143.71124267578125,3012000
2018-10-22,148.5480729297662,151.89249601831395,144.31361083293697,150.031494140625,7591100
2018-10-23,148.19743137213214,149.1863787311246,145.2845568206129,147.59507751464844,4959200
2018-10-24,145.41037657142857,147.4421970309763,144.547294260105,144.9518585205078,5610900
2018-10-25,146.32744295960717,149.56398575602694,146.03075872674924,148.34129333496094,5105400
2018-10-26,147.18152529573305,150.23824918039688,146.9387811809727,148.28733825683594,35352000
2018-10-29,149.43809319658885,152.0812670361421,147.97265690853828,148.78179931640625,14032500
2018-10-30,149.3392367262144,150.74173413057977,146.30948236631653,147.89178466796875,57375600
2018-10-31,145.410431354721,148.8807190678275,145.02383782728066,148.7638397216797,18032200
2018-11-01,148.0355940505224,148.77279804555994,145.59020969749395,145.64414978027344,11423500
2018-11-02,144.43948845715587,145.47337695678766,139.7465076973035,143.7022705078125,6835100
2018-11-05,141.7333420774662,145.81498247736718,141.5535372124037,145.6351776123047,4477400
2018-11-06,145.49132630875312,149.55498205293404,145.34747693131288,148.81776428222656,2510600
2018-11-07,147.92771196254444,150.00450134277344,147.64901236713968,150.00450134277344,7626300
2018-11-08,147.89175924788296,149.3751665433197,146.4802629244132,148.61099243164062,4010000
2018-11-09,146.53420287297726,147.38828619619227,144.34054804317498,145.21261596679688,3249100
2018-11-12,143.90002507961714,145.9138752080778,142.86613683102505,143.14483642578125,1990800
2018-11-13,144.043887381797,144.14278212283236,140.72643455406728,141.08604431152344,2507100
2018-11-14,142.2188199233294,142.26377456587196,137.55281062296672,137.87646484375,2338700
2018-11-15,140.33086914205663,140.5196731998058,137.15726539811905,139.5127410888672,2759400
2018-11-16,138.21806778666382,142.46152703842824,137.91238452766189,142.11988830566406,2726800
2018-11-19,142.59643257316785,145.1496974665899,142.44359774344534,143.39657592773438,2464700
2018-11-20,141.58949672141452,144.01689652912842,141.36473722591822,141.93112182617188,2151600
2018-11-21,143.1628105297303,144.96088646029008,142.5424721387703,143.0009765625,2070900
2018-11-23,141.02313030519443,142.0570187310714,140.2679415218634,140.4207763671875,963600
2018-11-26,141.1849479761694,142.24582014871356,141.04111229503556,141.4366912841797,2678200
2018-11-27,139.94426322011566,140.83430209127908,136.22224631991236,137.14825439453125,2525900
2018-11-28,138.0293105582202,140.6814700589837,136.38406928244927,140.51065063476562,1808800
2018-11-29,139.8094063495498,143.70224286730564,139.66557068315447,143.2257537841797,2901300
2018-11-30,141.16692812498917,144.39447073873538,141.09500345025302,142.99197387695312,3944100
2018-12-03,145.91386637659147,147.81982249755148,143.77415160199843,147.75689697265625,3177200
2018-12-04,147.39726380983447,147.7029334093665,144.2506310990252,144.59226989746094,2746100
2018-12-06,142.52449858534294,142.9650321610386,137.552819349452,140.23194885253906,4785400
2018-12-07,140.4477194708908,142.5155096441805,136.97743219241215,137.30108642578125,2518700
2018-12-10,140.2769267251935,141.63446944420926,138.5507750584322,141.06808471679688,2540400
2018-12-11,144.88899963214698,146.05775203601786,140.8343285696999,141.56256103515625,2552900
2018-12-12,145.32950989528598,145.77004352260633,143.3606278913032,144.340576171875,2402600
2018-12-13,144.2056817199758,145.0148241060671,141.41867230538708,142.12890625,2456700
2018-12-14,141.49062243645275,142.47057068601873,140.29490010147333,141.08604431152344,2360800
2018-12-17,142.06663107034936,144.10015683498847,140.6205627880921,142.1931610107422,3148600
2018-12-18,143.17831046997776,143.60309257752036,141.5605335641367,142.4462432861328,2147000
2018-12-19,142.25643598295247,143.25060976893457,140.27714892114764,140.83749389648438,2618700
2018-12-20,139.61739788927943,141.3526720717899,137.77367337996623,139.22877502441406,3398900
2018-12-21,141.00019546951037,142.3287671428494,138.30690661061675,138.37921142578125,5452000
2018-12-24,138.00858955809196,138.65028587188297,133.87828063964844,133.87828063964844,2086800
2018-12-26,134.43866022462208,138.07189712201304,131.90804739165958,138.04478454589844,2591500
2018-12-27,137.42118708540667,141.36170959472656,136.1106951557891,141.36170959472656,2867000
2018-12-28,141.98531786510557,143.30484264407352,140.12350014824588,141.2713165283203,1586100
2018-12-31,141.19898961879773,141.8949111975402,139.12931831956985,141.0272674560547,1853900
2019-01-02,138.75879322427676,142.94334279289308,138.749760294436,142.07569885253906,1716400
2019-01-03,139.23778782496143,139.4998944644861,137.31271205812337,137.63807678222656,1775500
2019-01-04,139.02991865459862,142.45527425493992,138.60513655290114,141.56053161621094,1801300
2019-01-07,140.79232439598184,142.83488366054044,140.22293260931443,141.43402099609375,1830200
2019-01-08,141.07247653829853,143.30483733932587,140.2681045672499,142.9342803955078,2207300
2019-01-09,141.65091191337623,144.18152504713285,141.28940166172475,143.2144775390625,2099900
2019-01-10,143.4313754201551,146.39580355712863,143.11505740371578,146.2783203125,2093900
2019-01-11,145.11243008969285,145.29318521930946,144.03691845098527,144.79611206054688,1380400
2019-01-14,143.1331209899328,144.1544074115882,142.52758375475312,142.81680297851562,2004800
2019-01-15,141.75033638098205,142.68123842667447,141.47919678333517,142.10281372070312,2110700
2019-01-16,142.37393977582587,143.17831177153607,141.96723731340728,142.11184692382812,1382100
2019-01-17,141.35260838345155,142.48234474773977,141.1809000402905,142.12986755371094,2176500
2019-01-18,143.48563592300798,145.91683222115978,142.80779370415087,145.32032775878906,2494800
2019-01-22,146.0613848579586,146.21502737937246,144.32611110991223,145.36546325683594,1699100
2019-01-23,145.12149507306592,145.59145571106515,142.3107090129952,143.63926696777344,1569500
2019-01-24,142.44626931168906,142.71740893061892,141.3797904880941,142.22935485839844,2528000
2019-01-25,143.4223137200245,144.70569275925246,143.37712150081828,143.55787658691406,1242700
2019-01-28,142.59987356461627,143.15118558504636,141.78646871710376,142.98851013183594,1422500
2019-01-29,144.21767639558325,146.41387794521032,144.01884163091765,145.70892333984375,1558300
2019-01-30,146.22409008811215,147.99552349064004,145.65471210825856,147.24537658691406,1113500
2019-01-31,145.6727545792224,147.69724760124518,144.2718921792587,147.32669067382812,1645900
2019-02-01,148.14010140935807,149.9386332166763,147.73339899915058,149.81210327148438,1324300
2019-02-04,149.55909174316727,149.74889361769507,147.51653231294193,147.76959228515625,2106500
2019-02-05,149.3602241345004,150.02000029426608,148.04069939643136,149.1162109375,2358600
2019-02-06,148.17628822347186,148.78182554362309,147.35383645506042,147.69728088378906,1124800
2019-02-07,146.18796470034127,146.6308265596157,144.09116625324745,145.22994995117188,1361000
2019-02-08,144.6695710805993,146.06140064252705,143.7748146396042,145.70892333984375,1557900
2019-02-11,145.5643550774237,146.0704750618846,145.1757321574752,145.8264617919922,1128400
2019-02-12,148.33895632102488,151.42991436591976,148.12204190374518,151.41183471679688,1772000
2019-02-13,151.01413851874167,152.27945171004987,150.74299899269496,151.2762451171875,1599300
2019-02-14,150.6165046721792,151.4751156728362,149.9657751720667,150.48094177246094,1104100
2019-02-15,154.13224007679815,154.28589641250508,151.62875333777245,152.3246612548828,2573600
2019-02-19,151.83662823850435,152.54158290921023,151.43895867231487,151.71009826660156,2221200
2019-02-20,151.46606879037563,154.55702701723797,151.46606879037563,153.91534423828125,2574800
2019-02-21,154.5298950014862,155.72290353061123,154.13222549177786,154.90948486328125,1736500
2019-02-22,155.66867974542902,157.02436374549376,155.04506289888232,156.8074493408203,1075700
2019-02-25,157.15995493643177,158.17219475910142,156.70806018834944,157.81971740722656,1526800
2019-02-26,157.0695296853398,158.06370338926382,156.76224464621046,157.17799377441406,1739200
2019-02-27,156.71706886754978,158.27158766365838,156.02116099251887,157.71124267578125,1451800
2019-02-28,157.99142142242695,158.09987173644203,156.4459492847854,156.57247924804688,1698300
2019-03-01,159.39230477551718,159.7267024523152,151.71009460369223,152.18006896972656,3033500
2019-03-04,152.15296601086254,152.6590859182565,150.09232707891113,152.4692840576172,1738100
2019-03-05,152.15293046323407,153.58995210543773,152.15293046323407,152.23426818847656,1205900
2019-03-06,152.59578826706291,153.35496799995835,152.02641036275676,152.85789489746094,986800
2019-03-07,153.86180498578813,153.86180498578813,151.55424741465117,152.14476013183594,1450100
2019-03-08,153.3076182693422,154.00715913493156,152.40820858501303,153.95265197753906,1558400
2019-03-11,153.97074994795642,155.6332868929455,153.91624281245603,155.6060333251953,1188800
2019-03-12,156.0603264821025,157.07783029447128,155.70601612869194,156.55091857910156,1309200
2019-03-13,158.08625758091313,159.44899187122456,157.75012089195366,158.43148803710938,1538500
2019-03-14,158.30429307472076,158.47690829520448,157.32312276548393,158.26795959472656,1033200
2019-03-15,160.14853740978307,160.76631751474457,158.46782619053616,160.28480529785156,3661400
2019-03-18,158.75852311096764,158.94021821900557,157.55931044551053,158.5768280029297,1220400
2019-03-19,159.3036326456014,159.70335636427092,156.823446434329,157.6956024169922,1251600
2019-03-20,159.30364149151723,160.68453556894366,158.40423188405742,160.4665069580078,1536400
2019-03-21,158.38607710242584,159.73973162738025,157.8046442998353,159.0765380859375,1146300
2019-03-22,156.35106168117215,156.95065426627832,153.70735368622164,154.3160400390625,1384000
2019-03-25,155.3244887018056,156.18755116422852,154.04351486826096,154.44325256347656,1349700
2019-03-26,155.2517811362933,155.62426518475857,154.1615964312894,155.3335418701172,1408100
2019-03-27,153.9526501259117,154.4886556504259,153.2531092687359,153.97080993652344,1821400
2019-03-28,155.31538907620393,157.9409234819465,155.1064264859465,157.8046417236328,1892500
2019-03-29,159.3036850616543,159.98505238208492,157.96820400461408,159.83059692382812,2158100
2019-04-01,160.6572838283315,161.87465646146634,159.8941559564365,160.42108154296875,1791900
2019-04-02,161.10249469088288,161.8747026880402,160.521061784954,161.72935485839844,1179700
2019-04-03,164.57290114152303,167.64360071744923,164.10049648557478,166.0174102783203,2379600
2019-04-04,166.77143866524088,167.19841601390132,165.7266673319565,167.07122802734375,1471400
2019-04-05,167.69807296216575,168.4612008128304,167.14389381437243,167.72532653808594,1403400
2019-04-08,168.88818275363244,168.906356424069,167.2983262204287,167.92518615722656,1138500
2019-04-09,168.1160112950541,168.1160112950541,166.02648234260212,166.16275024414062,1388200
2019-04-10,166.6079040838888,166.78959922801172,163.36460348081937,164.4547882080078,2443700
2019-04-11,165.0543847396764,165.1724928242802,163.31918013003877,163.39186096191406,1916400
2019-04-12,164.25490209155956,164.5547052858903,163.65529570289812,163.84608459472656,1914500
2019-04-15,163.6553192138672,163.91877510357932,162.74682959596797,163.6553192138672,1448000
2019-04-16,163.60080660983576,164.14589204496295,162.43794104662328,164.0913848876953,1749700
2019-04-17,164.10952823381805,165.21788643494048,162.98299636281448,163.4463348388672,1663300
2019-04-18,163.63714927872715,164.24583567313243,163.2283317138223,163.8915252685547,1547300
2019-04-22,163.39182357559747,164.2548857301531,162.4651605092845,162.52874755859375,1002100
2019-04-23,162.3016382868253,163.27372867379856,162.2107976572857,162.91941833496094,1796500
2019-04-24,162.62875178757358,163.08299668109368,161.26601710701337,161.36595153808594,1780200
2019-04-25,160.0940524075427,160.5755508286125,158.91301305187147,160.1485595703125,2229900
2019-04-26,159.38540860074733,161.9473419189453,159.32180767837858,161.9473419189453,1483900
2019-04-29,160.61186549906543,161.94734628027066,160.33932971714663,160.8935089111328,1195400
2019-04-30,161.59302338747835,164.0368623674038,161.15695230772707,163.76431274414062,1404200
2019-05-01,163.4281521349012,164.61827099102774,161.720187684153,161.9745635986328,1018300
2019-05-02,161.64752195403395,163.9732666015625,161.04792944964078,163.9732666015625,1691000
2019-05-03,163.23737407244454,164.86357791455808,162.83765036783842,164.40025329589844,1248900
2019-05-06,161.55666824730184,162.9194023184693,161.5384945782009,162.28346252441406,1407000
2019-05-07,160.42107535880066,160.68453121068566,157.08692060332427,158.5950164794922,2049600
2019-05-08,158.4678065732189,161.28412938589486,158.29520522384925,160.3847198486328,1264600
2019-05-09,157.3503668273207,158.72219474141087,155.89679205379855,157.4866485595703,1999500
2019-05-10,158.64953110596815,165.5449633136831,158.32247432057514,164.9726104736328,2511800
2019-05-13,163.29189036984485,164.4456619312867,161.5475923786798,164.14585876464844,2328500
2019-05-14,163.80975816537685,165.67216462477248,163.32825978458766,164.3639373779297,2029300
2019-05-15,162.22899785617034,165.68124731707624,162.00187545150803,164.30943298339844,1184200
2019-05-16,168.15235694144891,171.6773014489749,167.61635134003316,170.47808837890625,1866600
2019-05-17,170.9686392811546,172.1133310476715,169.78760017207873,171.7045135498047,1737900
2019-05-20,168.97903460770226,170.04196558125687,167.7525683276669,168.30674743652344,1383700
2019-05-21,169.66950447209345,170.28728457858952,169.11532528848764,170.13284301757812,1051500
2019-05-22,170.67788760419654,172.3585984255598,170.05102774258054,171.0140380859375,1334800
2019-05-23,168.87910851212305,169.92386586685075,167.5890551168478,168.1432342529297,1318500
2019-05-24,170.22368887324058,170.9323096395778,168.84279468688914,170.66885375976562,1025300
2019-05-28,169.83305780730728,170.59618578819848,166.9167999241454,167.4437255859375,1483100
2019-05-29,164.85453223531465,166.37170823437336,164.62740983074085,166.26268005371094,1405400
2019-05-30,166.18088803678629,167.35284718677582,166.0446201646707,166.6260528564453,1042000
2019-05-31,164.58586053803515,165.59911845572918,164.19333017335666,164.81407165527344,1757200
2019-06-03,165.65385077531545,171.07614796721884,165.40737892234762,170.9574737548828,2882600
2019-06-04,171.4413283608649,174.6728057861328,169.4969650614054,174.6728057861328,3115200
2019-06-05,174.67282873015228,175.99645068218155,173.88778177677773,175.9508056640625,3708800
2019-06-06,177.37480165786317,180.79796832233916,176.80884255991805,180.1498565673828,3468200
2019-06-07,182.7058238235101,183.58216068527344,180.40546567807223,182.6145477294922,3613300
2019-06-10,182.67844487762503,184.3945970699805,180.95316925427488,182.95230102539065,1197400
2019-06-11,183.6643086464265,184.2302817020157,182.3133027009937,183.2900390625,1720000
2019-06-12,184.0111740842072,184.65016237238743,183.45433844831436,184.1115875244141,1956300
2019-06-13,185.7456102066927,186.11987982535072,184.0659795317579,185.0701141357422,2855100
2019-06-14,184.99704908610587,185.51736315006292,183.87424044748772,185.04269409179688,1524000
2019-06-17,185.243488235763,185.8642296065522,183.51821305546324,183.7190399169922,1757200
2019-06-18,186.38455464339745,186.914006043394,185.0426862494728,186.23851013183597,2006900
2019-06-19,184.6136539896788,184.8236042987656,181.78383081614416,183.10745239257807,1944700
2019-06-20,185.9007494270624,185.9555317892576,183.9381396131715,184.70492553710935,1703300
2019-06-21,184.9788361544039,185.29833734799976,184.4220003702736,184.51329040527344,3770300
2019-06-24,184.84191149944297,186.10162759917165,184.4219968469311,185.6543426513672,1092500
2019-06-25,186.51239017565248,186.51239017565248,185.04271001092715,185.12486267089844,1118800
2019-06-26,184.4401986337767,184.6775331438496,183.0800555752577,183.1165771484375,1369900
2019-06-27,181.38222984433645,182.52328566108355,181.1631560420196,182.139892578125,1532100
2019-06-28,182.2037532911958,184.13897902014816,181.7655779372099,183.29916381835935,6440600
2019-07-01,185.32567961188835,185.4808614931294,183.94727561156392,185.3074188232422,1113300
2019-07-02,184.40373339203717,186.19291494413275,183.96557188232316,185.8003845214844,1722400
2019-07-03,184.3945928385387,185.86427307128903,184.1298740567448,185.86427307128903,939500
2019-07-05,183.5730384216401,185.46261933375607,182.66019390224636,184.787109375,1741300
2019-07-08,183.52743976014185,185.89170431953525,183.3722578241216,184.0933990478516,1277100
2019-07-09,184.7779519682965,184.951394623714,183.216995927338,183.45433044433597,1160700
2019-07-10,184.46767203171964,184.98798630544115,183.90171273390536,184.1846923828125,1062000
2019-07-11,183.8833797861885,185.3621832699812,183.509110235952,185.13397216796875,1225200
2019-07-12,186.00118421066705,186.8775210306678,185.28916663831075,186.20201110839844,1027600
2019-07-15,186.3937471033555,187.22443905903543,185.9555855813423,186.28421020507807,869000
2019-07-16,186.33895485379333,187.63519239049197,184.80536882927123,184.93316650390625,1073700
2019-07-17,185.8003499978892,186.08334347275175,184.1754880194167,184.2302703857422,986700
2019-07-18,185.12484613105147,185.92813972716985,184.23026252385367,185.89163208007807,1013800
2019-07-19,185.29833380791507,186.77713763011565,184.969709188659,185.6543426513672,1228300
2019-07-22,186.75883613389985,187.12398225843663,185.4625987318203,185.8368682861328,653400
2019-07-23,186.9779291706056,188.79449462890625,186.39370928349348,188.79449462890625,1064800
2019-07-24,186.27504770731517,186.3937219503702,184.57715636862008,185.0792236328125,1102800
2019-07-25,182.92494345463743,183.18966228107408,179.40136245990692,182.4685211181641,2084900
2019-07-26,182.048586453974,183.6186802333844,181.94818692272017,183.44525146484372,1191200
2019-07-29,182.3589324951172,182.7605862659238,181.8842494997184,182.3589324951172,1468200
2019-07-30,178.7440669945614,180.55149507987292,178.68929855696118,179.37393188476562,2466300
2019-07-31,178.8353922705506,179.09098764901424,172.51850919198537,174.60891723632812,4160900
2019-08-01,173.0844658973397,176.63543084924592,172.6736886113779,173.82386779785156,3762800
2019-08-02,172.3267729326274,172.57324483246893,169.63388461003552,171.35003662109375,2556900
2019-08-05,173.44048263973602,176.26116925130847,172.72846493057995,174.0155792236328,3074800
2019-08-06,173.7142903593164,173.74167457672908,169.69776668235704,172.30850219726562,2352000
2019-08-07,170.74761970971232,174.72762352689713,170.3550892093848,174.15252685546875,2078900
2019-08-08,173.87860442166362,176.57149272444488,173.4404429920916,175.82296752929688,1927100
2019-08-09,173.3765739440725,175.99644750464367,173.1848843718988,175.23878479003906,1600200
2019-08-12,176.1972390836848,177.67604263077502,175.27525727759445,175.44869995117188,1891100
2019-08-13,175.38481204937025,178.56150689710796,174.8097155774285,176.0876922607422,1678700
2019-08-14,172.34504112714563,173.73256864100327,169.32352811789954,169.46044921875,2441100
2019-08-15,169.5243675286897,171.14922971356415,168.94014757377872,170.37330627441406,1508300
2019-08-16,170.40980453075602,172.64628469830816,170.30026764803245,172.33590698242188,1198900
2019-08-19,172.746741288455,173.74173869873442,171.89778844864318,172.62806701660156,1232100
2019-08-20,171.82473231529178,172.52762654575622,170.0629489523117,171.33180236816406,1364200
2019-08-21,172.81061265188774,173.3948326510864,172.17162420415536,172.29029846191406,1074700
2019-08-22,172.11680923701934,172.52758641890344,170.345888925577,170.82057189941406,1446700
2019-08-23,169.46045928840272,171.03055300632596,165.7725734877076,168.2007293701172,2119700
2019-08-26,169.10441718925873,169.2778598457691,167.80817987336502,168.8031768798828,1226800
2019-08-27,169.88038522581598,170.1542274620394,168.30115404277754,168.638916015625,1477100
2019-08-28,168.59328156403208,169.7252000217567,167.83561882889808,168.848876953125,1122700
2019-08-29,171.74252843543712,172.01638451502882,170.7657922638686,171.3043670654297,1458900
2019-08-30,172.87727300704032,173.55594744559966,171.87761468087484,173.2532958984375,1686800
2019-09-03,171.74918655889144,172.54707703936458,170.76786075468388,171.71249389648438,1370200
2019-09-04,172.455381282074,173.24410569420115,171.05218764101036,172.01516723632812,1210400
2019-09-05,173.06066160193504,173.7943609112082,171.59327697753906,171.59327697753906,1911200
2019-09-06,172.89559295132523,174.5280666274577,172.39117378304817,173.81271362304688,1066700
2019-09-09,172.51041797216672,172.82223566730406,169.69485056390658,169.8599395751953,2862300
2019-09-10,168.85111739187326,170.3276824951172,168.07155908492243,170.3276824951172,1788900
2019-09-11,170.28181855165502,172.171085174958,169.7682331388138,172.06103515625,1292100
2019-09-12,174.84906192922875,176.65579089050215,173.629303670724,175.6928253173828,1640200
2019-09-13,176.5365534619175,177.65544173962556,176.06881298871895,176.23390197753906,1717100
2019-09-16,175.72034832630837,175.90376968481462,172.18942769991406,172.89561462402344,1263900
2019-09-17,174.5647740519192,177.18774016487473,174.02367612506777,176.30731201171875,1186700
2019-09-18,177.41697822692242,177.61874587954134,175.170035543648,176.6924591064453,1694800
2019-09-19,179.47137819624442,179.8657334375647,177.84807040213815,178.1415557861328,1601500
2019-09-20,179.28792408841102,179.98493075688734,177.09600625577468,178.0222930908203,2475500
2019-09-23,176.6833574103564,177.9214763745427,176.59165370562604,177.48126220703125,859600
2019-09-24,177.16021631933216,177.774685551972,175.0325034236102,175.64697265625,1539800
2019-09-25,174.8398720299406,176.8850470660218,174.55556688071877,176.31643676757812,852100
2019-09-26,177.0409650156826,177.19688784182514,175.61025903349693,176.3623046875,1345600
2019-09-27,176.2339590906641,176.77505707408363,174.78490635986333,175.6745147705078,873900
2019-09-30,176.56408500954703,178.14153376816515,176.2522533290562,177.6646270751953,1027200
2019-10-01,177.8572265111481,177.93977801707246,172.83140854485495,172.92312622070312,1127500
2019-10-02,170.5202418433503,170.58444700834164,166.97098927888572,168.85108947753906,1996200
2019-10-03,168.62179001310315,169.64896058222726,167.17273782071769,169.33714294433594,955600
2019-10-04,170.27263428438806,171.8500830242604,168.95197822364366,170.74952697753906,1498100
2019-10-07,170.5844645332682,174.56476534711456,170.42855568046622,172.9506378173828,2744100
2019-10-08,171.9051030306962,171.91426919963024,168.47506663897818,168.85108947753906,1526600
2019-10-09,170.6853243609772,172.45536049444496,170.29095520537447,171.85923767089844,1266600
2019-10-10,174.4639063141859,176.1422392541981,172.96900875099598,175.3810272216797,1486200
2019-10-11,176.71083985691942,180.2509269216476,176.4082022892261,178.15072631835938,1609600
2019-10-14,178.19656509737644,179.12285201996306,176.50906627054152,176.57325744628906,1213700
2019-10-15,179.56307584132875,181.61743147770795,178.73767271638468,179.00363159179688,1519300
2019-10-16,181.4064484956034,181.75494479032403,179.8840250163977,180.53518676757807,1570400
2019-10-17,181.36977624943265,182.4886645714856,180.2600680902141,180.3426055908203,958900
2019-10-18,180.56273682318536,180.89290085127843,178.78352033813664,179.5630645751953,1022800
2019-10-21,179.7006434102932,179.80152725335435,178.22407843139024,178.81103515625,927900
2019-10-22,177.07770042408836,177.6279645532168,175.5369300753899,175.60113525390625,1429700
2019-10-23,177.7013262800491,178.71933095708874,177.16022835108606,177.64630126953125,1227900
2019-10-24,178.20575524368354,178.50840681217613,176.72002390213265,176.9951629638672,996600
2019-10-25,178.2790873230339,179.25123299875847,177.95808948935846,178.83853149414062,1025000
2019-10-28,180.03992565759555,180.57185723440276,179.4621352563113,180.46180725097656,1216700
2019-10-29,181.37900204180264,184.62560382975064,180.77369889677965,182.60794067382807,1080100
2019-10-30,181.47066837325423,183.02060459482635,180.03079615167007,182.6812744140625,1110400
2019-10-31,182.67208650550532,182.7362916689553,180.62691135023252,181.910888671875,1303500
2019-11-01,182.39696447300724,183.46999398434676,181.9384041351279,182.32359313964844,812200
2019-11-04,184.57056428183097,184.7906783156398,183.5342132812748,184.1211700439453,1086100
2019-11-05,184.2862561594558,184.78149523501853,182.4611807259124,183.70846557617188,1132900
2019-11-06,184.4422040671938,184.89159839313447,183.52508307118453,184.4513702392578,1084500
2019-11-07,184.9282431506531,185.91873532393703,184.37796505633312,185.8086853027344,1098200
2019-11-08,186.7257693188444,187.50531347227064,185.5426758475409,186.1754913330078,966000
2019-11-11,185.9645963644588,186.46901562452808,184.87322032744163,185.5243682861328,881600
2019-11-12,188.22072938230568,190.4951994229449,187.2577495822287,188.7068023681641,1681200
2019-11-13,190.02741444379157,191.3939293836723,189.61471290980737,190.59603881835935,1388200
2019-11-14,189.9265283092783,191.65071975701235,189.6055444507896,191.3480682373047,1003000
2019-11-15,192.5953808894424,192.8980324529957,191.06379073023905,192.3294219970703,1772000
2019-11-18,191.11881614599184,192.5587026185868,190.28423280178023,191.77914428710935,1115900
2019-11-19,192.77878603446905,193.0539250685516,190.2383575439453,190.2383575439453,1463700
2019-11-20,189.86237217013428,190.4860076634088,188.52336950199444,189.09197998046875,1234900
2019-11-21,190.05492193417416,190.5868536284049,188.9543798745233,189.16531372070312,1369500
2019-11-22,188.38582183761528,189.0094573801244,187.6979811100009,187.92726135253903,936700
2019-11-25,187.7713145463565,188.89020302351463,187.3127541538869,188.87185668945312,1418800
2019-11-26,188.11062531621045,188.90851583851165,187.67957747230835,188.1381378173828,1547400
2019-11-27,187.0559445492509,189.0277484610159,186.9183680474514,188.92686462402344,1074000
2019-11-29,188.36743058495972,189.67892053652304,188.1564967304839,189.11947631835935,847600
2019-12-02,186.83072663673696,187.5030738298065,184.0492152948936,184.7860412597656,1718600
2019-12-03,184.7675913009331,186.5635946809973,183.8465624851274,186.08465576171875,1230600
2019-12-04,188.16618385532948,188.8293257057805,186.6649024364218,186.73858642578125,1384500
2019-12-05,187.12545422070025,187.94516944216528,186.27810925442748,187.6596527099609,868700
2019-12-06,189.36353577167264,189.72273645834696,188.44250692852987,189.29905700683597,912300
2019-12-09,190.5240105299684,190.65295399467337,188.60826901593504,189.1148376464844,1038300
2019-12-10,188.5346285434024,189.4925065483952,187.7333378316346,187.84385681152344,1135900
2019-12-11,189.225392877826,190.06353258598227,188.7096189201256,189.400390625,1159200
2019-12-12,190.73584829424468,193.646302636626,190.5332208366242,193.3423614501953,1333000
2019-12-13,194.43843999862813,194.92658426251768,191.92403466997985,192.54112243652344,1527900
2019-12-16,194.4292222568639,194.493686977149,193.25030629308893,193.43450927734372,1797200
2019-12-17,193.7660930799904,193.89503658287163,192.22797627641148,193.1029510498047,1433000
2019-12-18,192.7897839124201,192.7989891424305,190.59773054430977,191.87796020507807,1427300
2019-12-19,191.5187547514772,192.9095033531671,191.2608677796908,192.8634490966797,1205200
2019-12-20,196.2988894265476,197.04492056973456,194.35551793022037,195.35943603515625,3034100
2019-12-23,195.3317813157369,195.5436139957036,194.4291770650329,195.0462646484375,967400
2019-12-24,194.8620866301438,195.63574751541384,194.03315220696695,194.9081268310547,399900
2019-12-26,194.9818303439412,195.94891357421875,194.42922139363023,195.94891357421875,481000
2019-12-27,197.2383177742447,197.33963150741425,195.34100063832884,195.49757385253903,825500
2019-12-30,196.0041725614565,196.08706179572263,194.5857941334621,194.78842163085935,807500
2019-12-31,195.018668525578,196.1054759050565,194.57656452537577,196.0870513916016,1040000
2020-01-02,196.7133443046188,197.51463491030955,193.8397387776298,194.09762573242188,2604100
2020-01-03,191.0214011978395,192.54110741821148,188.9675105465586,189.05039978027344,2899300
2020-01-06,188.44252198762769,190.05432259193216,188.06489675885345,188.2490997314453,2395300
2020-01-07,188.6359486537469,190.422747175731,188.1201746584912,188.6543731689453,2589200
2020-01-08,189.059584706469,191.7489871017244,188.90301149775507,191.0121612548828,1327300
2020-01-09,191.64772204754533,193.1766336086484,191.399040274646,192.3569183349609,1086100
2020-01-10,194.0976523245932,195.101570539988,192.43057806544016,192.56874084472656,1217600
2020-01-13,193.2226668160941,195.19366830465756,192.7990013482108,195.07394409179688,1225700
2020-01-14,194.58578760314185,195.36865376791587,192.6239914686272,193.37924194335935,2107300
2020-01-15,194.3278799208398,195.33179798306588,193.73842202566456,194.74234008789065,1078200
2020-01-16,196.0686423154611,196.2436400600527,195.05550487508123,196.2344207763672,1302600
2020-01-17,196.35413640179405,197.48699791543476,196.03177069325173,197.19227600097656,1903700
2020-01-21,194.98181544771435,195.93969337446543,194.5028764843388,195.0094451904297,1384500
2020-01-22,194.52128556365508,195.2120571843029,193.8305139430073,194.4107666015625,966900
2020-01-23,191.96085387580456,193.09371555988636,191.1319334345324,193.0660858154297,1400700
2020-01-24,193.41608084055224,195.5344502509918,192.3292734178372,193.4068756103516,1541600
2020-01-27,189.01358596251285,190.0082990397932,187.97281862119584,188.700439453125,1947800
2020-01-28,189.20698390439372,192.4305854585764,188.97672665052357,191.4635162353516,1229400
2020-01-29,191.6937179353436,192.900263347354,191.26083329921693,191.7858123779297,982700
2020-01-30,190.16480683982323,192.09897283331603,189.234572863138,191.7858123779297,1381300
2020-01-31,189.3911955195485,190.04511823166692,186.94125503571505,187.088623046875,1909700
2020-02-03,187.67806678722383,193.4621272750895,187.5030690439824,192.9002990722656,2911500
2020-02-04,194.16209378799715,197.8830582919952,193.98709605413487,196.63966369628903,2369400
2020-02-05,199.97377595603703,199.97377595603703,196.418604094376,199.6237945556641,2970400
2020-02-06,199.6698458359997,200.2500985308788,198.08568908296087,199.6330108642578,2234200
2020-02-07,197.8185461230093,198.65668562588763,195.9304344480336,197.2475128173828,995300
2020-02-10,197.91989919120357,198.69356009207607,197.21070300517755,198.4264678955078,1435600
2020-02-11,200.397528210086,201.55801990327143,198.92387591866563,199.1449279785156,1385500
2020-02-12,199.9737860958575,200.25009757084595,198.49092903566424,200.04747009277344,1238000
2020-02-13,204.7447585656473,209.85647255247164,203.67636150548825,203.7868804931641,2231800
2020-02-14,204.13680210333928,205.4815101995268,203.74997173276603,205.05783081054688,1280300
2020-02-18,206.34727593014748,206.85384455577025,205.26967397406816,205.8959808349609,1524700
2020-02-19,205.4078247943482,205.89596888148589,204.34863335612317,204.91046142578125,1590100
2020-02-20,203.04082619816023,204.79999483941563,200.8119378587512,203.73159790039065,1534700
2020-02-21,202.61716408789948,202.9026808142418,201.00536342286952,201.0974578857422,1660100
2020-02-24,194.4752315455766,195.5528476424145,193.0476481042141,193.9226226806641,2020400
2020-02-25,192.6608100538191,193.1397489957429,184.9886520227325,185.7254638671875,2743100
2020-02-26,187.24519808889707,190.57931856417343,186.58205608608816,187.3465118408203,2711200
2020-02-27,184.0860255321176,187.3096263981938,179.50851117798666,179.5545654296875,3685500
2020-02-28,175.74153249355928,177.602014916011,171.26533121421835,175.9257354736328,5555300
2020-03-02,176.19285182505428,182.64005487314668,174.45210756422082,182.50189208984372,3489600
2020-03-03,182.3821494071809,185.90047254918449,177.15069786993416,179.9598388671875,4063300
2020-03-04,182.73211685801667,189.50168447663012,181.7834582738824,189.29905700683597,2755600
2020-03-05,182.98162306772636,184.59174862837796,180.51090098332568,181.84341430664065,3204300
2020-03-06,177.79028961740752,178.28073168305747,171.89570802770976,175.07896423339844,4466800
2020-03-09,161.9943208826971,166.9172672187916,159.45883097390606,160.2083740234375,4822700
2020-03-10,163.3083251904598,164.17817009128356,155.01706706674202,163.05848693847656,5604100
2020-03-11,160.51374754559052,163.4749114013264,159.66239969961984,160.9394073486328,4315300
2020-03-12,151.2045877862238,157.26572945350546,145.28225929724405,146.22613525390625,6340400
2020-03-13,160.4397103807997,163.92832457192938,149.30757596116862,163.32684326171875,6386900
2020-03-16,137.62025693761964,151.42669833531667,135.7602787356059,146.53152465820312,7079300
2020-03-17,145.06019604828575,153.27744084510374,144.04230313441226,151.6488037109375,4956600
2020-03-18,141.9416979290373,148.20642121767168,138.47158012897287,145.7541961669922,4723900
2020-03-19,140.16496125373436,146.95713326147035,137.70348830708076,142.515380859375,4296100
2020-03-20,142.5986990297276,146.15209591729354,137.00024004117302,140.00767517089844,4699900
2020-03-23,138.60113663489,143.76467383953744,135.843553523859,138.80471801757812,4434000
2020-03-24,147.40129230732452,154.38779650507584,145.28221399746025,152.50930786132812,3423100
2020-03-25,150.89923959189005,162.3645085099485,149.2983483758647,152.96279907226562,3258400
2020-03-26,156.63647765352567,161.93881312394245,156.09976446420734,161.18927001953125,2726000
2020-03-27,154.8412610806824,158.2928671044535,153.80485724125248,154.8505096435547,2301600
2020-03-30,159.40332827518145,164.05791188256805,158.08931201201733,163.6044921875,2480500
2020-03-31,159.8104767623974,164.02088886327138,157.8764679778456,160.0880889892578,3142300
2020-04-01,153.25888530721994,155.93318851971955,148.26192195955528,148.8634033203125,3822000
2020-04-02,148.19710993030938,154.2952723421444,147.51234927910443,151.84304809570312,3369800
2020-04-03,151.0657924085715,153.37920423718668,149.2243115098135,150.02938842773438,2665700
2020-04-06,156.95108253976312,163.83579707944295,156.8678031187047,162.79013061523438,3604000
2020-04-07,167.99067614357435,171.60885496484556,165.30712456541164,166.51010131835938,3097600
2020-04-08,167.11159969007036,173.4410905427112,165.40893211332676,172.9876708984375,2495400
2020-04-09,169.62857606181245,175.86553830981404,169.57305644713247,175.33807373046875,3206800
2020-04-13,172.53424035081656,174.45900056386685,170.04500712278542,172.21961975097656,2087700
2020-04-14,174.6625748089798,176.66136580882537,173.718698927951,175.6712188720703,2372800
2020-04-15,168.55517120067742,169.75814811142587,165.93640157582124,167.6298065185547,2025500
2020-04-16,168.22203674680128,169.98948665108816,165.5292362946575,169.4620361328125,1806700
2020-04-17,173.80199630027613,174.80137770224383,172.09006604034556,174.47750854492188,2634400
2020-04-20,171.07211144016804,175.44909520139666,170.64645172500025,171.19241333007812,1598100
2020-04-21,168.11101253992038,169.0363772904808,163.41942059695066,165.5292510986328,2010000
2020-04-22,167.3799400247926,169.23991763935717,166.58412596742795,168.04620361328125,1376400
2020-04-23,167.24118151038604,171.3960746737596,166.88955247710055,167.76864624023438,1249900
2020-04-24,168.4533996831182,169.1196634596324,165.501497872109,167.9259490966797,1187700
2020-04-27,169.0085928762708,171.76617547795593,168.36084046915596,170.80380249023438,1542000
2020-04-28,173.9315549928891,174.07035404972615,171.63664037358848,172.93215942382812,1896700
2020-04-29,173.97778516455503,176.00433580224984,173.6631646041671,174.60704040527344,1282300
2020-04-30,171.54409928591704,172.2936423755323,169.47127743566818,170.25784301757812,2104400
2020-05-01,170.49844537285034,171.2850110130503,166.3620640488632,166.8710174560547,1169200
2020-05-04,166.08446285341216,169.54533213237022,165.27940003213527,169.02713012695312,1828000
2020-05-05,169.34171414027273,171.23871430845554,168.28679910878677,168.42559814453125,1171900
2020-05-06,168.79579301173592,169.32324359428634,165.4552255890967,165.59402465820312,1336100
2020-05-07,164.74269277631012,172.02530917035492,164.2059795026017,170.99815368652344,2295100
2020-05-08,171.10917009500173,174.3479461669922,170.96110837149584,174.3479461669922,1841400
2020-05-11,170.79457153666294,173.39484411614023,170.683518169748,172.9136505126953,1894700
2020-05-12,171.2295229024329,172.57131336623138,169.33253606454937,169.42506408691406,1741100
2020-05-13,168.9993352534477,169.06410343071528,164.4465432818685,165.43667602539062,1857300
2020-05-14,160.82837805961682,165.9734032245345,159.86599092203943,165.87161254882812,2442300
2020-05-15,164.7241543087016,169.0641167248946,164.64087487997637,168.9623260498047,2829400
2020-05-18,173.88525786808412,179.22460121322322,173.67241385291356,177.90133666992188,2105200
2020-05-19,177.161063443348,177.9013580041552,175.68973700520823,176.05062866210938,1774400
2020-05-20,178.41028278955474,182.61143150957932,178.2807323211824,181.36219787597656,2300400
2020-05-21,180.79774224668563,181.20490493478667,178.14193621109692,179.21536254882812,1891600
2020-05-22,178.0586618844344,178.3270255365248,176.14316442684586,176.6243438720703,1676000
2020-05-26,179.5207627054323,180.4461274616459,177.95689400824008,178.59539794921875,2214300
2020-05-27,180.16854431937048,180.214815388646,177.21662801093734,178.71572875976562,1603400
2020-05-28,183.120396117964,186.85886280729812,182.04696981669093,185.10992431640625,1740200
2020-05-29,186.49798670064283,187.9600645526386,184.12905543865523,187.23828125,2354700
2020-06-01,187.37707896168223,190.5510726947683,187.15498637921476,189.9033203125,1658300
2020-06-02,190.6220184294125,192.509364022851,190.07348263726365,191.7655792236328,1675100
2020-06-03,196.1724728405524,198.63624466844672,194.2386382305482,197.92965698242188,2155300
2020-06-04,198.32017466707464,199.194120804156,195.8564024180824,197.6228790283203,1951500
2020-06-05,204.56792797749415,208.55646664908093,204.0472828796915,205.73008728027344,3525600
2020-06-08,205.04209735441907,206.39021358353972,199.71476273224852,201.22091674804688,2970400
2020-06-09,200.19822779315243,202.3551882540436,198.6920737563873,199.17552185058597,2499400
2020-06-10,201.3139033035512,201.3603925179012,197.08364015499748,198.36666870117188,1750200
2020-06-11,194.65705702340892,195.14981150117535,184.7275733734928,185.11805725097656,2925000
2020-06-12,190.21293279832628,190.4825616993164,184.374245632962,187.7491607666016,1711900
2020-06-15,184.3928592168736,190.13856843336092,183.3980439691848,188.95782470703125,2142100
2020-06-16,193.4949016797143,194.94527445168524,190.25016146682265,193.64366149902344,1878100
2020-06-17,195.31716917745024,195.503111853737,192.30484675014412,192.89987182617188,1577400
2020-06-18,194.28516627524485,195.42872718373323,192.4536018760921,193.53208923339844,1563800
2020-06-19,196.8419233271997,196.86981401953025,190.84518330534857,193.4298248291016,4635000
2020-06-22,194.13640219278452,195.8935866472786,193.1322947635713,195.2148895263672,1510800
2020-06-23,199.74267156297523,200.07737406205192,197.3253883465476,197.4462432861328,2044300
2020-06-24,194.30374594794785,195.39152536803,190.4081856412474,191.5889434814453,2068500
2020-06-25,191.24495695789588,194.67565393675304,189.68302146088072,194.44322204589844,1163300
2020-06-26,194.18284657720105,194.41527840475263,190.21290699039545,192.2862091064453,2794600
2020-06-29,195.16841596667177,197.3160844514761,193.578589716123,196.43284606933597,1406100
2020-06-30,194.90807025789448,198.56190666724115,194.73141976511351,197.2044982910156,1697400
2020-07-01,196.6838280025744,200.4957017084756,195.9214447494858,199.67755126953125,2126100
2020-07-02,203.16404272814248,206.42738091238132,203.16404272814248,205.71148681640625,2837900
2020-07-06,209.18867627335328,209.7372120641509,206.04619295231765,208.8632659912109,2860700
2020-07-07,207.08753331922236,210.00687745224613,206.7528308115787,208.75173950195312,2171600
2020-07-08,210.4065733561166,211.5036588968545,203.27556699411247,205.95318603515625,3063600
2020-07-09,209.8023072901348,210.4252230015755,204.7910767225154,206.3530120849609,2312400
2020-07-10,208.45415256396095,210.6668937678804,207.4314469163216,210.0718688964844,1448300
2020-07-13,211.90353044972727,214.66482278547255,209.9139137883116,209.95111083984372,1498000
2020-07-14,209.8673687376813,217.45394796893143,209.64424323391876,216.7473602294922,2554800
2020-07-15,223.8133145655052,224.23168913584516,219.04382176520272,220.93116760253903,2616100
2020-07-16,227.9413032750722,228.26671359438296,220.7824039288849,222.1026153564453,3216400
2020-07-17,224.3618299089682,226.54668085455847,224.0457118014512,225.5518798828125,1900900
2020-07-20,225.5146941125192,226.7419411892989,222.98583424507808,223.4321136474609,1966500
2020-07-21,226.57457929075272,228.70366311978577,225.9330650731534,226.8535003662109,1686900
2020-07-22,227.36482583621765,229.03833790025536,225.3287206738479,228.09930419921875,1390500
2020-07-23,228.28523839079256,230.8048056532828,227.41130663248225,228.6943206787109,1068900
2020-07-24,225.91447178163088,227.65305752418533,225.48679092468208,226.9185791015625,1304400
2020-07-27,228.75943526425084,231.39056557369727,228.01565048855508,229.51251220703125,1469200
2020-07-28,229.74497455770543,230.19123980775151,226.46303745384415,226.57460021972656,1677400
2020-07-29,227.5136260986328,228.3596673542697,226.51881084953777,227.5136260986328,1967900
2020-07-30,223.83190683854377,225.90519529518707,220.3919177535101,225.01266479492188,1855500
2020-07-31,229.49392257874845,229.73566079746232,224.48269214211277,227.885498046875,3184700
2020-08-03,230.20050412880292,230.6746599837405,226.9371519574541,227.1416931152344,2577700
2020-08-04,225.4123929746119,228.2480642269541,225.02190919033237,226.71401977539065,2435500
2020-08-05,230.10753122360464,233.69627955075453,229.41952784128588,230.82342529296875,2166600
2020-08-06,230.0796302342591,230.572384598682,227.47639079664867,229.32655334472656,1938800
2020-08-07,227.57867200416092,228.40612882330788,226.5652725421804,228.0714263916016,1750100
2020-08-10,225.82149366017217,226.84419950213936,224.71511575472985,226.2398681640625,1159100
2020-08-11,230.18193566675663,230.79555922022587,227.30908110258144,227.64378356933597,1506500
2020-08-12,230.48872197152352,233.3615762182114,229.97736906681027,231.1581268310547,1323300
2020-08-13,229.83791998962647,232.3574733341873,229.83791998962647,231.7252655029297,1147700
2020-08-14,230.47011245257863,232.0134632598723,230.00524877711769,231.0372467041016,979300
2020-08-17,232.0971596823209,232.97110575377684,230.0982513425982,230.97218322753903,973500
2020-08-18,232.1901336906244,232.6642895732187,228.72224015921847,229.53111267089844,1013400
2020-08-19,230.82341700172603,231.7996335727903,229.27077400374407,229.8657989501953,1626100
2020-08-20,227.16029751115664,228.4340195104072,226.65823677034004,228.0714263916016,1905400
2020-08-21,223.54363726062465,227.7181038138825,223.35769463544943,227.13238525390625,1781100
2020-08-24,233.15704277834175,233.25002119555603,231.15813448686777,231.41845703125,1363000
2020-08-25,232.84094329195065,233.71488935895317,231.7438575312937,232.50624084472656,1064400
2020-08-26,232.16221736594483,236.38317319388992,231.5392875719218,235.1094512939453,844900
2020-08-27,235.92765467992064,236.1600865641686,232.56204553569515,233.2965240478516,1084000
2020-08-28,233.8357413940506,236.22514770462368,233.1291536526376,235.75099182128903,959900
2020-08-31,233.9752147821232,235.4627701985451,231.66018831151263,232.1901397705078,2297600
2020-09-01,232.40395430028545,238.98641166617824,231.08374312314228,238.8841552734375,2285800
2020-09-02,240.2494588126763,243.09578381926804,238.588319365202,242.8531646728516,2912700
2020-09-03,241.81727104414364,241.8359537722452,230.84254955323328,233.7262115478516,3305100
2020-09-04,234.33285584866883,235.13543009859615,227.23101143334597,231.15988159179688,2924700
2020-09-08,227.3709882470087,229.52673619094813,225.7378441391896,226.8203887939453,1849300
2020-09-09,229.43341921564905,236.6472459647316,229.43341921564905,234.37950134277344,1854800
2020-09-10,236.40456633100248,237.60842032816356,230.50657743359,230.77720642089844,1095400
2020-09-11,233.2129605237324,234.6407938716008,232.10243455085697,233.4649353027344,1382400
2020-09-14,234.9487485175313,236.70321628072327,233.84754972310915,234.47280883789065,1524900
2020-09-15,235.2660923687751,237.2911894623687,233.96890983454188,233.9875640869141,1401100
2020-09-16,233.58625458930277,235.07007913924403,231.8504552652572,232.22373962402344,1635000
2020-09-17,230.4599154502542,233.8008627249753,229.48002633293893,233.6702117919922,1506400
2020-09-18,232.6716573078191,233.8755112584977,228.87342482922992,229.6666717529297,2460200
2020-09-21,223.3114365571241,224.54330057195045,219.1865831642504,222.5182037353516,2180300
2020-09-22,221.95824738189208,222.74215302365192,220.3997632227203,222.32220458984372,2209100
2020-09-23,222.22893878644024,222.4529037384021,217.32016473759077,217.5814666748047,1753500
2020-09-24,217.82411173493392,219.75588062176925,216.22829027199396,218.84132385253903,1391200
2020-09-25,213.8298597664249,218.0666952180315,213.21392781728383,217.2081298828125,2227300
2020-09-28,222.02361306833672,222.9474969124582,220.61443388809224,221.22103881835935,1182300
2020-09-29,221.8835860632864,223.3114192718419,220.49308983162155,220.64239501953125,1178100
2020-09-30,220.2784458180221,223.99269195996405,220.16646336304987,222.22889709472656,2121000
2020-10-01,220.88507266061285,222.4528841458111,216.5922310875268,217.1614990234375,2480100
2020-10-02,213.96054499160732,219.2892528943388,213.83922115918364,216.64822387695312,2458600
2020-10-05,218.77594426273677,220.84770503779876,218.59864346261097,219.39187622070312,2728300
2020-10-06,220.36245029447025,221.9302616477781,216.3029153605582,216.5828857421875,1988400
2020-10-07,218.97195760082369,223.9833723049497,218.71065568730523,222.99415588378903,1791300
2020-10-08,222.91947513361205,224.32865414847583,221.2583355944051,221.874267578125,1537800
2020-10-09,223.19011535605796,225.2152120872555,222.87282224386323,223.91802978515625,1849800
2020-10-12,225.59784295983664,226.61505491100124,223.9180349157801,224.21665954589844,1453300
2020-10-13,222.90079275087692,223.12475763313645,219.1865470680644,220.2224273681641,1668300
2020-10-14,220.69842291805756,220.8104053803435,218.46801535825148,219.17726135253903,1077000
2020-10-15,213.7831821533989,215.3043434419789,212.77529745666035,214.2684631347656,2389200
2020-10-16,215.66833152569657,218.7759586528106,215.1643819851641,217.51611328125,1836100
2020-10-19,218.290684113448,218.76662378275836,214.1098254595616,214.52044677734372,1130000
2020-10-20,216.0416643633031,218.50537867024804,215.55638320348243,217.6654815673828,1415100
2020-10-21,216.9561532219048,219.87715215265425,215.31368227854531,215.49099731445312,1360300
2020-10-22,214.33381396346908,218.44934020559268,213.2046195301617,217.6280975341797,1466600
2020-10-23,220.61442312466505,221.10903132250857,218.15070926073076,218.6266632080078,1323700
2020-10-26,215.7056754575217,216.032309978472,211.17020034655823,212.7660217285156,1252300
2020-10-27,211.31019494198472,213.28864223393904,210.1436633330044,210.414306640625,1566400
2020-10-28,203.3124491820664,205.77616321972755,201.70730064723855,202.42588806152344,2297200
2020-10-29,201.2873535090036,206.7933767075764,199.8408515446672,205.1602325439453,2239900
2020-10-30,204.4976062205069,206.14940427767425,202.77113421196296,205.62680053710935,2480600
2020-11-02,210.08763935818877,214.83776615210405,209.0890958612368,213.3166046142578,2182600
2020-11-03,217.1054903704944,219.65319094946497,216.36824879456057,218.4586639404297,1595900
2020-11-04,218.0106952871255,222.5741650191813,216.5921892839029,219.57850646972656,2347200
2020-11-05,233.1196581493833,236.441937587867,231.7758115810334,233.0823211669922,2917800
2020-11-06,236.6005486471789,236.7218724619083,232.86764840205808,233.6049041748047,1725000
2020-11-09,250.71092629242628,251.765475249513,240.01617424224384,240.4454498291016,3184300
2020-11-10,244.98091427110575,246.8286816225541,242.367867072235,244.54229736328125,1935000
2020-11-11,245.06492618474329,245.2982324685292,239.73621863740743,242.28390502929688,1841200
2020-11-12,239.89484383559548,242.3865674035119,237.18849672002483,238.0377349853516,1669700
2020-11-13,240.3894598684961,241.35068062139987,238.72832026212535,239.8948516845703,1196700
2020-11-16,241.12673404094727,241.77997459933664,235.92866279204327,238.40171813964844,1720900
2020-11-17,236.84322167457927,237.67379154852657,234.24885670922092,235.30340576171875,1947400
2020-11-18,236.18991898023893,237.40311436493053,233.4928992182144,233.5862274169922,1180100
2020-11-19,233.30625697760823,236.37656105388467,232.1957169160134,236.1712646484375,1205300
2020-11-20,236.4792138521486,237.53376267919296,234.612763816252,235.238037109375,1345600
2020-11-23,236.9925411269463,238.16841401447817,234.3328578011066,235.30340576171875,1231300
2020-11-24,236.53524195772457,240.55742565185147,235.80731327334888,239.0549468994141,1982100
2020-11-25,238.81231773087063,238.92430019564367,236.14329314798596,236.4232635498047,1172000
2020-11-27,240.98674002793103,241.82663696450476,240.02551926545104,240.2401428222656,1082000
2020-11-30,243.8797178830895,244.05703294139968,238.25238556233245,239.297607421875,3384300
2020-12-01,243.37579344660108,243.80506903880237,240.25882488105557,241.6119842529297,1802900
2020-12-02,240.29404569289227,240.7436764668005,234.87986685460305,235.11404418945312,2060200
2020-12-03,236.6221384532901,236.73453899627836,230.20567398745084,230.61782836914065,2463800
2020-12-04,229.31577844049784,234.758056640625,229.278316361198,234.758056640625,3030900
2020-12-07,237.39025121861948,238.5424140465593,233.44671273449143,233.9712677001953,1771300
2020-12-08,232.30389894376785,234.23351775294515,230.9737734956267,233.4654235839844,1397500
2020-12-09,235.09530130101624,235.89150994081012,232.7348041039106,235.24517822265625,1450300
2020-12-10,234.98288404570835,236.4347862481142,233.61528224583637,235.0671844482422,1245900
2020-12-11,232.6129783042425,234.13981874899648,231.7699315174444,233.61524963378903,1328900
2020-12-14,235.0578044568156,235.59172125825896,231.9010990867292,231.92919921875,1814300
2020-12-15,233.76518914282144,236.97810972877372,233.5216498510232,235.73228454589844,1365800
2020-12-16,235.86339024505187,236.14440587656048,233.69959418061845,234.2990875244141,1355000
2020-12-17,239.6758480014583,240.9310352634727,238.95459199909237,240.38775634765625,1538600
2020-12-18,240.8560769118142,242.35481757144032,237.46517938534643,241.3619079589844,3525700
2020-12-21,234.17734342661484,238.88899043291423,231.8355699923487,238.0834197998047,1716200
2020-12-22,236.98745764415884,238.57049867973703,235.76973267117177,237.41835021972656,1162300
2020-12-23,239.9661621928384,241.46490266876495,238.76717552931655,238.95452880859372,1036700
2020-12-24,238.67350783974632,240.7155413351568,238.64540770709348,240.37831115722656,276400
2020-12-28,245.44593570176224,246.75732299901892,243.24466313881396,243.56314086914065,1257000
2020-12-29,246.47634345980592,246.6168441494297,242.26115125448104,243.00115966796875,881100
2020-12-30,244.4811518943528,245.82063946743887,243.9753208173593,245.2024078369141,924900
2020-12-31,245.848698281557,247.1319853621721,244.11578047629183,246.83226013183597,909300
2021-01-04,249.8296996298039,250.37300696728036,241.0808392406284,242.42970275878903,1741300
2021-01-05,241.25878885385495,246.57928957852985,241.25878885385495,246.2327117919922,1620000
2021-01-06,244.85577509890297,257.201595289336,244.84642744560352,254.3165435791016,2586600
2021-01-07,252.0309511687333,256.43349542574344,251.9747509089497,253.5858917236328,1757800
2021-01-08,254.8130499604086,255.14090395865065,250.972535808362,253.2862091064453,1879300
2021-01-11,247.5160577362844,252.0591035851521,247.46923370544943,250.59783935546875,1913200
2021-01-12,248.23734931828665,250.65404681791088,246.98216224324605,249.7454376220703,1785200
2021-01-13,249.7735095359267,251.53452745557104,249.36135518936752,250.78517150878903,1518800
2021-01-14,250.2699604957477,250.36363713420232,246.8603538275539,247.0008544921875,1903400
2021-01-15,245.3335311123616,245.3335311123616,240.6406084690024,241.7552947998047,1955300
2021-01-19,246.42009375694272,246.92589613813453,241.93324872758336,242.6451568603516,1643100
2021-01-20,241.13704788709072,244.20010533468133,241.00592346092884,241.10894775390625,1773300
2021-01-21,240.8560488760912,241.4274277850466,236.98743518253747,237.17477416992188,1559800
2021-01-22,235.2920050084472,238.4487106905401,235.2920050084472,235.5636444091797,1582000
2021-01-25,232.8097082224373,237.5026306624244,230.4304730417606,237.09983825683597,1990700
2021-01-26,238.42997281692493,241.3525154772305,238.1583334158348,239.65707397460935,1544600
2021-01-27,234.7018768526498,234.88921585159065,225.55959934967265,227.5360565185547,2681600
2021-01-28,231.33912420881592,235.30140101239184,230.4960914567534,233.7464599609375,2110400
2021-01-29,231.9199111907089,233.54042898319923,228.65080404912595,229.86851501464844,1647300
2021-02-01,232.5380891813275,235.30137882255607,230.37429293444364,234.58010864257807,1629200
2021-02-02,234.8798482117969,237.58693741607536,234.4114935792709,236.284912109375,1526000
2021-02-03,236.53782204345305,237.4464311526032,233.9993337059919,234.2990875244141,2365700
2021-02-04,234.1211030960604,236.4441379433577,231.6575532909169,233.40919494628903,2712300
2021-02-05,238.9076831633467,243.24463701910216,236.24743247854212,241.08084106445312,2806400
2021-02-08,242.72013701147037,243.5257219664077,239.4510303280085,241.05279541015625,1770400
2021-02-09,241.567983612887,241.73658443216584,238.8140415938811,239.44163513183597,1389500
2021-02-10,238.10215310352189,238.9639239944824,235.45126391516223,236.7251892089844,1585200
2021-02-11,238.06468661691852,239.0669725285275,235.85405187675832,237.09051513671875,1204000
2021-02-12,236.07884303827595,237.65252209001375,235.0203569586264,236.6876983642578,1478200
2021-02-16,236.5659445996089,238.42998702229875,234.03683226241336,234.3084716796875,2248900
2021-02-17,233.1375526354089,234.4489398005473,231.59198816984957,233.50286865234372,1653200
2021-02-18,232.15403630686976,235.33885659633157,230.8801110496951,234.11175537109372,2168500
2021-02-19,233.7370846006336,236.0226577175443,233.3811304713621,235.00164794921875,1962400
2021-02-22,234.2709868402498,236.0507286805424,233.44667813457392,235.1795959472656,2034700
2021-02-23,235.58241934387684,242.7950933188661,234.37407047992244,242.27053833007807,3013500
2021-02-24,241.67095731836056,242.9355203703848,238.38311339336357,238.4955139160156,2155900
2021-02-25,236.94060474513512,237.961614409439,231.27351085666703,231.3671875,2104700
2021-02-26,231.1611174725095,232.50061918976763,228.72566760097624,228.8099822998047,2599300
2021-03-01,231.7699467501681,236.5378073638408,231.61070790390696,235.572998046875,1517300
2021-03-02,237.13733835700472,240.72492252730024,236.9874614332761,237.93353271484372,1671200
2021-03-03,234.7018904871277,235.31076013536813,231.7981001022321,231.8824005126953,1782800
2021-03-04,232.83251377391412,234.8739122731478,228.1006056524458,230.8757781982422,2369400
2021-03-05,231.6848298271532,233.5757070302472,227.5455905783296,232.9642333984375,2136300
2021-03-08,233.7638255238891,241.4872853596337,233.13353323202884,238.646240234375,2450500
2021-03-09,245.7300375790511,249.20136129658005,242.72908261772895,246.79307556152344,2812100
2021-03-10,248.46762812078973,251.18637375991864,248.25127683106984,249.89756774902344,2192800
2021-03-11,252.90784855658765,253.99910742616865,251.40266291892323,251.52496337890625,1567200
2021-03-12,250.60308553710635,252.64446990943583,249.681152418261,252.5880279541016,1139100
2021-03-15,249.38949468808917,253.0677814292116,249.00378890250045,253.0583648681641,1680400
2021-03-16,252.21170835190983,255.61717322302556,252.21170835190983,254.74229431152344,1599500
2021-03-17,253.70753797359035,255.67367620808145,252.5033949354176,253.5758209228516,1670400
2021-03-18,251.70374275812532,254.4600969570991,250.75358862241828,252.02359008789065,1941900
2021-03-19,252.1175976841476,254.83634227532693,248.46753234811237,253.1712188720703,3845200
2021-03-22,252.6068302102817,255.55134326085275,251.7695887406256,254.33778381347656,1347400
2021-03-23,254.1778466339504,256.3227268101715,251.14867098332837,252.00474548339844,1539600
2021-03-24,250.98873874362727,255.0997854922436,250.8758548437163,253.78273010253903,1482100
2021-03-25,253.91444246886917,257.9031599740659,252.78554607240352,257.1788024902344,1847900
2021-03-26,258.70279684825204,265.1750750501183,258.166569615527,264.7235107421875,2235600
2021-03-29,263.52879199865555,266.463888310877,261.30863664131545,264.34722900390625,2449600
2021-03-30,263.65106451849243,264.1684585884122,262.1835165179288,262.7103271484375,1364100
2021-03-31,261.5814882887347,266.4639186086844,261.5814882887347,263.5382385253906,2218400
2021-04-01,262.5880632205776,264.75174798904305,260.74422575733564,264.1967163085937,1594900
2021-04-05,265.8147896186213,269.9728620618413,265.8147896186213,268.4864807128906,1400000
2021-04-06,267.6397589894257,268.3170909865472,265.6359839683985,267.2728576660156,1615800
2021-04-07,266.68967708677326,267.5645848213115,263.82985562431907,264.676513671875,3015900
2021-04-08,266.29457228937764,267.3011683093614,265.2127299010071,265.47613525390625,2003800
2021-04-09,266.9719022383238,268.3265665303516,265.0339852917622,267.9220275878906,1599000
2021-04-12,266.2474680336542,269.3989438218722,266.2474680336542,268.5146484375,1479900
2021-04-13,268.5429631725722,270.73489798753496,268.2701699229091,269.32379150390625,1543600
2021-04-14,267.95961872576447,269.5400505564488,267.282286697039,268.1571655273437,1325400
2021-04-15,269.9916887103189,271.685004891091,269.62478726936627,270.9042053222656,1449100
2021-04-16,271.72262368106146,273.4159684540048,271.4215807824452,272.7762451171875,1304400
2021-04-19,272.8044584879662,272.9361755183247,270.01988352598573,271.3557434082031,1675600
2021-04-20,270.13275439402014,270.79128209596723,268.75928574859097,268.900390625,1603200
2021-04-21,270.6406989821828,275.15622625240684,270.4525400504975,274.66705322265625,1176400
2021-04-22,273.4535536326256,274.51659153895974,271.09232216772693,271.5909118652344,930300
2021-04-23,271.2804688130923,275.0904729209756,270.7912956473847,274.3190612792969,1290600
2021-04-26,274.7235649475696,274.742369361906,271.65675157798404,272.3623046875,906300
2021-04-27,271.459202488,273.61349933633204,270.59374009124866,273.01141357421875,1199800
2021-04-28,271.336913286506,273.3406887774869,269.9446401446267,270.1233825683594,1366300
2021-04-29,271.2710600504988,272.1929931640625,268.9850747454625,272.1929931640625,1290400
2021-04-30,271.24281770047617,271.525056162323,268.486463848181,268.900390625,1932700
2021-05-03,270.31149401129187,272.4187367012813,270.0951140636836,271.5909118652344,974900
2021-05-04,267.43287217543644,268.92864144944946,265.24096629452026,266.2287292480469,2301700
2021-05-05,270.5467061118237,275.4197196865707,269.7470734597515,274.3284606933594,1763500
2021-05-06,277.49873315604617,278.9286436923387,274.3096195372069,278.8345642089844,2532800
2021-05-07,280.81018087379937,283.07736199360994,279.3332159133737,281.2146911621094,1883600
2021-05-10,284.1967564577784,285.86185121609856,283.1713562011719,283.1713562011719,1695700
2021-05-11,280.32093378713205,283.10550838306864,278.74047317573843,280.91357421875,1634800
2021-05-12,277.4611138557088,280.1233882845344,275.9089027599466,276.5580139160156,1776000
2021-05-13,277.1224154015488,281.0829405938122,276.41686233947684,280.292724609375,1569300
2021-05-14,281.816744166328,283.9522079894268,281.2617124777436,283.3219299316406,1210600
2021-05-17,284.2814359575048,285.240977766052,281.2804813679275,283.049072265625,1143000
2021-05-18,283.4535907722647,283.9239594840051,280.16100979008206,280.3397521972656,1305900
2021-05-19,277.21650058868573,278.91923305013074,274.26259997006264,278.5241394042969,1882400
2021-05-20,279.8788140121736,282.99265274254844,279.8788140121736,280.4620666503906,1272900
2021-05-21,281.976684534054,284.1309817185799,280.6596576101861,280.87603759765625,1923500
2021-05-24,283.3031317027777,285.1093605854371,282.738683382632,283.416015625,1058300
2021-05-25,284.488414644756,284.75181998141824,282.42819734017263,283.39715576171875,1330300
2021-05-26,283.25604916824864,283.7170013273541,279.83175110338414,282.0048522949219,1411600
2021-05-27,282.9173490387292,283.82986544105995,282.0048326363984,282.9549865722656,1710900
2021-05-28,284.6577333333996,285.0340225607317,282.22122685331595,282.7856750488281,1430900
2021-06-01,287.0848084521547,287.5927859130039,283.4159100918805,284.3472595214844,1418200
2021-06-02,285.3951958772884,285.4518364618715,282.5725011086669,283.1011657714844,1562800
2021-06-03,280.967633709222,281.9966428377527,279.48547105204506,281.62847900390625,1608200
2021-06-04,283.176655443537,284.8570598820414,281.8455441867911,283.0822448730469,1362200
2021-06-07,280.7787685978546,281.31685406175285,274.85014831529435,275.2655029296875,3591400
2021-06-08,277.0592718316258,277.8144988559441,275.0578654780602,276.13409423828125,1721800
2021-06-09,275.9547072219257,278.0127252357316,273.9344592002257,274.22711181640625,1720800
2021-06-10,275.80359282223714,276.7098707545345,273.9627166725724,274.0854187011719,1311000
2021-06-11,275.26562485140795,276.30408387249565,273.7268501316046,274.92578125,1437700
2021-06-14,274.71801751873244,275.237232488299,271.8292324228251,274.633056640625,1489400
2021-06-15,277.2669591022101,277.2858296939905,272.7827302939146,274.633056640625,2011500
2021-06-16,278.24868194596604,278.4752730434874,273.15082880761776,273.3585205078125,2364000
2021-06-17,272.58443762044084,273.2641534009674,269.40300015119203,271.1683654785156,2397800
2021-06-18,268.2229548684075,269.5823865046512,266.21212770604444,266.2404479980469,3882300
2021-06-21,270.6302931348148,272.4806194235225,269.41246296665656,272.1973876953125,2282800
2021-06-22,274.52923560360506,275.1806312389403,273.1603828472281,274.1044311523437,2406900
2021-06-23,273.5190065859657,274.10431167039235,268.3739340417932,268.8270874023437,2685000
2021-06-24,271.2345014326962,271.64043526732183,268.88383050049083,269.1764831542969,3124300
2021-06-25,269.18591135886663,270.8285459697025,267.1656344287023,269.1575622558594,23412000
2021-06-28,272.80154650759727,273.6417342303368,271.13059195109867,273.48126220703125,1969300
2021-06-29,275.43553193719765,276.7005531593222,273.5002157014323,274.123291015625,1181800
2021-06-30,272.0746788629016,273.6606727851602,271.8386668336347,272.92431640625,1546800
2021-07-01,273.4813363722925,274.6236266734594,272.7921707869256,274.5669860839844,1434800
2021-07-02,274.4348579612864,275.9925319262128,273.33975845362335,275.435546875,1066400
2021-07-06,275.14280225658075,275.57705627155184,271.3854808294936,272.3578491210937,1288100
2021-07-07,274.03827585056337,276.38894635346514,273.14141864942434,276.1623840332031,1228600
2021-07-08,270.97962326395424,271.848131538,268.7799746630324,270.9324035644531,1587100
2021-07-09,274.6236115141209,277.3802448933554,273.84948508727365,276.33233642578125,1405800
2021-07-12,275.9924820499099,278.1732309687239,275.4071768072932,276.1529541015625,1382800
2021-07-13,275.60543169498555,276.1812872637295,272.6694268343129,273.5096435546875,1343000
2021-07-14,274.52922696651416,275.7753776044774,273.30197573250206,274.8030090332031,1106200
2021-07-15,273.0376455860819,277.0781710852806,272.8205041093483,275.70928955078125,1220900
2021-07-16,276.3890009270442,276.76664328212865,272.9715508080243,273.840087890625,1306300
2021-07-19,269.2709132907396,269.45970566912314,266.9296630802502,268.74224853515625,1718100
2021-07-20,269.2992181941662,275.20894076199414,268.7044631756156,274.123291015625,1973600
2021-07-21,275.57719561815406,278.22996954565355,275.2184525856684,277.73907470703125,1370200
2021-07-22,280.06127464530334,280.42943837290954,278.0598975555976,278.70184326171875,914600
2021-07-23,280.5710998437202,282.2892454472053,279.6081523673065,282.09100341796875,1102700
2021-07-26,282.7708000262974,283.2428241994665,280.24075737252747,281.7701110839844,1398400
2021-07-27,280.9959149206745,283.80918866751745,279.04172841340505,282.1287841796875,1551300
2021-07-28,281.3735416819962,281.9966169228508,279.9857897387436,280.2501220703125,1063500
2021-07-29,281.06200732868314,283.7619711219954,280.6938147331975,282.6952209472656,1295000
2021-07-30,285.48009902966203,291.52200024736845,285.10248560544113,290.19091796875,2516600
2021-08-02,291.45600899994844,292.83431129492664,283.3277390768891,283.4221496582031,1927600
2021-08-03,283.8658619485338,286.2448530944273,283.2616572581108,285.9710998535156,1133000
2021-08-04,287.4437283037984,290.5024344225343,287.4437283037984,288.5199279785156,1476700
2021-08-05,290.20038045561085,291.7014134788394,287.387135553359,287.774169921875,1586500
2021-08-06,287.90640479140467,289.70954046145494,286.9245865144519,288.75604248046875,858900
2021-08-09,288.9825674212249,289.04865770660973,284.8570815860187,286.29205322265625,910300
2021-08-10,285.0647887063155,287.65150038604025,284.1113196074628,284.8948669433594,1448400
2021-08-11,290.15319407689805,290.67240901642674,286.67910392608184,289.16192626953125,1803100
2021-08-12,290.76679091239754,291.4087366532445,287.72695512772924,289.50177001953125,784500
2021-08-13,290.89908064783174,292.1074614176991,290.11550436147047,292.08856201171875,816500
2021-08-16,292.53215038910315,294.26919525925155,291.0688875069305,293.9293518066406,1262500
2021-08-17,294.1465148527266,294.83568038545195,290.5591433463561,294.0898742675781,1408500
2021-08-18,294.9395162081884,296.7803926929952,292.3717042574811,292.5699462890625,1278800
2021-08-19,291.00282731613913,294.4863671158234,290.53080326534246,293.75946044921875,1402500
2021-08-20,293.4762766079459,296.5444334386374,293.3346751316196,296.28955078125,1165200
2021-08-23,295.3737577743586,296.7709304465179,295.3171171963013,295.3265380859375,988600
2021-08-24,296.1856357766273,296.7237500973263,294.4485907644257,294.99615478515625,689100
2021-08-25,293.1647404324919,296.0157556670523,292.6360757374749,295.3454895019531,801400
2021-08-26,295.99688068563444,296.3556236112337,293.8066819472869,293.9010925292969,880100
2021-08-27,295.7609185547699,297.3657834795536,294.8640610893984,296.94097900390625,1268900
2021-08-30,297.9226989538697,298.5929938756355,296.9881005157161,297.8943786621094,747500
2021-08-31,297.4978922022097,297.81886510961834,295.93076884717044,296.98809814453125,1492900
2021-09-01,295.9496784452137,297.8377749565184,294.6657866463585,296.31787109375,1050700
2021-09-02,297.84288449164524,299.0174904967792,297.24611422191407,298.9227600097656,893000
2021-09-03,297.8333628724488,299.50049764646343,296.8103201013441,296.89556884765625,1150800
2021-09-07,299.5952977910276,300.305733083207,296.2894148152123,298.98907470703125,1382700
2021-09-08,297.4829604087238,299.1596063905877,293.97816324515185,295.1527404785156,1521800
2021-09-09,296.421980377111,298.8658936902418,295.7115451664051,296.2041320800781,1211200
2021-09-10,296.6303857112903,297.61553066366474,293.7507468007946,294.0633544921875,971100
2021-09-13,297.9659628800192,298.9226914363151,294.7642639441627,296.9618835449219,1354000
2021-09-14,298.97014608233644,299.12170909790774,294.5843870759642,295.4842834472656,1128600
2021-09-15,296.9430546179127,298.43021071177753,295.12432732380233,297.9376525878906,1419000
2021-09-16,297.520876895206,298.269210295761,293.5708721623808,296.56414794921875,1232300
2021-09-17,293.030918700284,294.84961708383486,289.838700353036,293.00250244140625,6512400
2021-09-20,285.8791423382855,288.4935533938069,283.7667999604763,286.2675170898437,1885200
2021-09-21,289.3935008623797,289.9523732405684,287.0632519405473,288.8724975585937,1216200
2021-09-22,289.9239409504372,292.9740779172474,289.5639824096819,289.9144592285156,1334000
2021-09-23,292.5761389585183,295.3989450653499,292.2730130193255,293.9970092773437,1066900
2021-09-24,291.9605215131624,294.7075325022263,291.57214670770634,293.8929138183594,926200
2021-09-27,294.1106988272498,295.81576069677146,292.1972703782813,292.8982238769531,1021600
2021-09-28,289.4218588312113,289.5450055674437,282.49748551743374,284.1077880859375,2278000
2021-09-29,283.86159799496494,284.6572822212783,282.58280841751093,283.35955810546875,1197700
2021-09-30,283.50155336664176,284.60981613175824,277.8275243666986,277.9033203125,2084800
2021-10-01,279.94943460857434,282.79117609718253,277.1266276564554,282.1375732421875,1597400
2021-10-04,280.83983215055014,282.2512210868084,276.596154712576,279.1063537597656,1495200
2021-10-05,279.2768802164057,283.852100396436,278.7274895579014,282.1186218261719,1359900
2021-10-06,278.33908709999605,280.61247438055153,274.9574079822877,280.4324951171875,2050200
2021-10-07,281.8249797027655,286.4286161784738,281.7586943678657,283.37847900390625,1375800
2021-10-08,283.8425914262056,284.4677779892616,280.09150095555697,280.56512451171875,909400
2021-10-11,279.9683655403391,282.45014844987253,279.1537468664509,279.2863464355469,748800
2021-10-12,280.1198903971304,281.4176141915543,278.6895381439875,280.20513916015625,1063900
2021-10-13,283.00898785539704,286.1917529431584,282.15647130056857,285.11187744140625,1430000
2021-10-14,288.29468992899143,292.83201209269066,287.62215251388005,292.48150634765625,1126400
2021-10-15,292.2352063652694,293.21086970291105,290.40699752812463,291.9794311523437,1230500
2021-10-18,291.07012147784184,292.2541804901195,289.63976894054935,291.7237243652344,1010600
2021-10-19,291.7900537526481,294.58441582204574,290.7764922476854,294.290771484375,984800
2021-10-20,294.7359013476348,295.54106708758343,293.84548684571774,294.8022155761719,745300
2021-10-21,294.75488213226146,295.16219143263874,292.140470980656,294.8874816894531,856900
2021-10-22,296.5262368431978,298.37335132218846,296.3462575836677,297.5776672363281,1214800
2021-10-25,298.449189013153,301.0162208892413,297.39772956529816,299.9742431640625,1225400
2021-10-26,301.0729789387441,302.27597220570595,299.97416896468457,300.0594177246094,1069800
2021-10-27,302.6454418954289,304.46416900742213,300.0499941481,302.1434020996094,1536000
2021-10-28,299.7563222069959,301.6508161911572,298.97009101526584,301.1866455078125,1565000
2021-10-29,300.8835032814406,305.6955045596098,300.13517017586054,302.3612060546875,1890800
2021-11-01,304.4642124623511,307.2112236033896,303.5737977679351,305.93243408203125,1367700
2021-11-02,309.8729123810374,311.39796615884114,308.821453190423,310.2897033691406,2012300
2021-11-03,312.48738544906126,312.7431317803717,308.139495462955,311.08544921875,1856300
2021-11-04,312.0231352698811,314.1355063461812,311.01905582926406,314.0123596191406,1628200
2021-11-05,313.99339471334395,315.0637593661725,313.2166453622892,314.4764709472656,1693200
2021-11-08,317.640379388957,320.07481154291327,317.3846330609587,319.7243347167969,1448700
2021-11-09,322.0451071361909,322.2156046909958,319.7243399787062,320.7568359375,1813000
2021-11-10,319.856900844741,320.7757315727651,317.81084389653216,318.8622741699219,1540100
2021-11-11,319.77164000574834,319.96110097502253,317.9340073606779,317.95294189453125,924900
2021-11-12,319.96115857870683,319.96115857870683,317.85826863498806,319.2412414550781,1044100
2021-11-15,318.9665279291799,318.9665279291799,315.20595576772297,316.3900146484375,1274900
2021-11-16,316.3331586918583,317.6308825037193,315.3101157064319,315.40484619140625,1604300
2021-11-17,316.70258198337774,316.78783075077376,313.6050944705749,313.99346923828125,1304600
2021-11-18,313.9744828505177,314.25867429542217,311.8053080318074,313.53875732421875,1762900
2021-11-19,314.3155388241618,315.66061351428067,313.0367494610243,314.666015625,2067000
2021-11-22,315.21543367796346,316.73103494748284,312.34527587890625,312.34527587890625,955500
2021-11-23,311.6253756751489,313.97453009010627,311.2085846193941,312.828369140625,986800
2021-11-24,308.15839254350675,310.981170025329,307.7037035891853,309.986572265625,1327400
2021-11-26,306.1312975298479,307.3532543298708,302.3044402257711,303.65899658203125,1319000
2021-11-29,304.53992432736493,305.62925264528803,301.8118482182696,303.82000732421875,1857200
2021-11-30,303.46006907640543,303.85792558040487,299.140624584608,301.3572082519531,3243900
2021-12-01,304.72941428857337,308.62258613001626,301.451918394434,301.4992980957031,2459500
2021-12-02,304.13194444444446,308.58938057555093,303.5616912477546,307.93359375,2183900
2021-12-03,309.0550079342537,310.78476496327136,302.4781722697805,304.79718017578125,2566700
2021-12-06,309.03600328258966,310.243016213386,307.42029110373727,308.9124450683594,1672900
2021-12-07,314.26329758293707,316.03105033066674,313.6265086550575,314.2537841796875,1797500
2021-12-08,317.3426618104304,317.4662200503651,314.43440248689586,316.6678771972656,1370100
2021-12-09,314.6339917823089,317.43771977122293,314.1112765999676,315.65093994140625,1086500
2021-12-10,316.4587900974944,318.2360564881718,316.28772284159953,317.4377136230469,1116600
2021-12-13,317.1335361115953,318.8632932775855,314.9856242613085,317.6182556152344,1016800
2021-12-14,318.56872019614406,319.39557430587473,316.5063126200033,317.9129333496094,1631400
2021-12-15,319.5190636401506,324.4802162328134,318.0269096007693,324.43267822265625,1445100
2021-12-16,323.9954793730648,326.28597601658504,321.79051633810644,323.1496276855469,1449500
2021-12-17,321.36282057780227,322.1801609919708,316.6012470819465,317.2760314941406,2791400
2021-12-20,313.9781201117543,314.2727745398162,310.7942628544245,313.94012451171875,1621800
2021-12-21,314.0162052122039,317.44720855640657,313.2368601972095,316.3827514648437,1051900
2021-12-22,315.6698884091299,318.90128374410926,315.0045883382773,318.720703125,923400
2021-12-23,318.72076697132684,323.74845610219245,318.5972087330508,322.3513488769531,1151900
2021-12-27,324.87935269698846,326.81820148616697,323.77690019385926,326.3905334472656,1094400
2021-12-28,326.3525455354721,327.84469964893884,325.8868528393281,326.7422180175781,926400
2021-12-29,327.1034113457586,329.3178592245478,326.8943194813178,328.2723999023437,802100
2021-12-30,328.13933755074453,329.05172517518315,326.7137191981868,327.25543212890625,925300
2021-12-31,326.67570315257456,329.76454299743466,326.5901695296921,329.2513122558594,817800
2022-01-03,329.24180083018024,329.4033546587147,321.5814519597931,321.8475952148437,1514700
2022-01-04,322.151722046093,328.4909843955847,321.4959352856532,327.7116394042969,1919900
2022-01-05,330.4488875438216,334.71622991091164,329.14682720490987,329.2323608398437,1654900
2022-01-06,327.5881046491044,328.3674496962417,320.9542453569104,321.2488708496094,1649400
2022-01-07,321.2583835595592,321.41996642670483,316.7724359474465,319.60467529296875,1441000
2022-01-10,316.8864138219856,318.9107672229495,314.2537537532314,318.7967224121094,1415600
2022-01-11,317.61824786933664,319.7851864735262,314.5864307032441,319.7471618652344,1571700
2022-01-12,321.5339416873384,324.9649447328739,320.4599712852852,324.3661804199219,1274400
2022-01-13,321.50545616185525,323.0831439841998,316.28770216813353,316.876953125,1446200
2022-01-14,312.8281883066504,314.3393403133946,309.0455660899643,312.333984375,1850700
2022-01-18,306.82157775258145,307.74347880681154,302.66828080869175,305.2344055175781,2207400
2022-01-19,309.22613920743834,310.61376208083715,305.8996960799696,306.2133483886719,1442400
2022-01-20,307.76250332515866,311.35506048830416,305.319936869178,305.7286071777344,1611700
2022-01-21,304.7972405762287,306.0517627869387,299.85508494374733,300.4443359375,1921800
2022-01-24,298.23931211579304,301.0715506793151,289.0488431435661,300.4822998046875,2877700
2022-01-25,294.9794358976252,300.5393531820301,291.1112512035991,298.0397644042969,1941600
2022-01-26,301.3756891099237,301.9839377846153,290.598019147596,293.6108093261719,2092900
2022-01-27,295.3216072033352,298.4864672159404,292.06167116113494,295.9108581542969,2151600
2022-01-28,292.11870414199853,299.35135666718224,290.2749310047363,299.3228454589844,1898400
2022-01-31,294.684831105657,303.0864722342055,294.20011155837955,302.8773803710937,2381400
2022-02-01,304.5501143061138,306.1087753681164,300.26374562811475,305.4720153808594,1875800
2022-02-02,304.4454905215353,308.4182350813288,304.1318672952681,306.3083190917969,1730400
2022-02-03,303.248047197056,303.67571531210524,295.55921548306856,296.3385314941406,1556300
2022-02-04,286.46376453274024,289.31500133031386,282.75716249675054,283.203857421875,3291600
2022-02-07,281.9968274652596,284.78155756779154,280.8563500995237,281.76873779296875,2533400
2022-02-08,281.816178241712,284.781488281452,280.2955421240297,283.8975830078125,1993000
2022-02-09,287.7562368304169,289.8471548759558,286.7868270116342,289.0678100585937,1880800
2022-02-10,294.3331939431613,301.1381496404706,292.0522101741422,293.53485107421875,2497900
2022-02-11,291.7575075694821,293.7723765163649,278.9554558317054,280.1149597167969,2209700
2022-02-14,279.630289939152,281.1794665284117,275.92368801028863,278.9555053710937,1774400
2022-02-15,285.6654078689123,287.6137413178084,284.0972335070839,286.929443359375,1697600
2022-02-16,286.3687348145486,290.13235949363553,284.27781610156563,288.7637634277344,1805400
2022-02-17,286.99598155612085,287.6422549099239,283.2228438520151,284.1447448730469,2055900
2022-02-18,284.94311197013934,290.1228706546149,283.8216324068257,287.84185791015625,2871400
2022-02-22,276.76005449824885,280.4381452078718,275.37243175174393,279.0315246582031,3590700
2022-02-23,281.1794584669477,282.3864715335565,276.23730336730245,276.6554870605469,3391600
2022-02-24,263.0265981689239,271.7228647194522,263.0265981689239,271.1051025390625,4444500
2022-02-25,273.41452786362623,282.89013703339737,273.3385076625409,282.7380676269531,2888900
2022-02-28,273.6807374302109,280.1055343207202,273.6807374302109,278.69891357421875,3233300
2022-03-01,277.5203551686232,278.59432556732327,266.63812416047125,268.5484619140625,3439200
2022-03-02,270.03107906560103,277.5488421973766,268.43439371131467,275.8096008300781,2964500
2022-03-03,276.1707801058314,277.3778222315896,271.5042814607616,273.1579895019531,3092200
2022-03-04,264.5567150116219,267.5790477245418,262.66540409404683,267.4744873046875,3849600
2022-03-07,266.9137823750236,267.27494368365154,256.48775845870915,257.5522155761719,3732000
2022-03-08,259.93770497111376,264.7657855958991,254.24474586938496,257.9798583984375,3117300
2022-03-09,270.2212900461055,281.60721327908163,267.9593036463364,278.25225830078125,4117600
2022-03-10,267.69842001899184,274.9886874265147,267.3358096831042,270.5038452148437,2525900
2022-03-11,275.1509236286298,276.24827710907806,267.49801662383203,267.9083557128906,2007300
2022-03-14,275.44672146224843,279.24454923076416,271.5725684709375,272.2977600097656,2541100
2022-03-15,276.8876567077202,281.0957660009892,274.1871819371086,280.63775634765625,3413500
2022-03-16,289.20669320952607,294.19730377379307,284.91267784361025,290.59033203125,3535700
2022-03-17,289.025407468931,295.89581435236164,288.3097382651994,295.2087707519531,2265300
2022-03-18,290.7620719051644,298.2623001989771,290.7620719051644,297.3939514160156,3242700
2022-03-21,297.26989970756205,298.1573225257225,294.2068436883912,296.4779052734375,1556300
2022-03-22,297.62298587033183,299.0543244004431,295.4378008939114,297.84246826171875,1721900
2022-03-23,293.65344323156773,296.49704664604985,292.8996258039721,293.23358154296875,1854000
2022-03-24,295.52375460935434,303.56787146011783,295.52375460935434,303.48199462890625,2115900
2022-03-25,305.96292384257805,306.2491798869287,301.2967464750731,304.1498718261719,1813500
2022-03-28,304.75100178131936,307.92858909257075,304.4361201706175,307.871337890625,1722500
2022-03-29,312.72836509556515,313.9402211191855,306.0583083767328,311.4019775390625,2514200
2022-03-30,309.74169651785445,311.5928968756829,307.6996393542181,310.7149963378906,1526700
2022-03-31,308.72058860508304,310.0087989116089,304.6078788464952,304.8082580566406,2311300
2022-04-01,306.20144288287065,308.11941638725307,305.7052269723492,307.95721435546875,1477700
2022-04-04,305.70525943205195,307.2415778341087,304.5697286063833,306.7262878417969,1301800
2022-04-05,306.1442242260917,310.16153546486936,305.99157373742395,307.04119873046875,1376900
2022-04-06,301.5543842397784,302.4132106350025,297.842461544809,300.6287841796875,2257600
2022-04-07,302.27959899107685,304.87509391316064,299.97036011454594,303.491455078125,1471400
2022-04-08,302.9666134899176,306.74533853115867,302.6135546941315,303.27197265625,1357200
2022-04-11,303.30059893228656,304.798740044823,302.2604965702669,302.63262939453125,1235700
2022-04-12,300.4951798238786,303.07157140832607,298.5676546425671,299.6268310546875,1827900
2022-04-13,299.6268510333056,304.808289270816,299.1783638175697,304.63653564453125,1208900
2022-04-14,304.3598335786698,306.0202061666923,302.1269488437347,303.9399719238281,1785300
2022-04-18,303.9112574568573,305.2567188500242,301.2394378169409,303.0047607421875,915800
2022-04-19,300.66695539690875,304.5506607662906,300.16121696919816,303.5868835449219,1944600
2022-04-20,305.27586540711474,312.8619414209767,305.27586540711474,311.4306030273437,1957100
2022-04-21,316.02995023704773,317.0986781531724,308.7682789344753,309.5221252441406,1475000
2022-04-22,307.8904367678218,307.8904367678218,294.8843371307831,295.5427551269531,2339100
2022-04-25,297.05044018180075,299.78909232305034,292.48924263237166,299.6173095703125,2293300
2022-04-26,297.3748621767648,299.1974073375877,289.6360778808594,289.6360778808594,2500300
2022-04-27,290.4376176393598,295.86716319232374,289.5788204931949,292.98541259765625,2610900
2022-04-28,291.515911519841,302.0314668136518,289.14942162374064,300.7623596191406,3304900
2022-04-29,299.1783167898818,304.3025030131624,296.73550186452144,297.68017578125,2534900
2022-05-02,300.16122746763625,301.2013299639988,292.85185526687815,298.9493713378906,2195400
2022-05-03,299.74136442057073,302.1937313946782,297.64208540762235,299.63641357421875,1771900
2022-05-04,300.399705543891,308.1193857846724,297.85193995118976,307.4895935058594,1730100
2022-05-05,304.2834585999294,305.04682741815213,295.2660151913226,298.3004455566406,1769500
2022-05-06,291.496880267426,295.6382163528296,289.8842364884643,294.53131103515625,2273000
2022-05-09,289.81748151469475,291.6114308041132,286.096006457211,286.525390625,2027000
2022-05-10,292.1838812868903,292.6132653211521,284.4450967686794,285.6760559082031,2524900
2022-05-11,284.4355434701815,292.6896179001256,283.78667707523925,286.69708251953125,1759200
2022-05-12,282.9374590875001,288.4910302836992,282.7561538828819,287.5463562011719,2455200
2022-05-13,289.4071227506199,296.93594843404776,288.73915310763965,294.6362609863281,1845400
2022-05-16,293.2812760206752,297.3653608699736,290.97203700333785,295.2756042480469,1598800
2022-05-17,302.41317283340226,304.30252077715204,300.5142441949315,304.178466796875,1396600
2022-05-18,300.2184543442714,301.81202391324246,294.7698343087773,295.8767395019531,1737200
2022-05-19,294.349971704118,299.72226648608034,293.853784876047,296.4779052734375,1957800
2022-05-20,301.0677794613459,302.2510100875132,293.26219059715595,300.7528686523437,2372000
2022-05-23,305.27590837520233,308.7206492828178,304.14037742677334,305.7530212402344,1981100
2022-05-24,306.3064275740501,306.9171459558505,301.2394918027112,305.8197631835937,1707700
2022-05-25,304.16895077075486,305.3903583305452,298.94933575932555,301.39215087890625,2260100
2022-05-26,303.0143073966311,307.0220662972572,302.6612486075129,305.66705322265625,2651600
2022-05-27,309.0832103666781,314.71313545096626,308.55836882655194,314.5413818359375,1879000
2022-05-31,309.5984484024854,312.8428089983414,308.11938153274974,309.8179016113281,2510400
2022-06-01,308.7206188096223,310.24738565115246,303.252895432626,304.98004150390625,1853800
2022-06-02,309.86452736105224,319.3077480449158,309.2802958163227,319.0970458984375,2282400
2022-06-03,316.3291903622852,319.4609622912799,315.87905532408263,317.8711242675781,1332800
2022-06-06,322.16174350068326,323.7036772670813,319.26937551367234,321.3285217285156,1728400
2022-06-07,317.5263643690233,321.9223492036562,317.20073911027094,321.5679931640625,1726100
2022-06-08,316.9421342531434,319.6429445747484,313.4560061758603,314.71063232421875,1917000
2022-06-09,310.5444677182458,312.7951427978168,305.1237034174499,305.219482421875,1666100
2022-06-10,299.2432962486905,300.04778740940986,294.84728180657754,297.7492370605469,2007900
2022-06-13,289.83836103441223,291.6293147110573,287.0800889479127,288.5932922363281,2039600
2022-06-14,286.61079112397874,287.42483966762615,280.82608360889367,283.1246337890625,2420300
2022-06-15,286.9363449079487,290.0393854167924,281.6305045532945,287.3098449707031,1979500
2022-06-16,277.5889221384762,279.2840965405948,275.6638722786315,277.4739990234375,2986900
2022-06-17,272.9918113140714,280.14606721719207,271.6797237568136,278.3934020996094,5565600
2022-06-21,280.98893356931814,287.9037287804087,280.4621635675873,286.1510925292969,3779400
2022-06-22,281.18042262403384,288.18143842342937,280.9409897191909,285.787109375,2768900
2022-06-23,284.40798757630563,287.11838456071143,280.61537835969165,284.2834777832031,2812400
2022-06-24,284.9347079989444,291.74416493661244,284.8868038873432,290.4129333496094,23958800
2022-06-27,286.95548183510874,288.08559788997445,283.00004641543563,283.7375183105469,2714300
2022-06-28,283.7279844897058,286.3617463710449,279.8395965594681,280.9984436035156,2535500
2022-06-29,278.82445712095694,279.98330438824206,276.43971434731,279.0926208496094,1951200
2022-06-30,272.11071840008907,277.3495118232727,270.5591977654336,275.3765869140625,2926900
2022-07-01,271.5360812394753,274.03577617648773,269.0555596421727,273.3749389648437,3307600
2022-07-05,260.6754210095273,261.9109031522356,255.55155029541964,259.1909484863281,4332700
2022-07-06,258.2139316067433,263.8358391032655,258.1564700647641,262.6961364746094,3484100
2022-07-07,263.2038284709849,264.58296443446864,262.0258079774442,262.3035583496094,2338000
2022-07-08,263.14636609496085,264.6978867421726,260.47428652051207,262.11199951171875,1711900
2022-07-11,259.48775815655887,266.4121669754276,259.3057868451227,265.0713195800781,2251700
2022-07-12,263.33783707717106,265.9141370723213,261.5660280103274,261.9778747558594,2146600
2022-07-13,258.72163018007126,264.2094135790033,257.9171099103705,263.1176147460937,2423300
2022-07-14,256.4996708958731,257.744710220592,253.91378401819875,257.6393737792969,2473800
2022-07-15,263.6252223715508,265.27252197265625,261.7097590785282,265.27252197265625,2370100
2022-07-18,267.93503785412787,268.7299423290194,264.59253424516083,265.41619873046875,2244100
2022-07-19,268.9502040316348,274.31350701873305,268.452164877079,273.6718139648437,2097500
2022-07-20,272.378840992322,273.71965928734465,270.0132429466708,271.172119140625,1997000
2022-07-21,270.5591820187533,275.0988205341139,270.16650854815146,274.897705078125,1544800
2022-07-22,275.0413064446174,276.49707693127635,272.5224680945478,273.4706420898437,1203700
2022-07-25,274.7923731881402,276.0757300699184,272.54169800352355,275.91290283203125,1460700
2022-07-26,272.5034100939694,275.4915284384594,272.3310253958611,274.50506591796875,1448500
2022-07-27,274.0931806726549,278.44128987193915,273.0588142838545,278.1731262207031,3179200
2022-07-28,274.33264663662624,284.7527713031589,274.33264663662624,284.3792419433594,1941300
2022-07-29,286.486269707847,290.336340372756,286.1223270087842,289.2349548339844,1711400
2022-08-01,287.73127444596963,289.51267027716125,285.873272953101,287.3865051269531,1247900
2022-08-02,285.81585210374584,287.9132867760706,283.3161865019524,285.05926513671875,1428100
2022-08-03,287.2045074461531,288.5932004905196,283.2873893837485,287.3768920898437,1297100
2022-08-04,288.67946503407825,291.26532275749054,288.67946503407825,289.4647827148437,1451100
2022-08-05,287.4248113327088,289.30198627921624,286.744830092549,289.2062072753906,1113100
2022-08-08,292.7402333452911,292.931762121493,287.9803063033372,288.258056640625,1081700
2022-08-09,287.94194727126416,289.9436024435215,287.09913894028347,287.96112060546875,884200
2022-08-10,295.00049968580083,298.12271429570166,293.4777098315505,296.3221740722656,1246500
2022-08-11,296.1688958695529,296.9446560886757,292.6923256584077,292.9413452148437,1165400
2022-08-12,293.04674349435965,298.40045995996707,292.6540700069164,298.3812866210937,1149000
2022-08-15,296.74354754401435,299.22406881472057,295.1728829601677,299.01336669921875,1263500
2022-08-16,296.2168621136152,300.2297604975004,296.1785446597464,299.0900573730469,938400
2022-08-17,295.4218461501924,297.0500013683454,294.0235663636045,296.37957763671875,912200
2022-08-18,296.446669077639,297.9503147453534,295.09626397742886,297.05963134765625,1113600
2022-08-19,295.4602054297679,295.4889362093261,290.4129703030512,290.9109802246094,1154000
2022-08-22,283.88123399844164,284.9538887402224,282.00408820032527,283.2874450683594,1966500
2022-08-23,281.04635801547494,284.0057452396016,279.858750921582,281.7454833984375,1461600
2022-08-24,281.7741441703185,282.50202937982806,279.6575659813911,280.73980712890625,1439300
2022-08-25,281.91789983457323,284.9635089686625,280.53879302390555,284.5612487792969,1332400
2022-08-26,284.41754900894114,284.656981904385,273.9399631661066,274.1506652832031,1782500
2022-08-29,274.2464497108504,276.62160537493327,273.63348745712,275.357421875,1456100
2022-08-30,277.2632901026876,277.77088666675763,270.7028229887525,272.6182861328125,1674300
2022-08-31,272.8865034577501,273.6718505158621,270.3772509220957,270.90399169921875,2947800
2022-09-01,267.1917630718392,268.89400783332485,262.8352197933879,268.4516296386719,3096300
2022-09-02,272.221538126632,274.8662397316098,265.91272500959064,267.0763854980469,2400600
2022-09-06,265.77803797107737,268.48046881604404,263.2968402379968,266.3358459472656,2738500
2022-09-07,266.9801830707766,275.15471452081704,266.7301585367158,274.88543701171875,1313700
2022-09-08,268.95170522376924,273.23129525423707,268.8074546562788,273.0389709472656,1510300
2022-09-09,275.3951314368529,277.0300494042667,274.16414439223945,276.0394897460937,1679400
2022-09-12,281.6943520885511,283.8774222345338,279.6170559071319,283.23309326171875,1752700
2022-09-13,277.5781589422384,280.4151837574657,274.029449290261,274.6449279785156,1752500
2022-09-14,274.67381423854755,276.4529825410554,272.4138205735418,275.5970764160156,1325300
2022-09-15,274.03917988694826,276.6550313411725,271.8272300552378,272.0676574707031,1382600
2022-09-16,269.6057178134946,273.0390287923724,267.8553989596683,272.51007080078125,3278300
2022-09-19,269.778710196272,274.3853064378509,269.39403230626004,274.2218322753906,1144000
2022-09-20,269.80757520588776,271.9137212551502,268.35541388971126,270.75006103515625,1589700
2022-09-21,271.0963687483095,272.8370610044365,265.78771227742334,265.94158935546875,1428600
2022-09-22,266.00883782838304,266.83589386189936,262.8351790567616,263.5757141113281,1537400
2022-09-23,259.4884745147986,260.21935380612416,255.6897101011362,258.8441162109375,1947200
2022-09-26,256.04552159222266,259.248030583939,252.900742170208,254.13172912597656,2174000
2022-09-27,257.76700470078674,258.853741167848,252.41990205052517,255.04537963867188,1947400
2022-09-28,256.2378567526063,262.4408941674603,254.8049191278496,261.0560302734375,1880200
2022-09-29,258.1132719209667,260.1328387448312,255.0646393593653,259.2865295410156,1463900
2022-09-30,259.78666547913565,263.64313105763523,259.0461301710938,259.267333984375,2625100
2022-10-03,262.094725628331,266.7109201362842,260.89258858469225,265.2587585449219,3081000
2022-10-04,272.75048490033373,276.17419857117306,272.0292025963215,275.4913635253906,2425100
2022-10-05,272.56769516171283,275.35664659385765,270.5480995215245,272.92352294921875,1861400
2022-10-06,269.6633173260239,271.4424856348919,266.7108623428414,268.1438293457031,2182300
2022-10-07,265.8934810240397,266.3935594508534,261.45998450236,262.73907470703125,1587900
2022-10-10,263.4122239635024,264.2777566364098,259.82506634207806,261.4214782714844,1207900
2022-10-11,259.95008258334605,264.51820299782656,258.6421716680056,260.623291015625,1092900
2022-10-12,260.70019260223773,263.3352965315272,259.6423356547821,261.190673828125,1437300
2022-10-13,256.75725406743715,272.1830557908991,256.0263453384825,271.6445007324219,2124500
2022-10-14,274.75085108773567,276.57809367816424,264.44132175916275,264.7971496582031,1640000
2022-10-17,270.48080337748706,272.8370034487492,269.83644508341666,270.1634521484375,1508200
2022-10-18,277.1358330464112,277.77053547440613,271.952204875114,273.7602233886719,1692800
2022-10-19,273.12552128775985,275.14511727976753,271.02900144277305,273.0389709472656,1186500
2022-10-20,273.51982919767494,277.1743139158738,270.721250756776,271.4233093261719,1345100
2022-10-21,269.72103839376,277.67439474926965,268.83628208843294,277.28009033203125,1610500
2022-10-24,282.09823540242314,283.5889027404486,266.04733080979645,267.4706420898437,4454300
2022-10-25,267.6822579495277,277.20317752545697,267.4514570273874,277.1454772949219,2999600
2022-10-26,280.54028991242865,285.24306378831056,279.11697853493064,283.5504455566406,2597200
2022-10-27,282.7426310759387,285.3488559541771,281.00193899444946,282.0309753417969,2338500
2022-10-28,284.7140971551538,291.39799018786005,283.3869626451206,290.2439270019531,2249300
2022-10-31,289.16680466426425,291.16717685452744,285.74312120109096,285.9643249511719,2016100
2022-11-01,292.37893780460485,292.37893780460485,285.1084156815097,286.7529602050781,1891500
2022-11-02,290.76325633279674,290.76325633279674,282.62720191121423,283.069580078125,2587800
2022-11-03,278.8861478843733,286.8010281847867,278.8380741456521,286.20477294921875,2396100
2022-11-04,294.41774289924484,298.168403856266,291.4268112707065,297.10089111328125,2948000
2022-11-07,299.17820070904713,301.9287051026357,297.5721623016509,301.4862976074219,1575900
2022-11-08,302.64994876213973,306.3140590931355,301.6786129122556,302.6595458984375,1520000
2022-11-09,303.6116962043227,306.660298836812,301.33242007129854,302.3999328613281,1165500
2022-11-10,317.3641918032184,317.4892187564434,312.1132652111173,315.7966003417969,2683400
2022-11-11,320.4127996826556,321.461059622601,316.8736860567016,317.57574462890625,2133700
2022-11-14,320.2492876734913,325.0866856496726,319.2298778744664,319.364501953125,1908500
2022-11-15,326.038777138776,326.25998091183106,317.3160933957979,319.8261413574219,1865500
2022-11-16,322.98054814643984,323.2786757741508,320.5474240353825,320.95135498046875,1418500
2022-11-17,317.0852194155591,318.6624370253426,315.440704448514,317.69110107421875,1520600
2022-11-18,321.3648385063595,322.8458793009294,318.3162065872117,322.08612060546875,1257400
2022-11-21,319.90312503510154,323.05753164104567,319.90312503510154,321.5668640136719,1065700
2022-11-22,323.2786105160898,327.24084856755803,321.4513685169909,326.7503967285156,1010400
2022-11-23,327.6929004344923,330.3472281660364,327.31784897406106,329.7317199707031,954500
2022-11-25,330.116408101418,331.38584231976137,329.38549949915625,331.23199462890625,458500
2022-11-28,331.5109125762765,331.72248986516024,323.9037860133399,324.76934814453125,2881100
2022-11-29,321.9419059529449,322.65356164505715,318.3354950552729,319.2587280273437,1888300
2022-11-30,319.40300005565405,324.17307163909896,315.82543903080807,323.5960693359375,3115200
2022-12-01,325.5069170925425,326.31756849456707,321.2799259272685,325.4779663085937,1420000
2022-12-02,322.6599328054438,327.1281899112056,321.9650846029059,325.5647888183594,1200800
2022-12-05,323.4609767027446,324.5514758440306,320.9614314487152,322.582763671875,2145000
2022-12-06,323.2196645114184,323.92414329067816,317.97933785286966,319.91912841796875,1242100
2022-12-07,320.46917738157674,322.2641843451988,318.0661452364232,319.82257080078125,1849300
2022-12-08,319.7164442095609,323.48019243275525,319.3497147375533,322.93975830078125,966900
2022-12-09,323.0266014650175,324.1074696982963,320.57532778861355,320.6042785644531,1262900
2022-12-12,324.28126039811923,325.0436702994603,321.9651093620329,324.3102111816406,1246900
2022-12-13,333.9608140814632,335.45668287236487,328.56610293114454,330.4866027832031,1969400
2022-12-14,331.06562787322684,333.39143869953284,328.1221905911528,330.0619812011719,1824800
2022-12-15,324.647962910189,325.0339831421338,317.12046530716924,319.2435913085937,1882800
2022-12-16,316.1167489212282,318.41360876852,312.70040992771635,318.11444091796875,3857600
2022-12-19,317.5064617393257,318.954059589201,314.80429086680647,315.62457275390625,1254700
2022-12-20,316.5703509788248,319.359403672159,314.93938835948524,317.4389038085937,1312900
2022-12-21,314.6691528259526,318.78033995107245,314.6691528259526,317.18798828125,1723800
2022-12-22,314.9297340619471,316.3869920323663,311.7643211799204,316.2132873535156,1202200
2022-12-23,314.7850012822157,318.0951682853679,314.20595619574334,317.824951171875,636600
2022-12-27,319.10847474411776,320.4885109644346,316.82127484506515,317.4582214355469,682800
2022-12-28,317.3520173388715,318.9154181545993,314.2058955556731,314.5243835449219,908900
2022-12-29,317.87324667576814,319.3401354836036,316.91784135269745,318.2303161621094,872300
2022-12-30,314.7657129579485,315.5281228184255,311.918758441285,314.7850036621094,1238000
2023-01-03,306.5722478978756,310.750966885241,303.46473705096514,307.2284851074219,2374200
2023-01-04,307.58559382863666,309.0621424646955,304.0631116002822,305.7037048339844,2088900
2023-01-05,294.6054640038216,297.201491933008,291.6137852317077,294.8177795410156,3133700
2023-01-06,297.06632099843046,306.06073403724224,296.8250547438579,305.1149597167969,2538900
2023-01-09,311.01151631057394,313.7137162365609,308.9366322549701,310.6737670898437,2471300
2023-01-10,311.1274070742808,311.9476889940467,308.21289110486987,310.77996826171875,1613400
2023-01-11,314.6884883821624,318.19168022598006,313.6076199298294,318.1048278808594,1928000
2023-01-12,316.7440287872045,318.10477420071624,314.4471689878634,317.4195861816406,1277500
2023-01-13,318.4715233196287,323.0266323463797,318.4715233196287,322.4379272460937,1882800
2023-01-17,323.76975683308007,324.56111746884204,318.29785292683675,318.4715576171875,1714700
2023-01-18,321.8492163086978,322.2835073916434,312.85480235580087,313.0092163085937,2945700
2023-01-19,312.68121845005425,314.1384767629774,310.22994386147485,313.2023620605469,2703600
2023-01-20,313.1829364100756,317.3423649106842,311.5326832260878,317.13970947265625,1792700
2023-01-23,314.46651053153505,317.0914891305666,312.9416909780086,315.0841369628906,1931100
2023-01-24,314.18659605993787,317.36166853041567,312.4301704846565,317.1493530273437,1625900
2023-01-25,313.3856475892014,315.8272614808205,312.6714792809632,314.95867919921875,1887200
2023-01-26,314.99728901002953,318.0179479288737,313.3759864722739,317.9986572265625,1587100
2023-01-27,312.9320583992079,316.1553727074305,312.7679843527818,313.356689453125,1819800
2023-01-30,313.0671445933966,317.0625286530361,312.8548290716073,313.6751403808594,2163800
2023-01-31,315.3447269953199,319.6875205718557,315.0455591272748,319.3786926269531,2330300
2023-02-01,319.17604466481737,322.0905311531779,314.611275373591,319.5137939453125,1879500
2023-02-02,320.1411221418177,322.8240024941584,315.68249572257946,320.4499206542969,2524000
2023-02-03,313.8103257458933,317.40037017384736,312.1407520190889,312.295166015625,2663000
2023-02-06,311.1177506478538,312.40127451561216,308.66647658261,311.5809631347656,2322900
2023-02-07,307.75928442754787,325.6323106665256,307.7399937261938,325.3427734375,5990100
2023-02-08,328.70126039328903,334.55921407007435,321.8010491088991,322.5730895996094,3429500
2023-02-09,324.4742647727732,326.1824197956211,319.5524257246298,320.9517822265625,2655700
2023-02-10,319.610305661453,321.0096620686977,316.72476995921363,320.4402770996094,2515900
2023-02-13,321.424644179509,324.2136970134032,320.52714052523135,322.38970947265625,1782700
2023-02-14,321.743141917088,323.56710006135745,318.83828587269045,322.3318176269531,2175000
2023-02-15,320.40169403624685,321.0868821837116,317.68020269927604,320.9131774902344,2493000
2023-02-16,314.2927822274468,316.3097648687626,312.0731146983814,312.1985778808594,3209100
2023-02-17,309.67012383538923,312.08278681783713,308.07777215726406,310.2877502441406,3231600
2023-02-21,311.65815671210186,316.8984536573564,310.876456259559,313.2215576171875,3245700
2023-02-22,316.4062836972223,320.2762048349618,313.6944526582513,318.50048828125,3595100
2023-02-23,320.1410572407426,322.65986302303435,315.00690382411346,320.29547119140625,3836400
2023-02-24,311.8030122908819,336.0454532053323,311.3397702432597,335.5146789550781,14737800
2023-02-27,334.15389490234736,336.1515873496083,332.1755226120289,332.4457397460937,3708600
2023-02-28,332.4359592234612,338.8825866943864,332.17540226226936,336.19970703125,3274400
2023-03-01,337.8693768942582,343.73696112414666,336.8560406299705,337.82110595703125,3474000
2023-03-02,338.1492258409765,341.99982674985426,337.3385451166773,339.4617004394531,2266600
2023-03-03,342.6174117274719,350.0677157064638,340.9864493022395,349.7203063964844,2940200
2023-03-06,347.423453763204,348.0796909964085,343.92992263481733,345.54156494140625,3846400
2023-03-07,343.5632568857146,344.6441253412119,338.21678672035495,341.76824951171875,2218100
2023-03-08,340.6679995284351,343.2929779266556,338.15882423651897,342.5016174316406,2222800
2023-03-09,339.7898243536434,340.95754507353524,332.18510538154527,333.8353881835937,2489100
2023-03-10,334.09588415764483,335.2539740403124,328.2282719475876,329.6083374023437,1534100
2023-03-13,328.1311145611006,329.9619365219193,323.6267521476164,324.34356689453125,2228900
2023-03-14,330.2622488522241,335.5415744663416,328.6348711459248,331.7152709960937,2580100
2023-03-15,318.79303052506145,322.27059294045085,313.9592906028637,320.5657043457031,3395300
2023-03-16,318.2796667186158,328.9642217818453,317.84374824742105,327.6952514648437,1750100
2023-03-17,325.2831915487297,326.3584432393474,319.57767366336714,320.1394958496094,5702300
2023-03-20,322.0187520049992,328.9060921588986,321.5538038506839,328.1989440917969,2305000
2023-03-21,332.5289617974596,333.3717099159517,328.4023694249134,330.6109619140625,1792600
2023-03-22,330.3591731997385,333.8270402371745,328.08276558209826,328.5283508300781,1434200
2023-03-23,329.4001340218198,335.2800378532777,328.91579326921493,330.6400451660156,2082100
2023-03-24,328.877030320082,334.6310001790923,327.3658897067873,333.9529113769531,1793800
2023-03-27,336.9364581435809,339.02881363788526,334.2629174245909,336.2293395996094,1475900
2023-03-28,336.00644309143894,337.1204205590029,333.76879188453427,336.49078369140625,1396600
2023-03-29,340.5980738513544,341.79925896340023,337.4692516561208,338.7769775390625,1132600
2023-03-30,339.47441424092057,340.685266011559,337.50799214787617,340.5302734375,1120700
2023-03-31,339.3969139537812,344.4921878262564,339.08692879581656,344.3081359863281,1513500
2023-04-03,342.38046391438604,347.74693776236666,342.38046391438604,346.88482666015625,1878500
2023-04-04,346.07111059851616,350.110495297188,345.3445995817383,346.5941772460937,2299100
2023-04-05,343.6494532247403,345.3640088116679,342.2254902587113,344.4728088378906,2199800
2023-04-06,341.2180067796303,346.0226580158141,340.9855327145628,345.4123840332031,1627700
2023-04-10,344.01750963067093,347.50473884935366,343.5622282126372,347.33038330078125,1311500
2023-04-11,347.9697430152615,349.5583651816916,345.8580246015068,347.0301208496094,975100
2023-04-12,349.3937021569056,351.4860575620141,346.73952453794715,348.0956726074219,1613700
2023-04-13,347.03010175196164,352.73564922654026,346.0323611206042,350.6239013671875,1667600
2023-04-14,349.6649442264258,351.3310775030767,346.4683072658081,348.4056701660156,1078300
2023-04-17,348.5509765448322,351.05016175113303,348.2506876515662,351.0017395019531,1421500
2023-04-18,352.65818041767733,354.3824322851226,350.44958780587314,353.4428100585937,1085000
2023-04-19,351.16638902867146,354.05307039535097,350.26552237393673,353.8690185546875,1163200
2023-04-20,351.660412488339,356.00011586464933,351.408545860958,355.8451232910156,1095500
2023-04-21,353.4525113355322,355.6514077037892,352.95847430951403,354.7408447265625,1677800
2023-04-24,355.86452670534555,357.5112971207016,354.6827340637147,356.4844970703125,1237600
2023-04-25,355.29300985643374,358.0731211134611,353.57845419316624,355.5642395019531,1735800
2023-04-26,353.5396663252111,354.6633403429838,350.9339108867698,353.5687255859375,2055500
2023-04-27,354.14023837724324,356.377890102525,348.56062391326213,354.1886901855469,1898600
2023-04-28,354.1790240802396,358.9352538263012,353.47187593798463,357.87939453125,1878900
2023-05-01,359.1870314628437,361.87996442368166,358.47991299944573,360.6497497558594,1018000
2023-05-02,358.83836389003545,360.0782749814862,355.8354454392652,358.4508972167969,1124600
2023-05-03,357.93747686599846,359.6326693315904,351.98006255175545,352.1156921386719,1418900
2023-05-04,351.28264396592834,353.772132745712,346.2648517486735,349.500244140625,1545800
2023-05-05,352.81312347469014,355.9516415977645,352.1931532192731,354.8957824707031,1113600
2023-05-08,356.4747268778258,357.12375637145647,353.6171051501417,354.2177124023437,1261700
2023-05-09,353.56869927509246,355.9904026947849,351.3698032122631,353.2781066894531,1015500
2023-05-10,358.2571510809096,358.58649923307473,352.6000548472611,357.3465881347656,1304300
2023-05-11,356.891312733018,358.08280160285324,353.58810531888764,355.5448608398437,1336700
2023-05-12,355.380211999887,359.1483975938133,354.97338228463605,358.7318420410156,1189400
2023-05-15,359.46798354682426,359.6907909150232,354.0143024383186,357.24969482421875,1378800
2023-05-16,355.7870332204031,356.5232110517655,353.1425221068752,354.4405517578125,1065300
2023-05-17,355.63203014690754,355.63203014690754,352.6097487130378,353.57843017578125,1296300
2023-05-18,352.3771984527647,357.17218288386107,350.8757542088257,356.6587829589844,1116100
2023-05-19,357.99561688779943,360.7369724324706,357.3853428336419,359.85546875,1140900
2023-05-22,360.83382080329386,361.3859762950622,354.8473768576871,354.9151916503906,1207900
2023-05-23,352.60003521325314,352.6097314871868,342.6226284591409,342.8551025390625,2157000
2023-05-24,340.317196102934,345.36401850629386,340.05563317497007,343.7463073730469,1801200
2023-05-25,344.9958664522887,347.8728513240016,343.8237702636085,345.4220886230469,1994800
2023-05-26,345.93545860211026,349.335539400081,343.68811090767355,345.053955078125,1805800
2023-05-30,345.0443154953888,345.5867746971357,339.61969391611024,343.7947082519531,1801900
2023-05-31,343.0197511910273,346.21641749990255,341.4020698320385,342.5838623046875,2958100
2023-06-01,345.39835772312193,347.39132782973275,343.4053876165112,345.6025085449219,1239500
2023-06-02,347.65383028230644,351.5814712807486,347.17743881578895,350.4440002441406,1337700
2023-06-05,351.69811885933086,357.0062476516291,350.2106750346682,352.7189025878906,1724500
2023-06-06,352.2328400470696,354.6049771546561,347.838568351573,349.7343139648437,1638000
2023-06-07,348.6454723802282,353.4869711991096,348.4704859535728,352.2134094238281,1441000
2023-06-08,352.0286938564825,352.6022802599811,349.3648830025993,352.1356201171875,1056300
2023-06-09,352.4078768499252,352.4078768499252,348.7719088137227,350.7260131835937,1121600
2023-06-12,352.38835948760607,352.38835948760607,348.61627200214906,351.941162109375,1021400
2023-06-13,354.0994541171983,362.94632639643305,353.1272677420056,362.8782958984375,2065900
2023-06-14,364.8031739807951,365.9795407532593,361.5852397342627,363.8990478515625,1553200
2023-06-15,364.9296325012707,367.9725809160883,362.6158239429578,365.9698791503906,1228600
2023-06-16,366.271220974697,366.5142675712297,362.926897432906,364.8518371582031,4372200
2023-06-20,363.9865663316036,364.4532264639842,357.6090261996013,358.4256591796875,1721700
2023-06-21,356.9479300931239,361.7116370910916,355.3438286110943,360.3408508300781,1542700
2023-06-22,358.03682537179594,362.9463550871048,355.4216414422972,362.2755737304688,1197500
2023-06-23,359.33954024058727,360.81728258876007,356.9771343576848,360.2825622558594,2070500
2023-06-26,359.6895538357901,361.6533597861275,359.18399789323377,360.3992309570313,1089700
2023-06-27,361.2838467833346,365.9406271933572,361.1282934242424,365.2989807128906,1320000
2023-06-28,363.8018393421773,365.3962391692094,361.9935870039198,364.5407104492188,1094000
2023-06-29,363.1018369936995,370.0335297790903,363.0338065037198,368.643310546875,1350600
2023-06-30,369.8391570212688,372.9112398842417,369.4502587328959,370.4807739257813,1642800
2023-07-03,371.3848908909784,371.7154306664369,367.6419677734375,367.6419677734375,1118700
2023-07-05,360.7978143214138,363.63661168177447,355.51884925626143,357.0257263183594,2926700
2023-07-06,352.3008880815829,354.77024967453326,348.4024113924445,354.3910827636719,2129900
2023-07-07,352.9327966398879,359.602010186512,351.9314459224947,354.37164306640625,1336800
2023-07-10,353.778643310284,358.4840221692151,353.778643310284,357.3271179199219,1292100
2023-07-11,359.5242047322425,361.37135272483135,353.1660981732586,356.6368103027344,1162000
2023-07-12,360.0686409601322,364.5018081857463,355.81046015082006,364.1809997558594,1557000
2023-07-13,365.6392780352481,367.58365066008986,363.2477080139488,366.6503601074219,1281100
2023-07-14,366.6503415274965,368.9349555108959,366.0281280780672,368.0502624511719,886400
2023-07-17,367.9822695295638,372.8917987922216,367.9725381719322,371.4821166992188,1152100
2023-07-18,366.40732103905225,373.8542422363061,366.40732103905225,373.58203125,1099400
2023-07-19,371.7543158090272,373.1931324765511,363.8990342642888,364.2879028320313,1607100
2023-07-20,365.6490047300296,371.0932543856685,364.32684549572633,370.986328125,1085100
2023-07-21,369.8002145353095,374.6903102391291,368.2836063423519,373.8445129394531,1195700
2023-07-24,374.2917318299076,375.2639181463489,371.1029618987309,373.9903564453125,1467500
2023-07-25,374.82640401689713,380.7178504315151,374.18478718809513,380.1637268066406,1328400
2023-07-26,376.4305266163084,377.6749238254214,369.0321738506392,377.4124145507813,1825500
2023-07-27,377.4123897992794,377.91794560245626,372.5514588842265,373.9319763183594,2336400
2023-07-28,375.8958276445953,378.3262933990137,374.4958769965486,377.8985290527344,1445400
2023-07-31,377.7138222861462,380.0956906623777,375.2153259660796,379.8040466308594,1615200
2023-08-01,378.99714176478784,382.7206322829412,377.70414690995176,377.8305358886719,1468600
2023-08-02,374.8944710624206,376.3624818490787,372.6973205608695,373.1056518554688,1538900
2023-08-03,371.2877129328805,373.8348365631285,368.56557320172817,370.1599731445313,1926000
2023-08-04,373.6306427814034,373.7084046304874,367.0294895528905,367.3114318847656,1648900
2023-08-07,370.4030225220629,375.2347901705847,370.07248270263744,374.2626037597656,1112000
2023-08-08,373.2223463018309,373.6501106836257,368.39057879413474,371.1613159179688,946800
2023-08-09,372.55149522056536,373.1931417241866,368.7405416259773,369.0030212402344,853400
2023-08-10,370.6946302669592,375.8277728265235,370.15020830373055,371.686279296875,825000
2023-08-11,371.69599017093856,372.5904146576448,369.95579798454304,371.2001953125,692600
2023-08-14,370.5099214937647,372.67790771095207,368.478055605077,371.54046630859375,1060700
2023-08-15,368.4586284030824,370.1696858812307,367.2336641022468,368.82806396484375,709700
2023-08-16,368.2253124476212,370.9765867715391,366.8739591763389,367.2919921875,1143800
2023-08-17,368.8864100532026,370.5974676115059,364.94906700003247,365.8920593261719,1229800
2023-08-18,364.1421253094069,367.3600598288739,363.4032541723008,364.6671142578125,1254700
2023-08-21,365.7559042383632,367.9919206974163,363.0823921087796,366.9905700683594,947100
2023-08-22,368.0697778678148,369.7905371192358,366.87397791215136,367.0878601074219,913200
2023-08-23,367.0878500518435,369.1683431369182,365.2795976339961,367.8267211914063,929200
2023-08-24,366.9031421392386,370.1599725193224,366.6309311334606,367.4281311035156,820300
2023-08-25,368.86693486715006,372.60982834519433,367.39892407659215,370.9765625,1022100
2023-08-28,371.7640762824696,373.2806847046196,370.1502432858178,371.4432678222656,772000
2023-08-29,370.471035444935,376.2263616484898,368.79887384482697,376.09027099609375,1060100
2023-08-30,376.1388906195464,377.4027506682106,374.58338653514494,376.3236083984375,780100
2023-08-31,376.8778057884684,378.3458168337449,375.2639727082781,376.2750549316406,1193100
2023-09-01,379.5767377392345,381.3909964230966,378.04535326615087,379.3426513671875,970000
2023-09-05,380.37658379858107,380.37658379858107,372.0661899096218,372.2124938964844,1092500
2023-09-06,370.9932541115356,374.3876257629845,370.17392199681234,373.8609313964844,775400
2023-09-07,374.6216909499733,377.9087824833358,372.7098865088737,377.1089477539063,986400
2023-09-08,376.9724122658828,379.9083445411657,375.6360899368556,377.2942810058594,1064000
2023-09-11,379.040239948372,381.86889245765536,377.9477973048001,379.7717895507813,862000
2023-09-12,377.8600535789094,380.0059147720633,377.4698699375791,378.37701416015625,1047900
2023-09-13,377.44061123037073,379.1182996901466,374.9338569452603,375.6751403808594,1207500
2023-09-14,377.7527581042312,381.3129607116639,376.1531182296392,380.2107543945313,1231500
2023-09-15,380.113206081563,383.74169349838553,376.513979459762,378.44525146484375,2820400
2023-09-18,378.13318278334754,379.80110779442543,375.6263986225332,377.9966125488281,652000
2023-09-19,378.5038016435317,380.7862628949296,376.0653026514543,380.1912536621094,1458800
2023-09-20,379.0889873975693,379.1475089827766,369.3252592189874,369.5008239746094,1747300
2023-09-21,367.86216028573074,368.2035262773777,363.16072782560576,363.27777099609375,1362200
2023-09-22,361.7366876778915,366.72099519958897,361.5513891361461,363.7752990722656,1017300
2023-09-25,362.048765468605,367.6280515866566,359.92240178367814,367.3061828613281,1558100
2023-09-26,364.5165000655968,366.0381207425163,359.8931164524049,362.0682678222656,1769500
2023-09-27,362.2926500254621,364.721415161914,360.9075993250454,362.8583984375,1254900
2023-09-28,363.5216332435748,367.4037338757345,362.2633595842971,364.3019409179688,1065500
2023-09-29,366.6039006224406,367.5987973762833,362.799848602654,363.1900024414063,1474100
2023-10-02,361.8146523689276,362.3023520642794,357.4838766928576,361.10260009765625,1298400
2023-10-03,359.5322820566277,367.8524390731189,358.7226837562584,363.658203125,1747600
2023-10-04,364.9262192859364,370.53476640460815,363.58992673513706,369.2959899902344,1897900
2023-10-05,368.95467217849057,371.6272576292298,358.0789425315168,360.7612915039063,1821900
2023-10-06,360.15650280423347,365.8235715328293,358.0008782382623,364.3507385253906,1571300
2023-10-09,361.2782712112456,365.2578884716955,360.15653786063785,364.5361022949219,846100
2023-10-10,367.1013454562423,372.28074424209416,365.862598794059,369.6373901367188,1335500
2023-10-11,370.98345376877234,372.2027031816029,368.0474916572902,369.35455322265625,931400
2023-10-12,371.34431971499953,372.01734772308095,366.1064293826673,368.4181213378906,888400
2023-10-13,370.35919013926593,373.051272431195,366.8867704123483,368.5937194824219,1214200
2023-10-16,369.16923903106834,374.86556893336586,368.7108000436606,369.9105224609375,1182400
2023-10-17,368.3401526026592,372.92451282387646,367.2184490254907,371.7150268554688,920300
2023-10-18,369.8032155159897,370.3104125376243,361.79519399211927,362.2633666992188,1486600
2023-10-19,361.32700126037344,364.39950380087646,359.7761195926305,361.0343933105469,1249200
2023-10-20,360.8978504082172,362.6340604978861,356.93773043103045,357.3473815917969,1334100
2023-10-23,356.0208319240781,359.5615370152216,352.13873104073696,356.44024658203125,1648700
2023-10-24,357.513197852634,360.3321168558395,356.05986204046394,358.2252502441406,1590000
2023-10-25,358.78118709482226,360.4101173667949,353.41648981331383,355.41607666015625,1492900
2023-10-26,361.7659458133992,365.0822982605994,357.11327100653835,361.2099609375,2168400
2023-10-27,358.8104347221658,367.296422017331,358.8104347221658,361.4147644042969,1945300
2023-10-30,366.8185147573648,370.0861091929409,364.4970590729823,369.5496215820313,1478000
2023-10-31,368.9058573607937,374.6217142318302,367.4330242741937,372.7586975097656,2020700
2023-11-01,372.8659823693557,377.9965936255326,371.6857572260733,377.5771789550781,1564900
2023-11-02,377.9380305129544,382.0737147040541,377.9087697197845,380.07415771484375,1586700
2023-11-03,380.5033789188873,385.45839564630745,379.0695403576441,382.8540954589844,1339300
2023-11-06,382.89308953649214,383.8489918317504,380.63991890972807,383.33203125,1464000
2023-11-07,380.3667897182453,381.3421892414092,375.6458595981522,379.7230224609375,2647400
2023-11-08,381.7811339376083,384.4342218521629,379.56698771866365,382.6102294921875,1631400
2023-11-09,384.629289516086,384.68784087427633,380.7764791730981,381.3617248535156,1305400
2023-11-10,381.8786586020082,390.52068367644654,381.8786586020082,390.0037231445313,1378100
2023-11-13,386.6093662176806,392.0618761066788,385.28283706674586,389.9159851074219,1420000
2023-11-14,389.7403748492528,396.77299671989766,389.7403748492528,393.8273010253906,1350500
2023-11-15,394.0321823204368,396.1390490536824,392.2081898092914,392.8421936035156,1139900
2023-11-16,393.2616217588154,398.8994305166973,392.4227923521284,398.3434753417969,1228100
2023-11-17,400.96723851893006,400.96723851893006,396.4999216260599,397.8459777832031,1542500
2023-11-20,397.5240600361783,400.0308439312747,396.2072945057026,398.2263488769531,1678500
2023-11-21,400.9282016675797,404.7615143945951,399.3382957878849,401.77679443359375,1225300
2023-11-22,400.6356011538831,402.3620774060538,398.070295577813,401.4939575195313,1111000
2023-11-24,402.5181413985437,405.95153706438754,401.737803906194,404.0299987792969,711300
2023-11-27,403.6494965572557,403.8153275427804,399.9137301752173,402.6448364257813,1301200
2023-11-28,401.8743646837689,403.63983542889184,399.93329940272486,400.6258544921875,1134300
2023-11-29,402.4205870922429,405.07367497719616,400.8404446326073,401.2696228027344,1405900
2023-11-30,400.3624640235979,405.7661855017714,399.7089630384886,403.5910339355469,4023900
2023-12-01,403.54704324373256,406.0908968724344,401.12056471027495,402.813232421875,2107300
2023-12-04,400.1715316875776,402.3631706192525,397.255845719742,397.8624877929688,2092400
2023-12-05,397.2362717169656,397.8330902067604,393.469370065123,395.2500915527344,2207000
2023-12-06,395.2500676818276,395.445762506016,389.83943722611866,391.6690673828125,2263700
2023-12-07,390.78855700160784,392.74538609160834,388.802376669611,390.0449523925781,1914100
2023-12-08,389.408902779452,392.93120033414885,388.8805506815385,392.6083068847656,1483700
2023-12-11,391.3657618241415,399.47682559842144,391.2385631741345,399.4278869628906,1653400
2023-12-12,416.5012674707608,424.8373481930694,411.22759902685794,417.509033203125,6829000
2023-12-13,397.1775354224145,405.22989651122094,395.9349599101956,399.9170837402344,3359600
2023-12-14,397.9994659397744,402.24578146621263,397.0699601819463,400.8760070800781,2220500
2023-12-15,398.6158685756282,402.0305257418515,396.16003854233406,398.5865173339844,4241100
2023-12-18,403.0088658707432,404.0753339320342,398.9680098170255,400.2693176269531,1717600
2023-12-19,403.1068315194028,405.30826445852574,401.2576135182938,403.1948852539063,1344600
2023-12-20,401.8739612541556,402.90131439210575,397.1775836084552,397.5885009765625,1578500
2023-12-21,399.2126504957841,400.5628672052557,397.8330825473604,400.2987060546875,1534000
2023-12-22,401.72720619902896,403.3807290936709,399.93672080090687,401.87396240234375,838900
2023-12-26,401.74676611420193,402.8426154427243,400.7879390076514,401.0814514160156,619300
2023-12-27,399.1930992170487,402.47079362601545,399.1930992170487,402.3338012695313,850900
2023-12-28,401.6684702359212,402.03047879353545,400.3769560367258,400.92486572265625,814400
2023-12-29,399.8975692232313,403.2241724981313,399.1539646603236,401.8446044921875,975900
2024-01-02,400.93464745821393,402.8425674618605,397.921144275516,400.7389526367188,1571900
2024-01-03,397.1384444750416,401.01295758233977,396.5416259549264,399.8877868652344,1536300
2024-01-04,398.840879415477,402.7643010430328,398.7821470785384,399.7703552246094,1517800
2024-01-05,400.2203832230037,401.62930229436506,397.4808349502657,400.2888793945313,1400100
2024-01-08,399.05612674478624,401.1401544234269,395.63167596812366,399.4768676757813,1142300
2024-01-09,398.6843021559195,398.97781452627,395.7001203827823,397.9113464355469,1256200
2024-01-10,395.70018346422665,397.324355176374,395.28926608022863,397.118896484375,1170600
2024-01-11,397.9994200346082,398.2146724032338,392.9703853986673,397.1971130371094,1110500
2024-01-12,399.917124419887,400.71943145844415,396.7470710641173,400.09326171875,849100
2024-01-16,398.684354179971,401.7467665063641,397.236289959998,397.8722534179688,1464700
2024-01-17,395.7392785898728,398.5375294771799,395.2011626065717,397.9700622558594,1369100
2024-01-18,398.27340039266113,399.5649146871458,395.0250571158084,399.0463562011719,1232200
2024-01-19,398.3321200005092,399.1931295671864,395.53386876765,398.5865173339844,2265900
2024-01-22,393.20521757646287,398.5277947577122,392.7453615746653,397.6961364746094,2105400
2024-01-23,396.5416265469733,399.36922896446265,393.4889780421903,399.0855102539063,1293900
2024-01-24,398.28313038563385,399.5746444735364,392.3441482079859,392.61810302734375,1594800
2024-01-25,392.0702549326567,394.8880934362798,391.7571551302896,394.7608947753906,1550900
2024-01-26,395.6805815582129,396.5709422688356,392.9997355860961,395.3185729980469,1146600
2024-01-29,396.0426044280257,397.109072607721,393.5770107348729,396.8546752929688,1400400
2024-01-30,397.2851922017362,401.67829357116415,396.64922875423474,399.0463562011719,1647600
2024-01-31,400.6215551862043,401.7467257837687,394.6238700870466,396.0914916992188,1782000
2024-02-01,399.4572687653263,401.1499365639126,396.561170266706,399.8290710449219,1893600
2024-02-02,398.2342076851333,400.1029827221997,395.5142169202528,398.3027038574219,2218600
2024-02-05,388.2739786854672,393.3030431861914,387.5206103238066,391.982177734375,3487800
2024-02-06,405.93435335891934,411.9124508429493,402.4805219593393,406.5898742675781,3227000
2024-02-07,410.0241884046528,414.8184136784252,406.335546479547,407.83251953125,1985600
2024-02-08,410.2491525751066,410.2491525751066,404.4373685569201,405.0635681152344,1488900
2024-02-09,404.8776869958807,410.77752501998265,403.3905077596481,410.3666076660156,1351500
2024-02-12,411.2862705304972,411.9026763914196,409.0946317884072,410.5524597167969,1272100
2024-02-13,409.87736365344296,410.6502895123496,405.2788041413434,407.2649841308594,1313300
2024-02-14,409.8284778366465,411.7657493005519,407.62704520628,409.3686218261719,1345200
2024-02-15,411.17867257398814,419.9746089238357,410.63076287074665,419.4364929199219,1721600
2024-02-16,422.93918849794335,425.3852245358776,421.35416192277614,422.3130187988281,1460800
2024-02-20,426.1875214816256,429.9152779269057,424.8177473044215,426.5495300292969,1869200
2024-02-21,428.3107427996222,430.2577781076337,425.2483006248753,429.9740295410156,1230900
2024-02-22,432.23414561553466,438.16333485951,429.2597871529496,437.380615234375,1386900
2024-02-23,438.6231564937777,438.8579962499954,435.6977070398446,437.8991394042969,1164900
2024-02-26,437.8991956328834,438.3786091878732,434.91504332142426,435.3357543945313,1286000
2024-02-27,433.9855365518744,435.345547049524,432.3222199456114,435.1987609863281,1086300
2024-02-28,434.5236472751697,441.97919081249313,433.9463863058711,441.4606323242188,1562400
2024-02-29,442.87927202050463,443.3293342838596,435.4922552468374,439.1319580078125,3684200
2024-03-01,438.3296766723644,441.23556880358615,437.3512622155065,439.5135498046875,1656100
2024-03-04,439.5135423938538,446.802741918075,439.0439225721378,445.765625,2291800
2024-03-05,446.5189692398099,453.0450063422335,446.5189692398099,451.0098876953125,4102900
2024-03-06,449.0726579999074,455.0703132697991,449.0726579999074,453.6026916503906,2599800
2024-03-07,454.962741913406,457.6729393257289,451.66548983007175,455.2464904785156,2514000
2024-03-08,456.2248725445481,456.2248725445481,452.0079087434734,452.5655822753906,2469200
2024-03-11,463.7488731490862,463.7488731490862,456.6749262102945,459.3460083007813,4251500
2024-03-12,457.30111224526985,462.9954612546734,456.8119050543661,461.29302978515625,3259400
2024-03-13,461.1753143342137,468.780448284072,461.1753143342137,466.01318359375,3240000
2024-03-14,467.0336945387472,468.0837008033321,464.2467846936576,465.0809020996094,3551300
2024-03-15,463.7757323948576,464.9827514247533,457.6622057148175,459.4776306152344,33347400
2024-03-18,459.8799841628017,467.0827779791949,456.8575401413259,457.3972473144531,3026400
2024-03-19,458.27064905806,459.4776681866535,456.1706364200874,458.0057067871094,1883100
2024-03-20,457.5739214036609,459.5267139113524,455.4542934300702,458.0645751953125,2146400
2024-03-21,455.9645886189295,459.8603811449008,454.6790780071957,457.583740234375,2723800
2024-03-22,455.6799487623536,460.4392962566772,453.84490847881,459.4874267578125,1687400
2024-03-25,458.4766882937996,459.5168718925066,455.76829984203897,458.1724853515625,1391000
2024-03-26,456.249134919801,459.5855746020353,456.249134919801,458.8103332519531,1265300
2024-03-27,454.3159728626128,458.4963527489362,452.3337423260804,457.5150451660156,1590600
2024-03-28,454.9635814934415,457.2009612995474,453.9626287202316,455.64068603515625,1784900
2024-04-01,457.23047529903874,457.82905857319207,453.1776700329934,454.7379455566406,1027300
2024-04-02,453.7272068487975,455.542631964756,452.225807363659,452.7164611816406,1451100
2024-04-03,452.2061658664434,455.6603577645062,451.578114641088,453.8253173828125,1449200
2024-04-04,454.6594289777933,458.2117575776052,447.4468123733279,448.7127075195313,2258500
2024-04-05,448.967830220288,457.0832630188182,448.03560599379625,456.0136413574219,1575900
2024-04-08,454.2178037328232,454.4336925835598,450.9009795474736,453.0402526855469,1744300
2024-04-09,452.0589854126325,453.1874831635655,445.1701868922757,449.3800048828125,1472300
2024-04-10,444.954260363701,445.34677738117904,440.9407162117648,442.0692138671875,1838200
2024-04-11,443.1388786457906,447.4468334409394,439.9005755021527,444.5323486328125,1681800
2024-04-12,441.7944938309613,443.187963823734,435.8575947274131,439.0468444824219,1976700
2024-04-15,441.50989653817584,445.4253039950397,435.53370733425953,436.4365234375,1712000
2024-04-16,438.38931246020405,438.5070645712135,434.58183448621287,437.447265625,1577300
2024-04-17,437.2510422462125,440.7150569952796,435.6809739900024,438.4384460449219,1216800
2024-04-18,442.5402889256802,442.7561777952512,437.19215053461295,438.0851440429688,1070300
2024-04-19,443.5215770653524,443.5215770653524,435.7888687363297,437.9575500488281,1831200
2024-04-22,435.0921606426415,440.5874890930857,433.473009121232,438.6150512695313,1345900
2024-04-23,438.2225372163315,439.7239366296481,435.7888836145927,436.7407531738281,1509900
2024-04-24,429.03747499573234,436.2991450361749,425.2790801732269,436.01458740234375,1969100
2024-04-25,434.2482114137974,436.9271918381514,430.8921563232437,435.5337219238281,1442700
2024-04-26,431.2453784680479,437.3589348734068,431.2453784680479,434.8958435058594,1583800
2024-04-29,437.43747718431314,439.7533786881269,434.01272325033744,436.7505798339844,1260300
2024-04-30,435.3570964621191,436.3972800882097,432.0206567210476,432.7173767089844,2172700
2024-05-01,434.5131794547637,440.999608000645,433.71832273319546,434.3463439941406,1824100
2024-05-02,417.8604254851172,417.8604254851172,405.8786376665095,411.77630615234375,5267300
2024-05-03,410.26507803559,417.8113360556975,410.26507803559,415.6819152832031,2657400
2024-05-06,418.9987330886004,420.56880130310986,415.5347184315372,418.64544677734375,1533500
2024-05-07,421.67763168197126,429.7538030776607,419.4598971263008,421.9622192382813,1556400
2024-05-08,421.972082779178,422.8159929247958,418.94963865722553,419.7150573730469,1344800
2024-05-09,421.75625187396207,422.88474975854814,420.2744676389139,421.8249206542969,1740100
2024-05-10,422.45290187811065,426.7019504089977,422.4234638493841,426.2702026367188,1234500
2024-05-13,426.9375417154201,428.9884711834868,425.6029476912631,426.6529541015625,1269800
2024-05-14,426.3781152140842,427.28093130450776,422.08980616561206,424.0327758789063,1288100
2024-05-15,426.162222322368,427.2220212516503,421.5010116708961,422.7669067382813,1745200
2024-05-16,423.6599263574529,424.54309717765057,419.8524482088677,421.6580505371094,1839700
2024-05-17,422.2664383854012,425.3673737558421,421.7659619649274,424.4351196289063,1150700
2024-05-20,424.6412500856002,424.8865769864995,422.97301518063233,424.5234680175781,1499200
2024-05-21,423.41462827690304,428.9982711045636,423.41462827690304,426.9080810546875,1228300
2024-05-22,427.055297849986,428.6253961501892,424.2193042390218,426.6627807617188,1655000
2024-05-23,427.7912121075187,428.7921350190464,423.61083239696086,424.21923828125,1674800
2024-05-24,425.1809891727214,429.34172414090193,424.8767861885648,427.4281921386719,1157400
2024-05-28,422.9337348722447,425.21037559429305,419.1557247313549,421.8837585449219,1696500
2024-05-29,417.62489350683904,420.3529275563346,415.92725045071296,418.2136840820313,1465600
2024-05-30,417.88984048738143,422.4823527915586,417.3010499477644,422.0701904296875,1375900
2024-05-31,422.0701813311242,427.8402745901496,419.53842099661824,427.3790588378906,3621600
2024-06-03,426.0248523197633,428.419215067816,422.0211009503569,426.2112731933594,1809000
2024-06-04,424.6066415981074,427.3532882443595,421.968300970688,424.4393005371094,2157400
2024-06-05,425.0299977476004,428.7906354951649,422.6574497459154,428.3180847167969,2116800
2024-06-06,429.2434351123858,429.2434351123858,425.2465373955153,427.107177734375,1282600
2024-06-07,427.26468279079137,431.3797105654963,424.8822808961697,426.9595031738281,1492000
2024-06-10,426.0045538826639,427.3532566393519,424.4983342286821,425.285888671875,1406100
2024-06-11,421.1905482347088,429.007147921288,419.9698298093804,428.7118225097656,1582400
2024-06-12,430.79892571580496,433.6735269115514,427.16627245832194,427.4222412109375,1914800
2024-06-13,424.30147128315247,433.9983902666089,423.6812578291086,432.9646911621094,1650000
2024-06-14,430.6315172618537,431.3501825201212,427.3631090244504,430.1589965820313,1396100
2024-06-17,429.5781437894195,436.3906074044987,428.24914932192536,433.7817993164063,1939000
2024-06-18,432.77767344713146,433.8999702640517,428.46577158250864,433.1813049316406,1384500
2024-06-20,432.2558878296259,438.3004755227852,431.6652369516388,435.750732421875,1626100
2024-06-21,436.50875778508254,437.0797603625903,433.161605929736,435.8688659667969,4042800
2024-06-24,437.827947281398,439.5409250454466,435.26837989647976,436.2528381347656,1440900
2024-06-25,437.0797405271191,438.1527963060997,433.48644424273925,434.31341552734375,1385500
2024-06-26,432.945019365022,433.8212015703804,429.568335001113,431.6061706542969,1634400
2024-06-27,433.82122256767406,434.6678422269133,430.7496876456854,433.3782043457031,1236500
2024-06-28,433.2797195702646,435.38647444856633,431.310803254818,431.9900817871094,2470200
2024-07-01,432.3248082456299,433.9294799026844,418.7885081295046,422.27349853515625,2462900
2024-07-02,421.3481255378041,423.8092711308988,418.0305060852375,423.4056396484375,1886400
2024-07-03,422.9429258039667,426.9299995279332,422.8247956272471,426.2113342285156,865100
2024-07-05,425.6895659393358,429.1745563145513,422.5294635883066,428.9481201171875,1499400
2024-07-08,429.8439861687481,431.12376980398034,427.5698901434589,428.9678039550781,1502200
2024-07-09,427.45172640166345,428.829961756753,424.0553338808379,424.4983520507813,1052100
2024-07-10,426.3786645192981,429.27297394888274,423.6221936545886,428.1900939941406,1554000
2024-07-11,428.3377397587423,431.3107925053899,426.8610525589603,428.1310119628906,1368400
2024-07-12,430.78905791663567,437.522748364801,429.8636648099339,433.8507385253906,1843900
2024-07-15,433.8507268591012,434.2838908566874,430.7299812460296,431.369873046875,1271500
2024-07-16,431.25177387317945,441.0372911745779,431.25177387317945,438.8025817871094,1173300
2024-07-17,440.15125465909074,444.7388333452751,439.7870099424174,442.3072204589844,1896500
2024-07-18,438.6154979697138,444.3450216404472,438.6154979697138,439.1077270507813,1458700
2024-07-19,438.4481278096041,438.6745640029644,435.05176516887406,437.8377685546875,1503800
2024-07-22,440.9191128371657,441.7361998674426,437.5424286557874,439.1667785644531,1096700
2024-07-23,440.9290021724767,441.6476374381992,438.0937577202709,440.4564514160156,1060700
2024-07-24,441.4999486638538,442.58285863979455,435.75071666091554,436.8631591796875,1700700
2024-07-25,438.064236828202,441.4310671722938,435.1108621191412,436.14453125,1777300
2024-07-26,437.2175428722685,445.7134213990692,436.5677968968412,444.3745727539063,1307400
2024-07-29,444.4533383494228,446.1761401745904,442.0807905164268,442.966796875,1015200
2024-07-30,445.5362257383098,449.6315751885131,443.6362287465645,443.8429565429688,1755600
2024-07-31,446.52070150917854,451.0590392737727,445.48700239977575,446.4517822265625,1874000
2024-08-01,448.9818627328714,452.3290146358878,442.9175965582948,446.2942810058594,2244000
2024-08-02,442.6222145434732,450.6751050459619,436.81391746525566,446.9440002441406,2714600
2024-08-05,446.93416507454776,448.5880776703791,434.3724989711823,436.6072082519531,2281700
2024-08-06,437.16832724532105,444.2071968379216,436.7056307243465,438.7336120605469,1598200
2024-08-07,442.3367243819223,443.9906067932935,434.46105951640936,434.9926452636719,1619300
2024-08-08,435.35694121533305,440.87973705063104,434.07712758635455,440.58441162109375,1491300
2024-08-09,440.0331530673542,441.1948065752474,435.28805716026096,440.072509765625,1108500
2024-08-12,440.0725030349173,441.4310601865106,438.1823600752679,439.8362426757813,853000
2024-08-13,441.5393078982273,443.2719337085274,438.8221939538959,442.7108154296875,1174800
2024-08-14,444.64039743468777,444.9652554239953,442.1693977209576,444.1678466796875,906700
2024-08-15,445.0243207426988,449.6808188803787,444.3746047637484,449.05078125,1105000
2024-08-16,449.0507295149157,450.2911262841953,445.2802381898463,449.72015380859375,1115400
2024-08-19,450.1041169219776,451.6201909341801,449.0704478483229,451.4528198242188,1013700
2024-08-20,451.4921845852677,453.8056672087059,449.49373577508,450.9507446289063,1115600
2024-08-21,452.8015347238435,454.9476462644084,451.2657824247898,454.5735473632813,853700
2024-08-22,454.6621640583349,457.438343347388,452.7621669737483,454.5341796875,1179100
2024-08-23,457.2808378318379,459.1906891597218,454.36684994690097,458.5015563964844,1308000
2024-08-26,458.40311108142265,462.4590738851885,457.841962721013,461.1792602539063,1216200
2024-08-27,465.3632376550944,465.4420111370824,461.3368071327788,464.9989929199219,1293400
2024-08-28,465.4911804199219,468.24768122076034,463.55179669444175,465.4911804199219,1327200
2024-08-29,466.36739276791945,469.1730745964753,463.0103867088862,465.3829345703125,944700
2024-08-30,467.6570059188972,472.33318211070673,464.1424831285609,470.8171081542969,1385600
2024-09-03,466.57409707136753,471.181353993668,465.53057383793913,466.682373046875,2104000
2024-09-04,470.1875068610382,471.5401760618543,465.6062032145157,466.15911865234375,1310300
2024-09-05,464.3917713289912,465.5074854362872,457.2334595367777,459.6327209472656,1882200
2024-09-06,458.4774758442511,461.7554957813348,450.400933699056,451.07232666015625,2012100
2024-09-09,454.2516587111916,459.6425995148383,453.70859629479855,457.22357177734375,2076200
2024-09-10,456.127600492855,459.7413171493083,455.0118864543232,457.85546875,1247100
2024-09-11,458.0134190551876,459.9585061146418,447.76468775367886,459.2278442382813,1585400
2024-09-12,460.531192381411,461.5284288563036,456.5620429637119,461.4296875,1916900
2024-09-13,459.6228193378337,465.81351334489074,459.1192595400875,462.8810729980469,1162700
2024-09-16,468.43002074837045,469.4766128399978,464.4411350952982,468.9039611816406,1307200
2024-09-17,469.50623769365217,470.9477952289174,464.5596180729865,465.695068359375,1357100
2024-09-18,465.695046649678,465.695046649678,458.8526957244937,461.1235961914063,1149900
2024-09-19,466.8206087673775,467.16618843432747,462.6835962019487,463.2365417480469,1897200
2024-09-20,463.562399849142,466.1393776407105,460.847178124786,465.9419250488281,3672700
2024-09-23,468.69663420748446,473.1298409830474,466.1295095428548,471.3229675292969,1148400
2024-09-24,472.8929064769866,474.6800136580793,469.4766421374496,473.287841796875,1588600
2024-09-25,474.9169470983446,475.5093651168935,469.6839865530323,470.9774169921875,1283800
2024-09-26,472.94221832790686,476.0128725473959,470.47383514247934,475.58831787109375,1092800
2024-09-27,473.6334003228444,477.2470869632911,473.218698669943,473.44580078125,1252500
2024-09-30,473.2482816543349,473.5247393577888,468.15353529214406,470.8292541503906,1532600
2024-10-01,470.9280104922399,471.8166224150839,467.8968588323322,469.0125427246094,1342100
2024-10-02,468.06468646556726,471.4019453228286,466.682397920686,469.8221740722656,1024600
2024-10-03,465.991246417371,466.77126394680926,462.229432824438,463.8092041015625,1072300
2024-10-04,464.2140341146016,464.87554395612136,459.00080986250407,462.2590637207031,2131000
2024-10-07,458.5762193462239,460.4423012809306,454.942736562796,457.3815002441406,2019600
2024-10-08,459.62285200827466,464.1152975457188,459.2278865763672,463.5031433105469,1272300
2024-10-09,461.5876412811703,464.68794492857256,461.1235840515154,463.6314697265625,1245500
2024-10-10,465.94189850756993,466.6527940874449,461.8246219967041,463.4833984375,1249500
2024-10-11,466.12948463888233,468.60772085625246,464.8854098769728,468.0449523925781,1105300
2024-10-14,468.3806487497733,472.1029597279507,467.43279804802455,471.5401611328125,1076800
2024-10-15,471.5401641428477,477.2372118277832,471.1649952086579,474.6305847167969,1477100
2024-10-16,472.4682823077481,479.1823027135989,472.270829730054,477.8592529296875,1210100
2024-10-17,480.76207283971263,481.32484130984,478.2541870691302,479.9129333496094,1051700
2024-10-18,477.02989758861,481.1175246658235,475.4205068556093,480.2980346679688,1255200
2024-10-21,478.8169885545712,479.3501376347448,474.9761698051887,477.2470703125,1065700
2024-10-22,475.6870866269755,476.378246011362,471.9548922408799,475.8549499511719,1429700
2024-10-23,473.1100744867537,476.1412260925739,470.8292607368153,471.3920593261719,1541400
2024-10-24,472.3004439374356,472.37941894132,465.65554556597255,468.4596252441406,994300
2024-10-25,469.11127963295945,472.5966354619649,466.9489735666067,467.76849365234375,2458400
2024-10-28,469.7925335341759,471.9548394980551,467.7190857443649,469.9801330566406,1440400
2024-10-29,468.647251834348,470.29614515257873,466.7712865345704,468.6571350097656,2056600
2024-10-30,467.2846336489323,468.9927655159872,466.3664024133023,467.4129943847656,1794300
2024-10-31,449.1963892049646,457.14457109906704,448.722448780628,450.3811950683594,3615600
2024-11-01,450.7366492150478,453.520962525816,447.7647062415325,451.5265197753906,2347400
2024-11-04,452.1880461910989,455.9597126552532,450.5194168105461,452.5237426757813,1616100
2024-11-05,452.5237604997744,455.0316161249976,448.42625043240406,449.13714599609375,1749000
2024-11-06,457.95421920616064,459.8005650737125,452.523776004358,456.7792663574219,2626900
2024-11-07,459.1192862478275,462.061609940416,457.72711447373183,459.5833435058594,1925500
2024-11-08,459.4450905080223,459.7314313973152,453.4024932293959,453.6690979003906,1496700
2024-11-11,453.6691346858794,456.5423365918513,449.5913604701698,450.6675720214844,1981200
2024-11-12,452.4743771488669,454.4688500603444,447.843687851343,449.8282775878906,1749000
2024-11-13,448.1003899930112,451.7536090268735,445.1580664958928,450.4700317382813,1538400
2024-11-14,449.8875084420843,452.0794338920985,447.3697696730654,447.75482177734375,1666700
2024-11-15,445.3654668738109,445.977621107837,441.2481902937743,443.4203796386719,2414000
2024-11-18,440.8828550983559,443.5783403768201,439.6585466838712,442.8970642089844,1750700
2024-11-19,438.1873703038909,439.0463929615768,434.19848477757336,438.444091796875,2084600
2024-11-20,438.1281497942185,445.1976031363501,435.9461074077233,444.4472351074219,1928700
2024-11-21,446.1356014909451,449.3840023347481,443.9239095754295,449.31488037109375,2072800
2024-11-22,448.1004498746914,451.4179728667088,447.8141089605023,449.028564453125,1864800
2024-11-25,448.8310241843631,451.2204322916144,447.2907555349922,449.927001953125,3835600
2024-11-26,447.735079991211,450.8847392728181,445.5727739607251,450.8255004882813,2600000
2024-11-27,450.9044903672989,453.7875752136128,450.9044903672989,451.33892822265625,2069100
2024-11-29,451.2105600745154,455.8215130916763,450.3219481600879,455.1599731445313,1351500
2024-12-02,455.159981544964,455.2093672882289,450.6774193225398,453.8764343261719,1801800
2024-12-03,457.4416950552599,457.4416950552599,452.1730369035943,453.69818115234375,1868300
2024-12-04,451.8759342310431,456.9564237445709,450.9152955684168,455.0153503417969,2188300
2024-12-05,452.84648681355793,453.2327067755074,443.6857688116219,444.250244140625,2303200
2024-12-06,443.7253307276802,446.5082056969953,442.635972299022,445.1019287109375,2191300
2024-12-09,443.5768246601984,446.4488275663512,437.6644464043751,438.3081665039063,2833900
2024-12-10,440.5166320800781,442.0714854840077,433.0296046271787,440.5166320800781,2326100
2024-12-11,439.0113239451233,441.3485304548783,435.9115302185093,436.2779541015625,1612500
2024-12-12,435.6936509797781,438.11010223721394,433.6733328317703,434.2675476074219,1719300
2024-12-13,433.38615104923855,433.5743195772141,428.5829876795005,431.0984497070313,2254200
2024-12-16,431.51441072476223,431.524323875646,423.2846216639556,424.166015625,3691400
2024-12-17,424.1065952375225,429.0088296653704,421.8288070481711,426.0476989746094,3320200
2024-12-18,424.7800208503744,427.13702338893256,417.9763056097237,418.1941833496094,3271900
2024-12-19,418.025852467558,421.462360871664,414.9854771767947,415.5400695800781,3292000
2024-12-20,415.1835541062705,421.2345651677894,414.2327983774767,420.2145080566406,6680900
2024-12-23,418.3526419054519,421.5514763938712,413.6484895405509,418.2536010742188,2084300
2024-12-24,418.1050551753773,421.9476097344581,416.52049254380535,421.660400390625,824200
2024-12-26,420.0263446012247,422.4824182623368,418.8280321101224,420.2244262695313,991500
2024-12-27,419.1251300610789,421.8485868105406,417.471265978115,418.8973693847656,1444900
2024-12-30,415.1340105003904,416.203603118716,411.40040993229616,413.6286926269531,1608000
2024-12-31,414.5695186061657,416.05504045148666,411.7371381281362,414.62896728515625,1386700
2025-01-02,416.68890053828153,418.6398872113982,409.7762609574421,410.1724243164063,2110900
2025-01-03,412.1332659460604,413.95550242614144,409.1127169885985,409.50885009765625,1995900
2025-01-06,411.4202264083444,414.34176484206887,408.142177232847,408.924560546875,2630600
2025-01-07,408.0530560029133,414.9557822774033,406.7259934047313,410.9448852539063,3209100
2025-01-08,412.7175672485362,416.3620704288701,410.20210538532393,415.9560241699219,2252300
2025-01-10,411.5984874014872,413.8565096889714,407.74604968172656,410.152587890625,2642600
2025-01-13,411.7767582950596,418.6002395519527,409.70693482845707,417.3623046875,2824500
2025-01-14,418.20411873046544,423.6807415228348,416.65917839206605,423.165771484375,2344300
2025-01-15,429.0385037227097,429.7317593181256,422.2942371730084,423.8490905761719,2202300
2025-01-16,423.7896848437691,428.5730518820714,423.5222715691866,428.3155517578125,1511600
2025-01-17,435.75307863567946,435.75307863567946,429.3455264750022,431.7916870117188,2412200
2025-01-21,435.4262821258147,439.7838069176148,435.19849122453365,438.1893310546875,2281900
2025-01-22,441.3683783495866,444.3592182388269,438.19925286220337,438.3280029296875,2643900
2025-01-23,438.4468147252114,438.86277413301815,436.1789096171384,436.5750427246094,1811300
2025-01-24,438.5954002717051,439.0905742562913,434.8023808479042,435.0103454589844,1547800
2025-01-27,434.1090918074541,437.1395539423084,430.7914203211734,435.24798583984375,2833400
2025-01-28,435.7530794366563,436.159125705621,431.03901372411167,431.3064270019531,2158400
2025-01-29,431.0192099297405,434.7825198228386,430.2962450896949,434.08929443359375,2631100
2025-01-30,434.7627303106998,445.32975575556,434.7627303106998,442.0715026855469,2545900
2025-01-31,440.130422084006,443.8442266673889,434.40621249507257,441.8139953613281,2816500
2025-02-03,440.7345409316554,450.4201425408251,436.20864360873645,449.825927734375,2701200
2025-02-04,451.53925900344535,454.4013489407012,448.45926107933,450.4102478027344,2503800
2025-02-05,449.0237088102392,450.6776030166325,446.5577523369455,449.3208312988281,2696500
2025-02-06,445.6862604711677,457.055465147618,445.6565512433389,456.23345947265625,2423300
2025-02-07,452.1334453407182,453.7378041264983,448.1324313037595,450.6578063964844,1668100
2025-02-10,450.430033170224,456.66921276844266,449.02372587270753,456.4117126464844,1876700
2025-02-11,455.8076164024998,458.0755215331944,454.8866001182637,456.2928771972656,1587700
2025-02-12,452.9058894608365,455.69867767260587,450.1626065527366,454.1339111328125,1695200
2025-02-13,453.14360984415526,458.1349720215249,452.9653544650045,456.5999145507813,2265300
2025-02-14,456.59988615436873,459.6204653762248,452.2918969777044,452.5889892578125,1705500
2025-02-18,450.4795657176536,461.5318524305181,445.7060813606329,461.3337707519531,2808500
2025-02-19,456.372141987372,461.1456262805592,455.6788863446859,457.6100769042969,1883800
2025-02-20,455.2629640726164,457.6695023342528,453.97549360559,457.4417114257813,1335400
2025-02-21,459.1054737784098,460.6801535617153,453.1039678229743,453.579345703125,1939600
2025-02-24,454.5795953975548,459.7195033728328,451.618434649999,454.1042175292969,2108300
2025-02-25,454.8568876609053,464.463243992519,454.8568876609053,462.9777221679688,2342100
2025-02-26,461.8586332484821,462.9975575146386,456.8177660521128,457.0950622558594,1576100
2025-02-27,459.0658852126167,463.7106193946173,455.4412081835467,455.83734130859375,2071000
2025-02-28,460.5811226136977,463.8195494895068,456.183975352716,462.5419921875,2332900
2025-03-03,464.5721884650527,467.67198211117255,456.53056865512895,457.7882995605469,3072900
2025-03-04,464.0770563432743,464.7504856970969,455.4412209930722,456.8970336914063,5027000
2025-03-05,457.4713715798616,465.8794453133711,456.104686721686,463.7303771972656,2385700
2025-03-06,462.18546667736246,465.6120619697391,458.87770829802486,461.66058349609375,3712100
2025-03-07,461.670511386264,465.4635306892837,458.9470545577629,464.2453918457031,1824000
2025-03-10,461.49221877363726,466.6321269096908,453.5991446217205,457.6001586914063,3129200
2025-03-11,457.194110297217,457.4416972767155,446.7657479296635,449.6872863769531,2845700
2025-03-12,448.9346058979801,450.5587909674216,444.4879534808461,446.8152770996094,2652600
2025-03-13,446.58672089825865,452.45920474843,444.6590346128013,450.3824768066406,2213400
2025-03-14,451.6742110392928,455.09237453155015,449.9750755115194,452.6082458496094,1911900
2025-03-17,449.468292064016,459.3451898767703,449.468292064016,457.3876953125,1890200
2025-03-18,461.1635958964856,461.8492178764032,454.8241246227311,457.7851867675781,2023000
2025-03-19,456.0860296999261,458.6397212833742,452.01205256376505,456.8312683105469,4051400
2025-03-20,453.2143606452311,457.0896256648245,452.3399728174433,454.8439636230469,2298100
2025-03-21,450.8594312453259,455.7184017364149,446.5271251710298,455.4202880859375,4969900
2025-03-24,454.21795096566734,458.9676037359296,452.13127683296017,456.1754455566406,2049500
2025-03-25,456.02639887675497,456.07606931971935,452.09154762553385,454.5458679199219,2002500
2025-03-26,454.545896737202,460.16002172070927,454.078879313153,458.5006103515625,1597900
2025-03-27,459.0570374113012,463.6874569456476,456.51329204913,461.7796630859375,1493300
2025-03-28,463.5682197606153,463.63778264133714,455.87736707525306,456.1953125,1334700
2025-03-31,455.956858864829,465.06865646055167,455.499787665592,462.6838989257813,2373300
2025-04-01,459.0669819324359,464.5420112690673,457.8547259187084,464.1246643066406,1544600
2025-04-02,459.961270438503,467.3242316467936,459.4644446915779,466.7578430175781,1527700
2025-04-03,463.59803159986666,469.0134442897589,462.0379915001712,464.25384521484375,2445200
2025-04-04,461.4119890905575,467.0161980222664,434.3449323385969,435.1795959472656,4430700
2025-04-07,426.3659077687205,438.75674287491904,415.1773824565972,423.1564025878906,4159300
2025-04-08,428.0253319094731,430.3107182409685,406.0556813700422,410.7059631347656,3780800
2025-04-09,411.530683100962,445.4837357478256,410.34823546412247,443.13873291015625,4103300
2025-04-10,437.574305631682,441.70789950514376,424.388561160485,429.1382141113281,4239000
2025-04-11,434.5436768150877,446.7755242291263,429.9629276785244,439.0250244140625,3343000
2025-04-14,440.2770265080842,445.2850384110236,438.9455371762232,443.1983642578125,1897800
2025-04-15,446.51714624765344,451.6245292448047,445.096231955015,448.1069946289063,2321000
2025-04-16,447.64995629803553,451.9425078213797,442.42333959548046,445.14593505859375,1828900
2025-04-17,448.4945404746122,452.2704344866974,446.83515939919937,449.2497253417969,1730200
2025-04-21,447.6797575569095,449.5974976838537,437.47493719322296,441.0322265625,1303400
2025-04-22,445.44402275427416,452.3697746630212,444.5099879533248,451.723876953125,1458600
2025-04-23,451.5053218164142,454.9035929814429,442.6717453834,445.3645324707031,1973400
2025-04-24,444.2416892115643,448.26599588968105,439.2635159295727,446.6761474609375,2114500
2025-04-25,445.0763809094346,446.4972952374041,440.2869735342128,445.5533142089844,1866600
2025-04-28,445.8017512163996,448.0275512555547,441.3502117857653,445.1558837890625,1644900
2025-04-29,445.99053850432585,449.4782649955008,443.9336726083079,447.719482421875,1214000
2025-04-30,446.5171809950004,452.37971892848856,442.0954499024832,450.3526916503906,2670400
2025-05-01,434.662908184381,447.7492812653017,430.4001348214868,445.2055358886719,2540400
2025-05-02,450.8197031879486,454.237866815621,449.2397705986672,452.061767578125,1548600
2025-05-05,450.1241120368577,452.59829447224064,447.282283412552,449.6173400878906,1462100
2025-05-06,449.9849962378352,450.6507560742321,443.40702826923774,444.2118835449219,1441300
2025-05-07,445.12605494115616,451.3363766944014,442.0755376182413,446.8053283691406,1573900
2025-05-08,447.0736234231651,455.09239850867,446.6761688778814,450.3526916503906,1626400
2025-05-09,452.1412345709662,452.1412345709662,447.69961121451865,449.7862854003906,1058900
2025-05-12,453.5720991677815,455.0923847422859,449.49812197322507,451.5351257324219,1944900
2025-05-13,451.4158588728079,453.06532398176273,447.2325945989657,447.8089294433594,1666300
2025-05-14,444.3907434253594,445.8216039216386,436.7793697732683,443.13873291015625,1941300
2025-05-15,443.1387702121144,452.11144223741104,443.1387702121144,451.3363952636719,2279500
2025-05-16,452.8666116965203,455.4500813052354,449.09071784930217,454.8638305664063,1850500
2025-05-19,454.86381694963546,458.71918945796,452.40949663575896,457.4075622558594,1640500
2025-05-20,458.43102664113167,458.7788107196383,454.9532465037378,456.9306335449219,1329700
2025-05-21,453.8205018593499,456.175450998016,450.90911032183607,452.6082458496094,1867600
2025-05-22,453.1845533903465,456.1953161600287,450.7501254600751,456.0860290527344,1654400
2025-05-23,450.69051470611447,457.5467039392193,450.69051470611447,455.9866638183594,1627000
2025-05-27,460.318989708957,465.1580675161812,459.5737511064358,464.9792175292969,3330800
2025-05-28,463.1508820962618,464.0849169240752,459.1663602359978,459.5737609863281,2692900
2025-05-29,461.00460932649145,462.008176685955,458.2124511356865,461.1337585449219,1306800
2025-05-30,463.5880819452527,466.1219113921336,457.695735996388,464.6115417480469,4344700
2025-06-02,462.21686344525983,463.3893648914923,458.3912992557303,461.6206665039063,1865400
2025-06-03,459.3750107695723,469.2817171837089,459.0669812383713,468.82464599609375,2606600
2025-06-04,469.642059321515,473.9682569574677,467.4789452932638,472.263671875,2092600
2025-06-05,472.4929613458728,473.3701683354908,467.8377957889209,468.7648620605469,1679000
2025-06-06,471.8948398596075,473.7190384922357,469.7516817722365,471.20703125,1352700
2025-06-09,470.6687927246094,474.42679540836417,466.6117256106607,470.6687927246094,1616000
2025-06-10,470.8880695560928,474.48657710411567,470.2401118685663,474.0479736328125,1859600
2025-06-11,472.24375019499297,473.0312469716473,465.9039859024186,467.0503234863281,2734200
2025-06-12,466.9306893332166,470.6488104671283,464.9768991778738,469.0339660644531,1572800
2025-06-13,469.1436617673767,471.3865081172884,463.651170527017,464.49847412109375,1415800
2025-06-16,465.3258093983466,468.0670659749794,463.40195299276894,465.1164855957031,1586500
2025-06-17,463.5913560481255,464.0897663398528,458.73684467399,459.4346008300781,1272700
2025-06-18,459.4345946678719,460.9597289232793,456.8129517012616,457.2416076660156,1223200
2025-06-20,461.0195393120593,461.7671547454416,453.9321596054591,454.4106140136719,4365000
2025-06-23,455.8560243549151,458.5972809941063,451.5099011579161,458.2882690429688,1611000
2025-06-24,459.4046808756543,462.4549493174708,457.4309956606843,461.6874084472656,1470600
2025-06-25,460.26198120717146,462.34533258634303,458.2683400304848,458.7368469238281,1608900
2025-06-26,459.35486528801096,464.9569920597304,457.0522121903192,462.9832763671875,1983000
2025-06-27,463.0630451295693,465.88403401260194,460.3815953103701,462.3154296875,2643200
2025-06-30,464.7177571404425,468.5455444395547,462.0761583205702,467.6882629394531,1856200
2025-07-01,468.2963294619211,476.3207226314069,467.4789293191362,475.2341918945313,1856300
2025-07-02,474.516502994926,477.1979528086292,472.9315619114536,475.6528930664063,1423100
2025-07-03,475.1046034963307,475.6927239676695,472.49293853458767,474.0679016113281,952700
2025-07-07,470.8681142337372,472.1939025891936,466.3026895395554,468.0969543457031,2099500
2025-07-08,466.890825461857,470.28998727071456,466.0435218895849,468.4558410644531,1627200
2025-07-09,470.9079964664308,474.9451074981957,466.0734107477718,469.7716064453125,1522500
2025-07-10,470.53918107832806,470.7186014764491,467.5586669469769,468.8445739746094,2238500
2025-07-11,467.5188342938805,468.12688025145263,463.0032382414468,467.3194580078125,1326400
2025-07-14,466.9406574937624,468.505673106988,464.8174247887768,467.28955078125,1133000
2025-07-15,466.6814928534622,467.76802360849126,458.6072402698026,459.0956726074219,1263700
2025-07-16,459.0358743026624,461.0693967912685,454.5501817199002,458.2085266113281,1438000
2025-07-17,457.39111965979095,460.6507119368829,455.6167802812883,459.8233642578125,1515000
2025-07-18,462.4151209753199,463.9900841322813,459.5641982514879,463.5315551757813,2267600
2025-07-21,463.531545174941,474.71587323987575,462.7440484031756,468.9342956542969,1797700
2025-07-22,468.9342850467669,474.86537950027616,467.4191287588973,470.5192260742188,1405300
2025-07-23,471.9646436087706,472.6923335872371,468.2066409546231,468.4956970214844,1193900
2025-07-24,465.156350488501,470.6587889072694,460.9696920603727,469.9909057617188,1383200
2025-07-25,470.9379236915962,472.1540460326556,467.0802328615084,471.3865051269531,1212100
2025-07-28,467.2596313885694,469.8513708947811,464.5283528244684,465.9737243652344,1283700
2025-07-29,468.4059673638956,470.1703591952579,465.7643990074069,470.0108642578125,1386100
2025-07-30,469.9011952898129,470.8382090286997,463.7807330082948,464.7476501464844,1301600
2025-07-31,456.9525067787396,466.1132899626919,456.9525067787396,458.796630859375,2228600
2025-08-01,456.87275757130607,461.0394906653909,447.8914249391101,457.9493408203125,2219300
2025-08-04,458.39790461900645,467.0004712287295,458.39790461900645,465.9139404296875,1684900
2025-08-05,466.4522079385905,469.5423577100647,464.4884702494756,468.3461608886719,1691000
2025-08-06,470.2700436200991,471.874940605159,466.4622120468308,469.9809875488281,1275900
2025-08-07,471.8250635931336,474.277264080355,466.0036351569949,467.9374694824219,1090400
2025-08-08,467.50885944479353,471.88491646235633,467.1998474937299,470.9179992675781,939300
2025-08-11,469.6021724701119,471.9247509926893,464.6479730640765,468.8844604492188,1069200
2025-08-12,469.0040717618031,472.9714285274664,468.445854683892,471.7254028320313,1347700
2025-08-13,473.0611399751117,474.6361030732552,467.0104318811835,474.1177673339844,1797800
2025-08-14,474.1975107743287,477.0783368595631,471.1173388249281,476.1114196777344,1545400
2025-08-15,479.3510941156325,481.13541150411226,477.0583884875096,478.5536193847656,1951300
2025-08-18,478.9024953872375,479.5205192685012,475.6429031003064,476.9886169433594,1218100
2025-08-19,476.9487325473641,481.28490804917584,475.0348236951988,478.3941345214844,1512400
2025-08-20,481.2550109446847,484.8335931363296,478.972283324303,480.8263549804688,1160900
2025-08-21,479.86941873784014,481.3746275407193,478.5237048774327,479.1816101074219,1263500
2025-08-22,482.5209656806926,484.185669427985,478.1648646299959,480.1385803222656,1782500
2025-08-25,480.3877860450858,482.4611594610335,475.1644255335421,476.3307189941406,1151800
2025-08-26,474.7756821376096,480.5572293281736,473.4997530131828,480.3877868652344,1699500
2025-08-27,478.63338209391975,482.2817491338873,477.8558632441267,481.1752624511719,2259600
2025-08-28,481.0257349989716,481.4743164266508,477.6066477222472,480.6170349121094,2579200
2025-08-29,480.6469338148633,481.7833238633902,475.4834105774489,476.7693176269531,2058200
2025-09-02,475.6528723556541,475.6528723556541,470.9977070302292,472.6325073242188,1262500
2025-09-03,470.30990217903326,472.7222212997792,468.5056594136586,470.2799987792969,1617900
2025-09-04,470.760009765625,472.9299926757813,468.6099853515625,472.3900146484375,1660600
2025-09-05,471.1499938964844,475.0499877929688,466.5899963378906,469.5199890136719,1066200
2025-09-08,469.6600036621094,475.0700073242188,466.6000061035156,474.6300048828125,1677200
2025-09-09,473.1199951171875,474.5199890136719,470.3800048828125,473.4400024414063,2966100
2025-09-10,472.9299926757813,474.9299926757813,469.489990234375,472.7000122070313,1551500
2025-09-11,472.9100036621094,484.4400024414063,472.4800109863281,483.5899963378906,1907400
2025-09-12,479.1600036621094,483.9200134277344,479.1400146484375,482.0400085449219,2069700
2025-09-15,481.3800048828125,483.2999877929688,475.5199890136719,476.7300109863281,1130700
2025-09-16,476.4400024414063,478.4400024414063,470.8999938964844,471.4700012207031,1470500
2025-09-17,473.8999938964844,481.3800048828125,472.010009765625,479.8599853515625,1698800
2025-09-18,478.8900146484375,479.9400024414063,471.2999877929688,476.0,1650900
2025-09-19,477.510009765625,480.8800048828125,474.0,479.010009765625,3742100
2025-09-22,476.9800109863281,478.6799926757813,474.2900085449219,477.760009765625,1562700
2025-09-23,478.4200134277344,482.9700012207031,474.6499938964844,479.9400024414063,1462900
2025-09-24,479.6000061035156,481.739990234375,473.3200073242188,474.1300048828125,1579400
2025-09-25,474.1300048828125,476.3500061035156,469.9100036621094,473.7799987792969,1536700
2025-09-26,472.7300109863281,475.1600036621094,470.7200012207031,474.4100036621094,1476400
2025-09-29,474.739990234375,476.7099914550781,471.3999938964844,476.489990234375,1859600
2025-09-30,473.7000122070313,478.7799987792969,473.2300109863281,475.0,2171200
2025-10-01,472.7799987792969,475.0799865722656,460.7999877929688,466.80999755859375,2286100
2025-10-02,463.4299926757813,470.2900085449219,462.9500122070313,469.4800109863281,1677500
2025-10-03,467.0199890136719,469.4299926757813,463.0,466.7300109863281,1250700
2025-10-06,466.7300109863281,470.5700073242188,465.1000061035156,468.5499877929688,1539000
2025-10-07,468.1000061035156,470.5700073242188,465.8900146484375,470.3699951171875,1283300
2025-10-08,470.30999755859375,471.6900024414063,467.5299987792969,467.8299865722656,1208500
2025-10-09,467.8500061035156,470.0,457.510009765625,458.1600036621094,1499900
2025-10-10,458.0700073242188,463.0400085449219,452.9200134277344,453.8200073242188,2038900
2025-10-13,456.55999755859375,459.7999877929688,455.0,456.6400146484375,1287400
2025-10-14,453.25,462.0700073242188,453.0700073242188,459.25,1664800
2025-10-15,459.0299987792969,461.5299987792969,450.7900085449219,451.4200134277344,1838000
2025-10-16,452.0400085449219,452.4700012207031,440.9500122070313,444.239990234375,3033700
2025-10-17,444.2000122070313,451.3299865722656,442.8900146484375,450.8900146484375,2365300
2025-10-20,452.3599853515625,455.239990234375,449.7099914550781,451.55999755859375,1895900
2025-10-21,450.5499877929688,452.4500122070313,448.3800048828125,450.0799865722656,1766100
2025-10-22,450.3299865722656,455.0799865722656,447.75,449.9200134277344,1856800
2025-10-23,452.5799865722656,452.6700134277344,448.6600036621094,450.0799865722656,1527000
2025-10-24,449.5400085449219,450.3999938964844,445.5899963378906,446.0,1593300
2025-10-27,447.6499938964844,450.1499938964844,444.260009765625,444.8200073242188,2337600
2025-10-28,445.4700012207031,447.2200012207031,441.989990234375,442.7200012207031,2110300
2025-10-29,438.7900085449219,439.4400024414063,431.2200012207031,432.010009765625,4087200
2025-10-30,432.4500122070313,435.1900024414063,428.6099853515625,429.9100036621094,3635300
2025-10-31,425.0,426.4100036621094,414.4700012207031,418.2999877929688,4072800
2025-11-03,422.25,422.25,409.0,412.1799926757813,4908100
2025-11-04,416.1700134277344,421.3200073242188,414.0,417.9400024414063,3483500
2025-11-05,416.2900085449219,419.7900085449219,415.0,418.2300109863281,3076400
2025-11-06,416.3500061035156,419.489990234375,413.5899963378906,415.3200073242188,3443900
2025-11-07,417.0,422.8200073242188,414.0,420.510009765625,2563300
2025-11-10,420.5199890136719,422.1700134277344,415.9200134277344,420.6700134277344,2624200
2025-11-11,425.739990234375,428.3999938964844,421.9400024414063,426.6499938964844,2477700
2025-11-12,428.0,431.55999755859375,424.8999938964844,428.9599914550781,2592700
2025-11-13,427.2000122070313,429.0,420.9200134277344,428.6400146484375,2873300
2025-11-14,428.6400146484375,430.1000061035156,423.0700073242188,423.3900146484375,2469700
2025-11-17,421.6099853515625,423.3800048828125,417.55999755859375,417.8500061035156,2249300
2025-11-18,418.7300109863281,419.3800048828125,413.6499938964844,414.7200012207031,2586700
2025-11-19,414.7300109863281,416.0700073242188,410.7300109863281,413.2000122070313,2635300
2025-11-20,414.6000061035156,415.9500122070313,408.2099914550781,408.510009765625,2723600
2025-11-21,407.3800048828125,416.4200134277344,406.4200134277344,412.739990234375,3100100
2025-11-24,410.239990234375,412.4599914550781,406.7099914550781,407.6700134277344,4038300
2025-11-25,411.6700134277344,412.8699951171875,406.0899963378906,407.8500061035156,3580000
2025-11-26,407.5,410.489990234375,407.0299987792969,407.8999938964844,2591500
2025-11-28,407.44580078125,408.69695413600846,403.62276317192345,404.96331276270143,1160800
2025-12-01,404.2880859375,408.687047462211,403.8710146139815,407.1478866983638,2074800
2025-12-02,405.926513671875,408.4387902995001,401.43815600242016,405.14203898387416,2139800
2025-12-03,407.7802734375,409.64400833078815,404.6408248450607,406.97298752559885,1957500
2025-12-04,402.3784484863281,407.36171004153556,400.5844560772046,406.2454339042207,2859800
2025-12-05,398.23236083984375,403.25546645743196,397.59448877800867,402.6076485552278,3183600
2025-12-08,388.07647705078125,398.0828746490494,386.48182728929964,397.4250804818602,4569900
2025-12-09,389.0731201171875,395.50150904393996,388.7940586967063,389.9003281229451,3574700
2025-12-10,391.36541748046875,393.0298402026187,387.69774431976526,388.31566387869293,5121700
2025-12-11,401.9498596191406,402.9365660766471,393.54808804666027,393.9168445304557,3272500
2025-12-12,414.8465576171875,416.62059755443215,405.38833670397247,405.38833670397247,4726400
2025-12-15,415.5940246582031,420.0989124313366,408.62743495135516,416.0325540947987,4798100
2025-12-16,422.09222412109375,423.0290797136971,413.51103202616616,417.12888473147694,3960500
2025-12-17,420.9261169433594,422.98919444627865,419.3713418321368,421.5839110927864,4766000
2025-12-18,417.58734130859375,423.0589831687124,417.06909305734683,420.11884669033736,3370800
2025-12-19,420.0191650390625,421.9726254161616,415.7933690848907,416.6305533541843,6048500
2025-12-22,422.09222412109375,423.86626399349734,419.1221893258816,420.1487399753835,2354200
2025-12-23,423.6769104003906,423.90612096979413,421.5839344300661,422.1819319095039,1656600
2025-12-24,423.4775695800781,425.2017890631585,422.72013449060483,423.1885318876208,830100
2025-12-26,423.3479919433594,424.5738852376088,421.99255939739896,423.97588776686723,1328200
2025-12-29,425.1120910644531,425.86952614869045,422.3314225624162,422.4310938779623,2240300
2025-12-30,426.92596435546875,428.0222879678502,421.9825774669474,422.5805749296477,1501800
2025-12-31,424.96258544921875,427.5638333323313,424.85293788106685,425.6801459007691,1569200
2026-01-02,427.6734619140625,429.3677830221615,420.6669973296266,424.852949234686,2202400
2026-01-05,431.6501159667969,432.5371206952203,422.6503469403981,424.1851695788683,2617800
2026-01-06,435.696533203125,437.5303698277239,432.0089074416,432.61688117468856,2359400
2026-01-07,432.6866455078125,437.5502831984484,431.44083012882066,435.44736143810917,2322200
2026-01-08,438.2180480957031,440.9488656390679,430.96242063661003,431.9889712793315,2801600
2026-01-09,442.5933532714844,443.5601072480871,435.70651243756106,436.3543303689017,1787900
2026-01-12,442.1448669433594,444.4870059432439,437.91907090299895,440.8990515620819,2284900
2026-01-13,441.41729736328125,443.18139139925273,438.61670683493327,442.4837226234404,1790300
2026-01-14,438.507080078125,442.8723915053654,436.4340263079429,440.3508624594807,2542000
2026-01-15,438.56689453125,442.5136291942338,436.27457595058945,440.301059831646,2336600
2026-01-16,437.490478515625,439.0552299028042,434.20153814122784,437.9888046581345,3297000
2026-01-20,431.699951171875,433.45406900770234,427.73329435960454,432.8660477821501,2958400
2026-01-21,437.87921142578125,439.4738612520038,431.58036134068067,432.01889080327726,2633300
2026-01-22,444.1481628417969,445.7926331176581,438.37753728409405,438.37753728409405,2214000
2026-01-23,450.05828857421875,450.46691966903285,441.58674398349433,441.75615784267666,1639000
2026-01-26,453.5066833496094,454.05482993454035,450.6363199319472,451.11472397336206,1945500
2026-01-27,451.5133972167969,455.47010812544414,450.9253760005766,453.5067018475428,1929100
2026-01-28,449.988525390625,451.9718537873208,447.4968945745086,451.1645678361323,2281300
2026-01-29,453.476806640625,454.5133335721198,446.65970840603114,451.3938069368948,2717200
2026-01-30,455.4402160644531,455.8388709130267,450.0782216672049,451.1147486058284,2816700
2026-02-02,458.6195373535156,460.8221304746409,456.46676468245596,457.81225140379513,2191500
2026-02-03,462.01812744140625,465.24727125434373,456.74582810482633,456.85547567702923,2912200
2026-02-04,471.74542236328125,475.7320315851439,464.0712178604444,464.64926281483207,3420300
2026-02-05,458.1510925292969,472.79191706766863,457.7225393453196,469.4930004288793,3453400
2026-02-06,446.7394104003906,456.45677017707254,443.51026673061034,454.3737705517155,3132800
2026-02-09,454.81231689453125,455.9684372377051,442.5335529898731,446.669684457804,3610600
2026-02-10,458.9683532714844,462.606128026854,452.65952727792,452.79907319714977,2567800
2026-02-11,465.9449157714844,466.0944075299575,453.75584747374717,456.8952960633376,2392600
2026-02-12,471.2770080566406,475.95130993634183,467.9083487166639,468.3468781768579,3757600
2026-02-13,479.3897705078125,486.90453758884587,471.7653862699293,472.5826484798502,4412900
2026-02-17,480.6056823730469,482.1504813009717,476.4097846273487,477.52603035790275,2249500
2026-02-18,483.6554260253906,486.6354066639005,480.9844051660714,481.2136157287787,2451000
2026-02-19,488.46923828125,488.90776772121114,480.5857454485896,483.2766883769906,3072600
2026-02-20,494.84783935546875,496.68167592334976,486.3663186155318,486.60550543273797,3202400
2026-02-23,496.522216796875,498.8942541613551,491.1203478934057,491.8977354786592,2159200
2026-02-24,502.3127746582031,502.80112456729904,492.91435047967497,496.1933147484836,2761700
2026-02-25,506.5684509277344,507.9139376087953,498.7148563936694,505.15322170175233,3483400
2026-02-26,496.8411560058594,508.9404993115329,495.7847069836568,505.1931072841673,1945600
2026-02-27,506.37908935546875,507.82424736278256,496.6019326841077,496.6019326841077,3239500
2026-03-02,507.6348876953125,508.34250232435124,497.84775463873245,506.2993772398446,3071800
2026-03-03,500.0005187988281,501.96392504736565,489.94430073696094,498.3261502337422,3815300
2026-03-04,497.51885986328125,502.3027786966633,495.6750470407894,500.52873883428094,2907000
2026-03-05,488.41943359375,495.5953424652057,486.9144788573467,493.93091970772394,3784900
2026-03-06,483.1172180175781,486.6652977124793,478.08413615366555,486.36631419368973,2195600
2026-03-09,482.0009765625,484.9112146377527,477.22700356778205,481.0441988785517,2279400
2026-03-10,476.3399963378906,481.4229290831355,473.0410797021519,479.180461438064,2505600
2026-03-11,481.54998779296875,482.0299987792969,471.1400146484375,477.1600036621094,2007400
2026-03-12,490.4100036621094,492.80999755859375,477.5299987792969,480.3900146484375,2908500
2026-03-13,493.9200134277344,500.010009765625,492.6199951171875,498.0,2648800
2026-03-16,497.4100036621094,498.4800109863281,490.8900146484375,494.2900085449219,2217600
2026-03-17,494.04998779296875,500.3399963378906,493.2300109863281,497.4100036621094,2471000
2026-03-18,488.57000732421875,494.4700012207031,488.3800048828125,491.44000244140625,2200800
2026-03-19,489.79998779296875,491.7799987792969,483.4599914550781,488.67999267578125,2744500
2026-03-20,488.1499938964844,495.80999755859375,484.3399963378906,492.8999938964844,6331815
