Date,Open,High,Low,Close,Volume
1990-01-02,0.5861349715238692,0.5861349715238692,0.5736641701552629,0.5836409330368042,3904000
1990-01-03,0.5811460614204407,0.583640707878396,0.5786520238955319,0.5811460614204407,1606400
1990-01-04,0.5786522471293929,0.5861349715238692,0.5786522471293929,0.5836409330368042,4752000
1990-01-05,0.5836406943026653,0.5861347317695618,0.5811460479027367,0.5861347317695618,3897600
1990-01-08,0.5861347181106704,0.5936174392700195,0.5861347181106704,0.5936174392700195,1104000
1990-01-09,0.5911230444908142,0.5936176918942495,0.5911230444908142,0.5911230444908142,1673600
1990-01-10,0.5887184412018774,0.5937285038043018,0.5786977043797912,0.5862134099006653,3158400
1990-01-11,0.5837076956755496,0.5862133382879061,0.5611611934844817,0.5636662244796753,2537600
1990-01-12,0.5636663820162,0.5636663820162,0.5386148418283988,0.5411198735237122,1968000
1990-01-15,0.5361099928553674,0.5361099928553674,0.5135628650608117,0.5260892510414124,1609600
1990-01-16,0.5235833163403684,0.5310990214347839,0.5210782851812974,0.5310990214347839,928000
1990-01-17,0.5285941034298115,0.5436249052190255,0.5285941034298115,0.5411198735237122,1564800
1990-01-18,0.5386150387490829,0.5511408134224771,0.5386150387490829,0.5486357808113098,969600
1990-01-19,0.5511407732060623,0.558656482108705,0.5486357407776856,0.5561514496803284,1516800
1990-01-22,0.5561512813611361,0.5586563130313649,0.5511406064033508,0.5511406064033508,1478400
1990-01-23,0.5536458460336444,0.5536458460336444,0.5461307482001424,0.5486357808113098,371200
1990-01-24,0.5436249052190255,0.5436249052190255,0.5411198735237122,0.5411198735237122,1040000
1990-01-25,0.5411198735237122,0.5411198735237122,0.5336041668204382,0.5411198735237122,5702400
1990-01-26,0.5361098101330855,0.5436249052190255,0.5361098101330855,0.5411198735237122,1008000
1990-01-29,0.5411197576882705,0.5411197576882705,0.5285939902757131,0.5310990214347839,2425600
1990-01-30,0.5310993161396187,0.5310993161396187,0.5185735417765605,0.5260892510414124,2828800
1990-01-31,0.5285939201513395,0.546130359172821,0.5285939201513395,0.546130359172821,1020800
1990-02-01,0.5411200713602502,0.5486357808113098,0.5411200713602502,0.5486357808113098,3619200
1990-02-02,0.5486353899995693,0.5511404208263175,0.543624716728951,0.546130359172821,2825600
1990-02-05,0.546130359172821,0.546130359172821,0.5411196859022027,0.546130359172821,2192000
1990-02-06,0.5436249052190255,0.5436249052190255,0.5386148418283988,0.5411198735237122,252800
1990-02-07,0.5386146903038025,0.5386146903038025,0.5336040167054587,0.5386146903038025,1171200
1990-02-08,0.5386146903038025,0.5411197212943935,0.5336040167054587,0.5386146903038025,1612800
1990-02-09,0.541120031875043,0.5561514496803284,0.541120031875043,0.5561514496803284,1814400
1990-02-12,0.5511408134224771,0.5511408134224771,0.5461307482001424,0.5486357808113098,419200
1990-02-13,0.5486356128401481,0.5486356128401481,0.5436249375343323,0.5436249375343323,1200000
1990-02-14,0.543624716728951,0.546130359172821,0.543624716728951,0.546130359172821,512000
1990-02-15,0.546130359172821,0.546130359172821,0.543624716728951,0.546130359172821,1097600
1990-02-16,0.5461305485316728,0.5461305485316728,0.5386148418283988,0.5411198735237122,1974400
1990-02-20,0.538614996727824,0.538614996727824,0.5285942554473877,0.5285942554473877,310400
1990-02-21,0.5235833197304356,0.5235833197304356,0.5210782885551453,0.5210782885551453,544000
1990-02-22,0.5235838294029236,0.5260894746344924,0.5185737621753905,0.5235838294029236,1206400
1990-02-23,0.5260889563391313,0.5260889563391313,0.5160682201385498,0.5160682201385498,758400
1990-02-26,0.5185732573798549,0.5210782885551453,0.4759852809310919,0.5210782885551453,614400
1990-02-27,0.5185732512843952,0.5210782824302407,0.5135625773755046,0.5160682201385498,822400
1990-02-28,0.5110580497162887,0.5235838294029236,0.5110580497162887,0.5235838294029236,3334400
1990-03-01,0.5210787957891571,0.5235838294029236,0.516068728561624,0.5235838294029236,4579200
1990-03-02,0.5260892230316562,0.5310992878631193,0.5260892230316562,0.5285942554473877,3836800
1990-03-05,0.5310990214347839,0.5336040525938548,0.5285939902757131,0.5310990214347839,3094400
1990-03-06,0.5310988990323885,0.5611611008644104,0.5310988990323885,0.5611611008644104,6454400
1990-03-07,0.5611611908255341,0.573686957359314,0.5611611908255341,0.573686957359314,4576000
1990-03-08,0.576192495637538,0.6062546968460083,0.5736868534907118,0.6062546968460083,21667200
1990-03-09,0.6037490893238678,0.6137698236347083,0.5987390279769897,0.5987390279769897,6083200
1990-03-12,0.6012443255605872,0.6012443255605872,0.591223586801244,0.5962342619895935,1577600
1990-03-13,0.591223586801244,0.5962342619895935,0.591223586801244,0.5962342619895935,3046400
1990-03-14,0.5962338530390298,0.6012439131736755,0.5937282113547705,0.6012439131736755,2873600
1990-03-15,0.601244297726826,0.6187807426481904,0.5987392660572961,0.613770067691803,22608000
1990-03-16,0.6187807320734446,0.6413272399485568,0.6187807320734446,0.6338115334510803,14854400
1990-03-19,0.6313064865951274,0.6513479623600522,0.6237907802789552,0.6488429307937622,17337600
1990-03-20,0.6513479623600522,0.6638737318088045,0.6463378992274722,0.6488429307937622,17641600
1990-03-21,0.6538530107585416,0.6839152251798232,0.6513479791277644,0.6663793921470642,19782400
1990-03-22,0.6663793096479463,0.6663793096479463,0.6438321929103757,0.6588636040687561,3312000
1990-03-23,0.6638737371738012,0.6688844119641766,0.6513479676238237,0.6538529992103577,4534400
1990-03-26,0.663873366929265,0.6713890691146407,0.6588633065503255,0.6688840389251709,6003200
1990-03-27,0.6688840389251709,0.6914305338643314,0.663873366929265,0.6688840389251709,8204800
1990-03-28,0.6839150482810645,0.6864206908810604,0.6688842507668895,0.6713892817497253,3974400
1990-03-29,0.6713890691146407,0.6763997411105465,0.6588633065503255,0.6688840389251709,5843200
1990-03-30,0.6688843409685956,0.6688843409685956,0.6588636040687561,0.6588636040687561,6259200
1990-04-02,0.6513479676238237,0.6588636740007331,0.6413272296603802,0.6538529992103577,3305600
1990-04-03,0.6538528416355545,0.6738943127325612,0.6538528416355545,0.6713892817497253,16611200
1990-04-04,0.6713893722892449,0.6713893722892449,0.6538529298102153,0.6588636040687561,2636800
1990-04-05,0.6613683622114518,0.6613683622114518,0.6538526597366197,0.6563583016395569,3264000
1990-04-06,0.6563586371099346,0.6588636686762245,0.6438322560438798,0.6488429307937622,1385600
1990-04-09,0.6489440893529648,0.6539743542671204,0.6464283428123963,0.6539743542671204,1772800
1990-04-10,0.6539739969408166,0.6615200042724609,0.6539739969408166,0.6615200042724609,2905600
1990-04-11,0.6615199572508876,0.6690659640461535,0.6590048263468362,0.6665502190589905,5689600
1990-04-12,0.6665502190589905,0.6690659640461535,0.6665502190589905,0.6665502190589905,6537600
1990-04-16,0.6690660889760253,0.6766114830970764,0.6690660889760253,0.6766114830970764,6544000
1990-04-17,0.6740963517233928,0.6791272285539863,0.671581220349709,0.6766114830970764,4121600
1990-04-18,0.6766115969075239,0.6891884840579087,0.6715813333140336,0.6740964651107788,5689600
1990-04-19,0.6740964649929503,0.7017647570022992,0.6740964649929503,0.6992496252059937,9497600
1990-04-20,0.7017648193397067,0.7042799513594301,0.6917036771774292,0.6917036771774292,3635200
1990-04-23,0.6866728513919615,0.6866728513919615,0.6791274547576904,0.6791274547576904,1424000
1990-04-24,0.6791277579122834,0.694219172000885,0.6791277579122834,0.694219172000885,2553600
1990-04-25,0.6942187510145467,0.7118259018437197,0.6942187510145467,0.70931077003479,8112000
1990-04-26,0.7093110220625912,0.7118261547651816,0.6967341303825378,0.6967341303825378,4198400
1990-04-27,0.694219172000885,0.6992500527528888,0.694219172000885,0.694219172000885,1939200
1990-04-30,0.694219172000885,0.694219172000885,0.6866731579147317,0.694219172000885,9971200
1990-05-01,0.6967338793263588,0.7017647570022992,0.6917036157337477,0.6992496252059937,5008000
1990-05-02,0.6992497591675882,0.7093109023636438,0.6992497591675882,0.7067951560020447,6134400
1990-05-03,0.7042800237238925,0.7143411669199481,0.7042800237238925,0.7067951560020447,4099200
1990-05-04,0.7093109023636438,0.711826034641796,0.7042800237238925,0.7067951560020447,13456000
1990-05-07,0.7093107160083739,0.7143409792430909,0.7067949703077298,0.7118258476257324,1603200
1990-05-08,0.711826319671011,0.7319486141204834,0.7093111863857501,0.7319486141204834,3872000
1990-05-09,0.7319478999215043,0.7420090373290745,0.7294327690903852,0.7394939064979553,6144000
1990-05-10,0.7394940369986592,0.7646465779147812,0.7369782916404853,0.7596163153648376,3161600
1990-05-11,0.7646465423033961,0.7822536885745967,0.7646465423033961,0.7772228121757507,7356800
1990-05-14,0.7747079112328706,0.7923150627362748,0.7747079112328706,0.7822539210319519,7622400
1990-05-15,0.7822534577545778,0.7872837185859679,0.7747074524245001,0.787283718585968,8144000
1990-05-16,0.7847690582275391,0.7847690582275391,0.7797387943831452,0.7847690582275391,2515200
1990-05-17,0.7822540514307255,0.7998612058691753,0.7822540514307255,0.7973454594612122,3929600
1990-05-18,0.7948308515377764,0.817468285560608,0.7948308515377764,0.8174682855606079,6630400
1990-05-21,0.8174676459949719,0.8853805090140547,0.8149525139788458,0.8778344988822937,10336000
1990-05-22,0.8929265191458158,0.8929265191458158,0.8602279606860288,0.8778344988822937,17555200
1990-05-23,0.882865487916377,0.9105337858200072,0.8778346091686895,0.9105337858200072,7212800
1990-05-24,0.913049162712168,0.918079428723751,0.8979571365101695,0.9029880166053772,8892800
1990-05-25,0.9004729510810111,0.9029880842752868,0.8853809237480164,0.8853809237480164,2457600
1990-05-29,0.8778347912242311,0.8979570822212541,0.8702893926630382,0.8954419493675232,6608000
1990-05-30,0.8954417636604052,0.920594929231922,0.8954417636604052,0.9105337858200072,4883200
1990-05-31,0.9105339054110344,0.955808749669393,0.9105339054110344,0.9507784843444824,9811200
1990-06-01,0.9633540060029508,0.9834762796840408,0.9633540060029508,0.9759302735328674,14528000
1990-06-04,0.9784459368963436,0.985991947155628,0.9658696625197988,0.9734156727790833,7584000
1990-06-05,0.9734156100148306,0.9734156100148306,0.9482624488001824,0.963354468345642,10560000
1990-06-06,0.9583237607942074,0.9583237607942074,0.9105337899342684,0.9407172203063964,20790400
1990-06-07,0.9407168092081608,0.945747071696866,0.9331708013919084,0.935685932636261,11504000
1990-06-08,0.9331713363917516,0.9331713363917516,0.9029879019053624,0.9155641794204712,8912000
1990-06-11,0.9130489351091744,0.9407172335266576,0.91053380273035,0.9382014870643616,3145600
1990-06-12,0.9432321250226576,0.973415548110716,0.9432321250226576,0.9709004163742064,6876800
1990-06-13,0.9834769319791252,0.9859920643366684,0.9784460531805724,0.980961799621582,4940800
1990-06-14,0.9834763929325636,0.9834763929325636,0.9608389859553768,0.9658692479133606,3024000
1990-06-15,0.9859918912338924,0.9859918912338924,0.95832359790802,0.95832359790802,6905600
1990-06-18,0.9583235290384688,0.960839274857016,0.9382012469899798,0.9457472562789916,7929600
1990-06-19,0.9356863559508812,0.9859920740127563,0.9356863559508812,0.9859920740127563,20339200
1990-06-20,0.9859923178947576,0.99856859700006,0.9784463047981262,0.9784463047981262,4035200
1990-06-21,0.9809616957255752,0.9910228381736148,0.9759308174598544,0.988507091999054,3609600
1990-06-22,0.985991947155628,0.9935379574149124,0.9734156727790833,0.9734156727790833,1728000
1990-06-25,0.9734156175706262,0.9809616274019292,0.9432321923287724,0.95832359790802,5884800
1990-06-26,0.9583230501468686,0.9633539251866275,0.9583230501468686,0.960838794708252,3193600
1990-06-27,0.9583233476164432,0.9608390929587296,0.9457470772378036,0.9532930850982666,4416000
1990-06-28,0.9532934477059442,0.9608394584367104,0.948262569190956,0.9558085799217224,3443200
1990-06-29,0.9558088795918568,0.9809620518860862,0.9558088795918568,0.9784463047981262,5382400
1990-07-02,0.97844623963058,0.9960533976554872,0.97593110679376,0.9960533976554872,3891200
1990-07-03,0.9935381959403858,0.9935381959403858,0.9507784843444824,0.9507784843444824,5420800
1990-07-05,0.9482622472387852,0.9482622472387852,0.8853802786933052,0.9055025577545166,8828800
1990-07-06,0.9080182313919066,0.9130491112033016,0.905503098528004,0.9080182313919068,4089600
1990-07-09,0.9080176466987988,0.945747071696866,0.9055025154544462,0.935685932636261,4742400
1990-07-10,0.9356864600107686,0.9432324720801276,0.9306561946868896,0.9306561946868896,3571200
1990-07-11,0.933280250943434,0.9534592767388058,0.9282351865870933,0.9509364366531372,2828800
1990-07-12,0.9635479112965338,0.9837269186973572,0.9610250735106048,0.9837269186973572,3267200
1990-07-13,0.983726977710476,0.991293644078878,0.9635479690991277,0.9711146354675292,3075200
1990-07-16,0.9711143644401676,0.9711143644401676,0.948413140041681,0.95598042011261,6364800
1990-07-17,0.8676976205859005,0.8676976205859005,0.82733959172144,0.8349068760871887,59670400
1990-07-18,0.8424740389273441,0.8424740389273441,0.7516684870808701,0.7693246603012085,36803200
1990-07-19,0.7642798334547021,0.7768915554004976,0.7541903327352151,0.7617576122283936,29984000
1990-07-20,0.7617576407480815,0.7642798620688203,0.6911311330674642,0.7415786385536194,17801600
1990-07-23,0.7415789130263758,0.7592350846207152,0.7037431159544272,0.7087875604629517,17148800
1990-07-24,0.7087875445616758,0.7264443315743982,0.6961758177587983,0.7037431001663208,9472000
1990-07-25,0.6986980782671041,0.7365338765648182,0.6886085731086818,0.7289665937423706,9990400
1990-07-26,0.7289666009310152,0.7541906719830777,0.726444378570168,0.7441011667251587,9507200
1990-07-27,0.7415787691474383,0.7415787691474383,0.7314892662734213,0.7390559315681458,2409600
1990-07-30,0.7365337866500413,0.7365337866500413,0.6457282513096253,0.6583399772644043,17696000
1990-07-31,0.6583401504777858,0.6583401504777858,0.5927586656064804,0.6028481721878052,35612800
1990-08-01,0.6053701043128967,0.615459606051445,0.6028478828318384,0.6053701043128967,16588800
1990-08-02,0.5751013451133618,0.5952803396787428,0.5751013451133618,0.5877130627632141,10035200
1990-08-03,0.5801466867492009,0.5801466867492009,0.5347436187587389,0.5498781800270081,10569600
1990-08-06,0.5347436613949603,0.5473553862478465,0.5196097147343759,0.5271763801574707,4787200
1990-08-07,0.5498783071947145,0.5549227515745115,0.5347437424263475,0.552400529384613,10256000
1990-08-08,0.5498781033053288,0.5725793262260014,0.5498781033053288,0.5675342679023743,5059200
1990-08-09,0.5700573593562538,0.5927585924072258,0.5650122987812963,0.5851913094520569,2806400
1990-08-10,0.5902362630364469,0.6129374919724272,0.5902362630364469,0.5952807068824768,7036800
1990-08-13,0.5851910643274736,0.5851910643274736,0.5650120621092849,0.5776237845420837,3971200
1990-08-14,0.5751019155277926,0.5776241383966194,0.5095204260503713,0.5145648717880249,8230400
1990-08-15,0.5347438649697738,0.554922878742218,0.5296994194339772,0.554922878742218,6054400
1990-08-16,0.5473555482519864,0.5473555482519864,0.5196098685264587,0.5196098685264587,3161600
1990-08-17,0.5196094614917176,0.5246539026485991,0.5044749063928837,0.5170866250991821,2982400
1990-08-20,0.5145648717880249,0.527176601946813,0.5145648717880249,0.5145648717880249,2748800
1990-08-21,0.5145649220350667,0.5145649220350667,0.4792519509792328,0.4792519509792328,4992000
1990-08-22,0.4893411994308027,0.4943856429826154,0.4565498530864715,0.4565498530864715,11510400
1990-08-23,0.4237591589693611,0.4439381665393307,0.4212369369767249,0.4288042187690735,9155200
1990-08-24,0.4388936898993091,0.4641171395778656,0.4363708522799381,0.4641171395778656,7603200
1990-08-27,0.4842963421598393,0.4893414036313264,0.4716846122030879,0.4742068350315094,6492800
1990-08-28,0.4767289600986213,0.4792517982243364,0.4691622931650295,0.4716845154762268,5580800
1990-08-29,0.474206737787424,0.4792517982243364,0.4666394550393144,0.4716845154762268,7241600
1990-08-30,0.4742068350315093,0.4767290578599308,0.4691623893746664,0.4742068350315094,2428800
1990-08-31,0.4767288116804522,0.4868183135986328,0.4742065901544886,0.4868183135986328,2352000
1990-09-04,0.4842961646127224,0.4842961646127224,0.469162217375784,0.4817739427089691,2825600
1990-09-05,0.4842961728572845,0.494385676458478,0.4792517289639022,0.4842961728572845,3961600
1990-09-06,0.4842962428467309,0.4842962428467309,0.4716845154762267,0.4716845154762268,2860800
1990-09-07,0.4666394050082053,0.4666394050082053,0.4590727388858794,0.4590727388858795,4889600
1990-09-10,0.4641175091128909,0.4868187550614307,0.4641175091128909,0.4767292439937591,3660800
1990-09-11,0.4742066692560911,0.4893412325650956,0.4742066692560911,0.4842961728572845,2521600
1990-09-12,0.484296448376714,0.4943859577178955,0.484296448376714,0.4943859577178955,1622400
1990-09-13,0.4918634593486786,0.496907903291667,0.4918634593486786,0.4918634593486786,2105600
1990-09-14,0.4893414036313264,0.4918636264597478,0.4742068350315093,0.4742068350315094,3417600
1990-09-17,0.4691622931650295,0.474206737787424,0.4666394550393144,0.4716845154762268,1228800
1990-09-18,0.4691621990022134,0.4691621990022134,0.4590726959679119,0.4641171395778656,1932800
1990-09-19,0.4641172553217688,0.4641172553217688,0.4237592331198758,0.4338487386703491,12924800
1990-09-20,0.4363709724982391,0.4363709724982391,0.4212370216846466,0.4212370216846466,5488000
1990-09-21,0.4237590253143124,0.4237590253143124,0.4136695247115907,0.4187145829200744,4028800
1990-09-24,0.4161918932723896,0.4161918932723896,0.4061023890972137,0.4061023890972137,6819200
1990-09-25,0.4061025377345276,0.4086253765625519,0.3859235219984679,0.3884463608264923,4883200
1990-09-26,0.3884462030420237,0.4035801507894069,0.3884462030420237,0.4010579288005829,6320000
1990-09-27,0.4035801670070357,0.4136696711822116,0.4035801670070357,0.4061023890972137,8636800
1990-09-28,0.4035802632448118,0.4061024859364392,0.3960129793553189,0.398535817861557,10192000
1990-10-01,0.4035800550042129,0.4136695563793182,0.4035800550042129,0.4136695563793182,4524800
1990-10-02,0.4237591589693611,0.4414159445466945,0.4237591589693611,0.4288042187690735,3504000
1990-10-03,0.4262814555538572,0.4363709611043305,0.4262814555538572,0.4338487386703491,1987200
1990-10-04,0.436370802545445,0.436370802545445,0.4262813006610745,0.4313263595104217,3481600
1990-10-05,0.4237592331198758,0.4388937993528596,0.4212370106858945,0.4338487386703491,2899200
1990-10-08,0.4363709688186645,0.4388938071117934,0.4338487463400944,0.4363709688186645,2054400
1990-10-09,0.4363709146916162,0.4363709146916162,0.4161919057369232,0.4161919057369232,5865600
1990-10-10,0.4212371021941922,0.4212371021941922,0.4086253714700027,0.4111475944519043,8422400
1990-10-11,0.4061719246930105,0.4112493836362592,0.4010950855189339,0.4036335051059723,4128000
1990-10-12,0.4061721460905504,0.4137880287721258,0.4061721460905504,0.4112496078014374,777600
1990-10-15,0.4163264497428142,0.4188648707135027,0.4112496078014374,0.4112496078014374,3321600
1990-10-16,0.4137878032232975,0.4137878032232975,0.4010950855189339,0.4036335051059723,8582400
1990-10-17,0.4010950855189339,0.4087103442800488,0.3985560461627235,0.4036335051059723,5033600
1990-10-18,0.4112496319339392,0.4239423573017121,0.4087105910447475,0.423942357301712,3539200
1990-10-19,0.4340965299001243,0.4442508310687275,0.4340965299001243,0.4391733705997467,4483200
1990-10-22,0.4391733952520885,0.4442508560060849,0.4290190935134887,0.4290190935134887,2048000
1990-10-23,0.4315582404301943,0.4315582404301943,0.4188648952928751,0.423942357301712,2230400
1990-10-24,0.4188646674156189,0.4188646674156189,0.4163262476769641,0.4188646674156189,3024000
1990-10-25,0.4163262228103357,0.418864642397374,0.4036335051059722,0.4036335051059723,4310400
1990-10-26,0.401094913089208,0.4061717500807646,0.3985558748245239,0.3985558748245239,3286400
1990-10-29,0.4010950765779094,0.4036334961083623,0.3934791982173919,0.3934791982173919,6172800
1990-10-30,0.396017617747845,0.3985560372782979,0.390940778686939,0.3934791982173919,11929600
1990-10-31,0.3909410834312439,0.3960179264496234,0.3884020421524126,0.3909410834312439,5308800
1990-11-01,0.39094063190261,0.4112492200593969,0.39094063190261,0.4087101817131042,1216000
1990-11-02,0.4087105670612389,0.4112496078014374,0.4010953041491736,0.4112496078014374,5827200
1990-11-05,0.4112496078014374,0.4163264497428142,0.4087105670612389,0.4112496078014374,1705600
1990-11-06,0.4112495165311788,0.4214038179298577,0.3858634531497955,0.3858634531497955,5516800
1990-11-07,0.3858633198568746,0.396017617747845,0.3858633198568746,0.3934791982173919,5056000
1990-11-08,0.3909408603128143,0.403633580384394,0.3909408603128143,0.3960177004337311,6035200
1990-11-09,0.3934795049404336,0.3960179264496234,0.3858636206432229,0.3909410834312439,5686400
1990-11-12,0.3909408811511901,0.4036336018993317,0.3909408811511901,0.4010951817035675,2940800
1990-11-13,0.4010950855189339,0.4036335051059722,0.3998252559562427,0.4036335051059723,1212800
1990-11-14,0.4036336490516861,0.4417124355137833,0.4036336490516861,0.4290190935134887,7769600
1990-11-15,0.4264807977327486,0.4290192189673356,0.413788071790239,0.416326493024826,6364800
1990-11-16,0.4188649142594131,0.4214039552635745,0.413788071790239,0.416326493024826,3769600
1990-11-19,0.4112496181728602,0.4137880392075658,0.4036337352992177,0.4061721563339233,2153600
1990-11-20,0.4036337780092761,0.4061721993125819,0.3782477056674441,0.3807867467403412,5024000
1990-11-21,0.383325087954155,0.3858635087270994,0.37570920586586,0.37570920586586,4259200
1990-11-23,0.3731707677533317,0.3858634907977413,0.3731707677533317,0.3833250701427459,1414400
1990-11-26,0.3807866494877506,0.3833250701427459,0.3782476090633224,0.3833250701427459,1772800
1990-11-27,0.383325199134033,0.3985563479588132,0.3807867776248433,0.3909410834312439,969600
1990-11-28,0.3960178836089809,0.4188649142594131,0.3960178836089809,0.416326493024826,4099200
1990-11-29,0.4112496078014374,0.4137880287721258,0.4087105670612389,0.4112496078014374,2265600
1990-11-30,0.4112494081996545,0.4264805464007924,0.4061719489531357,0.4188646674156189,5062400
1990-12-03,0.4290190843356268,0.4442508465023749,0.4290190843356268,0.4340965449810028,4768000
1990-12-04,0.4290191646875724,0.436635047197342,0.421403901947299,0.4366350471973419,2668800
1990-12-05,0.4340965354262078,0.4544051380219443,0.4315581150440823,0.449327677488327,4076800
1990-12-06,0.4670978337145233,0.4721752939656515,0.462020993232727,0.462020993232727,8934400
1990-12-07,0.4569433143605356,0.4670976102352142,0.4544048953341248,0.4670976102352142,4406400
1990-12-10,0.462021015481286,0.4721753167031894,0.462021015481286,0.4645594358444214,2524800
1990-12-11,0.4670976271897171,0.4772519234329718,0.4670976271897171,0.4747135043144226,4368000
1990-12-12,0.4747139462531959,0.5102537063060846,0.4747139462531959,0.5077152848243713,5145600
1990-12-13,0.5051765130665827,0.5127923920007074,0.4924837946891784,0.4924837946891784,2483200
1990-12-14,0.4874063192522432,0.4899447388893858,0.4696361422538757,0.4696361422538757,3190400
1990-12-17,0.4721751816602028,0.4721751816602028,0.467097722616733,0.4696361422538757,1612800
1990-12-18,0.4670977381651648,0.4924837946891784,0.4670977381651648,0.4924837946891784,6585600
1990-12-19,0.4874063354766937,0.4975606341324581,0.4874063354766937,0.4924837946891784,1248000
1990-12-20,0.4899447551983336,0.4950222144108183,0.4848679157550538,0.4924837946891784,2684800
1990-12-21,0.4975603986531496,0.4975603986531496,0.4874061048030853,0.4874061048030853,3033600
1990-12-24,0.4874064548967446,0.4924839153532642,0.4874064548967446,0.4899448752403259,1244800
1990-12-26,0.4899445233233734,0.4899445233233734,0.4874061048030853,0.4874061048030853,518400
1990-12-27,0.4874064548967446,0.4924839153532642,0.4874064548967446,0.4899448752403259,2969600
1990-12-28,0.4874063354766937,0.4950222144108183,0.4874063354766937,0.4924837946891784,1331200
1990-12-31,0.4924841054862925,0.4975609481334686,0.4899450643931083,0.4975609481334686,1296000
1991-01-02,0.4975606341324581,0.4975606341324581,0.4899447551983336,0.4924837946891784,1859200
1991-01-03,0.4899447551983336,0.4975606341324581,0.4899447551983336,0.4924837946891784,3708800
1991-01-04,0.4899447551983336,0.4975606341324581,0.4899447551983336,0.4924837946891784,6403200
1991-01-07,0.4899447551983336,0.4924837946891784,0.4874063354766937,0.4924837946891784,3862400
1991-01-08,0.4924839153532642,0.4924839153532642,0.4874064548967446,0.4899448752403259,3830400
1991-01-09,0.4899447700090417,0.4950222293750147,0.4797904710463194,0.4848679304122925,7251200
1991-01-10,0.4823296070098877,0.4823296070098877,0.477252146629159,0.4823296070098877,659200
1991-01-11,0.4823295106139179,0.4848679304122925,0.4797904710463194,0.4848679304122925,928000
1991-01-14,0.4849705696105956,0.4875228888621414,0.479865307944652,0.4849705696105957,1536000
1991-01-15,0.484970758671913,0.487523078918457,0.482417815262274,0.487523078918457,1075200
1991-01-16,0.4849708302654271,0.5002853771685862,0.4849708302654271,0.4977330565452575,2195200
1991-01-17,0.5181527873326448,0.5334673318557855,0.5156004671059696,0.5283626914024353,3849600
1991-01-18,0.5258104075805426,0.5513348579406738,0.5258104075805426,0.5513348579406738,2550400
1991-01-21,0.5436771080568653,0.566649854183197,0.5411247884304763,0.566649854183197,4102400
1991-01-22,0.5640969112872362,0.5692021737019928,0.55133468999476,0.5538870096206665,3833600
1991-01-23,0.5513347172476697,0.5538870369997394,0.5462300777435303,0.5462300777435303,1744000
1991-01-24,0.5462299104531358,0.548782229423523,0.5436769683199654,0.548782229423523,1129600
1991-01-25,0.5462301934660854,0.5462301934660854,0.5360202891317951,0.5385726094245911,908800
1991-01-28,0.5385724356780668,0.5385724356780668,0.533467173576355,0.533467173576355,1369600
1991-01-29,0.5283626163960266,0.5283626163960266,0.5156003939112872,0.5181527137756348,2636800
1991-01-30,0.5156001297651668,0.5360199245447242,0.5156001297651668,0.5309146642684937,4022400
1991-01-31,0.5309149470983767,0.5309149470983767,0.5181527243531117,0.5207050442695618,1472000
1991-02-01,0.5207047976076641,0.5207047976076641,0.5104948996153569,0.5130472183227539,2160000
1991-02-04,0.5104950367002729,0.5360201001167297,0.5104950367002729,0.5360201001167297,6476800
1991-02-05,0.536019915296411,0.5589920282363892,0.536019915296411,0.5589920282363892,6425600
1991-02-06,0.5666498116977123,0.5845166709057822,0.5666498116977123,0.576859712600708,5139200
1991-02-07,0.5794121808929916,0.6125942115618263,0.5794121808929916,0.5972796678543091,5737600
1991-02-08,0.5921743751623609,0.6304616672782701,0.5845167921065739,0.6176994442939758,9225600
1991-02-11,0.6228036719655233,0.653433360750713,0.6228036719655233,0.6432234644889832,8937600
1991-02-12,0.6432237888945908,0.6508813707435918,0.6228039860725403,0.6228039860725403,2284800
1991-02-13,0.6228040842224831,0.6279093473140165,0.6074895412739351,0.6176994442939758,2147200
1991-02-14,0.6228040406692418,0.6279093034037596,0.5998319162713679,0.6151464581489563,2188800
1991-02-15,0.6228039328021011,0.6381190951901474,0.615146351608078,0.6304615139961243,3020800
1991-02-19,0.6304615789426894,0.633013898549331,0.6202516773531841,0.6253563165664673,1289600
1991-02-20,0.6202516323028402,0.6253562711453615,0.6023841500282288,0.6023841500282288,2233600
1991-02-21,0.6023844406175678,0.6100420257382506,0.5921745348443886,0.6074897050857544,3468800
1991-02-22,0.6074896975792518,0.6125943388211683,0.5819646218801099,0.5845169425010681,2329600
1991-02-25,0.5947264116763714,0.6125938892364502,0.5921740929285685,0.6125938892364502,3587200
1991-02-26,0.6100417808129587,0.6151464200684927,0.5947266167204686,0.5998318791389465,3552000
1991-02-27,0.5998318306069681,0.6100417314549041,0.5998318306069681,0.6023841500282288,1644800
1991-02-28,0.6049367663826921,0.6074897102199588,0.5947268605232239,0.5947268605232239,1168000
1991-03-01,0.5972794938634252,0.5972794938634252,0.5845166508014824,0.592174232006073,2864000
1991-03-04,0.5896219126588346,0.5972794938634252,0.5870695933115962,0.592174232006073,1574400
1991-03-05,0.5921741006829907,0.6253561143271292,0.5921741006829907,0.620251476764679,2790400
1991-03-06,0.6279093623161316,0.638119265580109,0.6253564191278564,0.6279093623161316,4534400
1991-03-07,0.6279092593360478,0.633013898549331,0.6253563165664673,0.6253563165664673,2716800
1991-03-08,0.6253559662907902,0.6406711216781611,0.6176990117596945,0.6381188035011292,2454400
1991-03-11,0.6355659244988396,0.6355659244988396,0.6304612876441048,0.6330136060714722,1769600
1991-03-12,0.6304616823413657,0.6355663223918339,0.6279093623161316,0.6279093623161316,1673600
1991-03-13,0.6279089728551368,0.6636433005332947,0.6279089728551368,0.6636433005332947,3868800
1991-03-14,0.6636433363095843,0.6687485966317713,0.6559857574076479,0.6585386991500854,4809600
1991-03-15,0.6559858125318501,0.6559858125318501,0.627909059469867,0.6457759141921997,4544000
1991-03-18,0.6432234644889832,0.6432234644889832,0.638118827939425,0.6432234644889832,1609600
1991-03-19,0.6355662181559727,0.6406714805321947,0.6253563165664673,0.6253563165664673,1174400
1991-03-20,0.6202516436558331,0.622803963123811,0.6049364805221558,0.6049364805221558,7100800
1991-03-21,0.6023842213409287,0.6023842213409287,0.571754515171051,0.571754515171051,3990400
1991-03-22,0.5666500073418814,0.5845168727187467,0.5564401029137674,0.5819645524024963,4531200
1991-03-25,0.5743067774177061,0.6049364805221558,0.5743067774177061,0.6049364805221558,4723200
1991-03-26,0.5972793535869034,0.6125938892364502,0.5921740929285685,0.6125938892364502,3632000
1991-03-27,0.6176994590521542,0.6304616823413657,0.6176994590521542,0.6279093623161316,2563200
1991-03-28,0.625356027626719,0.6355659244988396,0.625356027626719,0.6330136060714722,2582400
1991-04-01,0.6304615952433587,0.6381191774242102,0.6279092755707264,0.635566234588623,2780800
1991-04-02,0.6304613632723715,0.6483288407325745,0.6304613632723715,0.6483288407325745,5433600
1991-04-03,0.6457759506859158,0.655985849602542,0.6406713128089905,0.6406713128089905,3315200
1991-04-04,0.6355658621615076,0.643223439855193,0.6304612258074438,0.6381188035011292,2009600
1991-04-05,0.638118942635705,0.6508811594661104,0.638118942635705,0.6483288407325745,1804800
1991-04-08,0.6483288407325745,0.6483288407325745,0.6432235801027769,0.6483288407325745,2505600
1991-04-09,0.6483288561491677,0.6508811749433951,0.6432235953979722,0.6457759141921997,684800
1991-04-10,0.6407533934663133,0.6484419611319238,0.6381899118423462,0.6381899118423462,684800
1991-04-11,0.6407536381651218,0.6535685482371502,0.6381901555621807,0.6484422087669373,2025600
1991-04-12,0.6535682331021491,0.6561310887336731,0.6484418961037335,0.6561310887336731,3216000
1991-04-15,0.65613106012426,0.6817614925280341,0.65613106012426,0.6715094447135925,6163200
1991-04-16,0.6689461967009346,0.6945766380413124,0.6663833402875643,0.6868874430656433,3916800
1991-04-17,0.6868874737135161,0.7150807727252063,0.6868874737135161,0.6997023820877075,4726400
1991-04-18,0.6971392240530533,0.7048284160462909,0.6971392240530533,0.7022655606269836,1452800
1991-04-19,0.6971394871220444,0.6971394871220444,0.671509671786804,0.6766353845596313,2899200
1991-04-22,0.6715095549137562,0.6715095549137562,0.6586940237410664,0.6612575054168701,1129600
1991-04-23,0.6612574005547954,0.6638202560887391,0.6510053526836772,0.6535682082176208,2742400
1991-04-24,0.6535682082176208,0.6535682082176208,0.6510053526836772,0.6535682082176208,2134400
1991-04-25,0.6510053732256064,0.6920135660040584,0.6484418918754306,0.6740723252296448,9644800
1991-04-26,0.6766353916766038,0.6894502994790135,0.6766353916766038,0.6868874430656433,1462400
1991-04-29,0.6817615079702842,0.6868872191259349,0.6791980266571045,0.6791980266571045,1788800
1991-04-30,0.6791980266571045,0.6868872191259349,0.6766351710792792,0.6791980266571045,2534400
1991-05-01,0.679197926777848,0.6817614077140558,0.6510052680969238,0.6510052680969238,2163200
1991-05-02,0.6561310887336731,0.6612574257320887,0.6535682331021491,0.6561310887336731,4588800
1991-05-03,0.65869383369976,0.65869383369976,0.6458789319597706,0.6510052680969238,1491200
1991-05-06,0.6484419206009537,0.6612574507134615,0.6484419206009537,0.6586939692497253,2572800
1991-05-07,0.6612574257320887,0.6638202813636127,0.6561310887336731,0.6561310887336731,1225600
1991-05-08,0.6510053526836772,0.6535682082176208,0.6510053526836772,0.6535682082176208,742400
1991-05-09,0.6535682288404188,0.6766351808444572,0.6535682288404188,0.6740723252296448,2652800
1991-05-10,0.6740723550905783,0.6766352108189233,0.6586939692497253,0.6586939692497253,1622400
1991-05-13,0.6612573146359678,0.6612573146359678,0.6510052680969238,0.6510052680969238,454400
1991-05-14,0.6484421184269018,0.6484421184269018,0.6356272101402283,0.6356272101402283,2368000
1991-05-15,0.63562717877243,0.638190035156173,0.6202494147344211,0.6228122711181641,1180800
1991-05-16,0.622812167526763,0.622812167526763,0.6099972620039807,0.6151229739189148,3836800
1991-05-17,0.6099972079407036,0.612560063671028,0.594618822087974,0.5971816778182983,5417600
1991-05-20,0.5920560359954834,0.5946188920272518,0.5869296981964813,0.5920560359954834,4310400
1991-05-21,0.5946187733823297,0.6151228690162032,0.5946187733823297,0.6074336767196655,8880000
1991-05-22,0.6099972811110251,0.620249330997467,0.5997452312245832,0.620249330997467,4454400
1991-05-23,0.6202493222330303,0.6381899399791936,0.6074337907544679,0.6099972724914551,4313600
1991-05-24,0.6176857070479331,0.6330640912055969,0.6151228516000967,0.6330640912055969,4150400
1991-05-28,0.6458790158804463,0.6535682082176208,0.6407533048125591,0.6535682082176208,4105600
1991-05-29,0.6535682577930351,0.6612574507134615,0.6535682577930351,0.6586939692497253,3251200
1991-05-30,0.6535682091892263,0.6715094494241908,0.6510053536514727,0.6689459681510925,2419200
1991-05-31,0.6766348351602969,0.7099538183367021,0.6766348351602969,0.7073909640312195,9068800
1991-06-03,0.7073910014982826,0.7253322340570083,0.7073910014982826,0.7227693796157837,5923200
1991-06-04,0.7227698279907059,0.7586516896326245,0.7202063462241319,0.750962495803833,4780800
1991-06-05,0.7535260485339418,0.7612146173513414,0.7458368539810182,0.7458368539810181,3820800
1991-06-06,0.7432740430463218,0.7432740430463218,0.7227699401448449,0.7253327965736389,3334400
1991-06-07,0.7227696554520734,0.7227696554520734,0.7022655606269836,0.7022655606269836,1366400
1991-06-10,0.7022655540047924,0.7022655540047924,0.6868871701633316,0.6894500255584717,1552000
1991-06-11,0.6945767457914575,0.7330221008982981,0.6945767457914575,0.7048287987709045,5411200
1991-06-12,0.7022655540047924,0.7073912647950727,0.6894500255584717,0.6894500255584717,1091200
1991-06-13,0.6920136703597831,0.7048285761016975,0.6920136703597831,0.6971393823623657,3184000
1991-06-14,0.6920132124632801,0.7073909640312195,0.6920132124632801,0.7073909640312195,2771200
1991-06-17,0.7048285449428747,0.7150805942302786,0.7048285449428747,0.7125177383422852,1910400
1991-06-18,0.7150806258423205,0.7150806258423205,0.6971393823623657,0.6971393823623657,748800
1991-06-19,0.6945767345727378,0.6945767345727378,0.6817618249893276,0.6843246817588806,553600
1991-06-20,0.684324586652273,0.6868874430656433,0.6817617302389027,0.6868874430656433,659200
1991-06-21,0.6843245794544242,0.6843245794544242,0.6740725281732176,0.6766353845596313,1673600
1991-06-24,0.6766351594938009,0.6766351594938009,0.6535682082176208,0.6535682082176208,1254400
1991-06-25,0.6586939192855081,0.6663831116226827,0.6535682082176208,0.6535682082176208,1964800
1991-06-26,0.6561311135213802,0.6612574507134615,0.65100540206469,0.6586939692497253,1635200
1991-06-27,0.6586939443651971,0.6663831369951367,0.6535682331021491,0.6561310887336731,2067200
1991-06-28,0.6535683790768049,0.6535683790768049,0.6381899903821588,0.6433163285255432,1804800
1991-07-01,0.6484418678295938,0.6715094447135925,0.6484418678295938,0.6715094447135925,1878400
1991-07-02,0.6715097721754704,0.6868875385284335,0.668946289670272,0.6843246817588806,1564800
1991-07-03,0.6817615178094454,0.6817615178094454,0.6740723252296448,0.6740723252296448,1724800
1991-07-05,0.6766353845596313,0.6766353845596313,0.6740725281732176,0.6766353845596313,281600
1991-07-08,0.6715094599236285,0.6791980266571045,0.6689459786104488,0.6791980266571045,995200
1991-07-09,0.6766353845596313,0.679198240946045,0.6740725281732176,0.6766353845596313,643200
1991-07-10,0.6766350746154784,0.684324265988107,0.6663830280303955,0.6663830280303955,1228800
1991-07-11,0.6666921736823257,0.6718400603612469,0.6615436585609117,0.664118230342865,2521600
1991-07-12,0.6641181945175892,0.6666921377182007,0.6589696796739074,0.6666921377182007,3980800
1991-07-15,0.6666924328587562,0.6872852444648743,0.6666924328587562,0.6872852444648743,2598400
1991-07-16,0.6872848752774402,0.6950073325921619,0.6872848752774402,0.6924327611923218,672000
1991-07-17,0.6898589160512476,0.7027292611057606,0.6872849727288427,0.7001553177833557,1510400
1991-07-18,0.6975812014683391,0.7130254860152412,0.6975812014683391,0.7104515433311462,1190400
1991-07-19,0.7130256628378688,0.7156002346027622,0.6975813744609508,0.7001553177833557,3718400
1991-07-22,0.7001553807939801,0.7233221296654976,0.6898589781352451,0.7207481861114502,3235200
1991-07-23,0.741341234932483,0.741341234932483,0.7284708844922598,0.7310448288917542,2646400
1991-07-24,0.7284707795515946,0.7284707795515946,0.7104519144653586,0.7156004309654236,2812800
1991-07-25,0.7156004309654236,0.7207483190228275,0.7156004309654236,0.7156004309654236,2419200
1991-07-26,0.7156004309654236,0.7181743749941256,0.7104519144653586,0.7156004309654236,563200
1991-07-29,0.7130254860152412,0.7130254860152412,0.7001551441524341,0.7104515433311462,1398400
1991-07-30,0.7104519238761983,0.7130258679389954,0.7104519238761983,0.7130258679389954,611200
1991-07-31,0.710451854622843,0.7130257984347375,0.6975815071207623,0.705303966999054,1158400
1991-08-01,0.7001555333367867,0.7027294774516192,0.695007645107122,0.6975815892219543,1475200
1991-08-02,0.7027291614644842,0.7027291614644842,0.6821363609201593,0.6924327611923218,1459200
1991-08-05,0.6898588182348809,0.6950073325921619,0.6872848752774402,0.6924327611923218,1651200
1991-08-06,0.6898591846514335,0.7181744575500488,0.6898591846514335,0.7181744575500488,2880000
1991-08-07,0.7207482800656115,0.7207482800656115,0.6486734520590504,0.6563959121704102,11356800
1991-08-08,0.658969772713838,0.6666922318484653,0.6435254828871312,0.6538218855857849,5766400
1991-08-09,0.6512473135792108,0.6615437162778646,0.6512473135792108,0.6538218855857849,5276800
1991-08-12,0.6486734377432062,0.6538219538513635,0.6383770339695045,0.6409509778022766,5456000
1991-08-13,0.6409509778022766,0.6435255500776619,0.6280806301958028,0.6409509778022766,7638400
1991-08-14,0.6409510507194567,0.6486735115389245,0.6383771065938623,0.6460995674133301,3129600
1991-08-15,0.6486734161153436,0.6641183354822431,0.6486734161153436,0.6589698195457458,4924800
1991-08-16,0.6641182989690766,0.6769886454388209,0.6589697833156443,0.6615437269210815,3305600
1991-08-19,0.6563959351706217,0.6563959351706217,0.6280806660652161,0.6280806660652161,2841600
1991-08-20,0.630654488352199,0.6358030037609145,0.6177841424942017,0.6177841424942017,2416000
1991-08-21,0.6280806795588276,0.6332291960716248,0.617784274975896,0.6332291960716248,5062400
1991-08-22,0.6332289907828748,0.6666921377182007,0.6306544191398045,0.6666921377182007,3731200
1991-08-23,0.6641183955525776,0.6847112042760273,0.6641183955525776,0.6795626878738403,4828800
1991-08-26,0.6795625143191394,0.7027292611057606,0.6744146276743296,0.7001553177833557,1769600
1991-08-27,0.7001553177833557,0.7053038328706541,0.6975813744609508,0.7001553177833557,5644800
1991-08-28,0.7001554509326569,0.7053039669990538,0.6950075633088678,0.705303966999054,3004800
1991-08-29,0.7053039762609369,0.7053039762609369,0.7001554601269308,0.7027294039726257,825600
1991-08-30,0.7001556507111926,0.7078781127929688,0.7001556507111926,0.7078781127929688,1289600
1991-09-03,0.7078779941239659,0.7130258823536307,0.6975815892219543,0.6975815892219543,1088000
1991-09-04,0.6975813718018975,0.6975813718018975,0.6898589134216309,0.6898589134216309,2585600
1991-09-05,0.6950075030326843,0.6975814466213475,0.6898589874128046,0.6950075030326843,3283200
1991-09-06,0.6975815761385028,0.6975815761385028,0.6821366548538208,0.6821366548538208,2921600
1991-09-09,0.676988766720707,0.6872851714296049,0.676988766720707,0.6821366548538208,1094400
1991-09-10,0.6872849701090373,0.6898589134216309,0.6847110267964438,0.6898589134216309,1200000
1991-09-11,0.6898591888049548,0.6975816502679333,0.6847113001247938,0.6872852444648743,1190400
1991-09-12,0.6872851482557962,0.6872851482557962,0.6769887438940714,0.6795626878738403,1744000
1991-09-13,0.6795626415222906,0.6795626415222906,0.6718401816670676,0.6744147539138794,1030400
1991-09-16,0.6744147389126454,0.6744147389126454,0.6589698195457458,0.6589698195457458,2444800
1991-09-17,0.6589698195457458,0.6589698195457458,0.6563958757987933,0.6589698195457458,454400
1991-09-18,0.656395839710207,0.6615437269210815,0.6538218961047696,0.6615437269210815,1414400
1991-09-19,0.6615437226098496,0.7001553902100106,0.6615437226098496,0.6950075030326843,4000000
1991-09-20,0.7001554509326569,0.7053039669990538,0.6950075633088678,0.705303966999054,3411200
1991-09-23,0.7001551848191481,0.7001551848191481,0.6692659854888916,0.6692659854888916,2531200
1991-09-24,0.6641183955525776,0.6795626878738403,0.6589698791503906,0.6795626878738403,1187200
1991-09-25,0.6847110267964438,0.6975813718018975,0.6847110267964438,0.6898589134216309,2889600
1991-09-26,0.6898591154961617,0.6898591154961617,0.67441482265415,0.6821366548538208,2400000
1991-09-27,0.6847109794616699,0.6872849225963241,0.6795624647499189,0.6847109794616699,1395200
1991-09-30,0.6795624179627185,0.6924327611923218,0.6769884750052778,0.6924327611923218,800000
1991-10-01,0.6898589874128046,0.7001553902100106,0.6898589874128046,0.6950075030326843,1449600
1991-10-02,0.6924327611923218,0.6950073325921619,0.6898588182348809,0.6924327611923218,896000
1991-10-03,0.6872851482557962,0.6872851482557962,0.6795626878738403,0.6795626878738403,1980800
1991-10-04,0.6769886826595979,0.6769886826595979,0.6589698195457458,0.6589698195457458,1110400
1991-10-07,0.6538219911908527,0.6538219911908527,0.6486734747886658,0.6486734747886658,2380800
1991-10-08,0.6563958976841358,0.6589698415169079,0.6383770339695045,0.6409509778022766,1798400
1991-10-09,0.6409510281768265,0.6409510281768265,0.6332291960716248,0.6332291960716248,4396800
1991-10-10,0.6309530699447357,0.6309530699447357,0.5999225910949946,0.6025083065032959,6649600
1991-10-11,0.6076804268272264,0.6128518581390381,0.6050947111713206,0.6128518581390381,1158400
1991-10-14,0.6128517994532096,0.6154381461782192,0.5999225910949946,0.6025083065032959,1916800
1991-10-15,0.6025085784794157,0.6180241405664617,0.4964878857135772,0.4964878857135772,17830400
1991-10-16,0.4990734026306658,0.5145889585105861,0.4758007001275264,0.5120032429695129,32617600
1991-10-17,0.517174667573197,0.5430337166102231,0.5120032365558314,0.5145889520645142,17363200
1991-10-18,0.5197603713412384,0.5249324335585074,0.506831162773144,0.5094168782234192,7152000
1991-10-21,0.5094168782234192,0.512003224990413,0.5016597318725937,0.5094168782234192,5206400
1991-10-22,0.5120032365558314,0.5326902232587593,0.5120032365558314,0.5145889520645142,5001600
1991-10-23,0.5145889570821844,0.5223467350006104,0.5068311791637584,0.5223467350006104,4300800
1991-10-24,0.5249326253437762,0.5326904058456421,0.5249326253437762,0.5326904058456421,5436800
1991-10-25,0.5326903288329086,0.5352760448540557,0.5275182654737565,0.5301039814949036,4624000
1991-10-28,0.5301039309540647,0.5301039309540647,0.5120032892149174,0.5171747207641602,4198400
1991-10-29,0.5171746726160801,0.5223467350006104,0.5145889570821844,0.5223467350006104,3008000
1991-10-30,0.5223467364505461,0.5223467364505461,0.509416896111699,0.5120032429695129,4137600
1991-10-31,0.5145890641280071,0.5378617714077799,0.5145890641280071,0.5352760553359985,3078400
1991-11-01,0.5352760518308328,0.5507909794767945,0.5352760518308328,0.545619547367096,5798400
1991-11-04,0.5456195335780933,0.5507909655570984,0.540447470282238,0.5507909655570984,3920000
1991-11-05,0.5559630393981934,0.5663065348692441,0.5533773233596463,0.5559630393981934,4089600
1991-11-06,0.5533770322799683,0.5585484616368593,0.5507906862849926,0.5533770322799683,2540800
1991-11-07,0.5559629138293631,0.5611343447384469,0.5507908516035598,0.558548629283905,2390400
1991-11-08,0.5637206814286507,0.6025083065032959,0.5585486192953397,0.6025083065032959,4707200
1991-11-11,0.6050947240087226,0.6050947240087226,0.5766499572399815,0.5792356729507446,5126400
1991-11-12,0.5766499616479396,0.5895791716173694,0.5714778988700955,0.5869934558868408,3283200
1991-11-13,0.5818215557602969,0.5921650528907776,0.5766501228535383,0.5921650528907776,4230400
1991-11-14,0.6025084237348668,0.6309531927108765,0.5973369919120457,0.6309531927108765,25638400
1991-11-15,0.6206096613806469,0.6231953771405344,0.5792356839552705,0.5844077467918396,8393600
1991-11-18,0.584407915000978,0.6102663426762285,0.5430339256669964,0.6050949096679688,10105600
1991-11-19,0.5973369569080712,0.5973369569080712,0.5663064738390389,0.5844077467918396,7692800
1991-11-20,0.5869934558868408,0.6050947286341147,0.5792356773784682,0.5869934558868408,3820800
1991-11-21,0.5818216437120783,0.586993708717642,0.57147814501801,0.5740644931793213,1932800
1991-11-22,0.5766500303402948,0.579235746378842,0.5559630393981934,0.5559630393981934,2102400
1991-11-25,0.5585487554367405,0.5585487554367405,0.5482052599656897,0.5559630393981934,1878400
1991-11-26,0.5585486822836548,0.561134397983551,0.5378616940509269,0.561134397983551,2044800
1991-11-27,0.5585486282001842,0.5792356144298207,0.5585486282001842,0.5688921213150024,1683200
1991-11-29,0.5637206915097084,0.5637206915097084,0.5559629138293631,0.558548629283905,950400
1991-12-02,0.5533770757143525,0.5740640573986912,0.5482050146349778,0.5714777112007141,2352000
1991-12-03,0.57147814501801,0.5895794255618944,0.5688924281737577,0.5740644931793213,4140800
1991-12-04,0.5740643108146708,0.5766500268375113,0.5637208154064502,0.5663065314292908,886400
1991-12-05,0.5663064069642503,0.5663064069642503,0.5533771983748212,0.558548629283905,2115200
1991-12-06,0.5533773268485098,0.5559630429033591,0.5430338313122467,0.545619547367096,1868800
1991-12-09,0.5456193031460437,0.5637205700615321,0.5326900973420877,0.5482050180435181,5609600
1991-12-10,0.5482052102758003,0.5533772732009555,0.5378617157422946,0.54303377866745,3964800
1991-12-11,0.5456196050089521,0.566306598266951,0.5301040444069866,0.5637208819389343,9126400
1991-12-12,0.5766499548164867,0.5766499548164867,0.5585486822836548,0.561134397983551,6764800
1991-12-13,0.5663064069642503,0.5688921224187922,0.5559629138293631,0.558548629283905,2598400
1991-12-16,0.5585488179659681,0.5688923145949676,0.5585488179659681,0.5637208819389343,3488000
1991-12-17,0.5663064607001228,0.571477892099915,0.5559629665837588,0.561134397983551,4710400
1991-12-18,0.5611344608319586,0.5611344608319586,0.5482052495675959,0.5507909655570984,3705600
1991-12-19,0.5404474874795613,0.5456195509399944,0.5326903392642173,0.5352760553359985,5737600
1991-12-20,0.54303377866745,0.545619494471625,0.5352759999381194,0.54303377866745,7952000
1991-12-23,0.5352759783510308,0.5637207450002266,0.5352759783510308,0.561134397983551,4156800
1991-12-24,0.5637207473693836,0.5869934513998162,0.5637207473693836,0.5792356729507446,4220800
1991-12-26,0.5818213931204508,0.6154382228851318,0.5792356773898714,0.6154382228851318,3561600
1991-12-27,0.6206096326828645,0.6335388422012329,0.6050947075241754,0.6335388422012329,7817600
1991-12-30,0.6412966886156087,0.6516401835932799,0.6412966886156087,0.6490544676780701,11299200
1991-12-31,0.6723275438908266,0.7111158292522847,0.6723275438908266,0.705943763256073,17465600
1992-01-02,0.6904283714688835,0.6955998027291516,0.6697413837942859,0.6826705932617188,5664000
1992-01-03,0.6826705273715101,0.6930140202104723,0.6774990966103798,0.6852562427520752,5795200
1992-01-06,0.6904286019588226,0.7059435322358321,0.6826708211618312,0.7033578157424927,11331200
1992-01-07,0.6981863869109096,0.7214590981234128,0.6981863869109096,0.7188733816146851,5392000
1992-01-08,0.705943227610122,0.7162867204370714,0.6904283040280483,0.6955997347831726,4371200
1992-01-09,0.6956000349455013,0.7137013130328235,0.6956000349455013,0.7033578157424927,4246400
1992-01-10,0.7007721034196374,0.7188733816146851,0.695600039085205,0.7188733816146851,5145600
1992-01-13,0.7165882037482094,0.7529371976852417,0.7113958525404179,0.7529371976852417,10291200
1992-01-14,0.7529374680876505,0.8100565212396353,0.7425521280717577,0.8048641681671143,16960000
1992-01-15,0.7996708147036723,0.820441485215456,0.7659186335896638,0.8100561499595642,12800000
1992-01-16,0.804863647286671,0.8282304887324902,0.8022668385601264,0.8230375051498413,9977600
1992-01-17,0.8256348481988998,0.8256348481988998,0.8022673577600031,0.8048641681671143,8339200
1992-01-20,0.7996709468072344,0.8022671225824488,0.7789002728641893,0.7944785952568054,7145600
1992-01-21,0.7944783207594371,0.7996706705158758,0.7866891622543334,0.7866891622543335,5091200
1992-01-22,0.7814963202850161,0.7996708154678345,0.7814963202850161,0.7996708154678345,5600000
1992-01-23,0.79707477103202,0.804863932228328,0.7866894340604974,0.7944785952568054,2643200
1992-01-24,0.7892854802020184,0.8126523260824643,0.7840931295043907,0.7996708154678345,4876800
1992-01-27,0.8022673577600031,0.8074603447033748,0.797075004687482,0.8048641681671143,3635200
1992-01-28,0.7996706637040222,0.8282304887324902,0.7996706637040222,0.8230375051498413,4588800
1992-01-29,0.8178451910180115,0.8308266997337341,0.8126522072094416,0.8308266997337341,7472000
1992-01-30,0.8360196003974842,0.8412119498191905,0.8256342676836671,0.8386157751083374,5900800
1992-01-31,0.8360195094621482,0.8593863470589829,0.8360195094621482,0.8515971899032593,13568000
1992-02-03,0.8515971619643327,0.8749639987945557,0.8490009876210446,0.8749639987945557,8550400
1992-02-04,0.8723676407488373,0.8749638145454254,0.8619823116923035,0.8645784854888916,8710400
1992-02-05,0.8619828937015811,0.8671758786712328,0.8490013820833664,0.8567905426025391,7088000
1992-02-06,0.8567907252068219,0.8567907252068219,0.8464053869247438,0.8464053869247437,5910400
1992-02-07,0.8464050172889755,0.8464050172889755,0.8048636823022889,0.8308266997337341,8160000
1992-02-10,0.8308266171053733,0.8386157751083374,0.8256342676836671,0.8386157751083374,7187200
1992-02-11,0.8386156838906107,0.8515971899032594,0.8334227011633497,0.8515971899032593,2544000
1992-02-12,0.8515971619643327,0.8775608070081589,0.8515971619643327,0.8749639987945557,7024000
1992-02-13,0.8723679780960083,0.8749641528965445,0.8697718032954721,0.8723679780960083,2233600
1992-02-14,0.8697717459656441,0.8827532529830933,0.8697717459656441,0.8827532529830933,2451200
1992-02-18,0.882753155694735,0.90352381818167,0.8749639987945557,0.8749639987945557,6867200
1992-02-19,0.8723679780960083,0.8749641528965445,0.8697718032954721,0.8723679780960083,924800
1992-02-20,0.8697717018553001,0.9035238719370856,0.8697717018553001,0.8983315229415894,6208000
1992-02-21,0.8931390770086717,0.8957352530671762,0.8801575628454151,0.8879467248916626,5945600
1992-02-24,0.8853497983402175,0.8853497983402175,0.8775612711906433,0.8775612711906433,3507200
1992-02-25,0.8723679479606419,0.8723679479606419,0.8360196003974842,0.8386157751083374,13011200
1992-02-26,0.8386160460146727,0.8567905426025391,0.8152491983277641,0.8567905426025391,13193600
1992-02-27,0.8619828485838151,0.8619828485838151,0.8438083529472351,0.8438083529472351,6633600
1992-02-28,0.8386163647510531,0.8515978813032063,0.7814966777282176,0.8048641681671143,8473600
1992-03-02,0.7970747079071314,0.8178453802052286,0.794478532337523,0.8152492046356201,8515200
1992-03-03,0.8152487531790067,0.8256340835770178,0.8074595969129323,0.8178449273109436,4115200
1992-03-04,0.8126522655102235,0.8308267593383789,0.8100560903549194,0.8204414248466492,4982400
1992-03-05,0.8178451113933711,0.8515972843163568,0.8152489366770813,0.8490011096000671,7472000
1992-03-06,0.8515979928654153,0.8515979928654153,0.8230381456125613,0.8256349563598633,5664000
1992-03-09,0.8204417634753235,0.8204417634753235,0.804864072243458,0.8074602484703064,2553600
1992-03-10,0.8074598221427753,0.8256343138763859,0.804863647286671,0.8230375051498413,3600000
1992-03-11,0.8256343138763859,0.8386158220273475,0.8230375051498413,0.8230375051498413,11670400
1992-03-12,0.8204414248466492,0.8282305841830748,0.8178452496913451,0.8204414248466492,6582400
1992-03-13,0.8204419373950033,0.8230381141721969,0.8022674322128297,0.8022674322128296,2054400
1992-03-16,0.804863647286671,0.8230375051498413,0.7970744888479179,0.8230375051498413,5686400
1992-03-17,0.830827062566254,0.8490015630275771,0.8282308864634207,0.8464053869247437,11334400
1992-03-18,0.8438083529472351,0.846405162231444,0.8334230174221289,0.8438083529472351,5689600
1992-03-19,0.8412118611565556,0.861982524394989,0.8412118611565556,0.861982524394989,5171200
1992-03-20,0.8619822131262884,0.8619822131262884,0.8360192103888645,0.8412115573883057,2204800
1992-03-23,0.8386158585113548,0.8438082084494567,0.8308266997337341,0.8308266997337341,1129600
1992-03-24,0.8308264318408916,0.8334226059728285,0.8178449273109435,0.8178449273109436,1353600
1992-03-25,0.8204413659870624,0.833422874702785,0.8204413659870624,0.8308266997337341,1475200
1992-03-26,0.8334226700705302,0.8360194782724486,0.825634147075712,0.8282303214073181,1424000
1992-03-27,0.8308268919238857,0.8308268919238857,0.8152492046356201,0.8152492046356201,841600
1992-03-30,0.8152488057686036,0.8152488057686036,0.7970743179321289,0.7970743179321289,1718400
1992-03-31,0.7970747129614041,0.7970747129614041,0.7814963917037414,0.7840932011604309,3228800
1992-04-01,0.7788998300956542,0.7996704922315383,0.7763036557962448,0.7970743179321289,5337600
1992-04-02,0.7970747129614041,0.799670888547475,0.7840932011604309,0.7840932011604309,3360000
1992-04-03,0.784093095828098,0.784093095828098,0.7633224261885528,0.7711109519004822,2115200
1992-04-06,0.7737077610083254,0.7763039362456352,0.7659186014258627,0.7711109519004822,4688000
1992-04-07,0.7659187603928406,0.7737079215919493,0.7451480864423274,0.7477442622184753,2384000
1992-04-08,0.7425518631935119,0.7425518631935119,0.7191843810901107,0.742551863193512,3955200
1992-04-09,0.7425518732305734,0.7685148974244617,0.7399550637146781,0.760725736618042,3308800
1992-04-10,0.7688576654492723,0.7766767144203186,0.7662515278932196,0.7766767144203186,2390400
1992-04-13,0.7818886432558452,0.8001328706741332,0.7792825068539774,0.8001328706741333,2121600
1992-04-14,0.800132785001403,0.8288021912600455,0.800132785001403,0.8261954188346863,2761600
1992-04-15,0.8261961434744302,0.8288029181861383,0.8105586767196655,0.8105586767196655,4384000
1992-04-16,0.8131648151282769,0.8183777282485962,0.8079525383110542,0.8105586767196655,1801600
1992-04-20,0.8079523533215724,0.8079523533215724,0.8001333035828982,0.8027394413948059,2924800
1992-04-21,0.8027395812364725,0.8131647706031799,0.8001334429705611,0.8131647706031799,1577600
1992-04-22,0.8131647706031799,0.8157709088690913,0.8079524940713572,0.8131647706031799,3923200
1992-04-23,0.818377035261232,0.8288022163709129,0.818377035261232,0.8209831714630127,3942400
1992-04-24,0.8209838666572076,0.8235900050658188,0.8105586767196655,0.8105586767196655,2470400
1992-04-27,0.8131646289453878,0.8131646289453878,0.8027394413948059,0.8027394413948059,1289600
1992-04-28,0.8053455639010744,0.8053455639010744,0.7584325389665162,0.763644814491272,3990400
1992-04-29,0.7662512994210054,0.7792826196186242,0.7610383895603386,0.7714635729789734,3113600
1992-04-30,0.7792827144069225,0.7923140361896103,0.7792827144069225,0.7897078990936279,1449600
1992-05-01,0.8001331167796797,0.8079521646928784,0.7949202060699463,0.7949202060699463,7190400
1992-05-04,0.8001330486664072,0.8183772801431857,0.8001330486664072,0.8157705068588257,2883200
1992-05-05,0.813164188986079,0.8288022800024992,0.8001328706741332,0.8001328706741333,3840000
1992-05-06,0.8001333035828982,0.8079523533215724,0.7871019782204086,0.8027394413948059,1974400
1992-05-07,0.8001328706741332,0.802739007076001,0.7975267342722655,0.8001328706741333,2393600
1992-05-08,0.8027394790398447,0.8027394790398447,0.7923142910003662,0.7923142910003662,1158400
1992-05-11,0.7975267342722655,0.8079519161823434,0.7923138251659231,0.8001328706741333,2323200
1992-05-12,0.8053453316877701,0.8314086107052793,0.802739194676846,0.823589563369751,2704000
1992-05-13,0.8235900050658188,0.8261961434744302,0.8079525383110542,0.8105586767196655,1011200
1992-05-14,0.807952008735034,0.85486501455307,0.7949200526276421,0.8548650145530701,18614400
1992-05-15,0.8548658260935869,0.8835352659225464,0.8496535477446581,0.8835352659225464,19334400
1992-05-18,0.8809283722941951,0.9382665665426546,0.878321599048967,0.914810061454773,9676800
1992-05-19,0.9200230645237608,0.9200230645237608,0.8835352095014618,0.8913542628288269,7225600
1992-05-20,0.891354003716011,0.891354003716011,0.8809288144111633,0.8809288144111633,2995200
1992-05-21,0.8809285132980476,0.8991721111183324,0.8731094649163023,0.8965659737586975,5980800
1992-05-22,0.8965659786695059,0.9252353986910442,0.8913537039216867,0.9200224876403807,3699200
1992-05-26,0.9200223353397516,0.9226291085849796,0.906991014324566,0.914810061454773,3100800
1992-05-27,0.917415844921708,0.917415844921708,0.9069906648657794,0.9095968008041382,1302400
1992-05-28,0.9095975448284092,0.9095975448284092,0.9017791306180984,0.904385268688202,560000
1992-05-29,0.9095971512670554,0.9226291085849796,0.9095971512670554,0.914810061454773,4966400
1992-06-01,0.9095971017525324,0.925235195161676,0.9095971017525324,0.9226290583610536,8131200
1992-06-02,0.9252355098724364,0.927841647559514,0.9174164605082836,0.9252355098724364,4096000
1992-06-03,0.9330546327623732,0.9643301963806152,0.9330546327623732,0.9643301963806152,8841600
1992-06-04,0.9669365837743024,0.9747556357721766,0.9565113932115152,0.9591175317764282,5801600
1992-06-05,0.9539048594195592,0.9539048594195592,0.9408728993881964,0.946085810661316,2694400
1992-06-08,0.9434794761352348,0.9460856130760804,0.9278413818846856,0.930447518825531,2476800
1992-06-09,0.9304473149648884,0.9356602240071712,0.899171769618988,0.899171769618988,6640000
1992-06-10,0.9069917910992934,0.9069917910992934,0.8835352659225464,0.8835352659225464,4598400
1992-06-11,0.8835346936267928,0.906991203609953,0.8835346936267928,0.8939598798751831,5366400
1992-06-12,0.8965661361247039,0.8965661361247039,0.8705034852027893,0.8705034852027893,3750400
1992-06-15,0.8705031344176738,0.8757154079804937,0.8626840877707446,0.8652902245521545,3840000
1992-06-16,0.8705031344176738,0.880928317846013,0.8652902245521544,0.8652902245521545,3302400
1992-06-17,0.8626840334811254,0.8678963067159314,0.8444398045539856,0.8444398045539856,4636800
1992-06-18,0.8470457747929905,0.8470457747929905,0.8288021857519517,0.8314083218574524,7113600
1992-06-19,0.8288027284227362,0.8340150040465516,0.8001333035828982,0.8027394413948059,6153600
1992-06-22,0.7975268597792863,0.7975268597792863,0.7610383992005111,0.7792826294898987,15481600
1992-06-23,0.7844952041055498,0.8053455792067136,0.7844952041055498,0.8027394413948059,5779200
1992-06-24,0.8027394790398447,0.8079523912110744,0.7897081530662418,0.7923142910003662,4393600
1992-06-25,0.8053450816472123,0.8235893076647934,0.8053450816472123,0.8209831714630127,3772800
1992-06-26,0.8209837520661538,0.8209837520661538,0.8131647016285884,0.8183776140213013,3184000
1992-06-29,0.8340147137641907,0.8548650816082954,0.8183772560324769,0.8340147137641907,4755200
1992-06-30,0.8288028025037191,0.8392279909861369,0.8131647016285884,0.8183776140213013,4070400
1992-07-01,0.8079520721104245,0.8340147137641907,0.7975268881883721,0.8340147137641907,8334400
1992-07-02,0.8340151602249011,0.8548655392305236,0.8288028836250305,0.8288028836250305,11040000
1992-07-06,0.8288028025037191,0.834015078593424,0.8131647016285884,0.8183776140213013,3300800
1992-07-07,0.8183775792505529,0.8235898551188017,0.7871020151321174,0.7923142910003662,6329600
1992-07-08,0.7871018237052988,0.7871018237052988,0.7558262671932239,0.7610385417938232,5942400
1992-07-09,0.766251746608163,0.8288028836250305,0.766251746608163,0.8288028836250305,7977600
1992-07-10,0.8392280621714795,0.8548655280700097,0.8079524940713572,0.8131647706031799,4827200
1992-07-13,0.8213259858400042,0.831788733184492,0.8160942928700508,0.8265570402145386,4168000
1992-07-14,0.8265570258215559,0.8422514658627072,0.8213259715381108,0.8317887187004089,4659200
1992-07-15,0.8317884155879559,0.8370194679651505,0.8056312379164573,0.8160939812660217,3169600
1992-07-16,0.8108629410119425,0.816093993467346,0.7951685064553627,0.8004001975059509,4872000
1992-07-17,0.795168494566893,0.8213256722383915,0.795168494566893,0.8160939812660217,1675200
1992-07-20,0.8108632243758126,0.8370197729838541,0.8056315314969595,0.8317887187004089,4492800
1992-07-21,0.8422507374453508,0.8736389517862672,0.8422507374453508,0.8474817872047424,5988800
1992-07-22,0.8422510707412102,0.8684076070785522,0.8422510707412102,0.8684076070785522,5209600
1992-07-23,0.8684075921776065,0.9102585604753224,0.8684075921776065,0.9050275087356568,4846400
1992-07-24,0.8997961018367826,0.9364160299301147,0.8997961018367826,0.9364160299301147,3227200
1992-07-27,0.9364160574422448,0.9416471109833828,0.8945650747318723,0.8997961282730103,3718400
1992-07-28,0.915490461527952,0.920721514471646,0.9050277170453196,0.9102587699890136,3638400
1992-07-29,0.91549055245913,0.9364160435028208,0.91549055245913,0.9311843514442444,4830400
1992-07-30,0.936415529183045,0.978266488284076,0.92072110022268,0.9730347990989684,4532800
1992-07-31,0.9730349267009184,0.9887293577194216,0.9730349267009184,0.9887293577194214,5662400
1992-08-03,0.9834975807290328,1.0148858013905977,0.978266529916264,0.9939603209495544,5433600
1992-08-04,0.993960310084858,1.0148857902971709,0.9887292593292684,0.9991919994354248,4848000
1992-08-05,0.9991925343243526,1.004423587880236,0.9834980964660645,0.9834980964660645,3588800
1992-08-06,0.9887293577194216,1.0044231501428835,0.9887293577194216,0.9887293577194214,4592000
1992-08-07,0.9887296174123807,1.0305805929939589,0.9887296174123807,1.0253489017486572,5350400
1992-08-10,1.0148858013905977,1.0201174907983506,0.9834975807290328,0.9939603209495544,4563200
1992-08-11,1.0044231501428835,1.0096548400140648,0.9834976678482402,0.9887293577194214,1804800
1992-08-12,0.9887297886172668,0.9939608421731502,0.9678042972030952,0.9834980964660645,2107200
1992-08-13,0.98872969612941,0.9939607491959696,0.9625725150108336,0.9625725150108336,2592000
1992-08-14,0.7114665266084498,0.7847057278769667,0.6696155544550115,0.779474675655365,63788800
1992-08-17,0.8056315713458592,0.810863264483487,0.7480867784045889,0.7533178329467773,26550400
1992-08-18,0.7585492432570714,0.7794747308145741,0.7376237556995687,0.7637802958488464,12739200
1992-08-19,0.7637803292274475,0.8004002533510356,0.7637803292274475,0.7847058176994324,20353600
1992-08-20,0.7899375091150432,0.8004002533510356,0.7794747648790508,0.7847058176994324,4961600
1992-08-21,0.7899373390935328,0.7899373390935328,0.763780164835855,0.7690118551254272,3763200
1992-08-24,0.7637804444407074,0.7690121366454983,0.7323922069979386,0.7428549528121948,5550400
1992-08-25,0.7480866450169857,0.7533176986264511,0.7376238992027295,0.7428549528121948,3499200
1992-08-26,0.7480866450169857,0.7585493908312421,0.7428549528121948,0.7428549528121948,6643200
1992-08-27,0.7533175520700951,0.7742430396275977,0.7533175520700951,0.7637802958488464,8990400
1992-08-28,0.7637802958488464,0.7742430396275977,0.7533175520700951,0.7637802958488464,5000000
1992-08-31,0.7690118774552044,0.7690118774552044,0.7480863928794861,0.7480863928794861,5140800
1992-09-01,0.7533176986264511,0.7585493908312421,0.7376238992027295,0.7428549528121948,3305600
1992-09-02,0.7480863928794861,0.7533174447258605,0.7376236505916268,0.7480863928794861,4324800
1992-09-03,0.7428549528121948,0.7533176986264511,0.7376238992027295,0.7428549528121948,6192000
1992-09-04,0.7114668488502502,0.7271612898137872,0.7010041010730407,0.7114668488502502,6059200
1992-09-08,0.7062359341491183,0.7376241836980664,0.695773184299469,0.695773184299469,7009600
1992-09-09,0.7062357942593681,0.7219295966274598,0.6957730464821585,0.7114668488502502,6008000
1992-09-10,0.7114666070001701,0.7114666070001701,0.6748473215257166,0.6853100657463074,8531200
1992-09-11,0.6800784175708776,0.7010039073422893,0.6748473644256592,0.6748473644256592,10528000
1992-09-14,0.6957729164821839,0.7219294617403299,0.6905412242733591,0.716698408126831,20051200
1992-09-15,0.7010039700956826,0.7271611539491547,0.6957729164821839,0.716698408126831,5177600
1992-09-16,0.7010038823321245,0.7323921158693838,0.685310084861118,0.7219293713569641,9081600
1992-09-17,0.7219294617403299,0.7376238997714784,0.716698408126831,0.716698408126831,4884800
1992-09-18,0.7062356623045075,0.7219294617403299,0.7062356623045075,0.716698408126831,4720000
1992-09-21,0.7166985420365777,0.7166985420365777,0.7114668488502502,0.7114668488502502,2387200
1992-09-22,0.7166983183983773,0.7271610629107971,0.7166983183983773,0.7219293713569641,1377600
1992-09-23,0.7219293713569641,0.7323921158693838,0.7219293713569641,0.7219293713569641,3966400
1992-09-24,0.7219293713569641,0.7323921158693838,0.7219293713569641,0.7219293713569641,2206400
1992-09-25,0.7219293713569641,0.7271610629107971,0.7166983183983773,0.7219293713569641,4065600
1992-09-28,0.716698407574217,0.7428549528121948,0.716698407574217,0.7428549528121948,2675200
1992-09-29,0.7323921627408418,0.7323921627408418,0.7271611094474792,0.7271611094474792,3180800
1992-09-30,0.7323919679667499,0.7847056799643749,0.7323919679667499,0.7742429375648499,12460800
1992-10-01,0.7847058176994324,0.7899375091150432,0.7742430734634399,0.7847058176994324,7993600
1992-10-02,0.7847057278769667,0.8004001617320841,0.7794746756553649,0.779474675655365,4120000
1992-10-05,0.7847056488039605,0.7847056488039605,0.7428546808677493,0.7690118551254272,5076800
1992-10-06,0.7794745971094801,0.7847056488039605,0.7690118551254272,0.7690118551254272,3889600
1992-10-07,0.7742430396275977,0.7742430396275977,0.7533175520700951,0.7637802958488464,3452800
1992-10-08,0.7690120776300385,0.7742431308380628,0.7585493326187134,0.7585493326187134,2459200
1992-10-09,0.7562384009361267,0.7772450231843524,0.7562384009361267,0.7562384009361267,2652800
1992-10-12,0.7667416798067586,0.7824969663657895,0.7614903450012207,0.7614903450012207,2436800
1992-10-13,0.7667416798067586,0.7667416798067586,0.7562383691244743,0.7614903450012207,6220800
1992-10-14,0.7509868906933415,0.7772448418416376,0.7404835820198059,0.7404835820198059,2320000
1992-10-15,0.735231607147495,0.7457349158210307,0.735231607147495,0.7404835820198059,2982400
1992-10-16,0.740483563707018,0.7719934889483576,0.740483563707018,0.7667415142059326,2763200
1992-10-19,0.7614902475199989,0.8035034848708643,0.7614902475199989,0.7982515096664429,4465600
1992-10-20,0.8140073521476902,0.8297620064172989,0.8140073521476902,0.8192586898803711,5870400
1992-10-21,0.8297604769757762,0.8297604769757762,0.808753882621959,0.8140058517456055,2052800
1992-10-22,0.8140067942085807,0.8192581283418756,0.7930001755331479,0.7982515096664429,2193600
1992-10-23,0.8035040356107623,0.824510668684618,0.7982520568065155,0.8192586898803711,2502400
1992-10-26,0.8192571797988676,0.8297604769757762,0.808753882621959,0.8140058517456055,1561600
1992-10-27,0.8140065968674243,0.8140065968674243,0.8035032900760445,0.8087546229362488,1158400
1992-10-28,0.8035032900760445,0.8140065968674243,0.798251316144869,0.8087546229362488,7809600
1992-10-29,0.8140073521476902,0.8192586898803711,0.8035040356107623,0.8192586898803711,1347200
1992-10-30,0.8192581283418756,0.8192581283418756,0.7982515096664429,0.7982515096664429,1764800
1992-11-02,0.7930003129062243,0.8035036240634509,0.7824970017489977,0.7877483367919922,3097600
1992-11-03,0.7929999832846646,0.8140065968674243,0.7772447025621092,0.8087546229362488,7609600
1992-11-04,0.8140069273192585,0.8717748175876432,0.8140069273192585,0.8455168604850769,6856000
1992-11-05,0.8455166062531249,0.856019914150238,0.840264631769049,0.856019914150238,1904000
1992-11-06,0.8507679396661622,0.8612712475632752,0.8507679396661622,0.856019914150238,1478400
1992-11-09,0.8560201909891534,0.8612715261004846,0.8297615922187596,0.8350135684013367,2264000
1992-11-10,0.8350135219958474,0.8507681675255299,0.8350135219958474,0.8402648568153381,2248000
1992-11-11,0.8402649054269852,0.8875301268928768,0.8402649054269852,0.8665235042572021,3998400
1992-11-12,0.8717745088624189,0.919039712408534,0.8560198683943834,0.8875297904014587,9406400
1992-11-13,0.8927811712546146,0.8927811712546146,0.8350132983560118,0.856019914150238,7528000
1992-11-16,0.8612712475632752,0.8717745554603884,0.8455166062531249,0.856019914150238,3630400
1992-11-17,0.8560201490509394,0.8560201490509394,0.8245102167129517,0.8245102167129517,3084800
1992-11-18,0.8245099904588987,0.8612712475632752,0.8245099904588987,0.856019914150238,3340800
1992-11-19,0.8612712475632752,0.8717745554603884,0.8507679396661622,0.856019914150238,2292800
1992-11-20,0.8665231757300752,0.8980330977371506,0.8612712015267271,0.8875297904014587,5166400
1992-11-23,0.8822778161981106,0.8980330977371506,0.8822778161981106,0.8875297904014587,1404800
1992-11-24,0.8822779737669847,0.945297829036055,0.8822779737669847,0.9137879014015198,6211200
1992-11-25,0.9085365673313234,0.9242912106130317,0.903284592190008,0.9137879014015198,1860800
1992-11-27,0.9137874719771472,0.9295427489259552,0.9085361403747564,0.9242907762527466,3393600
1992-11-30,0.9242911883894986,0.9505497813224792,0.9137878794305272,0.9505497813224792,10745600
1992-12-01,0.955801346998536,0.9610533232869048,0.9190400772649912,0.9347947239875792,6760000
1992-12-02,0.9400465488433838,0.9452978832145535,0.9242912635875634,0.9400465488433838,4412800
1992-12-03,0.940045969679765,0.9505492730221604,0.9347939974731868,0.9452973008155824,3611200
1992-12-04,0.9452973008155824,0.9505492730221604,0.940045969679765,0.9452973008155824,3320000
1992-12-07,0.9558007759397698,0.982059359550476,0.9558007759397698,0.982059359550476,4873600
1992-12-08,0.9820593754047297,0.9925626808044012,0.9768074021694508,0.9873107075691224,4380800
1992-12-09,0.9925624863917416,0.9925624863917416,0.9242906941307916,0.9452973008155824,4080000
1992-12-10,0.9400465488433838,0.9400465488433838,0.8980333095894036,0.9400465488433838,5176000
1992-12-11,0.9347943945245428,0.955801010131836,0.9347943945245428,0.955801010131836,4136000
1992-12-14,0.9663033912056372,1.0083165821276214,0.9663033912056372,0.9978132843971252,9665600
1992-12-15,1.0030658881910737,1.024072496937789,0.9873106110956252,1.0188205242156982,11201600
1992-12-16,1.0188204714633289,1.0398270791223665,0.9925625324249268,0.9925625324249268,7177600
1992-12-17,0.992562999587899,1.0503308773040771,0.992562999587899,1.0503308773040771,9648000
1992-12-18,1.055582046508789,1.0608333763514652,1.0398267748395549,1.055582046508789,7371200
1992-12-21,1.0555828981197697,1.066086207349463,1.039827613739669,1.0450795888900757,7001600
1992-12-22,1.0450795602266978,1.0450795602266978,1.0240729423434587,1.039827585220337,5929600
1992-12-23,1.039827585220337,1.0450795602266978,1.0345762512850782,1.039827585220337,3220800
1992-12-24,1.0450795888900757,1.0450795888900757,1.039827613739669,1.0450795888900757,2033600
1992-12-28,1.039827585220337,1.039827585220337,1.0240729423434587,1.039827585220337,1852800
1992-12-29,1.039827585220337,1.0450795602266978,1.0240729423434587,1.039827585220337,2412800
1992-12-30,1.0398274064726512,1.0450793805761909,1.0188207922004764,1.024072766304016,2660800
1992-12-31,1.0293242356851258,1.0293242356851258,1.0135695934295654,1.0135695934295654,2516800
1993-01-04,1.0188209952802818,1.0555828981197697,1.0188209952802818,1.0450795888900757,6630400
1993-01-05,1.0450795888900757,1.0503309229693625,1.034576279660382,1.0450795888900757,2896000
1993-01-06,1.029323828589056,1.0398271329624138,1.0188205242156982,1.0188205242156982,6244800
1993-01-07,1.0135696612009948,1.066086207349463,1.0135696612009948,1.0450795888900757,5414400
1993-01-08,1.039827585220337,1.0450795602266978,1.0293242762787174,1.039827585220337,3128000
1993-01-11,1.0431995391845703,1.0590059143835633,1.0379311762182184,1.0431995391845703,1217600
1993-01-12,1.0537368059158323,1.0537368059158323,1.0431994378566742,1.0537368059158323,2804800
1993-01-13,1.0537372065341,1.0590062141418457,1.043199834468759,1.0590062141418457,2017600
1993-01-14,1.0590059918107266,1.0748117250153566,1.0537369853091731,1.0695433616638184,5590400
1993-01-15,1.074811756723964,1.095886497051885,1.074811756723964,1.090618133544922,3649600
1993-01-18,1.0906177949649478,1.1169608906216737,1.0906177949649478,1.101155161857605,2809600
1993-01-19,1.116961492556278,1.1274988651275637,1.1064241199849922,1.1274988651275637,8544000
1993-01-20,1.122229814529419,1.1380355421510675,1.1169608098890107,1.122229814529419,4502400
1993-01-21,1.11169335183355,1.1222307265279423,1.0906186024447655,1.1169617176055908,6449600
1993-01-22,1.116961314445161,1.1485734271181371,1.1011555796837122,1.1433050632476809,9416000
1993-01-25,1.14330507934892,1.1854545635064824,1.1327677083095296,1.1801855564117432,4672000
1993-01-26,1.1801855564117432,1.1801855564117432,1.1696481853723526,1.1801855564117432,4124800
1993-01-27,1.1801853348723554,1.2117974420564366,1.1801853348723554,1.1907227039337158,8897600
1993-01-28,1.1854546692242087,1.1959920412033125,1.169648289680481,1.169648289680481,2676800
1993-01-29,1.1643800735473633,1.1749174468683792,1.148573691990726,1.1643800735473633,3766400
1993-02-01,1.159110648916402,1.159110648916402,1.132767546652391,1.1485732793807983,4830400
1993-02-02,1.143305181307795,1.1749172972451054,1.1274988017640672,1.169648289680481,5078400
1993-02-03,1.1643795636699643,1.2276037759104164,1.1643795636699643,1.2170664072036743,10054400
1993-02-04,1.2592163720504286,1.2592163720504286,1.2276042536284535,1.2434099912643433,8152000
1993-02-05,1.2434097678721452,1.2592161458184414,1.2434097678721452,1.253947138786316,10150400
1993-02-08,1.253947271903356,1.2644846439361572,1.2486789074620297,1.2644846439361572,9657600
1993-02-09,1.2644836777134945,1.2644836777134945,1.190722129846874,1.2012594938278198,11544000
1993-02-10,1.2117974420564366,1.2170664481621003,1.174916971916659,1.1907227039337158,10873600
1993-02-11,1.211797182938491,1.227603554725647,1.2012598161303305,1.227603554725647,2137600
1993-02-12,1.2170664481621003,1.2223348111177967,1.1854543409780194,1.1907227039337158,1513600
1993-02-16,1.1854543943304092,1.1907227575232129,1.1222301771167873,1.1485732793807983,7161600
1993-02-17,1.1485727815716356,1.1485727815716356,1.1274980516345412,1.1380354166030884,3254400
1993-02-18,1.143305181307795,1.1749172972451054,1.143305181307795,1.169648289680481,6835200
1993-02-19,1.169648289680481,1.1801856616595845,1.164379925266002,1.169648289680481,2276800
1993-02-22,1.1801855564117432,1.195991934545873,1.1749171924670918,1.1801855564117432,3201600
1993-02-23,1.1907231852747893,1.1907231852747893,1.1222305802633,1.1643800735473633,13766400
1993-02-24,1.1643802080157597,1.211798071861267,1.1591111991716467,1.211798071861267,2388800
1993-02-25,1.217065972363828,1.2486780671895157,1.211796968318022,1.2381407022476196,5608000
1993-02-26,1.2328715857706571,1.2381405893359585,1.1854537694312297,1.2012594938278198,1840000
1993-03-01,1.2065290384969325,1.2170664072036743,1.2012600325685887,1.2170664072036743,4622400
1993-03-02,1.211796968318022,1.2381407022476196,1.211796968318022,1.2381407022476196,2896000
1993-03-03,1.2434089869009397,1.2644837154924808,1.2381406263278922,1.2592153549194336,9328000
1993-03-04,1.2644837154924808,1.2697527192152045,1.2434089869009397,1.2592153549194336,8801600
1993-03-05,1.269753358054796,1.343514945236195,1.2644843516811248,1.3066338300704956,13665600
1993-03-08,1.306633392969767,1.3329771297255015,1.2697529332914803,1.327708125114441,13228800
1993-03-09,1.327708543615353,1.343514919281006,1.306633804827808,1.343514919281006,4577600
1993-03-10,1.3435146725325833,1.3593204021453855,1.3382456672284029,1.3593204021453855,3204800
1993-03-11,1.3593208640813828,1.3593208640813828,1.3487834930419922,1.3487834930419922,3363200
1993-03-12,1.33824622631073,1.3487835981714444,1.285559367007158,1.33824622631073,5918400
1993-03-15,1.332977482092333,1.3435148509501778,1.2855590006570543,1.3013653755187988,3593600
1993-03-16,1.3013653755187988,1.3013653755187988,1.2960963695148993,1.3013653755187988,3636800
1993-03-17,1.3013654668468242,1.3066338300704956,1.2960964604731529,1.3066338300704956,3964800
1993-03-18,1.3066335648529288,1.369857769603877,1.2960961973944376,1.3593204021453855,5707200
1993-03-19,1.380395073782314,1.3962014458203902,1.3698577068068765,1.3909324407577517,10547200
1993-03-22,1.38039464736342,1.3962010145187378,1.3698572836430885,1.3962010145187378,5118400
1993-03-23,1.3962018737817463,1.4014702373093948,1.3171712756667244,1.3329776525497437,13473600
1993-03-24,1.3382451924820942,1.3962010145187378,1.332976832196749,1.3962010145187378,6099200
1993-03-25,1.3962012165110296,1.4541564037825692,1.3909322123137615,1.4383506774902344,14296000
1993-03-26,1.4383506774902344,1.4488880427350357,1.4330816732929668,1.4383506774902344,2883200
1993-03-29,1.44888833893254,1.4752314358550185,1.4330819662591603,1.4699630737304688,4843200
1993-03-30,1.4699632846111077,1.491038022432414,1.3909326962062292,1.4014700651168823,7993600
1993-03-31,1.4120075117847373,1.4383512570870611,1.4120075117847373,1.4278138875961304,3776000
1993-04-01,1.4330820681443854,1.4330820681443854,1.40673896934904,1.4120073318481443,5163200
1993-04-02,1.4067393553336842,1.4120077192783356,1.3487834930419922,1.3487834930419922,5862400
1993-04-05,1.3540520399910747,1.3856641423665488,1.3540520399910747,1.3593204021453855,3705600
1993-04-06,1.3540520486798993,1.3593204108680168,1.2908278435232472,1.2960962057113647,5534400
1993-04-07,1.3013651251621228,1.3803950548171997,1.3013651251621228,1.3803950548171997,7881600
1993-04-08,1.380394955476125,1.380394955476125,1.327708125114441,1.327708125114441,2969600
1993-04-12,1.3416529931035592,1.3733455834918322,1.3363712170992148,1.3680638074874878,4216000
1993-04-13,1.362782001495361,1.362782001495361,1.3469360215462385,1.362782001495361,3440000
1993-04-14,1.3680641683661627,1.3733459457637758,1.3310891474325826,1.3416533470153809,3243200
1993-04-15,1.3310890197753906,1.3363714414539687,1.3205248212057448,1.3310890197753906,1982400
1993-04-16,1.331088703101841,1.331088703101841,1.2360109385945668,1.2835501432418823,17067200
1993-04-19,1.2782679388665743,1.2782679388665743,1.1990367774462636,1.2360111474990845,6675200
1993-04-20,1.2465760485296329,1.2677044561318298,1.2307300652218995,1.251858472824097,6784000
1993-04-21,1.251858024364549,1.2677040019956958,1.2360114019458035,1.257139801979065,3500800
1993-04-22,1.251857961819432,1.251857961819432,1.2096011638641355,1.2096011638641355,2654400
1993-04-23,1.183190493748106,1.2254472970962524,1.183190493748106,1.2254472970962524,4372800
1993-04-26,1.2254472970962524,1.2518581215826683,1.2254472970962524,1.2254472970962524,2756800
1993-04-27,1.2254469507265098,1.26242196559906,1.2254469507265098,1.26242196559906,2777600
1993-04-28,1.2571401645739873,1.288832773764928,1.2571401645739873,1.2677043676376345,2278400
1993-04-29,1.2571389200052674,1.2624213387013836,1.241292953491211,1.241292953491211,1763200
1993-04-30,1.2465755099155864,1.2888323068618774,1.2465755099155864,1.2888323068618774,1403200
1993-05-03,1.2888322979950708,1.2888322979950708,1.2677038996672827,1.2782680988311768,2203200
1993-05-04,1.2729859931746057,1.331088751190003,1.2729859931746057,1.325806975364685,2049600
1993-05-05,1.3152431786690784,1.3522175550460815,1.3099607564508915,1.3522175550460815,2515200
1993-05-06,1.352217274327432,1.362781471783115,1.3099604845046997,1.3099604845046997,2960000
1993-05-07,1.3099604845046997,1.3205246819603826,1.2993962870490166,1.3099604845046997,929600
1993-05-10,1.3099604845046997,1.3205246819603826,1.3046787081705793,1.3099604845046997,1552000
1993-05-11,1.3205246819603826,1.3258071030819454,1.3099604845046997,1.3099604845046997,1907200
1993-05-12,1.299396161875955,1.325806975364685,1.2941143860506374,1.325806975364685,833600
1993-05-13,1.3152429281206337,1.3574997186660769,1.299396309272366,1.3574997186660769,2630400
1993-05-14,1.3522176686212724,1.378628492355347,1.3310892675490649,1.378628492355347,2680000
1993-05-17,1.457860474890851,1.494835519474104,1.4525786941149488,1.4895530939102173,32892800
1993-05-18,1.47898771393467,1.5001161098480225,1.4631417393933923,1.5001161098480225,6272000
1993-05-19,1.489552303236358,1.5529375076293943,1.4842705252640929,1.5529375076293943,8328000
1993-05-20,1.55293713056281,1.595193923231186,1.547655353873006,1.5582195520401,6236800
1993-05-21,1.552937159667144,1.6110405730688473,1.5476553828783517,1.5635013580322266,4345600
1993-05-24,1.552937159667144,1.6110405730688473,1.552937159667144,1.5635013580322266,3212800
1993-05-25,1.5582195617135854,1.5582195617135854,1.5370911652482315,1.5423729419708252,2713600
1993-05-26,1.5582194931219973,1.5951938629150388,1.552937071844442,1.595193862915039,2590400
1993-05-27,1.595194081371228,1.648015077443123,1.5899123041578134,1.6004765033721924,7006400
1993-05-28,1.6057580606826882,1.6057580606826882,1.5793478886572958,1.595193862915039,1336000
1993-06-01,1.5951937137096897,1.6004761344931575,1.5635011233710867,1.589911937713623,5393600
1993-06-02,1.595194063561672,1.595194063561672,1.5740656653688023,1.579348087310791,1716800
1993-06-03,1.579348087310791,1.589912286407226,1.568783888214356,1.579348087310791,2849600
1993-06-04,1.5793483032600009,1.5793483032600009,1.5318090784320864,1.547655701637268,3276800
1993-06-07,1.5529371402035022,1.5582195617135854,1.5370911652482315,1.5423729419708252,3249600
1993-06-08,1.531808833368815,1.5476554540388077,1.5001162368163563,1.5370912551879885,5905600
1993-06-09,1.547655353873006,1.568783750207194,1.547655353873006,1.5582195520401,2553600
1993-06-10,1.558219902178179,1.5635016800548192,1.547655701637268,1.547655701637268,3814400
1993-06-11,1.55293713056281,1.5635013287299042,1.55293713056281,1.5582195520401,2062400
1993-06-14,1.5635013287299042,1.574065526896998,1.55293713056281,1.5582195520401,1347200
1993-06-15,1.5635014662723674,1.5846298644652372,1.5635014662723674,1.579348087310791,1456000
1993-06-16,1.574065327644348,1.584629524474176,1.5635011308145204,1.574065327644348,4617600
1993-06-17,1.5846297547623918,1.589912176338682,1.5582195812434343,1.5635013580322266,2184000
1993-06-18,1.5635014299212728,1.5635014299212728,1.5370912551879885,1.5370912551879885,3396800
1993-06-21,1.5423729613020614,1.568783779608517,1.5318087629369788,1.5635013580322266,1329600
1993-06-22,1.5635016800548192,1.5635016800548192,1.5423732789729974,1.547655701637268,5750400
1993-06-23,1.547655191892279,1.5529369680292815,1.5159626007080078,1.5159626007080078,2753600
1993-06-24,1.5212448778911754,1.547655701637268,1.5001164768093536,1.547655701637268,2678400
1993-06-25,1.5582195812434343,1.568783779608517,1.552937159667144,1.5635013580322266,2523200
1993-06-28,1.5635010474606563,1.6057578325271609,1.5582192717210284,1.6057578325271606,5635200
1993-06-29,1.6057584665383502,1.6638618913398,1.6004766887132862,1.6585794687271118,5764800
1993-06-30,1.648014408413451,1.6532968282699585,1.6216042434927769,1.6532968282699585,2540800
1993-07-01,1.6480153520069474,1.6638619758623812,1.6321693729391706,1.6427335739135742,1734400
1993-07-02,1.6268860185619964,1.6532968282699585,1.6268860185619964,1.6532968282699585,1180800
1993-07-06,1.6427331264139866,1.669143299261729,1.6268865068753562,1.6480149030685425,2236800
1993-07-07,1.6427318689420365,1.6638602489619532,1.6216034889221191,1.6216034889221191,2425600
1993-07-08,1.6268864562179868,1.6268864562179868,1.589912086424945,1.595193862915039,4859200
1993-07-09,1.6004761786239456,1.6321687698364258,1.5846295606239964,1.6321687698364258,4089600
1993-07-12,1.6302628164980382,1.635556200653375,1.5985044499428815,1.6249700784683228,1716800
1993-07-13,1.6196766518629515,1.6567284016023571,1.6196766518629515,1.6514350175857544,3739200
1993-07-14,1.6514357632846626,1.6937802700355515,1.6461430230037497,1.688487529754639,5052800
1993-07-15,1.693780082132501,1.693780082132501,1.6461428403854368,1.646142840385437,4446400
1993-07-16,1.646142403410457,1.646142403410457,1.5985045281832295,1.6037979125976562,6038400
1993-07-19,1.6037982348055375,1.6037982348055375,1.5826259851455688,1.5826259851455688,4640000
1993-07-20,1.5879186929440965,1.6196770668029783,1.582625953697168,1.6196770668029783,3932800
1993-07-21,1.603798166977036,1.609090906105294,1.5985047817230225,1.5985047817230225,1155200
1993-07-22,1.5985037784448408,1.6037971603765384,1.5720388071624023,1.57733154296875,2264000
1993-07-23,1.577333343823751,1.5932128616232752,1.5720406019746345,1.5879194736480713,1886400
1993-07-26,1.5879186573407509,1.603798166977036,1.5879186573407509,1.5985047817230225,1476800
1993-07-27,1.603798166977036,1.603798166977036,1.5932120425947645,1.5985047817230225,531200
1993-07-28,1.5826267317989549,1.5932128616232752,1.5826267317989549,1.5879194736480713,758400
1993-07-29,1.5932120425947645,1.609090906105294,1.5879186573407509,1.5985047817230225,772800
1993-07-30,1.5985042690699338,1.5985042690699338,1.5879181480827158,1.5932115316390991,1443200
1993-08-02,1.5879186573407509,1.6143842913593078,1.5879186573407509,1.5985047817230225,3532800
1993-08-03,1.5985042690699338,1.6037976526263171,1.5879181480827158,1.5932115316390991,883200
1993-08-04,1.593211729582637,1.6037978518850942,1.5667461007636792,1.5720394849777222,3022400
1993-08-05,1.5826258631872705,1.5879186021315086,1.5561602300888784,1.5667463541030884,1289600
1993-08-06,1.5667463541030884,1.5773324781172986,1.56145361515885,1.5667463541030884,852800
1993-08-09,1.5667463541030884,1.5667463541030884,1.5561602300888784,1.5667463541030884,1595200
1993-08-10,1.566746575491769,1.5826260868198003,1.5561604499816897,1.5561604499816897,2747200
1993-08-11,1.5561593074926594,1.57733154296875,1.5561593074926594,1.57733154296875,1323200
1993-08-12,1.5773325683244692,1.6302631914226058,1.5773325683244692,1.6196770668029783,3056000
1993-08-13,1.6831938224697862,1.71495219647865,1.6620215731305434,1.709659457206726,12380800
1993-08-16,1.704365814721734,1.704365814721734,1.6831935685761223,1.699073076248169,4211200
1993-08-17,1.688487529754639,1.7043663967232736,1.688487529754639,1.688487529754639,2870400
1993-08-18,1.6831935685761223,1.7308314454665863,1.6831935685761223,1.699073076248169,5528000
1993-08-19,1.699073031444295,1.7255380153656006,1.699073031444295,1.7255380153656006,4236800
1993-08-20,1.7202459098178051,1.7202459098178051,1.6779014030669164,1.688487529754639,5558400
1993-08-23,1.6884871700048152,1.6884871700048152,1.6726076602935789,1.672607660293579,5102400
1993-08-24,1.6779009069435749,1.6779009069435749,1.6620213985443115,1.6620213985443115,5992000
1993-08-25,1.6673149211403395,1.6726076602935789,1.646142672275864,1.672607660293579,18980800
1993-08-26,1.6673145086924892,1.6673145086924892,1.651435002909407,1.6567283868789673,1889600
1993-08-27,1.6514350175857544,1.6620211394933553,1.6408488956781533,1.6514350175857544,2884800
1993-08-30,1.6673149211403395,1.6726076602935789,1.662021535861341,1.672607660293579,5936000
1993-08-31,1.6726079314947129,1.6937801837921145,1.662021805346012,1.6937801837921145,10488000
1993-09-01,1.683193409933643,1.683193409933643,1.6673145498838688,1.6779006719589231,5316800
1993-09-02,1.6779012169254213,1.6779012169254213,1.6461428403854368,1.646142840385437,1006400
1993-09-03,1.6514354114291032,1.6726076602935789,1.646142672275864,1.672607660293579,2206400
1993-09-07,1.6726072614009564,1.6726072614009564,1.6461422796947562,1.6514350175857544,1804800
1993-09-08,1.6461424787689498,1.6514352173000189,1.6302629709243774,1.6302629709243774,1928000
1993-09-09,1.6302631625646276,1.6726076602935789,1.6302631625646276,1.672607660293579,2662400
1993-09-10,1.6567287967081017,1.6726076602935789,1.6514354114291032,1.672607660293579,2152000
1993-09-13,1.6673145235099582,1.6726072614009564,1.6461422796947562,1.6514350175857544,3548800
1993-09-14,1.640848933081878,1.640848933081878,1.603797828623484,1.6090905666351318,3414400
1993-09-15,1.609090913700152,1.6726076602935789,1.6037981745469123,1.672607660293579,3048000
1993-09-16,1.6620211394933553,1.6620211394933553,1.6461422796947562,1.6514350175857544,5310400
1993-09-17,1.6302630278714902,1.6620213985443115,1.6302630278714902,1.6620213985443115,5030400
1993-09-20,1.6620211657835342,1.7043656540837515,1.65143504370848,1.6779006719589231,9817600
1993-09-21,1.6673144667384696,1.7043655690906931,1.6620210829021047,1.683193325996399,3393600
1993-09-22,1.6831938110909423,1.7784689324734484,1.6831938110909423,1.773176193237305,8622400
1993-09-23,1.7731754545923195,1.8631571531295776,1.7731754545923195,1.8631571531295776,20038400
1993-09-24,1.8684512351297389,1.873743974140712,1.847278986834364,1.852571725845337,3696000
1993-09-27,1.8525720308612843,1.90020992043207,1.8525720308612843,1.894916534423828,3411200
1993-09-28,1.9002100951069505,1.931968475698215,1.857865587651931,1.868451714515686,6376000
1993-09-29,1.884330027777216,1.94784677028656,1.8737439040256585,1.94784677028656,8049600
1993-09-30,1.9266752726292875,1.9478475283724663,1.910796403884888,1.910796403884888,3923200
1993-10-01,1.873743751546839,1.9319677505051944,1.8578648902745285,1.9266743659973145,5168000
1993-10-04,1.9372617390847973,1.9954857756176,1.931968997286951,1.969020128250122,3820800
1993-10-05,1.979605437097251,1.995484948158264,1.9743126974941223,1.995484948158264,6545600
1993-10-06,1.995484948158264,2.0007776877613925,1.9901915624293216,1.995484948158264,6636800
1993-10-07,1.995484948158264,2.0007776877613925,1.979605437097251,1.995484948158264,2872000
1993-10-08,1.9882741042091527,2.020086484698703,1.9882741042091527,2.014784097671509,3520000
1993-10-11,2.014783446045169,2.0306899547576904,2.014783446045169,2.0306899547576904,1752000
1993-10-12,2.0253887448286148,2.051899392326158,2.0200870036639285,2.046597003936768,2947200
1993-10-13,2.0465950000567856,2.094313859939575,2.0465950000567856,2.094313859939575,3758400
1993-10-14,2.094315513269497,2.094315513269497,2.078408998343354,2.0837113857269287,3987200
1993-10-15,2.089013125885922,2.094315513269497,2.078408998343354,2.0837113857269287,2102400
1993-10-18,2.083710149854921,2.083710149854921,2.051897786095489,2.062501907348633,2513600
1993-10-19,2.062502755860791,2.067804495056396,1.988273876551074,1.998878002166748,4332800
1993-10-20,2.004180537259325,2.014784667086094,1.9670664064779944,1.993576407432556,20956800
1993-10-21,1.993575700578754,1.993575700578754,1.9776698350906368,1.9776698350906368,881600
1993-10-22,1.9829725426731293,2.0094831943961364,1.9829725426731293,1.9882749319076536,1166400
1993-10-25,1.988274931907654,1.993576673917371,1.9776708006634127,1.9882749319076536,1726400
1993-10-26,1.9670654472441949,1.9829713106155396,1.9564613225884968,1.98297131061554,3076800
1993-10-27,1.9723673645153317,1.998878002166748,1.9723673645153317,1.998878002166748,1097600
1993-10-28,1.998878002166748,2.004179741362353,1.993575615746679,1.998878002166748,1201600
1993-10-29,1.9988780872244536,2.009482213291362,1.9776698350906368,1.9776698350906368,1953600
1993-11-01,1.9829714901310052,1.998878002166748,1.9670656253197265,1.998878002166748,1444800
1993-11-02,1.998877584556977,2.0306899547576904,1.998877584556977,2.0306899547576904,2088000
1993-11-03,2.0359912806036737,2.0784077656162503,2.0359912806036737,2.062501907348633,4448000
1993-11-04,2.051899655878981,2.0837120486273,2.051899655878981,2.067805528640747,4139200
1993-11-05,2.05719993964612,2.062502324958404,2.020085831357453,2.0306899547576904,3200000
1993-11-08,2.03599249298249,2.1102213859558105,2.03599249298249,2.1102213859558105,2078400
1993-11-09,2.1102218902880936,2.131430150491994,2.099617760186143,2.1049201488494877,4059200
1993-11-10,2.104919912000234,2.13142991065979,2.0784092661160143,2.13142991065979,4145600
1993-11-11,2.131429450346692,2.142033576965332,2.1208253237280514,2.142033576965332,7859200
1993-11-12,2.1420347766105974,2.14733716650178,2.110222378938163,2.1155247688293457,4222400
1993-11-15,2.104919466549805,2.1632418395932413,2.089012952940532,2.1261277198791504,6878400
1993-11-16,2.142034406935964,2.221565711003895,2.126128534457244,2.2109615802764893,4515200
1993-11-17,2.200357449549084,2.22686745275521,2.195055060572993,2.2109615802764893,4734400
1993-11-18,2.189752760459527,2.189752760459527,2.1579403763891074,2.173846244812012,3558400
1993-11-19,2.1738451348537464,2.22686574789896,2.1738451348537464,2.216261625289917,4756800
1993-11-22,2.200356550452628,2.242773056030273,2.195054163643166,2.242773056030273,3228800
1993-11-23,2.2480747956152234,2.279887174798457,2.237470669220812,2.242773056030273,3444800
1993-11-24,2.2427739724587066,2.2427739724587066,2.2056591913003984,2.2109615802764893,1921600
1993-11-26,2.2109605839897224,2.2109605839897224,2.2003564580406696,2.205658197402954,840000
1993-11-29,2.2003564834594727,2.2056582228830037,2.18975235738792,2.2003564834594727,2558400
1993-11-30,2.195054500858958,2.2109610165064733,2.1685445044125804,2.173846244812012,2560000
1993-12-01,2.2162621451658344,2.221564531326294,2.1897521560368323,2.221564531326294,7790400
1993-12-02,2.2374708134611567,2.3435120842413064,2.2268666863831417,2.338210344314575,10400000
1993-12-03,2.338209749021829,2.3435114875987724,2.2745850027521795,2.290490865707397,4081600
1993-12-06,2.306397375887004,2.3223032388422227,2.285189127130454,2.290490865707397,1659200
1993-12-07,2.2904918462848927,2.2904918462848927,2.2798877173669068,2.2851901054382324,1803200
1993-12-08,2.2798873217732165,2.338210344314575,2.269283194695201,2.338210344314575,3115200
1993-12-09,2.327605643624162,2.3541156311738325,2.295793270229921,2.3010950088500977,3665600
1993-12-10,2.311700358514537,2.31700274716937,2.285190356914583,2.295794486999512,1193600
1993-12-13,2.3063980487713023,2.3063980487713023,2.258679151535034,2.258679151535034,2404800
1993-12-14,2.269282635455857,2.3010950088500977,2.2586785109911096,2.3010950088500977,2433600
1993-12-15,2.2957933071593954,2.327605681065361,2.285189182524073,2.322303295135498,4569600
1993-12-16,2.306397693770786,2.327605945450405,2.306397693770786,2.317001819610596,3996800
1993-12-17,2.322304276859059,2.3541166642132927,2.322304276859059,2.343512535095215,4460800
1993-12-20,2.343511671091602,2.4071364223429583,2.343511671091602,2.3965322971343994,6316800
1993-12-21,2.370022014848975,2.380626138747126,2.359417890950824,2.36471962928772,2464000
1993-12-22,2.3753249224494484,2.3753249224494484,2.327606665030437,2.343512535095215,2572800
1993-12-23,2.370022020044332,2.3753237583928497,2.34351138662866,2.348813772201538,1267200
1993-12-27,2.348815031963882,2.4177415508087967,2.3170026431374504,2.4018356800079346,10929600
1993-12-28,2.4283455131400347,2.4813661575317383,2.4283455131400347,2.4813661575317383,6128000
1993-12-29,2.4813661575317383,2.5078768033399217,2.465460287826559,2.4813661575317383,5347200
1993-12-30,2.486668363353835,2.5078766195563214,2.476064235252592,2.497272491455078,5176000
1993-12-31,2.502574471866384,2.5396892473919945,2.502574471866384,2.523782730102539,2524800
1994-01-03,2.502573884410776,2.507876271337468,2.4442515115643126,2.4495532512664795,5254400
1994-01-04,2.44425106048584,2.470761048553394,2.44425106048584,2.44425106048584,5657600
1994-01-05,2.444250656602013,2.444250656602013,2.32760530448536,2.375323534011841,10982400
1994-01-06,2.4124386393421378,2.4124386393421378,2.3010950088500977,2.3010950088500977,8017600
1994-01-07,2.311699703007261,2.3435120842413064,2.253377327690456,2.338210344314575,10139200
1994-01-10,2.3362984293598243,2.527450119034719,2.3362984293598243,2.506211042404175,13900800
1994-01-11,2.506210908403105,2.580547672635401,2.506210908403105,2.5752382278442383,11412800
1994-01-12,2.575238194903081,2.612406252461221,2.543379582068188,2.5964772701263428,4659200
1994-01-13,2.585857765591709,2.6017867481303423,2.56992813488793,2.5752382278442383,4217600
1994-01-14,2.596476797541893,2.612405776977539,2.596476797541893,2.612405776977539,3140800
1994-01-17,2.6017862412987687,2.612405776977539,2.5805471699412275,2.612405776977539,2043200
1994-01-18,2.612406389534089,2.623025927702926,2.58585786819458,2.58585786819458,11892800
1994-01-19,2.585858112637377,2.5911675581411155,2.516830783932149,2.5274503231048584,4083200
1994-01-20,2.532760212274945,2.5380696573499906,2.506211042404175,2.506211042404175,3670400
1994-01-21,2.516830085248364,2.6336449837198064,2.516830085248364,2.6017863750457764,5774400
1994-01-24,2.5911673489263505,2.6177165187971205,2.506211042404175,2.506211042404175,4148800
1994-01-25,2.548688591503706,2.612405806291299,2.548688591503706,2.5911667346954346,4592000
1994-01-26,2.580547672635401,2.59647730333918,2.5752382278442383,2.5752382278442383,4617600
1994-01-27,2.585857765591709,2.585857765591709,2.564618690096768,2.5752382278442383,2336000
1994-01-28,2.580547775027576,2.58585786819458,2.569928236858738,2.58585786819458,2324800
1994-01-31,2.5911667346954346,2.607096362474846,2.5752377550810497,2.5911667346954346,3328000
1994-02-01,2.5911668691124934,2.5911668691124934,2.5593082600660284,2.580547332763672,2499200
1994-02-02,2.580547332763672,2.5964769613694343,2.5646183523229693,2.580547332763672,5809600
1994-02-03,2.56992813488793,2.585857765591709,2.506210908403105,2.5752382278442383,16089600
1994-02-04,2.580548711982428,2.580548711982428,2.5062119178100946,2.5327610969543457,8828800
1994-02-07,2.516830783932149,2.5274503231048584,2.500901799255701,2.5274503231048584,7241600
1994-02-08,2.522139870419304,2.527449313802789,2.4106344295514,2.4584226608276367,6310400
1994-02-09,2.458424267705951,2.458424267705951,2.389396921448085,2.442494630813598,6609600
1994-02-10,2.474352496599045,2.495591573823071,2.4318743421509925,2.4478039741516118,4192000
1994-02-11,2.431874716432563,2.447804350884858,2.4212551761861327,2.437184810638428,2710400
1994-02-14,2.4424931386320856,2.506210350944227,2.4424931386320856,2.4690423011779785,4064000
1994-02-15,2.4796618412461284,2.484971284866333,2.458422770435305,2.484971284866333,4123200
1994-02-16,2.484972035211058,2.484972035211058,2.442493880763006,2.4478039741516118,2654400
1994-02-17,2.453114172686701,2.4743532564329063,2.415946100213541,2.442494630813598,3124800
1994-02-18,2.4424932295815984,2.4424932295815984,2.357536943335282,2.4212541580200195,4736000
1994-02-22,2.4265643514211384,2.6283355396899943,2.4265643514211384,2.6017863750457764,10241600
1994-02-23,2.5911672132818846,2.660194532800246,2.57523823072543,2.6495749950408936,9923200
1994-02-24,2.6336452945428754,2.638955387364438,2.591167144630894,2.6177163124084477,5035200
1994-02-25,2.617716582776188,2.697362798004754,2.601786950831357,2.686743259429932,3712000
1994-02-28,2.697363839697007,2.8301084472293865,2.697363839697007,2.8088693618774414,6744000
1994-03-01,2.803557285747079,2.8247963560936475,2.750459609880657,2.7770087718963623,10972800
1994-03-02,2.718601004360804,2.7770087718963623,2.6814329553368026,2.7770087718963623,7489600
1994-03-03,2.7716991901397705,2.798248357039755,2.7504601158858257,2.7716991901397705,8585600
1994-03-04,2.766389236723078,2.78231821540051,2.692052490510087,2.7770087718963623,6716800
1994-03-07,2.7610791500077045,2.84072598803273,2.7132915657246817,2.792937755584717,9390400
1994-03-08,2.782319103754484,2.7982487356830044,2.7292214109347417,2.761080026626587,6030400
1994-03-09,2.761079653012798,2.7716991901397705,2.739840578758854,2.7716991901397705,3718400
1994-03-10,2.7663893410987868,2.798247947820663,2.755769805524828,2.787628412246704,6172800
1994-03-11,2.777008876672745,2.814176927099095,2.777008876672745,2.787628412246704,2574400
1994-03-14,2.7929385048398125,2.8407267501078666,2.7770095218605704,2.8301072120666504,2721600
1994-03-15,2.8194870656616007,2.8672746524533106,2.8194870656616007,2.840726137161255,6758400
1994-03-16,2.8301060273509244,2.8619646281381868,2.81948649375517,2.8460350036621094,5819200
1994-03-17,2.8407264410007147,2.846035885361006,2.8035577378183043,2.8141772747039795,1670400
1994-03-18,2.814178090346487,2.8301077243744848,2.79824910448377,2.8247976303100586,3478400
1994-03-21,2.81948649375517,2.8619646281381868,2.814176402874847,2.8460350036621094,2718400
1994-03-22,2.856653750138169,2.915061492903648,2.835414688798852,2.893822431564331,4777600
1994-03-23,2.888514757156372,2.9363030092066604,2.888514757156372,2.888514757156372,3470400
1994-03-24,2.893824050569152,2.893824050569152,2.7716990554605734,2.782318592071533,7843200
1994-03-25,2.787628307069647,2.798247842242931,2.771698680227226,2.7770087718963623,4118400
1994-03-28,2.7770092827858104,2.7770092827858104,2.718601504504909,2.7716991901397705,4478400
1994-03-29,2.7451502985950635,2.787628441334136,2.702672155855991,2.7663893699646,5969600
1994-03-30,2.7716991901397705,2.798248357039755,2.723911597150949,2.7716991901397705,6990400
1994-03-31,2.777010902138457,2.787630445457982,2.665505373200705,2.739842176437378,8835200
1994-04-04,2.686742173405144,2.729220310534079,2.538068693453871,2.697361707687378,4832000
1994-04-05,2.78231893635829,2.9416120052337646,2.78231893635829,2.9416120052337646,5807200
1994-04-06,2.9522313748087203,3.1009048972811017,2.9522313748087203,2.973470449447632,7343200
1994-04-07,3.037189147346898,3.047808689820139,2.994710977453934,3.026569604873657,5422400
1994-04-08,3.026568136044911,3.0478072106838225,2.973470449447632,2.973470449447632,3645600
1994-04-11,2.966241249077612,2.966241249077612,2.9449778709480228,2.9556095600128174,3883200
1994-04-12,3.0193978654868285,3.093819643861504,2.9662394523620605,2.9662394523620605,3207200
1994-04-13,2.976873837984525,2.976873837984525,2.7961350692497504,2.902451992034912,4375200
1994-04-14,2.8918187867349654,2.8918187867349654,2.8067652930074667,2.849292039871216,2789600
1994-04-15,2.85992431640625,2.9024510720405434,2.828029249680529,2.85992431640625,3492800
1994-04-18,2.891818068081275,2.902449752155104,2.796132911416821,2.8280279636383057,2155200
1994-04-19,2.83866018243134,2.859923554584384,2.6579215191304684,2.7217116355896,3560800
1994-04-20,2.7217119852701823,2.8067654848098758,2.551604986190796,2.551604986190796,5447200
1994-04-21,2.5728680305182934,2.742975007742644,2.5622363444417715,2.7217116355896,3769600
1994-04-22,2.732344949245453,2.817398488521576,2.732344949245453,2.764240026473999,3474400
1994-04-25,2.7536068126775217,2.9449771703153416,2.7536068126775217,2.9343454837799072,3814400
1994-04-26,2.923713408594839,3.019398574694306,2.913081723472676,3.008766889572144,4280800
1994-04-28,3.008768287018268,3.008768287018268,2.8811880062966453,2.913083076477051,2876800
1994-04-29,2.89181835322835,3.008766889572143,2.881186668106187,3.008766889572144,3371200
1994-05-02,2.9875037035437573,3.115083932876587,2.9768720177660213,3.115083932876587,4136800
1994-05-03,3.115083712607519,3.1363470826594475,3.0406619174257696,3.072556972503662,6731200
1994-05-04,3.083189709545815,3.115084775506633,3.083189709545815,3.104453086853028,3660000
1994-05-05,3.146978990209794,3.210769104876209,3.104452247098851,3.115083932876587,6440000
1994-05-06,3.030030232399805,3.1257153976334835,3.030030232399805,3.072556972503662,3074400
1994-05-09,3.0831898287903488,3.0831898287903488,2.9449778709480228,2.9556095600128174,4338400
1994-05-10,2.976872229921645,2.98750391645708,2.891818737638169,2.9343454837799072,4644000
1994-05-11,3.040662479400635,3.040662479400635,2.902450548518788,2.9237139225006104,9481600
1994-05-12,2.9449771703153416,2.976872229921645,2.891818737638169,2.9343454837799072,7457600
1994-05-13,2.966241124001416,3.019399567083879,2.785502417521043,2.8067657947540283,9257600
1994-05-16,2.796133279800415,2.881186763596625,2.796133279800415,2.796133279800415,4436000
1994-05-17,2.806765631427915,2.806765631427915,2.5941318714712547,2.700448751449585,11320000
1994-05-18,2.711080597205596,2.8173974833705206,2.6791855313561177,2.8067657947540283,5646400
1994-05-19,2.8067652930074667,2.8918187867349654,2.796133606291529,2.849292039871216,3443200
1994-05-20,2.8067657947540283,2.8386608606035058,2.8067657947540283,2.8067657947540283,2062400
1994-05-23,2.785501752048731,2.8067651242017746,2.700448263436556,2.7217116355896,2773600
1994-05-24,2.7642389772467117,2.7642389772467117,2.711080535376582,2.732343912124634,3365600
1994-05-25,2.7110804546447027,2.721712142702133,2.679185390472412,2.679185390472412,3273600
1994-05-26,2.689817063451752,2.700448751449585,2.668553687456086,2.700448751449585,1876000
1994-05-27,2.700448751449585,2.732343815443084,2.679185375453919,2.700448751449585,3765600
1994-05-31,2.679184799650276,2.7110798567889693,2.668553113937378,2.668553113937378,6716800
1994-06-01,2.6791854702545046,2.732343912124634,2.657922093506453,2.732343912124634,4841600
1994-06-02,2.742975007742644,2.8173968102782965,2.7217116355896,2.7217116355896,5749600
1994-06-03,2.742976665496826,2.7748717430026035,2.7323449729949005,2.742976665496826,1359200
1994-06-06,2.711081077124326,2.817397982109594,2.711081077124326,2.7855029106140137,4429600
1994-06-07,2.806764348347982,2.913081179724799,2.806764348347982,2.8705544471740723,5657600
1994-06-08,2.8705544471740723,2.881186130311754,2.8173960314856634,2.8705544471740723,7460000
1994-06-09,2.8705544471740723,2.913081179724799,2.8492910808987086,2.8705544471740723,5410400
1994-06-10,2.8811880062966453,2.923714766537186,2.87055631623651,2.913083076477051,7500800
1994-06-13,2.891818146412984,2.944976568222046,2.891818146412984,2.944976568222046,3284000
1994-06-14,2.9343444044872,2.9662394523620605,2.870554308737478,2.9662394523620605,6506400
1994-06-15,2.9556084639613283,3.019398574694306,2.944976778839165,3.008766889572144,4308000
1994-06-16,3.0087673791362723,3.019399065988344,2.966240631727986,2.987504005432129,1987200
1994-06-17,3.0300306379795074,3.0300306379795074,2.976872205734253,2.976872205734253,4113600
1994-06-20,2.955608856850776,2.9662405433862107,2.913082110709038,2.9343454837799072,2155200
1994-06-21,2.913083684313428,2.9343470688704607,2.8705569151993635,2.902451992034912,3792800
1994-06-22,2.923713797244473,2.9343454837799072,2.881187051102735,2.9343454837799072,3528000
1994-06-23,2.923714766537186,2.976873216837862,2.913083076477051,2.913083076477051,2959200
1994-06-24,2.89181938313197,2.9024510720405434,2.85992431640625,2.85992431640625,5390400
1994-06-27,2.83866018243134,2.849291868507862,2.7217116355896,2.7217116355896,7256000
1994-06-28,2.695133065066037,2.8067654576794854,2.6898168969428404,2.7748703956604004,22443200
1994-06-29,2.828030041035484,2.9024518842206284,2.796134965384708,2.891820192337036,6435200
1994-06-30,2.8811880062966453,2.9449781466574567,2.8811880062966453,2.913083076477051,7328000
1994-07-01,2.923713797244473,2.9449771703153416,2.902450424173604,2.9343454837799072,2941600
1994-07-05,2.9343461818832286,2.966241249077612,2.9237144928184344,2.9556095600128174,3069600
1994-07-06,2.955608944875914,2.9981356922842006,2.9449772580238425,2.987504005432129,2896800
1994-07-07,3.019399065988344,3.030030752840416,2.9449772580238425,2.987504005432129,4154400
1994-07-08,2.9662413969635963,3.0619266033172607,2.9662413969635963,3.0619266033172607,4049600
1994-07-11,3.0338224581071547,3.05511244026931,3.001887484863921,3.0444674491882324,2503200
1994-07-12,3.023178794466216,3.097693764752355,3.012533798711053,3.0870487689971924,5132000
1994-07-13,3.0444697469784407,3.0764047443243685,3.0444697469784407,3.05511474609375,3008800
1994-07-14,3.03382397966182,3.044468976081686,2.959309004722757,3.0018889904022217,7475200
1994-07-15,2.9912433565502434,3.0231783390045166,2.969953368247394,3.0231783390045166,4086400
1994-07-18,3.0125324726104736,3.023177463679769,3.0125324726104736,3.0125324726104736,2450400
1994-07-19,3.0444674491882324,3.0870474135125434,3.0338224581071547,3.0444674491882324,2560800
1994-07-20,3.001888350701668,3.0657583156102137,3.001888350701668,3.0231783390045166,2536000
1994-07-21,3.012531823154846,3.012531823154846,2.9593068792828525,2.969951868057251,1363200
1994-07-22,2.9486618905084536,2.969951868057251,2.884791957862061,2.969951868057251,5369600
1994-07-25,2.916728249617985,2.980598211288452,2.916728249617985,2.980598211288452,2188800
1994-07-26,2.980598950908132,2.980598950908132,2.916728973388672,2.916728973388672,1905600
1994-07-27,2.9167288790503854,2.980598854504043,2.9167288790503854,2.959308862686157,1318400
1994-07-28,2.938019755825348,3.05511474609375,2.938019755825348,3.05511474609375,4189600
1994-07-29,3.0976941734552383,3.118984167774518,3.0657591819763184,3.0657591819763184,7632000
1994-08-01,3.065758848843509,3.1083388328552246,3.065758848843509,3.1083388328552246,2513600
1994-08-02,3.12962778436446,3.1402727768282843,3.076402822045336,3.1189827919006348,1812800
1994-08-03,3.108337399043839,3.108337399043839,3.033822461395528,3.076402425765991,2392000
1994-08-04,2.959309263083771,2.9699542604329934,2.746409316099327,2.788989305496216,10433600
1994-08-05,2.7251178352200256,2.7357628267638536,2.554797970518774,2.608022928237915,21994400
1994-08-08,2.6506038259439437,2.757053778793097,2.6506038259439437,2.7357637882232666,16387200
1994-08-09,2.8102786793428307,2.8102786793428307,2.6825387393727023,2.7144737243652344,6119200
1994-08-10,2.7144731674343348,2.7570531386882067,2.7144731674343348,2.7251181602478027,3844000
1994-08-11,2.725118719362745,2.7464087093577665,2.703828729367724,2.7144737243652344,2097600
1994-08-12,2.7357637882232666,2.767698774078013,2.725118792938351,2.7357637882232666,996800
1994-08-15,2.767698936325183,2.959308862686157,2.75705394041624,2.959308862686157,10107200
1994-08-16,2.959308862686157,3.001888846321929,2.9273738749593283,2.959308862686157,6976000
1994-08-17,2.959308862686157,2.9912438504129866,2.9380188708682717,2.959308862686157,2848800
1994-08-18,2.8954388872324994,2.9912438504129866,2.8847938913235565,2.959308862686157,3607200
1994-08-19,2.98059685683165,2.98059685683165,2.9486618905084536,2.969951868057251,1517600
1994-08-22,2.92737453411787,2.938019532423753,2.9060845375061035,2.9060845375061035,1627200
1994-08-23,2.948662526194704,3.023177463679769,2.9380175351254088,3.0125324726104736,3044000
1994-08-24,3.0018889904022217,3.055113972501552,2.991243993982356,3.0018889904022217,2344800
1994-08-25,3.001888350701668,3.044468327307365,2.9912433565502434,3.0231783390045166,3317600
1994-08-26,3.023179193337758,3.0657591819763184,3.023179193337758,3.0657591819763184,4898400
1994-08-29,3.065757434673375,3.0870474168586077,3.065757434673375,3.076402425765991,5492800
1994-08-30,3.065757434673375,3.097692407951223,3.023177470302912,3.076402425765991,3372000
1994-08-31,3.0551124435807595,3.097692407951223,3.0551124435807595,3.076402425765991,2307200
1994-09-01,3.044468235723751,3.1083381987109626,3.044468235723751,3.0976932048797607,5877600
1994-09-02,3.1189823901364546,3.1402723723216868,3.076402425765991,3.076402425765991,4048000
1994-09-06,3.0870474135125434,3.0870474135125434,3.028500287425963,3.0444674491882324,2357600
1994-09-07,3.033824920654297,3.044469920375891,3.0018899214895147,3.033824920654297,1958400
1994-09-08,3.033822461395528,3.108337399043839,3.033822461395528,3.076402425765991,3233600
1994-09-09,3.044468976081686,3.055113972501552,2.991243993982356,3.0018889904022217,5091200
1994-09-12,2.991243993982356,3.044468976081686,2.969954001142624,3.0018889904022217,1811200
1994-09-13,3.023177212326105,3.023177212326105,2.927372300667884,2.948662281036377,8117600
1994-09-14,2.9912438768230074,3.1083388328552246,2.9805988808200787,3.1083388328552246,6177600
1994-09-15,3.1083394759579708,3.2573694508326683,3.0976944777526354,3.236079454421997,7544800
1994-09-16,3.2360786665354344,3.2360786665354344,3.1722086928538142,3.2147886753082275,13559200
1994-09-19,3.2147869431085185,3.299946862131261,3.2147869431085185,3.289301872253418,3712000
1994-09-20,3.225434802352807,3.3638197938728944,3.225434802352807,3.3105947971343994,3800800
1994-09-21,3.2786583152471804,3.289303309777204,3.161563375416924,3.257368326187134,6108800
1994-09-22,3.257368814827192,3.2680138109540784,3.1934988380658744,3.225433826446533,2401600
1994-09-23,3.214787481620559,3.246722456603545,3.182852506637573,3.182852506637573,2240800
1994-09-26,3.204143353537017,3.257368326187134,3.204143353537017,3.257368326187134,1765600
1994-09-27,3.246723662149038,3.2573686577626413,3.1722086928538142,3.2147886753082275,2854400
1994-09-28,3.204142879981261,3.34252778841899,3.204142879981261,3.321237802505493,5161600
1994-09-29,3.3212388521665104,3.3212388521665104,3.2680138705612776,3.278658866882324,4936000
1994-09-30,3.268011892497732,3.3851067811540028,3.236076922864204,3.289301872253418,5684000
1994-10-03,3.310593748849536,3.3531737327575684,3.2786587609185114,3.3531737327575684,2432800
1994-10-04,3.353172781375738,3.4489777179864736,3.2999478165919967,3.321237802505493,2700800
1994-10-05,3.3212388521665104,3.3212388521665104,3.2467238779191847,3.278658866882324,4652000
1994-10-06,3.2893024232475256,3.2893024232475256,3.161562523315583,3.182852506637573,6696800
1994-10-07,3.1934986309129365,3.1934986309129365,3.087048676549172,3.1296286582946777,11720000
1994-10-10,3.15091784225613,3.289302747490352,3.140272849545805,3.268012762069702,6021600
1994-10-11,3.271848632271882,3.367766018885716,3.271848632271882,3.3464510440826416,4771200
1994-10-12,3.3571091294288635,3.39973908662796,3.3464516401290894,3.3677666187286377,3916000
1994-10-13,3.410395968491864,3.484998380302623,3.3464510440826416,3.3464510440826416,2606400
1994-10-14,3.3038231227305026,3.3144806166747944,3.2718506408976267,3.282508134841919,1650400
1994-10-17,3.282506526095196,3.3038215035373724,3.229219082489754,3.293164014816284,2262400
1994-10-18,3.3038238671641,3.346453852546863,3.250536385435647,3.335796356201172,1808800
1994-10-19,3.3144785893038384,3.410395976132567,3.29316361445301,3.3890810012817383,3136000
1994-10-20,3.3677673431543207,3.3677673431543207,3.2931649020084968,3.3251373767852783,2472000
1994-10-21,3.3144789922584605,3.3144789922584605,3.282506526095196,3.293164014816284,1064800
1994-10-24,3.303821258857602,3.335793722652998,3.229218843335011,3.2505338191986084,4171200
1994-10-25,3.229220665120459,3.2825081348419185,3.218563171176167,3.282508134841919,2058400
1994-10-26,3.3038238671641,3.335796356201172,3.3038238671641,3.335796356201172,1764000
1994-10-27,3.325136480979549,3.3677664358639023,3.293164014816284,3.293164014816284,1940000
1994-10-28,3.3144802626441505,3.453027669121237,3.3144802626441505,3.442370176315308,6317600
1994-10-31,3.453025925834224,3.463683413259638,3.3784235138563243,3.3890810012817383,2646400
1994-11-01,3.4103984294640237,3.4317134196481733,3.389083439279873,3.399740934371948,1794400
1994-11-02,3.389083055349497,3.527630475851206,3.389083055349497,3.4636855125427246,4725600
1994-11-03,3.4743419975042342,3.4849994882941244,3.4103970527648926,3.4103970527648926,1344800
1994-11-04,3.4103973095233626,3.421054801115623,3.3251373767852783,3.3251373767852783,3383200
1994-11-07,3.282507840507582,3.346452798439548,3.26119285453026,3.271850347518921,3292800
1994-11-08,3.2931671642488047,3.3251396609890844,3.250537168595099,3.3038246631622314,6126400
1994-11-09,3.346451051580081,3.3890810012817383,3.3144785893038384,3.3890810012817383,4269600
1994-11-10,3.3890821287565145,3.463684565553041,3.3890821287565145,3.4210546016693115,2549600
1994-11-11,3.378426341583934,3.389083837929625,3.3251388598554814,3.335796356201172,1681600
1994-11-14,3.3571102619171147,3.3890827406020394,3.3357952761271648,3.3571102619171143,2109600
1994-11-15,3.4103973095233626,3.431712292707884,3.314479885193018,3.3251373767852783,5738400
1994-11-16,3.3251384687274226,3.4210559245560983,3.3038234785432725,3.399740934371948,4542400
1994-11-17,3.38908099368879,3.38908099368879,3.31447858187803,3.3464510440826416,2608000
1994-11-18,3.303821094476493,3.367766018885716,3.303821094476493,3.3464510440826416,4362400
1994-11-21,3.3251385088787964,3.357110994541092,3.2185635566711426,3.2185635566711426,1524800
1994-11-22,3.229219686378867,3.229219686378867,3.1439597606658936,3.1439597606658936,3604800
1994-11-23,3.1652743220329285,3.186589300632477,3.0906718969345093,3.1546168327331543,5238400
1994-11-25,3.1546168327331543,3.1652743220329285,3.133301854133606,3.1546168327331543,523200
1994-11-28,3.133302153173974,3.1652746241247285,3.101329682223219,3.122644662857056,4396000
1994-11-29,3.1333029386663283,3.271850347518921,3.1333029386663283,3.271850347518921,4618400
1994-11-30,3.271849153831252,3.28250664293168,3.1759317519274046,3.186589241027832,3905600
1994-12-01,3.154617125805826,3.261192028704672,3.133302145226057,3.207904577255249,3931200
1994-12-02,3.197246379539615,3.2505338191986084,3.1652739157442187,3.2505338191986084,1519200
1994-12-05,3.2505341756303974,3.2505341756303974,3.1652742628269768,3.186589241027832,3250400
1994-12-06,3.111986753823874,3.143959220472749,2.984096887228372,3.048041820526123,11388800
1994-12-07,3.0054115754097803,3.111986453970411,3.0054115754097803,3.0800139904022217,11064000
1994-12-08,3.058699684356576,3.069357174545972,2.8348923903792653,2.8562073707580566,20785600
1994-12-09,2.85620839647252,2.984098324672781,2.8242359144224536,2.9627833366394043,8301600
1994-12-12,2.962782393561469,2.9947548654344347,2.856207487318251,2.8775224685668945,4315200
1994-12-13,2.877522526631936,2.9201524899894458,2.824235072435048,2.888180017471313,7980800
1994-12-14,2.8881796002388,2.984097003936768,2.8881796002388,2.941467046737671,7203200
1994-12-15,2.962782203510243,3.026727143154349,2.941467223628875,2.973439693450928,3629600
1994-12-16,2.973440121560201,2.9947551045104537,2.9201526641845703,2.9201526641845703,8113600
1994-12-19,2.8988374498155385,2.90949494043986,2.8455499966939293,2.8775224685668945,2670400
1994-12-20,2.8881803808602258,2.898837873040522,2.8562079043193376,2.866865396499634,3379200
1994-12-21,2.866865800584064,2.920153268996408,2.866865800584064,2.8988382816314697,5040800
1994-12-22,2.909494519667192,2.952124475999312,2.8935086112834028,2.930809497833252,4128000
1994-12-23,2.952124713569559,2.984097183391612,2.93080973368819,2.973439693450928,1310400
1994-12-27,2.9947544932365417,3.005411982536316,2.9308095574378967,2.941467046737671,1602400
1994-12-28,2.952125750043813,2.9627832437262818,2.8775232942665325,2.8988382816314697,4019200
1994-12-29,2.8988373821823177,2.952124834060669,2.8988373821823177,2.952124834060669,2056800
1994-12-30,2.973440830656093,3.005413312706158,2.930810854589339,2.9627833366394043,2133600
1995-01-03,2.962782630085075,2.9947551045104537,2.909495172709444,2.9201526641845703,1952000
1995-01-04,2.9094953652208178,2.920152857401114,2.8348929199587456,2.866865396499634,4564000
1995-01-05,2.8881803808602258,2.8881803808602258,2.8562079043193376,2.866865396499634,3260000
1995-01-06,2.866865522406074,2.888180507702774,2.834893044461025,2.845550537109375,3243200
1995-01-09,2.845550054113803,2.888180017471313,2.8348925632744257,2.888180017471313,3372800
1995-01-10,2.902694034576416,3.009410727024078,2.902694034576416,2.988067388534546,6804000
1995-01-11,3.05209777961343,3.1694861557524083,3.041426109055341,3.1481428146362305,7696000
1995-01-12,3.1161274372921057,3.14814244520949,3.10545576798631,3.1267991065979004,1704000
1995-01-13,3.1801568306598464,3.1908284978768258,3.1054551601409908,3.105455160140991,2178400
1995-01-16,3.137470799263078,3.180157476804072,3.137470799263078,3.1694858074188232,2211200
1995-01-17,3.158814395384931,3.2335160871676827,3.158814395384931,3.212172746658325,2523200
1995-01-18,3.2015010764036465,3.26553109793172,3.158814395384931,3.212172746658325,6968800
1995-01-19,3.201500165093805,3.2121718323107844,3.1054551601409908,3.105455160140991,2061600
1995-01-20,3.1374707759036955,3.1588141145152853,3.10545576798631,3.1267991065979004,2555200
1995-01-23,3.0947839408307463,3.158813953399658,3.0627689345462903,3.158813953399658,2689600
1995-01-24,3.1481424686483264,3.180157476804072,3.1481424686483264,3.1694858074188232,1599200
1995-01-25,3.1588138744531085,3.222843885421753,3.1588138744531085,3.222843885421753,1252800
1995-01-26,3.2228443414572903,3.2335160114621155,3.1801576614379883,3.1801576614379883,1308800
1995-01-27,3.1908288799374307,3.2335155539165266,3.1908288799374307,3.222843885421753,1607200
1995-01-30,3.2335160871676827,3.2335160871676827,3.2015010764036465,3.212172746658325,960000
1995-01-31,3.212171673774719,3.2228433404650003,3.1267983402524675,3.137470006942749,978400
1995-02-01,3.1588138744531085,3.222843885421753,3.148142205958335,3.222843885421753,1804800
1995-02-02,3.233517118088611,3.3082188336880174,3.233517118088611,3.2868754863739014,3875200
1995-02-03,3.2868754863739014,3.318890507345076,3.2228454444315524,3.2868754863739014,3077600
1995-02-06,3.2655304001980143,3.2868737361470206,3.244187064249008,3.2548587322235107,4276800
1995-02-07,3.2548587322235107,3.2655304001980143,3.2121720603254977,3.2548587322235107,3396000
1995-02-08,3.254861524028162,3.31889158679593,3.254861524028162,3.3082199096679688,2008800
1995-02-09,3.2868738426233675,3.2868738426233675,3.233515501022339,3.233515501022339,2899200
1995-02-10,3.244185354195389,3.27620034124337,3.212170367147408,3.265528678894043,2804800
1995-02-13,3.2441876814669413,3.2548593514717665,3.169485991433163,3.1801576614379883,4556000
1995-02-14,3.158814618285273,3.1694862892929936,3.0094112241771858,3.030754566192627,13580800
1995-02-15,3.0200822088453503,3.0734405517578125,2.956052197350396,3.0734405517578125,13719200
1995-02-16,3.073441250223509,3.073441250223509,3.030754566192627,3.030754566192627,5266400
1995-02-17,3.0307543825344987,3.0414260528955355,3.0094110418124247,3.020082712173462,2585600
1995-02-21,2.9880661549775493,3.0520961440127827,2.9347078307815218,2.9453794956207275,7689600
1995-02-22,2.956053278738992,3.052098331116793,2.9453816062525697,3.041426658630371,5244000
1995-02-23,3.06276883056007,3.11612717255589,3.030753825362578,3.0841121673583984,4021600
1995-02-24,3.094783460637003,3.094783460637003,3.0414251251087787,3.0627684593200684,1764000
1995-02-27,3.0734407424926755,3.084112411737442,2.966724050045013,2.988067388534546,3700000
1995-02-28,2.9667241670828326,2.9667241670828326,2.860007470425177,2.8706791400909424,8091200
1995-03-01,2.892022425157052,2.913365764088101,2.870679086226004,2.8813507556915283,6515200
1995-03-02,2.817320233653028,2.817320233653028,2.667916887929004,2.742618560791016,18964000
1995-03-03,2.7426194590191506,2.774634472159452,2.7212761169256168,2.753291130065918,6756000
1995-03-06,2.7532903623396825,2.7639620304107666,2.7159398497643523,2.7639620304107666,9535200
1995-03-07,2.7639620304107666,2.7639620304107666,2.7319470261975143,2.7639620304107666,4374400
1995-03-08,2.8066487026951026,2.8066487026951026,2.7426186942685984,2.7639620304107666,4347200
1995-03-09,2.774633407592773,2.795976741497333,2.7212750728313737,2.774633407592773,2980800
1995-03-10,2.785306143206219,2.817321156346521,2.7426194590191506,2.753291130065918,3876000
1995-03-13,2.7639627086393763,2.8386644034674675,2.7639627086393763,2.8173210620880127,3080800
1995-03-14,2.8279927327777403,2.8279927327777403,2.753291037949649,2.8173210620880127,8075200
1995-03-15,2.806649391398285,2.8173210620880127,2.7746343793291035,2.8173210620880127,5548800
1995-03-16,2.806648863486524,2.8279922008514404,2.795977194804065,2.8279922008514404,3450400
1995-03-17,2.838663001558674,2.8706779978168546,2.8279913361392808,2.860006332397461,5930400
1995-03-20,2.8493365776889465,2.9026949405670166,2.8493365776889465,2.9026949405670166,3279200
1995-03-21,2.913365840911865,2.9453808501526546,2.902694171164935,2.913365840911865,3553600
1995-03-22,2.8813491337490778,2.9347074510407274,2.8813491337490778,2.924035787582397,3996800
1995-03-23,2.9026928019434326,2.91336446665646,2.849334478378296,2.849334478378296,2726400
1995-03-24,2.8493355382163568,2.881350544263732,2.8279922008514404,2.8279922008514404,4385600
1995-03-27,2.849335800759411,2.881350809756708,2.795977452430584,2.8706791400909424,7612800
1995-03-28,2.870679086226004,2.892022425157052,2.8386640778294314,2.8813507556915283,4377600
1995-03-29,2.870679086226004,2.913365764088101,2.849335747294956,2.8813507556915283,5442400
1995-03-30,2.892020797207408,2.9347074510407274,2.860005806832418,2.924035787582397,5214400
1995-03-31,2.881349506585494,2.956051160459933,2.8493345120678777,2.9453794956207275,4150400
1995-04-03,2.966723041934567,3.052096366882324,2.956051376316097,3.052096366882324,7608800
1995-04-04,3.0307543825344987,3.0307543825344987,2.945381019646203,3.020082712173462,6787200
1995-04-05,3.0200821021273465,3.0200821021273465,2.9773954293057585,2.9987387657165527,2237600
1995-04-06,2.998739832191057,3.0200831761924167,2.950717633861581,2.9773964881896973,6446400
1995-04-07,2.956561294035478,2.9672348005121405,2.892520255175504,2.9352142810821533,4614400
1995-04-10,2.9138674097876565,2.9138674097876565,2.8391528608187424,2.87117338180542,6496000
1995-04-11,2.8284796327352524,2.860500156879425,2.721744552254677,2.7324180603027344,15100800
1995-04-12,2.7324180603027344,2.764438584446907,2.689724028110504,2.7324180603027344,8744800
1995-04-13,2.753765076398849,2.7751120924949646,2.7324180603027344,2.7324180603027344,3152000
1995-04-17,2.764437437057495,2.8284784587653906,2.74309042982153,2.764437437057495,7054400
1995-04-18,2.764438584446907,2.7751120924949646,2.721744552254677,2.7324180603027344,2890400
1995-04-19,2.73241748046875,2.743090986251831,2.62568242263794,2.668376445770264,7080000
1995-04-20,2.6470288028867226,2.7110698223114014,2.6470288028867226,2.7110698223114014,2280800
1995-04-21,2.711070727542102,2.711070727542102,2.6683767003367147,2.679050207138061,5755200
1995-04-24,2.679049493992223,2.679049493992223,2.4122118949890137,2.4122118949890137,17263200
1995-04-25,2.43355890290927,2.4655794147896555,2.3801913831086283,2.4122118949890137,20799200
1995-04-26,2.401538574107559,2.4442325932028046,2.369518059786125,2.3801915645599365,10489600
1995-04-27,2.412211223652488,2.465578728600552,2.348170217714812,2.433558225631714,16281600
1995-04-28,2.454906480136888,2.4762534930076434,2.4122124543953767,2.4655799865722656,8786400
1995-05-01,2.4442315907091707,2.4549050911052808,2.3588435875402918,2.3695170879364014,8082400
1995-05-02,2.36951800476421,2.41221202286807,2.337497491186316,2.3481709957122803,8514400
1995-05-03,2.36951800476421,2.36951800476421,2.262782959504561,2.3481709957122803,22073600
1995-05-04,2.326823835103017,2.3481708427645125,2.230762300626287,2.2627828121185303,10230400
1995-05-05,2.2841300785261702,2.294803583566012,2.2414360583668023,2.273456573486328,8196800
1995-05-08,2.284131102605697,2.358845671382519,2.273457592780437,2.3268251419067383,8428000
1995-05-09,2.390864556439445,2.529620088732805,2.3588440489871307,2.4869260787963867,12892000
1995-05-10,2.497599384632516,2.5296198895637025,2.486925882988788,2.508272886276245,6693600
1995-05-11,2.5082739077851364,2.5509679317474365,2.476253389813411,2.5509679317474365,3292800
1995-05-12,2.561641437738012,2.561641437738012,2.518947413775712,2.5509679317474365,7451200
1995-05-15,2.561641437738012,2.5936619557097367,2.518947413775712,2.5509679317474365,5704000
1995-05-16,2.550969037516364,2.5616425481335874,2.4549074419613546,2.476254463195801,10496000
1995-05-17,2.4762534595472845,2.4869269658384363,2.412212421800372,2.444232940673828,6072800
1995-05-18,2.444232940673828,2.465579953256132,2.422885928091524,2.444232940673828,3691200
1995-05-19,2.4335603587953005,2.4442338691408936,2.40153982775852,2.422886848449707,3274400
1995-05-22,2.401538391028885,2.454905910829527,2.3908648870687568,2.4122118949890137,6006400
1995-05-23,2.401538391028885,2.4122118949890137,2.3695178791485,2.4122118949890137,3766400
1995-05-24,2.4122120788813706,2.4122120788813706,2.337497545464691,2.3801915645599365,7095200
1995-05-25,2.36951800476421,2.36951800476421,2.3268239866603504,2.3481709957122803,3304000
1995-05-26,2.3481704349871038,2.3481704349871038,2.305476427078247,2.305476427078247,2484800
1995-05-30,2.305475926953693,2.3374964259391606,2.2841289276300474,2.29480242729187,4624000
1995-05-31,2.284131089663176,2.337498638487082,2.2734575798983947,2.3161516189575195,11898400
1995-06-01,2.305478122256218,2.358845671382519,2.2948046124309576,2.3268251419067383,9808800
1995-06-02,2.305478122256218,2.3695191812077794,2.2948046124309576,2.3268251419067383,10191200
1995-06-05,2.305476866035818,2.316150370045243,2.220088833960417,2.284129858016968,10303200
1995-06-06,2.2734575798983947,2.3268251287223007,2.2734575798983947,2.3161516189575195,9820800
1995-06-07,2.316151172603102,2.3801922188501923,2.2948041571874054,2.337498188018799,7062400
1995-06-08,2.369518566131592,2.422886101404826,2.3481715520222983,2.401539087295532,6554400
1995-06-09,2.390865425441576,2.4655799699866257,2.390865425441576,2.454906463623047,6069600
1995-06-12,2.433560420726908,2.4976014844302474,2.4228869101096846,2.476254463195801,8648000
1995-06-13,2.4655788797013303,2.5189463879199736,2.454905378057602,2.508272886276245,11024800
1995-06-14,2.4869260787963867,2.4975995812804914,2.444232068859968,2.4869260787963867,5416800
1995-06-15,2.4762534930076434,2.5189475187491546,2.4655799865722656,2.4655799865722656,6246400
1995-06-16,2.5402955268991407,2.5402955268991407,2.476254463195801,2.476254463195801,8023200
1995-06-19,2.4976004721295886,2.508273978420741,2.444232940673828,2.444232940673828,6472800
1995-06-20,2.36951929672174,2.4335603587953005,2.36951929672174,2.422886848449707,8083200
1995-06-21,2.433559434382676,2.465579953256132,2.412212421800372,2.444232940673828,8960000
1995-06-22,2.4549056311785167,2.518946647644043,2.4549056311785167,2.518946647644043,8221600
1995-06-23,2.497599642155534,2.518946647644043,2.476252636667025,2.518946647644043,4080000
1995-06-26,2.5296220162819174,2.5402955268991407,2.476254463195801,2.476254463195801,3876800
1995-06-27,2.486925730579778,2.4975992315693905,2.433558225631714,2.433558225631714,5468800
1995-06-28,2.4442329572594685,2.476253476350204,2.43355945089589,2.454906463623047,4344800
1995-06-29,2.476252636667025,2.561640658621061,2.465579133922771,2.518946647644043,6446400
1995-06-30,2.518947413775712,2.561641437738012,2.518947413775712,2.5509679317474365,3292000
1995-07-03,2.550967060489419,2.593661069869995,2.540293558144275,2.593661069869995,2091200
1995-07-05,2.6043356751638744,2.7003972369527056,2.5936621682984486,2.6897237300872803,8943200
1995-07-06,2.6897234591570767,2.817805528640747,2.6897234591570767,2.817805528640747,13721600
1995-07-07,2.839152458386544,2.9458875132131053,2.839152458386544,2.9138669967651367,19817600
1995-07-10,2.967233938957328,3.031274959222594,2.84982540180434,2.8604989051818848,11844000
1995-07-11,2.8604998748098605,2.935214423778775,2.849826367814301,2.87117338180542,5073600
1995-07-12,2.9138674097876565,2.9138674097876565,2.849826367814301,2.87117338180542,3699200
1995-07-13,2.885708659887314,3.131528286470308,2.875020850035879,3.0780892372131348,19972800
1995-07-14,3.046024369030464,3.110151197852158,3.003273149816001,3.0673999786376958,7411200
1995-07-17,3.0673999552960165,3.088775564740588,2.9712097127954444,3.0567121505737305,4020000
1995-07-18,3.035337312823761,3.0887763500213623,2.99258608306568,3.0887763500213623,9132800
1995-07-19,3.078086880275181,3.078086880275181,2.939145458596093,2.992584466934204,8670400
1995-07-20,2.971211688065614,3.0139629353759108,2.9284604407553174,2.9818994998931885,5131200
1995-07-21,2.9605232935685377,2.971211103292612,2.9070842449481678,2.917772054672241,7914400
1995-07-24,2.9284604407553174,2.9818994998931885,2.9177726289277435,2.9818994998931885,3881600
1995-07-25,3.035337997807397,3.088777047064569,3.024650187955962,3.0780892372131348,7681600
1995-07-26,3.078089291287452,3.1742795816401848,3.046025861169874,3.1101527214050293,5996800
1995-07-27,3.120838927573898,3.163590145759842,3.099463318480926,3.14221453666687,3187200
1995-07-28,3.14221453666687,3.1849657548528136,3.131526732120384,3.14221453666687,5057600
1995-07-31,3.1208394228401835,3.152902841567993,3.11015161659758,3.152902841567993,2152000
1995-08-01,3.142215387218964,3.152903194658484,3.0780885425818423,3.0887763500213623,2368000
1995-08-02,3.0994633694628737,3.142214588352017,3.046024345851445,3.0567121505737305,3532800
1995-08-03,2.9818990586915475,3.013962489430166,2.928460007460516,3.00327467918396,7298400
1995-08-04,3.0032731269623016,3.0673999552960165,2.9712097127954444,3.0567121505737305,7710400
1995-08-07,3.0674019945137814,3.0674019945137814,2.971211688065614,2.9818994998931885,2802400
1995-08-08,3.003274082704024,3.003274082704024,2.928459425839511,2.9391472339630127,4842400
1995-08-09,2.9605234381991345,3.00327467918396,2.9605234381991345,3.00327467918396,3422400
1995-08-10,2.992586314893371,3.013961931428324,2.949835081823466,2.9605228900909424,2656000
1995-08-11,2.9605228900909424,2.9605228900909424,2.853644807416179,2.9605228900909424,5138400
1995-08-14,2.971211550528543,3.078089663856908,2.971211550528543,3.0460262298583984,6937600
1995-08-15,3.024649060183558,3.099463701248169,3.024649060183558,3.099463701248169,6343200
1995-08-16,3.099463895013101,3.2384053799619643,3.088776088478573,3.1956541538238525,10555200
1995-08-17,3.174278281679089,3.195653893003528,3.16359047601687,3.1849660873413086,4215200
1995-08-18,3.195655161971288,3.238406401596322,3.163591732252512,3.2277185916900635,5239200
1995-08-21,3.217030745347341,3.238406364917755,3.18496731599172,3.206342935562134,3288000
1995-08-22,3.2063430486685585,3.2063430486685585,3.131528377532959,3.131528377532959,2324800
1995-08-23,3.1315277193633606,3.1315277193633606,3.0246496402042014,3.035337448120117,6379200
1995-08-24,3.056714041191235,3.110153097855417,3.035338418525562,3.0460262298583984,4157600
1995-08-25,3.056714041191235,3.067401852524072,3.035338418525562,3.0460262298583984,1600800
1995-08-28,3.024648008139237,3.0353358102881387,2.949833393096924,2.949833393096924,9709600
1995-08-29,2.960522106964223,2.960522106964223,2.9070830797627027,2.9284586906433105,5263200
1995-08-30,2.939148252582892,3.0139629353759108,2.939148252582892,2.9818994998931885,2527200
1995-08-31,2.928459732156051,2.928459732156051,2.810893830500151,2.8429572582244877,11204000
1995-09-01,2.8536441548546745,2.8750197665015262,2.832268543207823,2.8643319606781006,5872800
1995-09-05,2.885708495190269,2.8963963044317147,2.7788304027758146,2.8429572582244877,8100800
1995-09-06,2.8963970818927294,2.907084894003035,2.8589900656728022,2.875021457672119,6919200
1995-09-07,2.875020048353407,2.896395662095812,2.864332241482205,2.8857078552246094,3702400
1995-09-08,2.9070830797627027,2.9391464960836147,2.8643318580014863,2.9284586906433105,2829600
1995-09-11,2.917771942160103,2.9284597514720447,2.8429572769765104,2.853645086288452,2546400
1995-09-12,2.864332895600394,2.907084132848161,2.8108938490406854,2.853645086288452,3651200
1995-09-13,2.8536447477704696,2.8536447477704696,2.789517899505965,2.800205707550049,4884800
1995-09-14,2.7895177349330877,2.800205542346624,2.7040152756247937,2.71470308303833,11734400
1995-09-15,2.736078284593872,2.8002051193890405,2.714702672995482,2.7467660903930664,6472800
1995-09-18,2.74676688238122,2.8215815445472456,2.74676688238122,2.789518117904663,5165600
1995-09-19,2.768142500142942,2.789518117904663,2.74676688238122,2.789518117904663,11354400
1995-09-20,2.77883111484467,2.800206738805014,2.6612651830627803,2.693328619003296,9684000
1995-09-21,2.693327122424022,2.704014928465388,2.618512480134466,2.6612637042999268,5167200
1995-09-22,2.650576312367509,2.650576312367509,2.5971372738117124,2.6292006969451904,3012800
1995-09-25,2.629200393770948,2.661263813207179,2.597136974334717,2.597136974334717,2302400
1995-09-26,2.6719520489374795,2.6719520489374795,2.5330105423927307,2.5650739669799805,14568000
1995-09-27,2.5650735548984858,2.597136974334717,2.554385748419742,2.597136974334717,8526400
1995-09-28,2.60782519976298,2.6185130079587298,2.5330105423927307,2.5650739669799805,14287200
1995-09-29,2.5757617751757302,2.5971373915672302,2.5543861587842303,2.5650739669799805,9813600
1995-10-02,2.554386078301123,2.5650738861601234,2.49025923114712,2.522322654724121,8432800
1995-10-03,2.49025923114712,2.522322654724121,2.4368201918521173,2.522322654724121,10995200
1995-10-04,2.511634588241577,2.5330102017585268,2.500946781483102,2.511634588241577,7050400
1995-10-05,2.5009479193851867,2.5223235426277952,2.436821049657361,2.479572296142578,8623200
1995-10-06,2.479571423288119,2.543698270442122,2.4368201918521173,2.522322654724121,12476800
1995-10-09,2.5223235426277952,2.5223235426277952,2.468884484521274,2.479572296142578,5796800
1995-10-10,2.458195163492571,2.468882968551234,2.426131748316581,2.436819553375244,5702400
1995-10-11,2.447508408787936,2.511635266660109,2.447508408787936,2.4902596473693848,7463200
1995-10-12,2.4902589747246275,2.5330102017585268,2.4902589747246275,2.511634588241577,4206400
1995-10-13,2.51591666338313,2.5587407768024173,2.505210635028308,2.537328720092773,6705600
1995-10-16,2.526623259286512,2.537329290046201,2.4945051670074463,2.4945051670074463,2170400
1995-10-17,2.4623882663142576,2.5480365538382315,2.3660339428497865,2.376739978790283,12336800
1995-10-18,2.387445364679609,2.4088574307305475,2.387445364679609,2.398151397705078,4087200
1995-10-19,2.387444837225808,2.387444837225808,2.291090561283959,2.31250262260437,6300000
1995-10-20,2.312501987191133,2.312501987191133,2.280383904035701,2.301795959472656,13016800
1995-10-23,2.291090561283959,2.333914683924781,2.291090561283959,2.31250262260437,5260000
1995-10-24,2.3339156701531207,2.344621705337309,2.2803854942321777,2.2803854942321777,6630400
1995-10-25,2.2803854942321777,2.323209634968932,2.2589734238638,2.2803854942321777,14520800
1995-10-26,2.2803846237794407,2.312502717072109,2.258972561584329,2.2696785926818848,8908000
1995-10-27,2.2696785926818848,2.2910906548769967,2.2482665304867724,2.2696785926818848,3621600
1995-10-30,2.269678499963548,2.333914683924781,2.258972469303343,2.31250262260437,4504800
1995-10-31,2.31250262260437,2.366032775905397,2.3017965919441647,2.31250262260437,8573600
1995-11-01,2.398150519987123,2.45168066552255,2.387444490880038,2.419562578201294,6279200
1995-11-02,2.462386441923276,2.5908587780236205,2.451680413914914,2.580152750015259,10184000
1995-11-03,2.5801528275258256,2.6122709125157737,2.5480347425358776,2.601564884185791,5841600
1995-11-06,2.6122709125157737,2.6229769408457564,2.569446799195843,2.601564884185791,3845600
1995-11-07,2.622976946931348,2.622976946931348,2.537328720092773,2.537328720092773,3874400
1995-11-08,2.5480347425358776,2.601564884185791,2.537328714205895,2.601564884185791,3252000
1995-11-09,2.622978687286377,2.6443907582030004,2.612272651828065,2.622978687286377,4883200
1995-11-10,2.6122711460764814,2.633683204650879,2.6122711460764814,2.633683204650879,3368800
1995-11-13,2.6443907582030004,2.6443907582030004,2.612272651828065,2.622978687286377,2278400
1995-11-14,2.6229784277177624,2.6979206685096986,2.6122723933189143,2.655096530914306,3987200
1995-11-15,2.633682886115935,2.665800970092959,2.622976858123594,2.6443889141082764,2240800
1995-11-16,2.633683905544051,2.665802001953125,2.622977873407693,2.665802001953125,4048000
1995-11-17,2.6765077721838857,2.7300379276275635,2.6658017410951502,2.7300379276275635,5633600
1995-11-20,2.7193321626349145,2.7300381947712724,2.6550959698167667,2.665802001953125,3227200
1995-11-21,2.6550959698167667,2.687214066225841,2.6443899376804088,2.665802001953125,3336800
1995-11-22,2.6658020563951625,2.740744282880167,2.6658020563951625,2.719332218170166,6945600
1995-11-24,2.7300379276275635,2.740743958716299,2.719331896538828,2.7300379276275635,296000
1995-11-27,2.7300381386417083,2.815686393971644,2.7300381386417083,2.79427433013916,5907200
1995-11-28,2.794274018998312,2.794274018998312,2.7621559268259177,2.772861957550049,1814400
1995-11-29,2.772861711851513,2.8263918607289558,2.7086255331985822,2.8049798011779785,6991200
1995-11-30,2.783569078596812,2.7942751135144914,2.687214764337692,2.697920799255371,9546400
1995-12-01,2.6872149000362477,2.6872149000362477,2.5801545454531296,2.622978687286377,10956800
1995-12-04,2.633683204650879,2.655095263225276,2.6122711460764814,2.633683204650879,3674400
1995-12-05,2.6336838644604352,2.772862280062003,2.622977832491084,2.762156248092652,11183200
1995-12-06,2.772862266306676,2.804980362055402,2.772862266306676,2.79427433013916,6485600
1995-12-07,2.7835686383080387,2.7942746715323006,2.73003847218673,2.751450538635254,5696000
1995-12-08,2.7514502161233003,2.7835683120313544,2.7514502161233003,2.762156248092652,1945600
1995-12-11,2.7728628051598263,2.8156869411468506,2.7621567711630703,2.8156869411468506,2308800
1995-12-12,2.815685830953467,2.815685830953467,2.7621556820760245,2.8049798011779785,1710400
1995-12-13,2.794274344000706,2.794274344000706,2.7300381521845973,2.762156248092652,3875200
1995-12-14,2.762155608030466,2.7835676670074463,2.740743549053485,2.7835676670074463,3511200
1995-12-15,2.762156248092652,2.772862280062003,2.740744184153949,2.762156248092652,5320000
1995-12-18,2.7300380953686982,2.740744127115242,2.6979200001290664,2.7086260318756104,3780800
1995-12-19,2.730037592749559,2.815685830953467,2.687213473647605,2.8049798011779785,6836800
1995-12-20,2.826393637958512,2.9120419300178613,2.815687601451094,2.879923820495605,5572800
1995-12-21,2.8906288830672997,2.9548650804687946,2.8799228501670497,2.912040948867798,5047200
1995-12-22,2.901334295521921,2.912040326132703,2.869216203689575,2.869216203689575,1254400
1995-12-26,2.8692168508257185,2.8692168508257185,2.826392718723842,2.8478047847747803,1860800
1995-12-27,2.858511209487915,2.858511209487915,2.8370991405029864,2.858511209487915,2092000
1995-12-28,2.8478051749954507,2.890629312965307,2.8370991405029864,2.858511209487915,1461600
1995-12-29,2.837098111857229,2.869216203689575,2.826392081246447,2.869216203689575,1818400
1996-01-02,2.8799222245867404,2.901334285736084,2.8692161940120684,2.901334285736084,2511200
1996-01-03,2.901334429654208,2.9655706162886184,2.890628398548473,2.9441585540771484,6053600
1996-01-04,2.9548651319978902,2.9869832312587365,2.944159098910941,2.965571165084839,4649600
1996-01-05,2.9548656372796924,2.9548656372796924,2.697920799255371,2.697920799255371,17896800
1996-01-08,2.5480350700475403,2.6122712482840327,2.526623010635376,2.526623010635376,12894400
1996-01-09,2.5480346659901723,2.612270834040345,2.515916581965086,2.580152750015259,9778400
1996-01-10,2.569446720060755,2.612270832061768,2.548034664060249,2.612270832061768,6018400
1996-01-11,2.612272651828065,2.6336847227446887,2.601566616369753,2.622978687286377,6732800
1996-01-12,2.605820354027084,2.605820354027084,2.530755570166222,2.541479110717773,5184000
1996-01-15,2.53075467438257,2.573648821406004,2.53075467438257,2.552201747894287,4416000
1996-01-16,2.573648745588247,2.5843722820281982,2.5522016727083447,2.5843722820281982,4932800
1996-01-17,2.5629254165342297,2.573648953841904,2.509307729995857,2.530754804611206,4041600
1996-01-18,2.520032016367748,2.541479097358112,2.487861394882202,2.487861394882202,2884800
1996-01-19,2.466414313891838,2.5307555568629296,2.466414313891838,2.487861394882202,4419200
1996-01-22,2.4878622038751588,2.5093092918396,2.4556915719284973,2.5093092918396,3929600
1996-01-23,2.4985848487691675,2.552202549386532,2.487861308645695,2.5200319290161133,4896000
1996-01-24,2.5629263420899706,2.5843734244505563,2.5414792597293854,2.573649883270264,3492000
1996-01-25,2.573648953841904,2.573648953841904,2.530754804611206,2.530754804611206,2553600
1996-01-26,2.520031267303531,2.530754804611206,2.498584192688182,2.530754804611206,2725600
1996-01-29,2.530755570166222,2.584373272923981,2.530755570166222,2.541479110717773,978400
1996-01-30,2.562926204736568,2.6165439077645294,2.562926204736568,2.5950968265533447,3005600
1996-01-31,2.6058200123798416,2.680884786399014,2.595096473234246,2.670161247253418,4769600
1996-02-01,2.627267599105835,2.6487146815475158,2.573649893001634,2.627267599105835,10176000
1996-02-02,2.627265575981925,2.627265575981925,2.5843714441291588,2.605818510055542,2796000
1996-02-05,2.5950969754433144,2.6487146815475158,2.5629263517807943,2.627267599105835,3407200
1996-02-06,2.627267599105835,2.637991140326675,2.6058205166641546,2.627267599105835,3468800
1996-02-07,2.627267599105835,2.637991140326675,2.5950969754433144,2.627267599105835,4383200
1996-02-08,2.6272671916095383,2.702331968512668,2.6272671916095383,2.691608428955078,5040800
1996-02-09,2.680885076522827,2.713055697441101,2.648714455604553,2.680885076522827,4225600
1996-02-12,2.680884775265243,2.7666730880737305,2.680884775265243,2.7666730880737305,6095200
1996-02-13,2.755948762784059,2.820289979035827,2.7452252267420976,2.7988429069519043,9176000
1996-02-14,2.8310145975938483,2.8846322983058528,2.8202910574514477,2.873908758163452,4141600
1996-02-15,2.863184690475464,2.884631766808613,2.852461152308889,2.863184690475464,3417600
1996-02-16,2.884631496349364,2.884631496349364,2.7666725875767133,2.809566736221313,3697600
1996-02-20,2.777396281249821,2.809566894546151,2.734502130188048,2.745225667953491,2901600
1996-02-21,2.809567348773663,2.8524615067702075,2.7559496512779824,2.78812026977539,4851200
1996-02-22,2.8202902272895534,2.906078523176688,2.8095666903036616,2.895354986190796,3132800
1996-02-23,2.959696559345021,2.959696559345021,2.8524611767600563,2.916802406311035,5147200
1996-02-26,2.916802635488584,2.938249713690706,2.7559495489726697,2.7666730880737305,6633600
1996-02-27,2.777395985173244,2.777395985173244,2.648713545705758,2.734501838684082,6396000
1996-02-28,2.745225667953491,2.7881198190152645,2.745225667953491,2.745225667953491,2056800
1996-02-29,2.702332781207177,2.723779866772313,2.6594386100769043,2.6594386100769043,2856000
1996-03-01,2.713055054657161,2.7559492057189345,2.702331516891718,2.745225667953491,4120000
1996-03-04,2.8310149465288434,3.034762234347207,2.745226614815848,3.002591609954834,12100800
1996-03-05,2.970420837402344,3.0025914601900947,2.938250214614593,2.970420837402344,12649600
1996-03-06,2.970420985562461,3.0133151514189582,2.948973902634212,3.002591609954834,6680800
1996-03-07,2.970421912752349,3.109827995300293,2.970421912752349,3.109827995300293,12527200
1996-03-08,3.0025909978447234,3.088379312068858,2.981143919288689,3.024038076400757,5207200
1996-03-11,3.0025891617414384,3.0347597599029537,2.9811420963004283,3.034759759902954,4238400
1996-03-12,3.002590471315214,3.024037546110323,2.981143396520105,3.013314008712769,5307200
1996-03-13,3.013314008712769,3.034761083507877,2.981143396520105,3.013314008712769,1837600
1996-03-14,3.024036227182449,3.0562068253439643,3.0025891617414384,3.034759759902954,3975200
1996-03-15,3.0454851549567907,3.056208694234808,3.0133145371227403,3.024038076400757,4726400
1996-03-18,3.034760768144903,3.0454843044281006,3.013313695578508,3.0454843044281006,1660800
1996-03-19,3.088378745631168,3.088378745631168,3.024037521763852,3.0562081336975098,2921600
1996-03-20,3.034761083507877,3.034761083507877,2.9704198591225515,3.013314008712769,2270400
1996-03-21,2.9918672456973936,3.077655553817749,2.981143707182349,3.077655553817749,3708800
1996-03-22,3.077655605971813,3.088379144668579,3.024037912487984,3.088379144668579,2486400
1996-03-25,3.088378449560891,3.088378449560891,3.0454843044281006,3.0454843044281006,2888800
1996-03-26,3.0669313769944955,3.0669313769944955,3.0240372318617053,3.0454843044281006,3233600
1996-03-27,3.0454857758113314,3.077656400203705,3.002591609954834,3.002591609954834,2795200
1996-03-28,3.0025909978447234,3.056208694234808,3.0025909978447234,3.024038076400757,5439200
1996-03-29,3.0347604043000227,3.077654544290129,3.024036869302496,3.0669310092926025,4609600
1996-04-01,3.0669338160547714,3.109827995300293,3.034763181620631,3.109827995300293,5736800
1996-04-02,3.088378745631168,3.088378745631168,3.0347610590750715,3.0562081336975098,3511200
1996-04-03,3.01331609199787,3.109827995300293,2.9596983679409683,3.109827995300293,4852000
1996-04-04,3.024037521763852,3.0562081336975098,3.0025904471414133,3.0562081336975098,4092800
1996-04-08,3.0347610232574915,3.0347610232574915,2.906078577041626,2.906078577041626,4272000
1996-04-09,2.927525944569532,2.959696559345021,2.895355329794042,2.916802406311035,6454400
1996-04-10,2.906078843141763,2.906078843141763,2.83101407597574,2.863184690475464,5849600
1996-04-11,2.6204693476359053,2.6312089761098227,2.5238126913706465,2.5775108337402344,48796800
1996-04-12,2.5989891874645403,2.6526873111724854,2.5560306884981845,2.6526873111724854,21977600
1996-04-15,2.674167458088167,2.6956467147796386,2.6312089447052247,2.663427829742432,5136000
1996-04-16,2.6526875544967963,2.6526875544967963,2.598989425863258,2.609729051589966,7551200
1996-04-17,2.6097297191619875,2.6097297191619875,2.566771205266317,2.5775108337402344,7196000
1996-04-18,2.577511268325998,2.577511268325998,2.545292377471924,2.545292377471924,4033600
1996-04-19,2.556031576792399,2.5775108337402344,2.5452919483184817,2.5775108337402344,6519200
1996-04-22,2.588250462214152,2.6204693476359053,2.5775108337402344,2.5775108337402344,8572000
1996-04-23,2.566770548683135,2.620468677316673,2.566770548683135,2.609729051589966,7109600
1996-04-24,2.6204692194284487,2.6204692194284487,2.5667710796860623,2.598989963531494,3898400
1996-04-25,2.5882504313222823,2.684907086433902,2.5882504313222823,2.663427829742432,6344800
1996-04-26,2.6741673059241715,2.7708239555358887,2.6741673059241715,2.7708239555358887,8336000
1996-04-29,2.760084390640259,2.7708240186194035,2.7063862507445338,2.760084390640259,4027200
1996-04-30,2.7600849751800185,2.792303865940875,2.738605714672781,2.781564235687256,6347200
1996-05-01,2.781564819279001,2.8997007768545577,2.7708251867721327,2.8782215118408203,10352800
1996-05-02,2.878220232882241,2.878220232882241,2.738605072331983,2.7708239555358887,8715200
1996-05-03,2.770824605433637,2.824522756701731,2.7600849751800185,2.781564235687256,5887200
1996-05-06,2.760085172019899,2.770824803039432,2.727866278961301,2.749345541000366,4629600
1996-05-07,2.792303607491033,2.8352621245293563,2.792303607491033,2.8245224952697754,5603200
1996-05-08,2.8137828203348016,2.8137828203348016,2.7171261585675754,2.792303562164306,7416000
1996-05-09,2.7923030232104304,2.813782277235126,2.781563396198083,2.8030426502227783,3330400
1996-05-10,2.8137828660101945,2.856741383048518,2.803043236750613,2.8245224952697754,4234400
1996-05-13,2.835261932889322,2.867480818490337,2.8137826758219786,2.856741189956665,5615200
1996-05-14,2.8567411891082,3.0178356170654297,2.8460015605777182,3.0178356170654297,21291200
1996-05-15,3.050054353826186,3.050054353826186,2.899699561736163,2.9211788177490234,9565600
1996-05-16,2.91044017791748,2.9856175994873047,2.91044017791748,2.9533987045288086,2822400
1996-05-17,2.9533987045288086,2.974877967834473,2.9319194412231444,2.9533987045288086,2193600
1996-05-20,2.996356964111328,3.007096594807068,2.95339844132837,2.996356964111328,3968000
1996-05-21,2.9963562822008467,3.09301293646539,2.9856166539492306,3.071533679962158,7756000
1996-05-22,3.05005353626452,3.0607931613922124,3.0285742860091363,3.060793161392212,6304800
1996-05-23,3.05005407333374,3.093012581408863,3.0393144463149597,3.05005407333374,4876800
1996-05-24,3.0285738056747493,3.060792675947885,2.9748756885528564,2.9748756885528564,3641600
1996-05-28,3.0070955652586173,3.05005407333374,2.9856163112210554,3.05005407333374,2281600
1996-05-29,3.028575245595912,3.028575245595912,2.974877102943502,3.0178356170654297,2284800
1996-05-30,3.007094558825992,3.007094558825992,2.953396441704099,2.9748756885528564,2466400
1996-05-31,2.9963560852691207,3.007095712814888,2.8996994373572136,2.942657947540283,4536800
1996-06-03,2.921179948534284,3.007097005844116,2.899700684206826,3.007097005844116,4535200
1996-06-04,3.082273372014364,3.2218885421752934,3.071533743540446,3.221888542175293,20023200
1996-06-05,3.200409820002894,3.35076464376142,3.189670189734428,3.3292853832244877,17183200
1996-06-06,3.3507641329623685,3.3507641329623685,3.2541074752807617,3.2541074752807617,9356000
1996-06-07,3.232627391815185,3.254106643588044,3.1789292623830394,3.232627391815185,10295200
1996-06-10,3.221889402045578,3.2863271900864897,3.1896705080251224,3.275587558746338,4772000
1996-06-11,3.2863271900864897,3.3185460841069454,3.275587558746338,3.275587558746338,3992800
1996-06-12,3.2863287203239677,3.2970683566648957,3.157453084232831,3.1896719932556152,5947200
1996-06-13,3.1789305210113525,3.211149411427008,3.1359720004571447,3.1789305210113525,6624800
1996-06-14,3.1789290327260926,3.200408282947215,3.135970532283848,3.146710157394409,4947200
1996-06-17,3.1467114339272184,3.1574510633945465,3.093013286590576,3.093013286590576,2602400
1996-06-18,3.0715333273713017,3.114491835446425,3.05005407333374,3.05005407333374,2320800
1996-06-19,3.1574505632870817,3.189669446585929,3.125231679988234,3.1359713077545166,13065600
1996-06-20,3.1252298594318506,3.232626074532601,3.114490237921776,3.211146831512451,6266400
1996-06-21,3.22188747172453,3.2326270966302784,3.1467100973842905,3.157449722290039,4784000
1996-06-24,3.1681908908728005,3.200409781288456,3.114492740180041,3.1789305210113525,5125600
1996-06-25,3.200407210002376,3.2433656960426767,3.178927966982226,3.211146831512451,3684000
1996-06-26,3.20040958126386,3.205779723745006,3.093013286590576,3.093013286590576,1526400
1996-06-27,3.0930119728555487,3.168189347195788,3.0393138483268065,3.157449722290039,5983200
1996-06-28,3.168190140212696,3.168190140212696,3.103752374649048,3.103752374649048,3452800
1996-07-01,3.103752208427644,3.103752208427644,3.0285748192961788,3.05005407333374,4709600
1996-07-02,3.050054104045286,3.1681900024414062,3.039314476918366,3.1681900024414062,7188000
1996-07-03,3.1681927205737592,3.2111512659374712,3.125234175210047,3.1896719932556152,4699200
1996-07-05,3.168189970540329,3.168189970540329,3.05005407333374,3.05005407333374,3605600
1996-07-08,3.0607937974683472,3.0607937974683472,2.888959759715738,2.9104390144348145,6290400
1996-07-09,2.9426577005454964,2.996355833767129,2.9426577005454964,2.9856162071228027,4281600
1996-07-10,2.974877422270567,2.974877422270567,2.8997000144875567,2.9641377925872803,3814400
1996-07-11,2.9748778892715624,3.0070967833791964,2.824523050102602,2.888960838317871,8841600
1996-07-12,2.8782197880295084,2.9104386662537194,2.813782031581087,2.846000909805298,1896000
1996-07-15,2.8610591755972967,2.8610591755972967,2.6997212521613587,2.710477113723755,4640000
1996-07-16,2.678208839746169,2.742743992511137,2.4630916638629428,2.613673686981201,12151200
1996-07-17,2.667454367808063,2.861059926761874,2.65669850342174,2.8287923336029053,11827200
1996-07-18,2.8395472756267464,2.968617606337053,2.7857679711641183,2.947105884552002,7180800
1996-07-19,2.8718158326931853,2.9363510199447176,2.83954823906742,2.8825716972351074,3411200
1996-07-22,2.861061508591111,2.861061508591111,2.7857704162597656,2.7857704162597656,2276800
1996-07-23,2.785768144660526,2.796524006222921,2.710477113723755,2.710477113723755,1881600
1996-07-24,2.6459421262084715,2.667453850811792,2.538383503191867,2.656697988510132,9096000
1996-07-25,2.678210459771704,2.69972219037228,2.613675267969976,2.624431133270264,5536800
1996-07-26,2.635186263906811,2.6997214377167738,2.635186263906811,2.656697988510132,6738400
1996-07-29,2.656698421998457,2.7319894703951757,2.656698421998457,2.721233606338501,8230400
1996-07-30,2.710477514700456,2.839547872543335,2.68896578839331,2.839547872543335,5770400
1996-07-31,2.8072798252105717,2.82879154800912,2.7642563796134745,2.8072798252105717,4018400
1996-08-01,2.785768239903,2.8610592734138924,2.785768239903,2.8503034114837646,3358400
1996-08-02,2.990130424499512,2.990130424499512,2.941729360978976,2.990130424499512,4841600
1996-08-05,2.979373793898921,2.979373793898921,2.914838621467898,2.9363503456115723,2740800
1996-08-06,2.936350023659476,2.9578617454445277,2.925594162766951,2.947105884552002,3352800
1996-08-07,2.968618694826853,3.0331538838448284,2.968618694826853,2.990130424499512,6085600
1996-08-08,2.947106523113651,3.086932745013204,2.9040830702214806,3.076176881790161,6440800
1996-08-09,3.065423086436108,3.259028755053125,3.0546672159573847,3.194493532180786,17017600
1996-08-12,3.183734012996636,3.2482691619087296,3.162222296692604,3.237513303756714,9354400
1996-08-13,3.226757445604698,3.2482691619087296,3.2160015874526824,3.237513303756714,5914400
1996-08-14,3.140711819330851,3.269782168070475,3.1299559569358824,3.2267587184906006,16341600
1996-08-15,3.226758786384633,3.2697822368697618,3.216002923763351,3.2482705116271973,9139200
1996-08-16,3.2482705116271973,3.2590263742484797,3.1729794732782226,3.2482705116271973,8884000
1996-08-19,3.22675893802454,3.280538253658282,3.22675893802454,3.259026527404785,6623200
1996-08-20,3.20524901634938,3.21600488553176,3.162225539619858,3.183737277984619,4051200
1996-08-21,3.140712261199951,3.1729798529246085,3.1299563972917324,3.140712261199951,4050400
1996-08-22,3.1407112038653837,3.237513946450276,3.129955343578173,3.2160022258758545,2932800
1996-08-23,3.194490442470628,3.205246302546287,3.1622228622436523,3.1622228622436523,1848800
1996-08-26,3.172979940663498,3.172979940663498,3.1192006196353037,3.1299564838409424,1697600
1996-08-27,3.1299559569358824,3.248270443280538,3.1299559569358824,3.2267587184906006,5260000
1996-08-28,3.226757445604698,3.2697808782127606,3.226757445604698,3.237513303756714,5137600
1996-08-29,3.248269742848922,3.248269742848922,3.140711142092335,3.1622228622436523,4175200
1996-08-30,3.151466938038598,3.162222797895385,3.086931778897876,3.10844349861145,2021600
1996-09-03,2.9686180849870047,3.0976884365081787,2.9686180849870047,3.0976884365081787,3917600
1996-09-04,3.086932225146536,3.17297911643982,3.076176363734876,3.17297911643982,2613600
1996-09-05,3.205247061142069,3.291293962112326,3.1944911985207867,3.2482705116271973,10877600
1996-09-06,3.2375148293289726,3.3450734615325928,3.2375148293289726,3.3450734615325928,11024800
1996-09-09,3.334316395058617,3.4311191291087058,3.3235605357197184,3.409607410430908,9244800
1996-09-10,3.4096078153640508,3.4096078153640508,3.3773402335151794,3.3880960941314697,8492800
1996-09-11,3.355828735063661,3.4203639030456543,3.3450728737333284,3.4203639030456543,5116000
1996-09-12,3.409609648180597,3.495656579364965,3.409609648180597,3.484900712966919,11119200
1996-09-13,3.4956547497964863,3.6139692182511367,3.4633871674906724,3.4741430282592773,19005600
1996-09-16,3.506410040257539,3.581701053391903,3.495654181238344,3.5171658992767334,11052000
1996-09-17,3.527924178559104,3.527924178559104,3.4203655145786427,3.484900712966919,6540000
1996-09-18,3.4849007129669194,3.495656579364965,3.4418772473747348,3.484900712966919,7828800
1996-09-19,3.452632130276073,3.549434900283813,3.4311204036076863,3.549434900283813,4004800
1996-09-20,3.549435914280903,3.5709476470947266,3.484900715839432,3.5709476470947266,7332000
1996-09-23,3.5494338637752474,3.570945584161764,3.5279221433887304,3.560189723968506,5607200
1996-09-24,3.5709458111289014,3.613969254636479,3.549434089375113,3.5924575328826904,5502400
1996-09-25,3.581701053391903,3.581701053391903,3.506410040257539,3.5171658992767334,5936800
1996-09-26,3.5064124486532555,3.667750444756933,3.5064124486532555,3.5709476470947266,7053600
1996-09-27,3.560188449964933,3.560188449964933,3.506409168243408,3.506409168243408,3660000
1996-09-30,3.5171658992767334,3.6032127714302926,3.506410040257539,3.5171658992767334,2860800
1996-10-01,3.538677282193128,3.667747578200172,3.5279214241925407,3.656991720199585,6252000
1996-10-02,3.6892618773251593,3.72152947391984,3.613970818604238,3.6354825496673584,5004800
1996-10-03,3.667750444756933,3.667750444756933,3.5601917806878145,3.5709476470947266,2634400
1996-10-04,3.581703837993925,3.646239042282105,3.581703837993925,3.646239042282105,1375200
1996-10-07,3.646237235282785,3.646237235282785,3.603213787078858,3.6032137870788574,1476000
1996-10-08,3.5924597053752887,3.667750777044831,3.581703837993925,3.646239042282105,1710400
1996-10-09,3.613970301872076,3.726907202048498,3.613970301872076,3.700017213821411,7801600
1996-10-10,3.700017627916838,3.710773493114271,3.646238301929675,3.6785058975219727,5549600
1996-10-11,3.68926132718722,3.68926132718722,3.613970279693603,3.613970279693604,1603200
1996-10-14,3.613970818604238,3.6354825496673584,3.6032149530726776,3.6354825496673584,2698400
1996-10-15,3.629021346207821,3.629021346207821,3.51056664351261,3.5536410808563232,6428000
1996-10-16,3.553639267562726,3.553639267562726,3.4890276445161312,3.5213334560394287,2968000
1996-10-17,3.5213346035202586,3.564409032921118,3.478260174119399,3.510565996170044,4640000
1996-10-18,3.5213344419324724,3.618251903637036,3.4890286213642843,3.585946083068848,2004800
1996-10-21,3.57517829952818,3.585946908864108,3.5213352528485387,3.5536410808563232,983200
1996-10-22,3.553640441359761,3.564409048757821,3.4136485451849823,3.4567229747772217,2581600
1996-10-23,3.4351854669130764,3.510565712268536,3.4028796474750225,3.499797105789185,2665600
1996-10-24,3.510565712268536,3.5321029252272385,3.456722679871779,3.499797105789185,2638400
1996-10-25,3.489030441641808,3.5213362790644167,3.445955991744995,3.445955991744995,1603200
1996-10-28,3.435184572316423,3.4567217796663696,3.381341553941558,3.402878761291504,1682400
1996-10-29,3.4244165420532227,3.435185147531377,3.381342120140604,3.4244165420532227,3267200
1996-10-30,3.435187179323227,3.435187179323227,3.381344120086186,3.3921127319335938,4148000
1996-10-31,3.370574115592743,3.542871833961701,3.3382682933985635,3.4567229747772217,6483200
1996-11-01,3.4674910042021008,3.489028215408325,3.41364797618654,3.489028215408325,3672800
1996-11-04,3.478259609805213,3.489028215408325,3.435185187392765,3.489028215408325,2932000
1996-11-05,3.4890286213642843,3.585946083068848,3.4890286213642843,3.585946083068848,3964800
1996-11-06,3.564410608852288,3.7474770147450034,3.564410608852288,3.736708402633667,5352800
1996-11-07,3.661325249490859,3.672093853165832,3.241349706166907,3.402878761291504,32788800
1996-11-08,3.402878392222496,3.478258609771728,3.3921097897154624,3.4782586097717285,19744000
1996-11-11,3.4567244030180437,3.4567244030180437,3.381344120086186,3.3921127319335938,4951200
1996-11-12,3.381342234377001,3.381342234377001,3.2628875701153865,3.2844247817993164,8254400
1996-11-13,3.424416657744861,3.424416657744861,3.2628875701153865,3.2844247817993164,8318400
1996-11-14,3.33826723036828,3.392110250212929,3.2736556065547,3.31673002243042,6836800
1996-11-15,3.349036857485771,3.349036857485771,3.2628879994153976,3.2736566066741943,2878400
1996-11-18,3.284425243254631,3.338268280029297,3.262888028544765,3.338268280029297,2699200
1996-11-19,3.338268324493212,3.359805539489942,3.338268324493212,3.349036931991577,3146400
1996-11-20,3.338269397711298,3.392112452513093,3.338269397711298,3.3813438415527344,4335200
1996-11-21,3.39211292937398,3.53210489153862,3.39211292937398,3.445955991744995,6822400
1996-11-22,3.4567241182752477,3.4567241182752477,3.338269397711298,3.3813438415527344,4420000
1996-11-25,3.39211292937398,3.445955991744995,3.3813443168997765,3.445955991744995,4347200
1996-11-26,3.4244160214695363,3.532102059880528,3.4244160214695363,3.5213334560394287,5448800
1996-11-27,3.521333456039429,3.542870663721627,3.4997962483572307,3.5213334560394287,2776000
1996-11-29,3.5321029252272385,3.5321029252272385,3.499797105789184,3.499797105789185,612800
1996-12-02,3.499797105789184,3.553640138185941,3.478259892830481,3.499797105789185,2970400
1996-12-03,3.489027640044877,3.521333451526774,3.413647413253784,3.413647413253784,2936800
1996-12-04,3.413647364966477,3.435184572316423,3.381341553941558,3.402878761291504,2977600
1996-12-05,3.3167321757905803,3.3813438415527344,3.3167321757905803,3.3813438415527344,5260800
1996-12-06,3.338267704168448,3.3705735206604004,3.28442467668186,3.3705735206604004,3626400
1996-12-09,3.3705729502665847,3.413647364966477,3.3705729502665847,3.402878761291504,2991200
1996-12-10,3.402881343781002,3.4244185674758185,3.381344120086186,3.3921127319335938,2680800
1996-12-11,3.3705741469883077,3.3705741469883077,3.316731109496481,3.349036931991577,1196800
1996-12-12,3.3382682502269745,3.359805464744568,3.2413507848978043,3.2736566066741943,4922400
1996-12-13,3.273656175957352,3.3490364168511064,3.2413503584314567,3.2844247817993164,5903200
1996-12-16,3.2951927120621143,3.327498522964684,3.1552008648176453,3.187506675720215,5980800
1996-12-17,3.187505875144116,3.2198116779327397,3.1444314714259525,3.2198116779327397,5200000
1996-12-18,3.219813570380211,3.3059624284505844,3.209044963121414,3.2736566066741943,1252800
1996-12-19,3.252121132214864,3.252121132214864,3.198278067111969,3.230583906173706,1701600
1996-12-20,3.3598068917151727,3.3598068917151727,3.2628893852233887,3.2628893852233887,5256000
1996-12-23,3.27365653041236,3.27365653041236,3.1875076743488764,3.1982762813568115,1488800
1996-12-24,3.1982770390158533,3.209045648574829,3.1875084294568774,3.209045648574829,611200
1996-12-26,3.209043882988595,3.241349693891165,3.165969468451835,3.187506675720215,2196800
1996-12-27,3.1875076743488764,3.198276281356812,3.176739067340941,3.1982762813568115,2672000
1996-12-30,3.1982776310484287,3.1982776310484287,3.1767404079437256,3.1767404079437256,2163200
1996-12-31,3.165969903845536,3.1875071140757782,3.0582838526943275,3.069052457809448,2819200
1997-01-02,3.0905911386013027,3.0905911386013027,3.0152108669281006,3.0152108669281006,3975200
1997-01-03,3.025978803634644,3.101359058529457,2.993672980108295,3.025978803634644,7431200
1997-01-06,3.0044415042427555,3.0044415042427555,2.832143783569336,2.832143783569336,8895200
1997-01-07,2.9075240363639567,2.9075240363639567,2.7675321383168034,2.832143783569336,18088000
1997-01-08,2.84291298206036,2.8752188114019543,2.7998385429382324,2.7998385429382324,15100000
1997-01-09,2.810607208294815,2.885987478249082,2.810607208294815,2.8752188682556152,11678400
1997-01-10,2.864450888650228,3.122897585370549,2.864450888650228,3.112128973007202,11653600
1997-01-13,3.1228941657939147,3.1228941657939147,3.036745361220289,3.047513961791992,8680000
1997-01-14,3.0798197494794244,3.1444313526153564,3.069051148956769,3.1444313526153564,4016000
1997-01-15,3.1383938133716582,3.1383938133716582,3.0197603702545166,3.0197603702545166,5435200
1997-01-16,3.041329136098407,3.106038266653692,3.019759425913312,3.03054428100586,6224000
1997-01-17,3.030545228719711,3.0521149456501004,3.008975511789322,3.0197603702545166,4671200
1997-01-20,3.041330311702908,3.041330311702908,2.9766211561347604,2.987406015396118,6591200
1997-01-21,2.9981901950024543,3.0521144790852324,2.9981901950024543,3.0413296222686768,4308000
1997-01-22,3.0736837013760496,3.0736837013760496,3.008974570820764,3.03054428100586,3151200
1997-01-23,3.041330775651545,3.052115636558111,2.9226973056793213,2.9226973056793213,4592000
1997-01-24,2.922697522341072,2.922697522341072,2.814848905280516,2.836418628692627,8209600
1997-01-27,2.825633507294414,2.8364183680092783,2.7717092037200928,2.7717092037200928,10128800
1997-01-28,2.804063785864685,2.8364183680092783,2.760924343005229,2.7717092037200928,7418400
1997-01-29,2.793278450189635,2.804063309070676,2.7285692969033883,2.7824935913085938,5136000
1997-01-30,2.8040635898318627,2.879557609558105,2.8040635898318627,2.879557609558105,3894400
1997-01-31,2.8687722619974387,2.9119116945086785,2.857987403869629,2.857987403869629,9216800
1997-02-03,2.868771534977537,2.890341245766842,2.825632113398928,2.8472018241882324,5647200
1997-02-04,2.8472018241882324,2.8795563903721897,2.83641696879358,2.8472018241882324,2131200
1997-02-05,2.8687722231890707,2.890341939152898,2.793278217315674,2.793278217315674,5530400
1997-02-06,2.836417929570478,2.879557365761664,2.836417929570478,2.868772506713867,8440800
1997-02-07,2.868772506713867,2.911911942905053,2.8579876476660706,2.868772506713867,5298400
1997-02-10,2.890342937222905,2.890342937222905,2.836418628692627,2.836418628692627,4251200
1997-02-11,2.8472027614198883,2.8472027614198883,2.8148481845855717,2.8148481845855717,2756800
1997-02-12,2.814847971358389,2.857987403869629,2.814847971358389,2.857987403869629,5686400
1997-02-13,2.879557365761664,2.8903422248094603,2.8579876476660706,2.868772506713867,8740000
1997-02-14,2.8795583265930857,2.901128051885918,2.8472037386538376,2.890343189239502,7922400
1997-02-18,2.911911515423851,2.9550509452819824,2.86877208556572,2.9550509452819824,13556000
1997-02-19,2.96583671606224,2.976621576847921,2.8256335258483887,2.8256335258483887,7100800
1997-02-20,2.836417655761425,2.868772229781517,2.793278223734635,2.804063081741333,4836000
1997-02-21,2.8040631132305798,2.9011268363808687,2.8040631132305798,2.857987403869629,5541600
1997-02-24,2.9658358097076416,3.0413298121365635,2.9442660947279498,2.9658358097076416,14548800
1997-02-25,2.98740492347214,3.1383928979436555,2.98740492347214,3.1060383319854736,11989600
1997-02-26,3.2678119816236046,3.2678119816236046,3.13839368532168,3.2138876914978027,13208000
1997-02-27,3.2246724761736933,3.2246724761736933,3.095254182815552,3.095254182815552,6714400
1997-02-28,3.0952544498117,3.159963602072572,3.0952544498117,3.1491787433624268,2587200
1997-03-03,3.127609025942136,3.159963602072572,3.127609025942136,3.1491787433624268,2180800
1997-03-04,3.17074966267921,3.203104251073896,3.149179937082753,3.159964799880981,3723200
1997-03-05,3.170748980629523,3.2678127249345086,3.170748980629523,3.2570278644561768,7466400
1997-03-06,3.2785985493116345,3.364877458504046,3.2785985493116345,3.310953140258789,7780800
1997-03-07,3.3109502892989617,3.348697608695478,3.289380580573887,3.321735143661499,5933600
1997-03-10,3.300167544735627,3.3325221285075446,3.235458377191791,3.2462432384490967,3232000
1997-03-11,3.246243467234602,3.257028329251993,3.203104019165039,3.203104019165039,3338400
1997-03-12,3.2138874385807963,3.246242010110133,3.170748009875014,3.1923177242279053,5258400
1997-03-13,3.192318932162567,3.2570280997064027,3.165357108147148,3.2462432384490967,4121600
1997-03-14,3.332520982393852,3.364875555038452,3.321736124845652,3.364875555038452,6187200
1997-03-17,3.3540904052921983,3.3540904052921983,3.2246721259883198,3.289381265640259,3030400
1997-03-18,3.3001654349364244,3.3325199980240368,3.3001654349364244,3.321735143661499,2412800
1997-03-19,3.310950978857572,3.332520692074885,3.278596409031602,3.289381265640259,1990400
1997-03-20,3.2893824616288825,3.321737043218675,3.267812740569021,3.300167322158813,2301600
1997-03-21,3.332520982393852,3.364875555038452,3.289381552201051,3.364875555038452,2949600
1997-03-24,3.364875588883361,3.418799877166748,3.364875588883361,3.418799877166748,4494400
1997-03-25,3.4403695924801028,3.4727241654501357,3.4080150195100707,3.418799877166748,8334400
1997-03-26,3.429583687286873,3.44036854164941,3.321735143661499,3.321735143661499,4528000
1997-03-27,3.3217348047722144,3.3433045112967097,3.21388627214974,3.2246711254119877,3880800
1997-03-31,3.21388627214974,3.235455978674235,3.138392299314008,3.2246711254119877,5197600
1997-04-01,3.213888876316911,3.246243462320101,3.170749428312657,3.1815342903137207,3209600
1997-04-02,3.181533570192298,3.21388814887222,3.1707487106323247,3.170748710632324,3956800
1997-04-03,3.1707487106323247,3.203103289312246,3.1599638510723507,3.170748710632324,3481600
1997-04-04,3.1599620058385027,3.224671125411988,3.1491771525762555,3.2246711254119877,3064000
1997-04-07,3.235458158979229,3.300167322158813,3.2138884379193677,3.300167322158813,3567200
1997-04-08,3.300167572882868,3.3433070182800293,3.278597850184287,3.3433070182800293,4324000
1997-04-09,3.3648762839181083,3.40801572345552,3.3648762839181083,3.397230863571167,2776000
1997-04-10,3.3972320494512003,3.440371504047406,3.300168276609737,3.310953140258789,4206400
1997-04-11,3.2785973062320632,3.289382165792037,3.1707487106323247,3.170748710632324,4668800
1997-04-14,3.1646994614601134,3.2403066158294678,3.1538984394073486,3.240306615829468,5031200
1997-04-15,3.261909142281245,3.3483173314807484,3.261909142281245,3.3375163078308105,3952000
1997-04-16,3.348317912920495,3.359118938446045,3.315914836343845,3.359118938446045,2880800
1997-04-17,3.3591193931047307,3.3591193931047307,3.2511091232299805,3.2511091232299805,3964800
1997-04-18,3.261910150217456,3.2727111772049304,3.2403080962425057,3.2511091232299805,3293600
1997-04-21,3.251109111953426,3.2835121928034603,3.1863029502533577,3.197103977203369,3099200
1997-04-22,3.1971040764111,3.229507158266618,3.1538999672704096,3.2187061309814453,4283200
1997-04-23,3.229506628280537,3.2619097048184686,3.207904577255249,3.207904577255249,3112000
1997-04-24,3.207904577255249,3.229506628280537,3.191703368607423,3.207904577255249,4269600
1997-04-25,3.175501772974945,3.197103825852325,3.1214966407814937,3.164700746536255,3728000
1997-04-28,3.164700559207372,3.2187056882040843,3.153899533408029,3.175501585006714,3075200
1997-04-29,3.2187049680023696,3.272710084915161,3.2187049680023696,3.272710084915161,3144800
1997-04-30,3.240308008695904,3.3591193023480868,3.240308008695904,3.283512115478516,7945600
1997-05-01,3.2835117558437568,3.2835117558437568,3.1863025262299614,3.207904577255249,3127200
1997-05-02,3.2295055937767025,3.2619086599349973,3.2187045717239378,3.240306615829468,2184000
1997-05-05,3.2619097087160958,3.402323040548245,3.2511086831905454,3.359118938446045,3160800
1997-05-06,3.3591184351179337,3.3591184351179337,3.305113315582276,3.3051133155822754,2787200
1997-05-07,3.315915195565475,3.337517248956781,3.1863028752176388,3.283512115478516,3036000
1997-05-08,3.1971030250924537,3.2943122386932377,3.186302001359033,3.2943122386932373,6357600
1997-05-09,3.305114701486403,3.3483188152313232,3.294313673050173,3.3483188152313232,4045600
1997-05-12,3.348317912920495,3.3699199639715958,3.337516887394945,3.359118938446045,2952000
1997-05-13,3.369919807879956,3.391521857930468,3.3267157077789307,3.3267157077789307,4690400
1997-05-14,3.3375163873036704,3.348317411210802,3.305113315582276,3.3051133155822754,1927200
1997-05-15,3.315914260530935,3.3375163078308105,3.294312213231059,3.3375163078308105,2336000
1997-05-16,3.3375159937601824,3.391521106927823,3.3375159937601824,3.3699190616607666,3562400
1997-05-19,3.391522928976244,3.4023239574124737,3.326716758358863,3.3483188152313232,3104000
1997-05-20,3.3483188152313232,3.391522928976244,3.337517786795093,3.3483188152313232,6264800
1997-05-21,3.3483180146628677,3.391522118077872,3.326715962955365,3.380721092224121,14621600
1997-05-22,3.3699208721037834,3.3699208721037834,3.337517786795093,3.3483188152313232,2537600
1997-05-23,3.359118039027239,3.380720084294295,3.3483170163937106,3.3699190616607666,2935200
1997-05-27,3.3699190616607666,3.3699190616607666,3.3375159937601824,3.3699190616607666,3324000
1997-05-28,3.359118039027239,3.380720084294295,3.3483170163937106,3.3699190616607666,2456000
1997-05-29,3.369919931320917,3.413124033004519,3.337516855058216,3.402323007583618,4343200
1997-05-30,3.3483178804791165,3.413124033004519,3.337516855058216,3.402323007583618,3482400
1997-06-02,3.4239250584254197,3.44552710926722,3.391521982162718,3.402323007583618,4204800
1997-06-03,3.3807217523407083,3.3915227803034584,3.315915584564209,3.315915584564209,6208000
1997-06-04,3.315914339489407,3.3267153633965387,3.2835112677680125,3.3051133155822754,4497600
1997-06-05,3.283511054436892,3.305113100847661,3.2511079848207385,3.261909008026123,9918400
1997-06-06,3.26191006208721,3.305114168869822,3.26191006208721,3.283512115478516,5052000
1997-06-09,3.2835112677680125,3.332116204971196,3.2835112677680125,3.3051133155822754,4978400
1997-06-10,3.315914260530935,3.3591183551306862,3.2835111895811213,3.3375163078308105,3140800
1997-06-11,3.337516732804187,3.348317757829443,3.3159146827536743,3.3267157077789307,3079200
1997-06-12,3.326716758358863,3.3699208721037834,3.315915729922633,3.3483188152313232,4156800
1997-06-13,3.3591190405166187,3.402323143931623,3.3483180146628677,3.380721092224121,4339200
1997-06-16,3.3915205420371506,3.445525646209717,3.380719521202637,3.445525646209717,4294400
1997-06-17,3.434727042721164,3.434727042721164,3.337517786795093,3.3483188152313232,2864800
1997-06-18,3.348317757829443,3.348317757829443,3.3159146827536743,3.3267157077789307,4028000
1997-06-19,3.3267153633965387,3.348317411210802,3.305113315582276,3.3051133155822754,5923200
1997-06-20,3.32671514725843,3.3375161704638145,3.2511079848207385,3.261909008026123,10180000
1997-06-23,3.261908527889054,3.261908527889054,3.1214952468872075,3.121495246887207,5308000
1997-06-24,3.1538982232419994,3.19710230849189,3.1538982232419994,3.191702127456665,11645600
1997-06-25,3.1863025262299614,3.234907470657999,3.1863025262299614,3.207904577255249,9884000
1997-06-26,3.240306024984816,3.27810992489728,3.207902964734968,3.213303804397583,8421600
1997-06-27,3.240307911704102,3.28351201719349,3.240307911704102,3.256509780883789,5396800
1997-06-30,3.2619097048184686,3.272710730331113,3.207904577255249,3.207904577255249,5576800
1997-07-01,3.2187045717239378,3.272709681987762,3.2187045717239378,3.240306615829468,3418400
1997-07-02,3.234907824969253,3.283512115478516,3.2295069820002507,3.283512115478516,3594400
1997-07-03,3.3051127846766093,3.3591178955373384,3.2889115810394287,3.2889115810394287,2856000
1997-07-07,3.326716758358863,3.3861227443793576,3.3213165737619774,3.3483188152313232,6172800
1997-07-08,3.3375153540004088,3.359117395126625,3.283510251184868,3.332115173339844,4864000
1997-07-09,3.3375157211561866,3.364518605155498,3.2943116341509286,3.310513496398926,7721600
1997-07-10,3.0674910851887294,3.0674910851887294,2.92707776086671,3.024286985397339,34515200
1997-07-11,3.02968727300214,3.056689500808716,3.0134854089244936,3.056689500808716,12034400
1997-07-14,3.051290542645442,3.0674917539783597,2.9108771877098136,2.9540812969207764,18328800
1997-07-15,2.985887460041568,3.018342758520281,2.9750690272153304,2.991297006607056,12216800
1997-07-16,2.9967045188339774,3.1102983415773746,2.9967045188339774,3.099479913711548,29712800
1997-07-17,3.0994801116422157,3.110298540198899,3.0724337100982666,3.0724337100982666,13036800
1997-07-18,3.094071271297499,3.115708133334545,3.0832528402789765,3.088662385940552,12796000
1997-07-21,3.104888152045393,3.104888152045393,3.056205566921569,3.067023992538452,7804000
1997-07-22,3.067023276483123,3.099478545756467,3.0616137347854933,3.094069004058838,7295200
1997-07-23,3.1373443603515625,3.1373443603515625,3.0940706450363686,3.1373443603515625,7532800
1997-07-24,3.169799422948939,3.2238915632722995,3.142753682939482,3.207664251327514,10536800
1997-07-25,3.213074337567449,3.283394476454437,3.202255905454427,3.2617576122283936,10187200
1997-07-28,3.277982900790013,3.2888013262051614,3.240118741989136,3.240118741989136,6414400
1997-07-29,3.218483275655494,3.234710590606587,3.14816315005524,3.21307373046875,8584800
1997-07-30,3.223892108814137,3.245528968604836,3.15898152944204,3.202255249023437,7099200
1997-07-31,3.191437539072132,3.256348133087158,3.186028653056567,3.256348133087158,7560800
1997-08-01,3.245528968604836,3.256347398500185,3.1481630995466903,3.202255249023437,13079200
1997-08-04,3.1914369211900957,3.240120187428336,3.186028036221724,3.2238922119140625,16359200
1997-08-05,3.20766305053812,3.2509367465972905,3.2022535083786234,3.25093674659729,7043200
1997-08-06,3.2509381097651278,3.2833933954185004,3.2238917082350778,3.267165422439575,5572800
1997-08-07,3.2779838509907,3.2833933954185004,3.2509381097651278,3.267165422439575,6321600
1997-08-08,3.245527881109518,3.2617558506672344,3.1860268667746787,3.196845293045044,7261600
1997-08-11,3.2184832240187413,3.229301653914091,3.15898152944204,3.202255249023437,2972800
1997-08-12,3.20225483947082,3.223891696494272,3.1860275268554688,3.1860275268554688,7517600
1997-08-13,3.207664342652917,3.207664342652917,3.1589810848236084,3.1589810848236084,7889600
1997-08-14,3.164389377578149,3.202253531754222,3.1319341052968563,3.1481614112854004,3229600
1997-08-15,3.1589815799027594,3.18061844003908,3.126526289698279,3.131935834884644,4572800
1997-08-18,3.1319354510359854,3.1319354510359854,2.996704761605514,3.083252191543579,7541600
1997-08-19,3.094069976333185,3.0994795197306986,2.991295254823944,3.0507962703704834,21610400
1997-08-20,3.029160010257808,3.045387983322144,3.002114268889889,3.045387983322144,7999200
1997-08-21,3.023750607982465,3.050796344716062,2.9858857841901885,3.018341064453125,9044800
1997-08-22,2.9642491233120487,3.0129323770222984,2.942612268397362,2.980477094650269,5333600
1997-08-25,2.9804773597783534,3.0453879302965268,2.9804773597783534,3.034569501876831,5180800
1997-08-26,3.039978690658297,3.039978690658297,3.002114517546137,3.029160261154175,5975200
1997-08-27,3.012932256247159,3.0453875373182,2.9858858585357666,2.9858858585357666,8071200
1997-08-28,2.942613728736618,3.012933872259531,2.937204842475868,2.991297006607056,7476800
1997-08-29,2.980478573780818,3.034570737912006,2.9750690272153304,2.991297006607056,5565600
1997-09-02,3.0075233210101984,3.061615467071533,3.002114436556324,3.061615467071533,3843200
1997-09-03,3.088661630553398,3.2022547983143426,3.088661630553398,3.1589810848236084,17044800
1997-09-04,3.180618168248329,3.202255026535733,3.158981309960926,3.175209283828736,6700000
1997-09-05,3.180616490084456,3.240118149132676,3.180616490084456,3.2184813022613525,7609600
1997-09-08,3.2455291402967354,3.31043972310267,3.240120255215204,3.2888028621673584,7984000
1997-09-09,3.2996201515197754,3.305029695035105,3.261755988129928,3.2996201515197754,4545600
1997-09-10,3.299620250170666,3.364530812469105,3.2942113667979886,3.337485074996948,9170400
1997-09-11,3.3320756498663946,3.3483036211705457,3.305029911432021,3.3428940773010254,6199200
1997-09-12,3.342894798307121,3.4240333517192783,3.342894798307121,3.413214921951294,6332000
1997-09-15,3.418619857387039,3.434847813444252,3.3753461883061906,3.3915741443634038,4016800
1997-09-16,3.4078047164816025,3.4348511158122395,3.402395832798129,3.424032688140869,4003200
1997-09-17,3.4294422364509947,3.4456702112552464,3.4023964921833096,3.413214921951294,3396000
1997-09-18,3.413215711804469,3.4889447377048324,3.413215711804469,3.4618983268737797,8734400
1997-09-19,3.4618966033839884,3.488943000750113,3.451078176498413,3.451078176498413,4297600
1997-09-22,3.467306017881248,3.472714900970459,3.4456691649156994,3.472714900970459,3177600
1997-09-23,3.451078351647337,3.451078351647337,3.326666766301283,3.3428940773010254,7089600
1997-09-24,3.321257799767988,3.396986804974424,3.321257799767988,3.3645315170288086,5261600
1997-09-25,3.369941144799077,3.369941144799077,3.3104394519483886,3.33207631111145,3388800
1997-09-26,3.33207631111145,3.3591227152175467,3.294212137728363,3.33207631111145,5516800
1997-09-29,3.342893104071873,3.440258922637073,3.33748422208147,3.429440498352051,5343200
1997-09-30,3.424033208414699,3.424033208414699,3.2942120566322366,3.3645315170288086,5621600
1997-10-01,3.3591229404234086,3.380759801037071,3.332076534504038,3.348304510116577,2084000
1997-10-02,3.3428942377750688,3.3807590657661653,3.305030070088413,3.375349521636963,4030400
1997-10-03,3.391576414682688,3.434850112730925,3.3212563252021874,3.3699395656585693,7380800
1997-10-06,3.3753491843272454,3.3753491843272454,3.2942113129331045,3.326666593551636,3995200
1997-10-07,3.3266674264729548,3.348304285636016,3.294212137728363,3.33207631111145,4116000
1997-10-08,3.3158484934044425,3.332075805160472,3.229301069893781,3.2779836654663086,7119200
1997-10-09,3.375350439095799,3.4727163171466398,3.364532008201261,3.41862416267395,13325600
1997-10-10,3.424034144075949,3.4889447377048324,3.3861693009734157,3.4618983268737797,9776000
1997-10-13,3.4456700301184298,3.505171060562134,3.4402604853665384,3.505171060562134,5330400
1997-10-14,3.5051710760805026,3.678265944035096,3.499762191609181,3.656629085540772,10940800
1997-10-15,3.63431338576785,3.672226902258807,3.618064263582423,3.6559784412384033,5676000
1997-10-16,3.655977624520728,3.726388708488213,3.655977624520728,3.720972776412964,7010400
1997-10-17,3.69930792486787,3.7263889090312814,3.672226279539548,3.715556383132935,8424800
1997-10-20,3.720973892518297,3.720973892518297,3.6776437782599474,3.693892240524292,4278400
1997-10-21,3.6830606108362014,3.813050985336304,3.6830606108362014,3.813050985336304,8569600
1997-10-22,3.791386369449709,3.791386369449709,3.753472836337868,3.775137901306152,4588000
1997-10-23,3.753469944000244,3.791383447896811,3.7047232548020266,3.753469944000244,3120000
1997-10-24,3.780553836965567,3.840133096211004,3.7588887719972823,3.775137901306152,3988000
1997-10-27,3.758888258785009,3.758888258785009,3.460993986726157,3.466409921646118,4955200
1997-10-28,3.42307931164631,3.580151319503784,3.3959983185607867,3.580151319503784,10736000
1997-10-29,3.59639987551922,3.683060113483538,3.59639987551922,3.6343140602111816,3512800
1997-10-30,3.601815245774599,3.715556438829785,3.590982719713871,3.612647771835327,2197600
1997-10-31,3.639730401941248,3.655979528961096,3.5909843432121447,3.607232809066773,3519200
1997-11-03,3.661393983361711,3.699308156967163,3.601815417765224,3.699308156967163,4353600
1997-11-04,3.688477039337158,3.6993095700530314,3.655979447189541,3.688477039337158,4040800
1997-11-05,3.710143293696549,3.7209758278954217,3.6722290934177866,3.704726696014404,3844000
1997-11-06,3.688476065376853,3.693891998722082,3.618064303733653,3.6776435375213614,4344000
1997-11-07,3.6559787211307726,3.693892240524292,3.634313664001598,3.693892240524292,1956000
1997-11-10,3.715557517053555,3.715557517053555,3.6613948710323663,3.666811466217041,3522400
1997-11-11,3.758888049494652,3.775137175680248,3.6234817500522216,3.639730215072632,3381600
1997-11-12,3.618064402072112,3.73180627822876,3.601815940429762,3.73180627822876,7122400
1997-11-13,3.769719661810459,3.856379883921045,3.769719661810459,3.8022172451019287,8629600
1997-11-14,3.780553293087944,3.888878602345478,3.775137358207676,3.88346266746521,7404000
1997-11-17,3.899710157025126,4.170523362374093,3.899710157025126,4.132609844207764,15482400
1997-11-18,4.073029696941376,4.235517583787441,4.073029696941376,4.159689903259277,10990400
1997-11-19,4.165109811445557,4.235520954531525,4.132612208213858,4.138028144836426,5815200
1997-11-20,4.0513672335250135,4.1705250933345726,4.0513672335250135,4.165109157562256,10404000
1997-11-21,4.159689158808554,4.2463493496170654,4.154273227465414,4.240933418273926,6049600
1997-11-24,4.197604955431139,4.197604955431139,4.10552813630355,4.116360664367676,3136800
1997-11-25,4.105529947076889,4.110946544080502,4.029702217183648,4.051367282867432,2971200
1997-11-26,4.062199011976882,4.089280669305997,3.9701228316213415,3.9809553623199454,2428000
1997-11-28,3.9809553623199454,3.997203827785252,3.964706235689437,3.9809553623199454,1642400
1997-12-01,3.997202816463653,4.094695568084717,3.9809543551093274,4.094695568084717,4706400
1997-12-02,4.159691931536894,4.25718471118229,4.154275996583652,4.219271183013916,10056000
1997-12-03,4.138024545404229,4.159689595380167,4.051364345500475,4.12719202041626,7096800
1997-12-04,4.127194087765642,4.2192709268679405,4.094696496523393,4.208438396453857,8437600
1997-12-05,4.18135461390671,4.18135461390671,4.073029364841769,4.10011100769043,4063200
1997-12-08,4.1001140112386105,4.1001140112386105,3.980956149977804,4.051367282867432,4576000
1997-12-09,4.051366515558042,4.051366515558042,3.997203861606732,4.018868923187256,1867200
1997-12-10,4.002620423717157,4.018868889182462,3.975538766388042,3.9809553623199454,3116000
1997-12-11,3.948458671569824,3.975539673915728,3.888879408544269,3.948458671569824,2506400
1997-12-12,3.9809538236599513,4.018867335868691,3.9051261380775233,3.926791191101074,1928000
1997-12-15,3.9647046442954768,4.035116396156417,3.9430395915944088,4.029699802398682,2605600
1997-12-16,4.029701049804688,4.073031168619791,4.018868520100911,4.062198638916016,2939200
1997-12-17,4.094697524988426,4.159692723797766,4.024286390194317,4.1109466552734375,2792800
1997-12-18,4.116362479918781,4.116362479918781,4.018869684341757,4.051367282867432,1422400
1997-12-19,3.932209040583202,4.116362081051286,3.878046381622001,4.08928108215332,4438400
1997-12-22,4.078449617996296,4.078449617996296,3.948459202461202,3.991789340972901,2243200
1997-12-23,3.9863700866699214,4.029700196307639,3.9863700866699214,3.986370086669922,2201600
1997-12-24,4.008035478718893,4.018868007039756,3.894294261932373,3.894294261932373,1828000
1997-12-26,3.888879408544269,3.953874607572863,3.888879408544269,3.948458671569824,1211200
1997-12-29,3.97012093631998,4.040532021664669,3.937623359738227,3.997201919555664,3336000
1997-12-30,4.024283333344971,4.105526939561251,3.921374016150852,4.10011100769043,2724800
1997-12-31,4.1163607213043,4.159690834160134,4.110944787779847,4.132609844207764,3380800
1998-01-02,4.127195808692469,4.132612406740676,4.05136806417581,4.105530738830566,2535200
1998-01-05,4.121778901958683,4.148859902331194,4.073032175656733,4.07844877243042,2972800
1998-01-06,4.056782704646699,4.132610412573131,4.051366109212239,4.062198638916016,4752000
1998-01-07,4.029699691959558,4.040532218013213,3.959288603193262,3.975537061691284,3755200
1998-01-08,3.9809538236599513,3.986369756333365,3.8780444912156105,3.926791191101074,9238400
1998-01-09,3.937624705720556,3.9538731689831352,3.764304238039104,3.823882818222046,6803200
1998-01-12,3.769720860502937,3.813050985336304,3.7426398630647,3.813050985336304,4814400
1998-01-13,3.81305066898589,3.92679256781948,3.780553078057033,3.910543441772461,6530400
1998-01-14,3.909890454854623,3.9803874492645264,3.8719300255788447,3.9803874492645264,2796800
1998-01-15,3.9749679753455696,3.980390519727001,3.904470264582344,3.926161766052246,2866400
1998-01-16,3.964123833796567,4.067158176618045,3.947854870103915,4.0617356300354,4572800
1998-01-20,4.056308168125903,4.132228374481201,4.056308168125903,4.132228374481201,4119200
1998-01-21,4.0996914507514814,4.15392017364502,4.045462727857943,4.15392017364502,2860800
1998-01-22,4.132230358765255,4.18645910363094,4.094270568345266,4.170190811157227,4505600
1998-01-23,4.170189353372335,4.294915091976692,4.170189353372335,4.235263824462891,9362400
1998-01-26,4.235265811133499,4.349145857974737,4.2189968547435726,4.294917106628418,7089600
1998-01-27,4.273225589654047,4.3816830919295295,4.273225589654047,4.343723297119141,12258400
1998-01-28,4.338300180195017,4.354569136856786,4.311186135054836,4.3328776359558105,9150400
1998-01-29,4.338297595457167,4.473869726301043,4.316606107479881,4.370834827423096,7400800
1998-01-30,4.370837461835112,4.42506621446334,4.338300210258176,4.387106418609619,4436800
1998-02-02,4.419645057165288,4.576908158153618,4.419645057165288,4.56063985824585,4043200
1998-02-03,4.544370218562858,4.549793425704754,4.490141457004829,4.528101921081543,1778400
1998-02-04,4.517254184258649,4.555213969686757,4.473871194071156,4.490139484405518,4208000
1998-02-05,4.544369643972266,4.739593160897089,4.538947099488183,4.712479114532471,6890400
1998-02-06,4.707054608766416,4.755860805511475,4.674517364927016,4.755860805511475,5132800
1998-02-09,4.766707080070052,4.858895616813781,4.755861330925379,4.761283874511719,4891200
1998-02-10,4.772131031324107,4.858897050075455,4.745016981450405,4.810091495513916,4079200
1998-02-11,4.782974629280462,4.793820376739148,4.5552139326480585,4.674517154693604,5612000
1998-02-12,4.674517487302905,4.929392901703302,4.658249195943273,4.9185471534729,7397600
1998-02-13,4.896857785172105,4.96735484832156,4.804668554162557,4.902280330657959,3665600
1998-02-17,4.90227877667972,4.913124526185649,4.820935986371263,4.858895778656006,3554400
1998-02-18,4.858896936387023,4.929394655959081,4.815513928026424,4.891434192657471,4158400
1998-02-19,4.918547731924621,4.918547731924621,4.815512780632291,4.858895778656006,2680800
1998-02-20,4.864317248201799,4.886008739471436,4.772128079319956,4.886008739471436,4184000
1998-02-23,5.032428832205066,5.205960860901792,5.032428832205066,5.124618053436279,11625600
1998-02-24,5.119192814004832,5.13003856149213,5.010735339131848,5.032426834106445,8830400
1998-02-25,5.032426256361839,5.249341181205021,5.021580510119679,5.227649688720703,5769600
1998-02-26,5.162577877339284,5.195115132868733,5.124618076874339,5.178846836090088,4434400
1998-02-27,5.167999092400749,5.167999092400749,5.070387363433838,5.070387363433838,4388000
1998-03-02,5.108348748723015,5.292726516723633,5.108348748723015,5.292726516723633,5376800
1998-03-03,5.287304381030091,5.35780143737793,5.23307562154246,5.35780143737793,4504000
1998-03-04,5.357801140808478,5.368646892105661,5.319841342254399,5.336109638214111,2704800
1998-03-05,5.314418830871582,5.444567863464355,5.271035820007324,5.422876358032227,4355200
1998-03-06,5.466257132016695,5.694017845850724,5.460834588863761,5.63978910446167,10427200
1998-03-09,5.63978977417678,5.845859015925547,5.628944024611055,5.791630268096924,10590400
1998-03-10,5.900090025436385,5.976010301498985,5.845861256820242,5.872976303100586,9176800
1998-03-11,5.89466357730756,5.900085788302952,5.813319820827909,5.85670280456543,12579200
1998-03-12,5.856703802836027,6.089888042143076,5.856703802836027,6.030235767364502,9230400
1998-03-13,6.035658339622971,6.068195577777424,5.87839435990464,5.916355133056641,5125600
1998-03-16,5.9326252138594855,6.00312325040207,5.9326252138594855,5.948894500732422,4894400
1998-03-17,6.013971235933017,6.084467974737546,6.008547696977897,6.024816989898682,4878400
1998-03-18,6.024812593571486,6.024812593571486,5.900085852007609,5.916355133056641,4532000
1998-03-19,5.900089492442744,5.992279052734375,5.878397986955823,5.992279052734375,6452800
1998-03-20,6.068194676795021,6.171228587014237,6.041079653720439,6.154960632324219,7616000
1998-03-23,6.10616073402939,6.10616073402939,6.013972468401015,6.041086196899414,5122400
1998-03-24,6.062774568796158,6.09531182050705,6.041083067655563,6.073620319366455,3006400
1998-03-25,6.133275413425149,6.203772162389004,6.084468851573831,6.192926406860352,8436800
1998-03-26,6.182078507725343,6.36645628778031,6.165810542045588,6.28511381149292,8369600
1998-03-27,6.2905322517247,6.2905322517247,6.051925855969626,6.149537563323975,8559200
1998-03-30,6.122426777646235,6.138694741313688,6.04650652466179,6.089889526367188,3806400
1998-03-31,6.089889526367188,6.220038531483379,6.051928737902894,6.089889526367188,7530400
1998-04-01,6.111580593935697,6.111580593935697,5.965162311588322,6.019391059875488,6780000
1998-04-02,6.019391213330922,6.019391213330922,5.889242214123767,5.948894500732422,6159200
1998-04-03,5.954316769876788,6.095311520347459,5.932625269804377,6.051928520202637,7348800
1998-04-06,6.030234750726465,6.068195523539168,5.862126350402832,5.862126350402832,5240000
1998-04-07,5.856704729941932,5.862128266663894,5.7211335231652924,5.737401485443115,5395200
1998-04-08,5.72655473956625,5.786207013408632,5.672326001502176,5.68317174911499,4044000
1998-04-09,5.769940980757641,5.954318794052528,5.748249473311184,5.872976303100586,9541600
1998-04-13,5.916356554803235,6.095310745685012,5.916356554803235,6.035659790039063,8623200
1998-04-14,5.986854505479719,5.997700256395443,5.872974782836717,5.883820533752441,6387200
1998-04-15,5.89944795778502,6.013420058110153,5.877738860102312,5.932011604309082,9597600
1998-04-16,5.894022411474302,5.90487696471827,5.818040538766531,5.828895092010498,4870400
1998-04-17,5.8614599603513415,5.921160678012558,5.834324234155501,5.888597011566162,5428000
1998-04-20,5.866887900601897,5.948296404208398,5.78005145674484,5.888597011566162,7264800
1998-04-21,5.861459957469594,5.970005512237549,5.7909060093799125,5.970005512237549,5670400
1998-04-22,6.035130161634633,6.17623932009012,6.035130161634633,6.165384769439697,12219200
1998-04-23,6.100258048702989,6.181667848872875,6.002567083510237,6.062267780303955,4833600
1998-04-24,6.04598560994559,6.051413548585893,5.91573098280134,5.948294639587402,4562400
1998-04-27,5.861460346504931,5.866888287113079,5.666078334954766,5.725779056549072,5273600
1998-04-28,5.818040719645495,5.9048771482969205,5.61180420159836,5.655222415924072,7649600
1998-04-29,5.752911567687988,5.845175906282713,5.731202467432562,5.752911567687988,7746400
1998-04-30,5.904874428497731,6.100256302970083,5.872310782752339,6.073120594024658,5929600
1998-05-01,6.078550523778099,6.078550523778099,5.894023097163407,6.040560245513916,4587200
1998-05-04,6.067696114149599,6.0731240540420055,5.991714230788155,6.018851280212402,4318400
1998-05-05,5.975432356146221,6.056840844776319,5.942868695690434,5.991713523864746,4631200
1998-05-06,6.018851260733818,6.06769609451294,5.991714211397393,6.06769609451294,5372000
1998-05-07,6.078549438921264,6.078549438921264,5.948294808087236,5.959149360656738,5828800
1998-05-08,5.975432591284802,6.024277421381202,5.850604558782824,5.88316822052002,4510400
1998-05-11,5.904878361560808,6.040560971716476,5.904878361560808,6.013423919677734,6176800
1998-05-12,6.013419922361983,6.143674505517838,5.980856276573019,6.121965408325195,7715200
1998-05-13,6.165387563279404,6.333633837110784,6.1436784521410965,6.317351341247559,6768000
1998-05-14,6.273932045496938,6.301069092286151,6.219659276937276,6.290214538574219,4938400
1998-05-15,6.404186980861714,6.496451354112354,6.404186980861714,6.463887691497803,7964800
1998-05-18,6.463886522013556,6.463886522013556,6.23051298632317,6.284785747528076,8796800
1998-05-19,6.50730921186091,6.556154068070228,6.425899351486051,6.447608470916748,11401600
1998-05-20,6.550724374829106,6.588714653484737,6.40418722496869,6.436750888824463,10203200
1998-05-21,6.463884045300728,6.615847718447804,6.463884045300728,6.594138622283936,5445600
1998-05-22,6.594140122231213,6.735249279393988,6.594140122231213,6.659267425537109,5507200
1998-05-26,6.827510008591403,6.87635613221112,6.794946367850904,6.805800914764404,7012800
1998-05-27,6.740676439755893,6.805803748352568,6.68097706938485,6.724395275115967,9887200
1998-05-28,6.729820594910257,6.756957630785946,6.66469329883048,6.751529693603516,7575200
1998-05-29,6.860074593432194,6.957765529098158,6.767811594478951,6.876357078552246,8969600
1998-06-01,6.968623989734642,7.033751316741507,6.930633711490067,6.941488265991211,10836000
1998-06-02,6.979479238045652,7.017470845085723,6.724397844421286,6.767816066741943,8084000
1998-06-03,6.76238649013715,6.832941746845348,6.729822831276136,6.77324104309082,7918400
1998-06-04,6.8600778979862085,6.8600778979862085,6.794950576169883,6.843796730041504,8471200
1998-06-05,6.854653261899783,7.088025569915772,6.854653261899783,7.088025569915772,8663200
1998-06-08,7.1422924005444495,7.229128782313987,7.077165114217297,7.147720336914063,7881600
1998-06-09,7.142293168103222,7.283402303643255,7.066311325889358,7.2562665939331055,4745600
1998-06-10,7.256268602365223,7.36481412128603,7.191141291012739,7.250840663909912,5720000
1998-06-11,7.245414328898371,7.332250747371948,7.207422733306885,7.207422733306885,3430400
1998-06-12,7.196567298435583,7.201995236433814,7.0066133188292286,7.120585441589356,5890400
1998-06-15,6.968620835794635,7.033748133325426,6.881784439086914,6.881784439086914,5210400
1998-06-16,6.946911071398243,6.9903292655944815,6.8709292315548245,6.990329265594482,4448000
1998-06-17,7.001185380830997,7.120585441589356,7.001185380830997,7.120585441589356,5151200
1998-06-18,7.153150867400065,7.315969172424346,7.120587206395209,7.277978897094727,5568000
1998-06-19,7.288834446329224,7.305115616546083,7.082597898462396,7.093452453613281,3641600
1998-06-22,7.109729695390877,7.332248615541984,7.109729695390877,7.315966129302978,4492800
1998-06-23,7.359386734680063,7.413659498210152,7.185713891383779,7.267123699188232,6656800
1998-06-24,7.267122670743402,7.413658449027546,7.234559017233765,7.402803897857666,6698400
1998-06-25,7.435368603622188,7.467932261740241,7.267123699188232,7.267123699188232,3862400
1998-06-26,7.272550313031921,7.310541910012303,7.250841207619885,7.267123699188232,3075200
1998-06-29,7.305115992000107,7.326825103417641,7.207424990621205,7.261697769165039,3970800
1998-06-30,7.250842754205314,7.261697309226578,6.990333433694943,7.0446062088012695,4414400
1998-07-01,7.196569042546408,7.294260025024414,7.077168952851069,7.294260025024414,3154000
1998-07-02,7.413660259389165,7.424514813209647,7.250841952081936,7.2725510597229,3941200
1998-07-06,7.337676516988061,7.6633130488070575,7.294258312745528,7.641603946685791,6437600
1998-07-07,7.652458763923966,8.021513512822427,7.554767800980256,7.750149726867676,8187600
1998-07-08,7.858695645741809,7.880404749735571,7.695877365788594,7.836986541748047,5973200
1998-07-09,7.782718723596528,7.782718723596528,7.4679365158081055,7.4679365158081055,8398000
1998-07-10,7.500497546019378,7.598188541553639,7.196570004357232,7.32682466506958,14831200
1998-07-13,7.424511095095321,7.4353656434799635,7.207420127402475,7.283401966094971,9110000
1998-07-14,7.239985598029023,7.402803864851265,7.22913104690754,7.370240211486816,6137600
1998-07-15,7.446672187003915,7.55586092874884,7.162781458467109,7.173700332641602,9688800
1998-07-16,7.217379850122426,7.315649772438768,7.119109927806084,7.304730892181396,6435200
1998-07-17,7.315649772438768,7.446676335527223,7.25013649089454,7.304730892181396,5058400
1998-07-20,7.250133949715096,7.337484961157446,7.140945185412158,7.271971702575684,5215200
1998-07-21,7.2938071410362655,7.326563759933135,6.813376730548847,6.922565460205078,6099200
1998-07-22,6.900728725805515,7.173700589959214,6.813377729276332,7.162781715393066,5228400
1998-07-23,7.140947351238238,7.140947351238238,6.682354402076149,6.704192161560059,4518800
1998-07-24,6.758780056868142,6.835212141517701,6.190998856614275,6.715104579925537,11276800
1998-07-27,6.638678457222733,6.7697050057205495,6.5185707877664,6.682353973388672,3709600
1998-07-28,6.682354384202223,6.693273263914972,6.289274714543269,6.387544631958008,9192000
1998-07-29,6.431218711321786,6.7806227839233095,6.431218711321786,6.507650852203369,5566000
1998-07-30,6.595002208000574,6.8242986423847,6.573164452344943,6.813379764556885,5740000
1998-07-31,6.835216246642076,6.922567252988939,6.638676482361633,6.726027488708496,4940800
1998-08-03,6.616837537841292,6.660513033140575,6.540405421067548,6.59499979019165,2824800
1998-08-04,6.627755379465828,6.627755379465828,6.158243878119815,6.169162750244141,6132400
1998-08-05,6.201921626499721,6.256516007014684,5.808842086791992,6.114570617675781,7596000
1998-08-06,6.201919518326079,6.824295244636971,6.19100064593466,6.693268775939941,7814000
1998-08-07,6.802463003540039,6.999002865600586,6.682355310058593,6.824300765991211,5365200
1998-08-10,6.911646644338797,6.911646644338797,6.704188056278074,6.736944675445557,2748000
1998-08-11,6.507648351439394,6.638674828314012,6.36570300149189,6.431216239929199,4102800
1998-08-12,6.431219548133313,6.715110394061099,6.431219548133313,6.6714348793029785,4654000
1998-08-13,6.638678883108331,6.769705440011785,6.551327845172695,6.704192161560059,3222000
1998-08-14,6.660518116421169,6.900733523898654,6.44214047325982,6.584085941314697,3939600
1998-08-17,6.562243525901537,6.889809758475657,6.5513246514824,6.802458763122559,4214800
1998-08-18,6.900733680368584,7.053598034047635,6.867977033151645,7.009922504425049,7091600
1998-08-19,7.075431896047004,7.250133918171621,6.8242977392428665,6.911648750305176,6356800
1998-08-20,6.726024386249011,7.108184862740432,6.726024386249011,6.900726318359375,4178000
1998-08-21,6.857050835331783,6.911645189116272,6.736943257005908,6.900726318359375,4900400
1998-08-24,6.900730647923756,7.228296976147985,6.900730647923756,7.119108200073242,6257200
1998-08-25,7.195538900307651,7.392078657827434,7.195538900307651,7.381159782409668,7745200
1998-08-26,7.293812011924025,7.413919694755109,7.217379850122426,7.304730892181396,5100800
1998-08-27,7.020835316895687,7.140942919517541,6.82429560351447,6.922565460205078,7295200
1998-08-28,6.8242982946167485,6.977162576416164,6.693271767360106,6.747866153717041,4846400
1998-08-31,6.758784022135743,6.769702897777319,5.983543851583824,6.125489234924316,6650000
1998-09-01,6.027218351300979,6.704188528439857,5.524950155359231,6.59499979019165,17748800
1998-09-02,6.376626096548424,6.507652660176132,6.21284289201379,6.234680652618408,7160800
1998-09-03,6.114570617675781,6.409380272456578,6.005381856645856,6.114570617675781,7494400
1998-09-04,6.0818126632171925,6.092731536939306,5.448517987334612,5.623219966888428,12825600
1998-09-08,6.180083874293736,6.256516007014684,5.874355343409947,6.114570617675781,8936000
1998-09-09,6.092732865469796,6.136408369881766,5.918030847821917,6.114570617675781,4942400
1998-09-10,5.939868843468436,6.125489744826825,5.765166818660541,5.98354434967041,4870400
1998-09-11,5.852514435073077,6.44213342666626,5.852514435073077,6.44213342666626,5125200
1998-09-14,6.485810024998768,6.846132804165367,6.420296792423024,6.496728897094727,7205200
1998-09-15,6.540404385478556,6.693268594821961,6.409377920327066,6.496728897094727,4446000
1998-09-16,6.45305371402709,6.70418778411613,6.442134841414523,6.605917930603027,3992000
1998-09-17,6.278352446967575,6.474892175742212,6.245595825505135,6.453054428100586,3147200
1998-09-18,6.463972859147853,6.496729478366508,6.300189763054581,6.431216239929199,2784400
1998-09-21,6.267436098408054,6.46397590637207,6.125490681545155,6.46397590637207,2618800
1998-09-22,6.52948661963145,6.627756485144298,6.4639733759562175,6.551324367523193,2990000
1998-09-23,6.540408123516646,6.671434663553707,6.463975975161693,6.660515785217285,5285600
1998-09-24,6.158247530568533,6.256517437971223,5.896194444161361,6.016302108764648,17309200
1998-09-25,5.961707070816395,6.180084619197948,5.93986931597824,6.103652477264404,6547600
1998-09-28,6.114572126473953,6.136409884068503,5.754249126163881,5.852519035339356,10377200
1998-09-29,5.852517675300935,5.863436551560825,5.57954576880369,5.688734531402588,9003600
1998-09-30,5.568626662368625,5.623221041411455,5.481275655900097,5.557707786560059,5824800
1998-10-01,5.328411538260323,5.350249290466309,5.044520759582519,5.350249290466309,6744400
1998-10-02,5.339331640858032,5.45943930558081,5.011765282523183,5.219223976135254,11239200
1998-10-05,5.186467515097724,5.251980788972643,4.9134955406188965,4.9134955406188965,8376800
1998-10-06,5.08819804782361,5.230143486925986,4.924414848859331,4.935333728790283,9157600
1998-10-07,4.9571685360462885,5.055438396893021,4.695115573788335,4.837060928344727,5649200
1998-10-08,4.542252160552749,4.607765412868414,4.171010397430649,4.356631278991699,10804400
1998-10-09,4.454901830205377,4.651441616832085,4.280199797648304,4.629603862762451,14998000
1998-10-12,4.804304739273271,5.088195473866692,4.771548116050954,5.000844478607178,4940400
1998-10-13,4.957169568839193,5.2628980885032846,4.847980811816304,5.197384834289551,5222000
1998-10-14,5.158910993960506,5.628896529427247,5.158910993960506,5.585176944732666,6552400
1998-10-15,5.541457449981921,6.066092474832281,5.355649212014086,5.749125480651856,6663600
1998-10-16,6.098883971045999,6.164463368584128,5.563318891151279,5.574248790740967,12474800
1998-10-19,5.596108029923349,5.86935549232195,5.596108029923349,5.792846202850342,7726400
1998-10-20,5.945863792364546,6.16446172590736,5.934933895687405,6.077022552490234,8455600
1998-10-21,6.055161402641087,6.219109816069997,5.8147037296120185,5.95679235458374,6984400
1998-10-22,5.956793038741402,6.131671366484269,5.858423979386039,6.033302307128906,5798400
1998-10-23,6.022372454349126,6.120741514402015,5.847494125366211,5.847494125366211,3325600
1998-10-26,5.880284862188826,5.90214465721555,5.672616809434945,5.69447660446167,3897200
1998-10-27,5.836565796834118,5.945864781793558,5.727266811874678,5.792846202850342,5143200
1998-10-28,5.84749408390211,6.055162098096765,5.705405442611031,6.033302307128906,4773600
1998-10-29,6.087955157816624,6.120744862436821,5.989586043956032,6.0988850593566895,4179600
1998-10-30,5.770986133151585,5.934934602843391,5.705406745274862,5.902144908905029,8664800
1998-11-02,5.913076290331389,6.295622815583882,5.792847382394891,6.230043411254883,6582000
1998-11-03,6.2409711377374055,6.251901034651132,5.934934024153085,6.022373199462891,4351200
1998-11-04,6.16446172590736,6.219111209293064,6.066092655813094,6.077022552490234,4372800
1998-11-05,6.13167569372389,6.547012015223904,6.087956080934416,6.4923624992370605,6708400
1998-11-06,6.47049715699268,6.590725989301665,6.39398790006878,6.503286838531494,5481600
1998-11-09,6.459570524390897,6.4705004237553485,6.240972537101865,6.306551933288574,2511200
1998-11-10,6.37213043506081,6.623518085157548,6.350270639400224,6.470499515533447,4926800
1998-11-11,6.623514880169468,6.721883913043272,6.557935524920266,6.700024127960205,4082800
1998-11-12,6.700025931648586,6.809324886487878,6.623516663261082,6.78746509552002,4488000
1998-11-13,6.74374737381156,6.809326764804865,6.579798896328297,6.689097881317139,2953600
1998-11-16,6.84211569966994,6.896765186089029,6.68909713769649,6.798396110534668,4596800
1998-11-17,6.732823033486643,6.984210906490202,6.61259405074581,6.776542663574219,6326400
1998-11-18,6.7983975981479485,7.049785290683966,6.77653779879699,7.027925491333008,5162000
1998-11-19,7.006062292526197,7.104431341875239,6.918623137549271,6.929553031921387,5024800
1998-11-20,6.929557163003497,6.940487063891515,6.776538550571243,6.918627262115479,4514400
1998-11-23,7.148151441053911,7.235590602412368,7.060712279695453,7.213730812072754,12253200
1998-11-24,7.41047267361385,7.41047267361385,7.049785950561849,7.17001485824585,9336800
1998-11-25,7.170010984116707,7.563487196659697,7.170010984116707,7.541627407073975,9111600
1998-11-27,7.58534957141411,7.6727887595572115,7.530700078824671,7.618139266967773,2659200
1998-11-30,7.618139183027504,7.694648471809703,7.301172129501253,7.388611316680908,6884000
1998-12-01,7.355821496561954,7.486980275103921,7.180943125172666,7.47605037689209,7003200
1998-12-02,7.5197716030592945,7.683720111846924,7.49791180188761,7.683720111846924,5552000
1998-12-03,7.793017060109499,7.847666548609565,7.705577878509392,7.771157264709473,13110800
1998-12-04,7.793019935157564,7.880459149016274,7.727440524763531,7.869529247283935,6576400
1998-12-07,7.869523815486742,8.055332016685735,7.869523815486742,8.044402122497559,4058000
1998-12-08,8.07719898223877,8.208357829041022,7.967899943236891,8.07719898223877,4946000
1998-12-09,8.033472228309384,8.055332016685735,7.891383603863094,8.044402122497559,3909200
1998-12-10,7.956963494213664,7.978823284032932,7.81487486038842,7.891384124755859,4177600
1998-12-11,7.880456029943664,7.880456029943664,7.585348799973513,7.661858081817627,4914000
1998-12-14,7.62906892602071,7.62906892602071,7.388611166174785,7.410470962524414,6042400
1998-12-15,7.410471195127905,7.639999064003549,7.323032006984803,7.618139266967773,7719600
1998-12-16,7.661857688227179,7.869525728278986,7.629067997692683,7.825806140899658,5673200
1998-12-17,7.81487436387403,7.946033094456531,7.771154787013196,7.858593940734863,4731200
1998-12-18,7.880453709674918,8.099051593438439,7.858593921298566,8.044402122497559,5008000
1998-12-21,8.04440569311459,8.339512967182653,8.022545895035474,8.284863471984863,5181200
1998-12-22,8.37229957136997,8.503458311391432,8.350439781366394,8.459738731384277,5968400
1998-12-23,8.503463294935523,8.809500534341941,8.481603492120778,8.79857063293457,5616000
1998-12-24,8.776710670385787,8.875079781261842,8.776710670385787,8.787640571594238,1826400
1998-12-28,8.907864070291003,8.907864070291003,8.831354808337583,8.87507438659668,3255600
1998-12-29,8.940657615661621,9.08274630637507,8.907867917804671,8.940657615661621,3942000
1998-12-30,9.082748730208596,9.126468339018263,9.006239414791676,9.039029121398926,4043200
1998-12-31,8.995306316603962,9.04995580819937,8.907867130051311,8.951586723327637,3134000
1999-01-04,9.006230390673048,9.115529303181216,8.842282021910796,8.886001586914062,5365600
1999-01-05,8.853219674318956,8.907869178481418,8.831359872653971,8.896939277648926,6133600
1999-01-06,8.951585701207794,9.23576302505566,8.951585701207794,9.137393951416016,8845600
1999-01-07,9.312274480945971,9.574592071958536,9.30134458132045,9.410643577575684,16363200
1999-01-08,9.454363528660366,9.640171829223632,9.454363528660366,9.5636625289917,8749600
1999-01-11,9.574588614450375,9.771326736665108,9.268551535449678,9.312271118164062,8989600
1999-01-12,9.334131700311788,9.334131700311788,9.137393561429338,9.301342010498049,5409200
1999-01-13,8.956637038861682,9.21910259311404,8.956637038861682,9.0441255569458,6256400
1999-01-14,9.065999105318909,9.219104035927431,8.9457023741265,8.989446640014648,5674000
1999-01-15,9.0878737449646,9.186298370361328,8.84728021621704,8.858216285705566,5656000
1999-01-19,8.989446535215272,9.055062933282535,8.912894070803464,8.95663833618164,6233600
1999-01-20,8.956634831000232,9.24097244468278,8.847274210353097,9.131611824035645,7233600
1999-01-21,9.175357651190955,9.175357651190955,8.912892116472738,9.033188819885254,6608400
1999-01-22,9.02225500027809,9.37220913362221,9.011318933611086,9.240976333618164,6862800
1999-01-25,9.328468610423272,9.350340752534462,9.164427544589334,9.317532539367676,3925600
1999-01-26,9.317525305290133,9.361269555549711,9.175356491946504,9.339397430419922,3710400
1999-01-27,9.383147431744469,9.656549163438656,9.197234254192423,9.448763847351074,7066400
1999-01-28,9.558123254458812,9.973693830739633,9.558123254458812,9.864333152770996,5684400
1999-01-29,9.864331082899088,10.279901571979092,9.80965075538856,10.203349113464355,4953200
1999-02-01,10.247096229879125,10.268968366975985,9.951822379071508,9.984630584716797,5378000
1999-02-02,9.99555992441518,10.06117629153388,9.601861721702983,9.798710823059082,4350400
1999-02-03,9.75497247480236,10.017438101927086,9.711228203614905,9.864333152770996,4328400
1999-02-04,9.908077609565582,10.03931042558632,9.776844793544846,9.820589065551758,4059200
1999-02-05,9.809652387012136,9.897140925580803,9.525314636663955,9.623739242553713,4160800
1999-02-08,9.700288833361787,9.700288833361787,9.415951167445884,9.437823295593262,3523200
1999-02-09,9.437825244651057,9.448761310983212,9.240976050672238,9.251912117004396,3164400
1999-02-10,9.262846048672994,9.262846048672994,9.011316580999464,9.186293601989746,3008800
1999-02-11,9.23004310825893,9.656549839564732,9.186298828125,9.569061279296877,7791200
1999-02-12,9.612804886367586,9.85339841025847,9.42689170881554,9.448763847351074,4917600
1999-02-16,9.448758746505876,9.678416077150116,9.372206302957796,9.536247253417969,4410400
1999-02-17,9.437826339801616,9.798716570639916,9.361273866593493,9.394082069396973,6167200
1999-02-18,9.437819794123111,9.722157354548608,9.426883734106749,9.689349174499512,5176000
1999-02-19,9.7331010081029,9.984630584716797,9.722164939554473,9.984630584716797,6797200
1999-02-22,10.12679704064354,10.26896589758562,9.831523260840758,10.225221633911133,7167200
1999-02-23,10.301774976530128,10.32364711023826,9.86433230236749,9.897140502929688,6717200
1999-02-24,10.05024523816557,10.279902637514294,9.951820638444689,10.23615837097168,8080800
1999-02-25,10.34551322144137,10.498618068270314,10.181472314124647,10.312705039978027,35147200
1999-02-26,10.356454284475022,10.509559205259237,10.21428542946111,10.378326416015623,10984400
1999-03-01,10.32364608716412,10.400198547556226,10.279901824082916,10.378326416015623,5591600
1999-03-02,10.454878417201012,10.65172759242028,10.411134156041175,10.433006286621094,11211600
1999-03-03,10.45488166809082,10.564242354995535,10.38926525594799,10.45488166809082,6803200
1999-03-04,10.454878876407731,10.618919862962246,10.268965758312614,10.378326416015623,5913600
1999-03-05,10.542368577372644,10.848578453063965,10.542368577372644,10.848578453063965,6668800
1999-03-08,10.83764373353753,11.089173305557068,10.793899460142828,10.979812622070312,5458800
1999-03-09,11.023556440688443,11.38444668130622,11.001684304893423,11.143853187561035,7933200
1999-03-10,11.264144570381884,11.351633071899414,11.154783943484972,11.351633071899414,4903200
1999-03-11,11.351634809014437,11.625036418094744,11.340698744651222,11.395379066467283,6257200
1999-03-12,11.548482200313854,11.59222645107262,11.067295441967444,11.351633071899414,7865200
1999-03-15,11.362572242825962,11.362572242825962,11.132914863519566,11.23133945465088,4813200
1999-03-16,11.220403779766515,11.220403779766515,10.892321797902,10.957938194274902,4990400
1999-03-17,10.914194569967064,10.925130636670438,10.607984702272596,10.859514236450195,6517200
1999-03-18,10.8267081575513,11.395383737543892,10.815772088705288,11.36257553100586,6154800
1999-03-19,11.362573284261368,11.406317550995771,11.001683083702536,11.15478801727295,5714000
1999-03-22,10.979811231376198,11.012619432266764,10.6845374233611,10.739217758178713,3938400
1999-03-23,10.750152360012658,10.815768752850984,10.334581872036583,10.389262199401855,7198800
1999-03-24,10.41113437016805,10.55330322186152,10.367390108108522,10.49862289428711,5692800
1999-03-25,10.695471176734335,11.111041631454077,10.607982659951231,11.0891695022583,6538400
1999-03-26,10.95794041079709,11.26415032247605,10.88138793287735,11.165725708007812,4077600
1999-03-29,11.286025138523268,11.362577634617905,11.121984075463336,11.318833351135254,3930000
1999-03-30,11.318826908245684,11.32976297289133,11.132913809269668,11.198530197143556,2548800
1999-03-31,11.26415218203521,11.318832532433438,10.564243696937876,10.586115837097168,5062000
1999-04-01,10.761088263368752,11.045425961384591,10.68453580621064,10.728280067443848,6912000
1999-04-05,10.739215541378234,11.132913870797395,10.71734341196606,11.121977806091309,3298000
1999-04-06,11.121979730779476,11.198532196969698,10.717345266631156,10.826705932617188,5364000
1999-04-07,10.892318659815295,10.979807163106983,10.7501498419663,10.782958030700684,4735200
1999-04-08,10.826705024444372,11.23133945465088,10.739216498994317,11.23133945465088,7256800
1999-04-09,11.19853354288144,11.362574561575991,11.121981067490648,11.253213882446287,2766400
1999-04-12,11.100108931664709,11.460999172792722,11.078236795838768,11.253213882446287,4952000
1999-04-13,11.28601871430874,11.318826908245684,11.045425292104484,11.198530197143556,4935200
1999-04-14,11.181900989813885,11.324136520995468,10.569194086262437,10.678606033325195,8210800
1999-04-15,10.678608311151365,10.711431902271707,10.20813683842646,10.251901626586914,7840400
1999-04-16,10.240952820613463,10.361305898633496,10.109658553682523,10.153423309326172,6900400
1999-04-19,10.109663910634625,10.328487804804205,9.672016122295462,9.704839706420898,7289200
1999-04-20,9.726722010781158,10.219075768357255,9.661074843104345,9.83613395690918,8325200
1999-04-21,9.737663848567871,10.26284122467041,9.737663848567871,10.26284122467041,7154400
1999-04-22,10.448839219779686,10.481662798480563,10.273780133375,10.38319206237793,4185200
1999-04-23,10.405075695682298,10.459781666742666,10.240957782501187,10.426958084106444,3946800
1999-04-26,10.361313484275277,10.459784256565117,10.011195182800291,10.011195182800291,3901200
1999-04-27,10.054965028794712,10.186259457897584,9.803317373014217,9.814258575439451,9872800
1999-04-28,9.825185137135644,10.022126487323217,9.737655648163388,9.803302764892578,8146800
1999-04-29,9.803312894830292,9.803312894830292,9.103076259485272,9.146841049194336,13706400
1999-04-30,9.27813501945604,9.398488185982004,8.982722701619586,9.234370231628418,12199200
1999-05-03,9.2343682188094,9.606368834259069,9.2343682188094,9.398486137390137,6236000
1999-05-04,9.529780197591288,9.529780197591288,9.27813272968704,9.321897506713867,4535200
1999-05-05,9.628250966785371,9.628250966785371,9.135897224165666,9.289073944091797,4200400
1999-05-06,9.27813501945604,9.398488185982004,9.103075868145549,9.234370231628418,3307200
1999-05-07,9.278131666325486,9.628249842413238,9.278131666325486,9.551661491394045,4983600
1999-05-10,9.50789549397704,9.540719068754866,9.343777620087907,9.442248344421388,3853200
1999-05-11,9.75954279095939,9.85801351418656,9.628248493323165,9.73766040802002,4979200
1999-05-12,9.759545092967862,9.879898227522398,9.606368376262088,9.6173095703125,3513200
1999-05-13,9.803308815497411,9.847073586995169,9.628249729506388,9.781426429748535,3328000
1999-05-14,9.66107432696284,9.672015520991112,9.464132834453972,9.65013313293457,4726000
1999-05-17,9.71578098842076,9.7486045728411,9.135897663661412,9.573545455932615,6869600
1999-05-18,9.67201907575623,9.95649022504318,9.103076777182334,9.267194747924805,10505600
1999-05-19,9.529782959148644,9.529782959148644,9.015546680067144,9.146841049194336,6001200
1999-05-20,9.289074498553608,9.49695720229038,9.21248613401901,9.409427642822266,6057600
1999-05-21,9.36566253272674,9.661074785511344,9.36566253272674,9.431309700012209,5433200
1999-05-24,9.387546787193106,9.453193967523127,8.917075328161284,9.092134475708008,4704000
1999-05-25,9.168718372524433,9.365659817280326,9.026482884645176,9.070247650146484,5648800
1999-05-26,9.081193474231736,9.267193822499134,8.862369535093624,9.234370231628418,5357600
1999-05-27,9.278128354318868,9.354716677998388,8.895186735921273,8.93895149230957,4494000
1999-05-28,9.103073470681869,9.146838246983224,8.928014365476448,9.048367500305176,5262000
1999-06-01,9.015546294789257,9.048369885668343,8.709192779917776,8.862369537353516,5297600
1999-06-02,8.906131136107946,8.92801352219175,8.698248468311816,8.851425170898438,4925600
1999-06-03,8.928014513472435,9.39848586651081,8.928014513472435,9.321897506713867,5830400
1999-06-04,9.365655320031305,9.92365581222943,9.365655320031305,9.803302764892578,5168400
1999-06-07,9.606369062301216,9.715781010618995,9.4641335294881,9.540721893310549,3764000
1999-06-08,9.496956909928366,9.551662882911824,9.343780185574683,9.365662574768066,2850800
1999-06-09,9.365661656996783,9.39848523757037,9.27813210880055,9.30001449584961,4237200
1999-06-10,9.321896882898669,9.354720463472251,9.20154375412885,9.30001449584961,3068800
1999-06-11,9.300012185693332,9.617306719087576,9.300012185693332,9.58448314666748,4356800
1999-06-14,9.58448314666748,9.91271887086842,9.551659574247386,9.58448314666748,4318400
1999-06-15,9.453189536013996,9.551660260347475,9.32189523690269,9.442248344421388,5331600
1999-06-16,9.398485689304252,9.66107434651415,9.398485689304252,9.6173095703125,4038800
1999-06-17,9.59543273745964,9.858021546694566,9.59543273745964,9.74860954284668,4490400
1999-06-18,9.62824756743142,9.693894709936634,9.518835663256064,9.672012329101562,5680000
1999-06-21,9.75954279095939,9.792366365368446,9.63918968479285,9.73766040802002,3888800
1999-06-22,9.56260567137649,9.814253189044292,9.453193707173098,9.792370796203612,2837200
1999-06-23,9.71577867805016,9.781425831280227,9.595425563795034,9.693896293640137,2536400
1999-06-24,9.628248601495736,9.68295455945878,9.332836428495298,9.442248344421388,4882800
1999-06-25,9.51883700158861,9.584484153323702,9.453189849853516,9.453189849853516,2963200
1999-06-28,9.453190065129885,9.72671987025517,9.442248872924871,9.693896293640137,2942000
1999-06-29,9.68295500586025,9.978367192479716,9.639190237472182,9.923661231994627,4970800
1999-06-30,9.923661231994627,9.978367192479716,9.737660966345336,9.923661231994627,4866800
1999-07-01,9.912714626107896,9.934596998350962,9.672008531434196,9.803302764892578,3426000
1999-07-02,9.75954715419689,9.879900314170168,9.661076386946023,9.858017921447754,2431200
1999-07-06,9.68295782013277,10.0549584595503,9.672016624855784,9.890840530395508,3869200
1999-07-07,9.934601963958416,10.306602478027344,9.934601963958416,10.306602478027344,5570800
1999-07-08,10.142489712937431,10.40507844336947,10.08778372743076,10.186254501342772,4162000
1999-07-09,10.131545593730973,10.32848708475382,10.087780817948117,10.317545890808104,2087200
1999-07-12,10.295662828746597,10.39413356781006,10.16436850999531,10.39413356781006,2565600
1999-07-13,10.26283519843529,10.2737763873462,10.109658553682523,10.153423309326172,3738000
1999-07-14,10.169632241420787,10.213419678412912,9.98353563420426,10.09300422668457,2751200
1999-07-15,10.071108845130126,10.454248855542684,10.071108845130126,10.41046142578125,4991200
1999-07-16,10.487091939825762,10.49803879988821,10.377623339201277,10.399517059326172,4242800
1999-07-19,10.443305382054511,10.508986547979385,10.37762421612964,10.454252243041992,3500400
1999-07-20,10.487089443309005,10.498036300765484,10.071108859962717,10.213418006896973,5331200
1999-07-21,10.191521185955018,10.355723997758805,9.819328145866436,10.038265228271484,4650800
1999-07-22,10.038266417156954,10.103947549657436,9.644179622154065,9.76459503173828,2500400
1999-07-23,9.742700785129994,9.84122247846277,9.479976269575928,9.720807075500488,3168800
1999-07-26,9.567548608669783,9.67701712821978,9.479973793029783,9.479973793029783,3022400
1999-07-27,9.512817478290954,9.666073456077,9.392402067173348,9.403348922729492,4285200
1999-07-28,9.392404760556396,9.720810521415013,9.315776749689388,9.709863662719728,4502800
1999-07-29,9.51281785410504,9.600392702013949,9.304827590321386,9.41429615020752,3861600
1999-07-30,9.501875673990114,9.545663119492373,9.195363555474303,9.239151000976562,4121200
1999-08-02,9.085889909325576,9.315773870886826,8.965474500888732,8.976421356201172,5770000
1999-08-03,8.987369272443983,9.063997268676758,8.779378996955025,8.86695384979248,6908400
1999-08-04,8.801274759716733,8.834115337178364,8.286772379484537,8.418134689331055,12074000
1999-08-05,8.450974934895832,8.450974934895832,8.144462890625,8.21014404296875,8762000
1999-08-06,8.210141862035604,8.396238410908412,8.05688588061094,8.089726448059082,7354800
1999-08-09,8.111619271834693,8.111619271834693,7.827001051770317,7.881735324859619,7319600
1999-08-10,7.81605389162938,8.188246934087921,7.619010516210152,8.166353225708008,10239200
1999-08-11,8.221089733407853,8.264877162081131,8.067833733051382,8.232036590576172,5708000
1999-08-12,8.450974036737815,8.560442612343227,8.363399176253486,8.49476146697998,10952800
1999-08-13,8.735594163400508,8.834115902085477,8.63707242471554,8.746541023254395,4834000
1999-08-16,8.73559199977042,8.73559199977042,8.385292571208199,8.626123428344727,8988800
1999-08-17,8.724641906026074,8.75748246527084,8.560439109802246,8.560439109802246,7265600
1999-08-18,8.560444683716447,8.658966425600651,8.418135500994818,8.527604103088379,4317600
1999-08-19,8.472865312210637,8.527599584253341,8.330556204899604,8.450971603393555,3450400
1999-08-20,8.483817174837187,8.527604618320217,8.385295427000367,8.429082870483398,2898800
1999-08-23,8.440026072296103,8.516654065170387,8.341504367172025,8.461919784545898,6676000
1999-08-24,8.407187153973917,8.429080870520725,8.210143705052653,8.341506004333496,9392800
1999-08-25,8.341507983517337,8.472870313966428,8.264879957422034,8.429082870483398,9460000
1999-08-26,8.450970377240862,8.472864082881383,8.24298017365592,8.2758207321167,5706000
1999-08-27,8.27582032555028,8.33055458696265,8.242979768702858,8.319607734680176,3576800
1999-08-30,8.319610534422848,8.396238526187268,8.122567127028622,8.177301406860352,4232800
1999-08-31,8.133511575546054,8.188245839176917,7.88173396284409,7.925521373748779,5603200
1999-09-01,7.881739908013462,7.9912085178469825,7.739430715229886,7.947421073913574,5104800
1999-09-02,7.870791827576069,7.88173868686338,7.706588938266416,7.783216953277588,4187600
1999-09-03,8.122574378704202,8.385299156452048,8.056893184267242,8.253936767578125,5782400
1999-09-07,8.275821428041201,8.330555696745177,8.034990645743706,8.100671768188477,3633600
1999-09-08,7.969312962521328,8.002153537916334,7.750375793221291,7.794163227081299,7641600
1999-09-09,7.816059001842579,7.88174016992529,7.695643527024275,7.827005863189697,9455600
1999-09-10,8.056890251474595,8.34150865709734,7.980262219191549,8.22109317779541,12518400
1999-09-13,8.177303466796875,8.363400065104166,8.078781738281249,8.21014404296875,5533200
1999-09-14,8.232032916420385,8.44002310978739,8.232032916420385,8.319607734680176,7628800
1999-09-15,8.38529047694231,8.571387001887505,8.341503059308145,8.450971603393555,8200400
1999-09-16,8.407182552939968,8.472863666634812,8.067830132183277,8.319607734680176,7610800
1999-09-17,8.319607734680176,8.494757371199759,8.27582032555028,8.319607734680176,7326800
1999-09-20,8.341503307866116,8.45097185521344,8.264875324722988,8.374343872070312,4306800
1999-09-21,8.286768119859497,8.286768119859497,7.870787685837488,7.914575099945068,7075600
1999-09-22,7.925526428754692,7.947420148171141,7.64090807634085,7.848898410797119,8315600
1999-09-23,7.85984359508337,7.85984359508337,7.531437873840332,7.531437873840332,12546800
1999-09-24,7.542385216051083,8.03499382958127,7.542385216051083,7.870790958404541,8136400
1999-09-27,8.100673834696753,8.297717252297485,8.056886408563257,8.133514404296875,8124400
1999-09-28,8.089725246378308,8.221087496657793,8.034990975428522,8.166353225708008,6090800
1999-09-29,8.210137348301362,8.450968043851535,8.155403099312688,8.264871597290039,6656400
1999-09-30,8.275823901249812,8.560442183567927,8.275823901249812,8.538548469543457,6106400
1999-10-01,8.494762658164037,8.669912403693193,8.275825476252592,8.615178108215332,6300400
1999-10-04,8.658966144423312,8.801275322523821,8.63707242471554,8.746541023254395,9254400
1999-10-05,8.746538809499432,8.801273094915574,8.341505097419985,8.483814239501953,6444400
1999-10-06,8.494763246615031,8.75748788310828,8.45097580719949,8.746541023254395,6540800
1999-10-07,8.757482393823489,8.801269805792606,8.604226451931577,8.669907569885254,4678400
1999-10-08,8.801269248180592,9.315771306221,8.757481838985663,9.293877601623535,10386000
1999-10-11,9.282933576391375,9.589445534102412,9.20630558696362,9.545658111572266,8531600
1999-10-12,9.447138628712322,9.458085486914769,9.042104875221758,9.074945449829102,6359600
1999-10-13,9.06924703784455,9.156872613089424,8.696838343053832,8.74065113067627,4280400
1999-10-14,8.653026101048008,9.02543481932096,8.543494125085374,8.92685604095459,4840000
1999-10-15,8.631121385233484,8.872091779237465,8.565402186868763,8.642074584960938,5853600
1999-10-18,8.729699769391564,8.76255936701788,8.455869789172255,8.57635498046875,3064800
1999-10-19,8.915906095330522,9.354034158983128,8.893999692147892,8.992578506469727,7776400
1999-10-20,9.15687502822435,9.507377421649206,8.521589440141799,9.474517822265623,13335200
1999-10-21,9.452611422676572,9.748347817128794,9.310219825347724,9.474517822265623,10168000
1999-10-22,9.638813781738282,9.638813781738282,9.244498672485353,9.31021785736084,7309600
1999-10-25,9.288316791077015,9.48547445881214,9.244503976024763,9.408802032470703,4391200
1999-10-26,9.452609831021157,9.540235414622742,8.839230745810049,8.872090339660645,5797200
1999-10-27,8.88304600312342,9.09115682193889,8.740654390249679,8.806373596191406,6157200
1999-10-28,8.915899153825492,9.24449494573552,8.839226802379818,9.178775787353516,12774000
1999-10-29,9.507376944238391,9.803113323840275,9.43070454952679,9.704534530639648,11807600
1999-11-01,9.660722642109311,10.241242256657827,9.660722642109311,10.164569854736328,13480400
1999-11-02,10.15361415988109,10.164567357464566,10.000269393712443,10.022175788879396,7220800
1999-11-03,10.01122090405246,10.098846469952262,9.693578227665675,9.715484619140623,6772000
1999-11-04,9.7264395148506,9.934550270235915,9.616907538332011,9.682626724243164,7872000
1999-11-05,9.85787671042959,9.98931506656865,9.73739155063545,9.945502281188965,6298000
1999-11-08,9.92359984772546,9.945506249155317,9.704535833426885,9.814067840576172,3920400
1999-11-09,9.704533531866549,9.704533531866549,9.332124795880697,9.49642276763916,5045600
1999-11-10,9.463561941724304,9.671672678868704,9.419749154957062,9.551187515258787,5529200
1999-11-11,9.573093074553446,9.814063380777904,9.441654725703742,9.715484619140623,4750400
1999-11-12,9.857881661367726,10.164571313054722,9.638817624448444,10.142664909362791,6615200
1999-11-15,9.419749606937785,9.912643481719412,9.244498451459872,9.573094367980955,16482400
1999-11-16,9.792160883090236,9.835973683462004,9.540237280952566,9.671675682067873,8028800
1999-11-17,9.627862679958344,9.75930107831955,9.595003080368045,9.638815879821776,6498800
1999-11-18,9.726436345868256,9.923593839365584,9.660717181369144,9.78120231628418,6068400
1999-11-19,9.605956280231476,9.748347878456116,9.551190280914309,9.638815879821776,4697200
1999-11-22,9.638815450389483,9.649768649764924,9.28831307037532,9.364985466003418,6565600
1999-11-23,9.332123181919853,9.375935966811497,9.036386883901264,9.145918846130373,11107600
1999-11-24,9.091153640102071,9.134966428729072,8.893996091280583,9.069247245788574,5620400
1999-11-26,9.091156865214254,9.211642076680947,8.970671653747559,8.970671653747559,1873200
1999-11-29,9.014481913013222,9.080201100714412,8.77351155810886,8.872090339660645,5298400
1999-11-30,9.0911526961189,9.10210589213832,8.729697227478027,8.729697227478027,9244800
1999-12-01,8.74065338250802,8.784466181417836,8.401104190956957,8.642074584960938,11156400
1999-12-02,8.904950701305806,9.38689145266799,8.817325110149046,9.29926586151123,14420400
1999-12-03,9.627863129210224,9.835973936326258,9.441658722843243,9.452611923217772,8243200
1999-12-06,9.408800847734724,9.660724502563475,9.222596407209124,9.584052085876465,6025600
1999-12-07,9.605954189300537,9.605954189300537,9.156873092651368,9.31021785736084,7233600
1999-12-08,9.310220417223478,9.354033219186883,9.156875610351562,9.156875610351562,6531200
1999-12-09,9.288314171207762,9.354033375249326,8.95971815099994,9.025437355041504,11874400
1999-12-10,9.178781605915852,9.20068800592997,8.97067080578172,9.091156005859377,4923200
1999-12-13,9.134967667872669,9.584048812216526,9.069248476017467,9.518329620361328,5478800
1999-12-14,9.441658725003268,9.704535534052082,9.441658725003268,9.660722732543944,8438000
1999-12-15,9.616905298299107,9.67167127380195,9.430700981589442,9.485466957092283,5478800
1999-12-16,9.573096680641177,9.841450745825568,9.518330681324006,9.638815879821776,6148400
1999-12-17,9.879783594581992,10.07694113859804,9.770251625684187,9.923596382141112,7048000
1999-12-20,9.879783597822485,10.000268763649586,9.605953675488156,9.627860069274902,6185200
1999-12-21,9.616905614062471,9.770250350505382,9.496420464000186,9.72643756866455,4624400
1999-12-22,9.67167706299672,9.967413507731614,9.507379038144002,9.901694297790527,6795600
1999-12-23,9.989315525571971,10.394583808955923,9.923596344482684,10.263145446777344,6182000
1999-12-27,10.25218954006163,10.504113000981947,10.25218954006163,10.427440643310549,5737600
1999-12-28,10.482208251953123,10.515067838949845,10.427442273625262,10.482208251953123,6302000
1999-12-29,10.493166019831564,10.515072420708035,10.19742960799915,10.449353218078612,4543600
1999-12-30,10.416492758543244,10.416492758543244,10.296007563649477,10.361726760864258,2915200
1999-12-31,10.394587664424623,10.515072874444298,10.350774860781106,10.47126007080078,2506000
2000-01-03,10.306961926644158,10.4164939343662,9.6388166795397,9.770255088806152,8093600
2000-01-04,9.638816327280344,9.649769527652252,9.003530705709593,9.244501113891602,7822000
2000-01-05,9.22259305861214,9.452610225157098,9.069248280915502,9.233546257019045,4921200
2000-01-06,9.113063453919256,9.46356589445461,9.091157051385794,9.211642265319824,4519600
2000-01-07,9.277356762109802,9.540233459029087,9.24449717499489,9.419748306274414,3668400
2000-01-10,9.463564147260334,9.726440929128676,9.43070454952679,9.704534530639648,4485600
2000-01-11,9.573097433521475,9.770255046568828,9.364986619749269,9.397846221923828,4191600
2000-01-12,9.436864561285851,9.502626683664152,9.075172888205213,9.283419609069824,9044400
2000-01-13,9.29437212158786,9.29437212158786,9.119006609859785,9.184768676757812,5228000
2000-01-14,9.29437668163837,9.623187177451047,9.272455981917524,9.491662979125977,9078800
2000-01-18,9.601269063815264,9.601269063815264,9.272458479438033,9.338220596313477,4621200
2000-01-19,9.38206449468085,9.414945561835106,9.25054022606383,9.2724609375,4502800
2000-01-20,9.272460979781128,9.28342133554919,8.592918922161234,8.899808883666992,11997200
2000-01-21,8.87788242903737,8.888842777715196,8.187380462334465,8.307944297790527,15600000
2000-01-24,8.329866531698462,8.570994247089732,8.099699167006793,8.198342323303223,8660000
2000-01-25,8.242185799971871,8.275066860344099,7.89145448933477,8.06682014465332,9133600
2000-01-26,8.022976264237718,8.242183265992846,7.759927862131563,8.176421165466309,10991600
2000-01-27,8.198340776347203,8.231221822241645,7.902411363297237,8.033935546875,9506800
2000-01-28,8.001052714664839,8.012013060849311,7.595519905839361,7.814726829528809,6953200
2000-01-31,7.836651097492678,7.946254609345722,7.551681966674762,7.825690746307373,9974000
2000-02-01,7.869533799717309,8.329868645940326,7.869533799717309,8.253146171569824,11792000
2000-02-02,8.17642154138555,8.4833113579523,8.033936983693843,8.286025047302246,10628400
2000-02-03,8.329871756960923,8.461396047860305,8.154506035761745,8.26410961151123,5974400
2000-02-04,8.253144282703252,8.560034109948525,8.253144282703252,8.483311653137207,10000800
2000-02-07,8.351787927782489,8.351787927782489,8.187382653613541,8.231224060058594,7067600
2000-02-08,8.24218507828251,8.54907494821856,7.924334855848743,8.49427318572998,6735200
2000-02-09,8.494272354156823,8.494272354156823,8.07777900001752,8.132580757141113,4956800
2000-02-10,8.110659869749155,8.121620220924491,7.92433389976843,8.077778816223145,3794000
2000-02-11,8.08874085156814,8.242185799971871,8.05585979119591,8.06682014465332,3338400
2000-02-14,8.077778690170064,8.29698571025609,8.001056233139954,8.20930290222168,4036000
2000-02-15,8.165463325770006,8.198344386142233,8.001058023908865,8.06682014465332,5540000
2000-02-16,7.979132843017578,8.01201388495309,7.617441381726946,7.672243118286133,6445200
2000-02-17,7.924336321213667,7.924336321213667,7.222873631645651,7.453041076660156,11126000
2000-02-18,7.464000745066281,7.792811350575809,7.453040391549297,7.628406047821045,11527600
2000-02-22,7.7380074776482,7.924333436741711,7.409196961600825,7.551681518554687,10011600
2000-02-23,7.496884635891684,7.562646781820558,7.189994621556936,7.464003562927246,9288000
2000-02-24,7.639366503873486,7.639366503873486,7.146150588989258,7.146150588989258,7248000
2000-02-25,7.453037364754135,7.518799459149023,7.255751081569466,7.3215131759643555,7198400
2000-02-28,7.431118598551822,8.11066041729845,7.32151507939914,8.012017250061035,10382800
2000-02-29,8.351787297865924,8.406589051788927,8.110659580604702,8.384668350219727,9700400
2000-03-01,8.505232208850337,8.516192559634938,8.001056072758693,8.384668350219727,10024800
2000-03-02,8.220265093057051,8.275066860344099,8.022978730823683,8.06682014465332,5877600
2000-03-03,8.154501823668785,8.318907102371783,8.132581119841717,8.24218463897705,7844000
2000-03-06,8.329861296547785,8.329861296547785,7.803764793607924,7.8914475440979,6225600
2000-03-07,7.979135181094791,7.990095531618273,7.200950293927579,7.299593448638916,13660400
2000-03-08,7.442077195202863,7.858570469750298,7.354394400561297,7.694165229797363,8307200
2000-03-09,7.694171420337374,8.242189327768811,7.595528196999715,8.143546104431152,6045200
2000-03-10,8.132575107945337,8.264099233680302,7.8914475440979,7.8914475440979,3272400
2000-03-13,7.540723219685171,7.781850997058824,7.540723219685171,7.628406047821045,5082000
2000-03-14,7.672247703799808,7.672247703799808,7.387278503372958,7.431119918823242,16791200
2000-03-15,7.453035788700498,7.979132432608769,7.343432321219609,7.946251392364502,8727200
2000-03-16,8.099701527799114,8.790203823132462,8.077780820010753,8.779243469238281,14981600
2000-03-17,8.779245502893719,9.086135483019842,8.614840156397582,9.020373344421388,11352400
2000-03-20,8.812125372208829,8.976530696317203,8.592918273397665,8.866927146911621,5954800
2000-03-21,8.866921625207624,9.129969979972746,8.79019918840113,8.921723365783691,6768000
2000-03-22,8.921727507826416,9.00941033345616,8.669639384140904,8.84500503540039,5772800
2000-03-23,8.834047467189793,9.239580663574436,8.757324970576482,9.217659950256348,6551600
2000-03-24,9.21765382123548,9.557424651744752,9.129971026265345,9.42590045928955,6501600
2000-03-27,9.26149502692864,9.436860613237348,9.250534677784346,9.371098518371582,4846400
2000-03-28,9.261497136588408,9.546466279252666,9.261497136588408,9.382061004638672,4895200
2000-03-29,9.360142111372324,9.66703201666322,9.30534034257038,9.656071662902832,8736400
2000-03-30,9.62318798180284,10.182165871406424,9.57934657869668,10.171205520629885,10424000
2000-03-31,10.50001451341192,10.50001451341192,10.05064019707592,10.236966133117676,8662400
2000-04-03,10.247929421338169,10.631541752618206,10.247929421338169,10.609621047973633,9733200
2000-04-04,10.456178888850188,10.532901375456008,9.897200772150647,10.46713924407959,10627200
2000-04-05,10.346574171534124,10.467138065482086,10.094486029642932,10.456177711486816,6770000
2000-04-06,10.346572907732629,10.576740313519052,10.127365854602695,10.532898902893066,5821200
2000-04-07,10.543860329303545,10.675384574575522,10.291772192532257,10.631543159484863,6984800
2000-04-10,10.60962345592852,10.82883055212539,10.521940617449772,10.774028778076172,6142000
2000-04-11,10.532896159365926,10.697301406390368,10.390411611944742,10.67538070678711,5466800
2000-04-12,10.900856774623,11.800122625245823,10.889890117908088,11.142123222351074,18190000
2000-04-13,11.142121058552204,11.164054367722583,10.26478869173707,10.440255165100098,14047200
2000-04-14,10.264789830288985,10.264789830288985,9.66162376120149,9.954981803894045,8528800
2000-04-17,9.650657995423272,9.650657995423272,9.211991722904036,9.551958084106444,8522800
2000-04-18,9.376491809722063,9.771291464868256,9.222958610498544,9.656142234802246,8235600
2000-04-19,9.62872254427102,9.78225570556919,9.453256074215966,9.617755889892578,4142800
2000-04-20,9.573894950090828,9.71646154155839,9.519061645680228,9.70549488067627,4858400
2000-04-24,9.826124208163373,10.264790467456375,9.73839095630477,9.913857460021973,5954400
2000-04-25,9.73839041304915,9.73839041304915,9.49712398389703,9.60679054260254,10697600
2000-04-26,9.584858054545387,9.782257877179044,9.5190581136675,9.551958084106444,14176800
2000-04-27,9.387460112989997,9.420360090021502,9.201026909811455,9.376493453979492,10800400
2000-04-28,9.255857819258566,9.277791131626476,8.685591697692871,8.685591697692871,13520800
2000-05-01,8.773328707768368,9.190061821387363,8.619795455382421,9.124261856079102,9855200
2000-05-02,9.168124379338444,9.24489097103147,8.80622473278561,8.926857948303223,6044800
2000-05-03,8.641726970672607,8.663660287857056,8.214027285575867,8.422393798828125,11457600
2000-05-04,8.510123894522877,8.532057203529378,8.246924186444849,8.312724113464355,8130400
2000-05-05,8.257890282425226,8.43335674260956,8.257890282425226,8.389490127563477,5519600
2000-05-08,8.323693525715239,8.685593244224597,8.257893576895356,8.608826637268066,5563600
2000-05-09,8.685594084299154,8.861060631456715,8.564960833128334,8.641727447509766,7609200
2000-05-10,8.652693629264832,8.762360215187073,8.466260433197021,8.510127067565918,5355600
2000-05-11,8.586894516461316,8.586894516461316,8.444327940836798,8.543027877807617,4499200
2000-05-12,8.586895609602392,8.59786227066191,8.334662405233484,8.416913032531738,6781200
2000-05-15,8.619791689401195,8.915891403922611,8.575925065027652,8.89395809173584,9730000
2000-05-16,8.88299394492528,9.025560514411737,8.59786080595237,8.729460716247559,8456000
2000-05-17,8.68559507261286,8.729461714393734,8.25789531524935,8.466261863708496,6486000
2000-05-18,8.411426207240748,8.729459271139028,8.411426207240748,8.597859382629395,6997600
2000-05-19,8.466263540689047,8.608830154716195,8.389496902366737,8.444330215454102,7466000
2000-05-22,8.510125884619516,8.575925827026367,8.268859429127724,8.575925827026367,6952000
2000-05-23,8.586889934416423,8.707523126343089,8.422390127243695,8.47722339630127,5608400
2000-05-24,8.499156501738794,8.499156501738794,7.709557446093384,8.038557052612305,10976000
2000-05-25,8.093390747825092,8.323690484551822,8.082424093695247,8.203057289123535,8742800
2000-05-26,8.246923832294069,8.26885714035868,7.950824173421807,8.02759075164795,4925600
2000-05-30,8.093391233302178,8.323690983843298,7.983724685425455,8.24692440032959,4060800
2000-05-31,8.203059310401047,8.33465919238609,8.170159339904785,8.170159339904785,4545200
2000-06-01,8.192093387887251,8.411426544189453,8.159193414441921,8.411426544189453,5253600
2000-06-02,8.817191147451918,9.014590949260542,8.795257836139848,8.904924392700195,9062400
2000-06-05,8.926860581690343,8.926860581690343,8.553994169187307,8.729460716247559,5963200
2000-06-06,8.510129275941722,8.553995921693998,8.192096094237714,8.2688627243042,7004800
2000-06-07,8.224993325862647,8.24692664139828,7.852126961756874,7.928893566131592,9160000
2000-06-08,7.928891699654716,7.928891699654716,7.6547253199986045,7.676658630371094,12031200
2000-06-09,7.775357288311126,7.852123862384719,7.51215760577309,7.610857486724853,6387200
2000-06-12,7.457327121089403,7.468293778620417,7.314760573186223,7.39152717590332,8270400
2000-06-13,7.3915251828311535,7.95082456610176,7.34765856453542,7.808258056640625,13666800
2000-06-14,7.808259253408395,7.852125878427543,7.687626034605737,7.830192565917969,7903200
2000-06-15,7.852125127207149,7.874058437618342,7.698591954328797,7.72052526473999,7973200
2000-06-16,7.720532528189726,7.720532528189726,7.4682992211608,7.545065879821777,7550400
2000-06-19,7.54505952246676,7.54505952246676,7.2818597716830356,7.358626365661621,7260000
2000-06-20,7.457329699101339,7.457329699101339,7.128329859435103,7.183163166046143,9386800
2000-06-21,7.194126152130495,7.4134592665247165,7.194126152130495,7.281859397888184,5272000
2000-06-22,7.457327121089403,7.545060381337514,7.347660545779265,7.39152717590332,8477200
2000-06-23,7.380560518372306,7.523127066275486,7.237993970469127,7.39152717590332,5417600
2000-06-26,7.347659098135458,7.43539234109827,7.292825821283701,7.303792476654053,14100400
2000-06-27,7.347657865521499,7.621824203787226,7.325724558460241,7.490224361419678,19346000
2000-06-28,7.457327842712402,7.479261159896851,7.227028012275696,7.457327842712402,11752000
2000-06-29,7.457327842712402,7.457327842712402,7.205094695091248,7.23799467086792,8076400
2000-06-30,7.183164349066794,7.227031001580179,7.084464380911678,7.205097675323486,11727200
2000-07-03,7.194128036499023,7.303794622421265,7.106394767761231,7.23799467086792,7193200
2000-07-05,7.1941265214217935,7.523126209901449,7.1941265214217935,7.358626365661621,6674800
2000-07-06,7.303793084248346,7.479259584770828,7.303793084248346,7.358626365661621,7808400
2000-07-07,7.501194477081299,8.082427382469177,7.435394525527954,7.98372745513916,13153200
2000-07-10,7.96179089826696,8.466256988239797,7.906957627617738,8.203057289123535,12975200
2000-07-11,8.21402611993934,8.44432591769465,8.21402611993934,8.400459289550781,7644000
2000-07-12,8.45050252760048,8.505375920636848,8.296857027098653,8.406603813171387,5600400
2000-07-13,8.417579172786914,8.428553852282072,8.23100962136921,8.3407564163208,5984800
2000-07-14,8.373679777349567,8.45050252760048,8.307831705705928,8.406603813171387,3889200
2000-07-17,8.252960582574207,8.461479533463717,8.19808717444539,8.428555488586426,7896000
2000-07-18,8.439531526937113,8.505379627277325,8.362708743206866,8.450506210327148,3361600
2000-07-19,8.450507761162019,8.461482446566125,8.165165940655248,8.220039367675781,4927200
2000-07-20,8.231008375013197,8.285881764179951,8.088337563179634,8.121261596679688,4329600
2000-07-21,7.912743773156586,8.044439924720912,7.868845055968477,7.923718452453613,6536800
2000-07-24,7.901770493079876,7.912745174320265,7.605454099589381,7.638378143310547,4825200
2000-07-25,7.813971519470215,7.846895556771353,7.561553900161486,7.813971519470215,8525600
2000-07-26,7.770073756765812,7.857871200345087,7.715200354528766,7.737149715423584,7854000
2000-07-27,7.781050912007838,7.901772435325308,7.660329388690368,7.715202808380127,4866800
2000-07-28,7.682277112317509,7.715201157084584,7.342061983057733,7.418884754180908,8229200
2000-07-31,7.572530370084044,7.572530370084044,7.34206205447279,7.39693546295166,8906400
2000-08-01,7.50668089730399,7.528630256652832,7.331086022513253,7.528630256652832,5311600
2000-08-02,7.495709936979205,7.715203639379768,7.462785881619121,7.550583362579346,5987200
2000-08-03,7.462783480537008,7.594479659605309,7.309137938290658,7.418884754180908,4732000
2000-08-04,7.418887652314532,7.506685139324172,7.342064851181098,7.473761081695557,8144000
2000-08-07,7.550576686859131,7.934690326452255,7.451804608106613,7.901766300201416,7938000
2000-08-08,7.879820808035428,8.28588399730745,7.8139727232886145,8.033466339111328,9366800
2000-08-09,8.022492159707964,8.022492159707964,7.704226396874133,7.879821300506592,9742000
2000-08-10,7.813973043156767,7.879821130599099,7.638378143310548,7.638378143310547,11337600
2000-08-11,7.671301430599256,7.770073552023281,7.616428029808132,7.726174831390381,8704800
2000-08-14,7.835925378532053,8.274912794696315,7.748127895299201,8.220039367675781,10653600
2000-08-15,7.890795080892502,8.198086127158135,7.890795080892502,8.165162086486816,12163200
2000-08-16,8.099310457706451,8.099310457706451,7.748120844364166,7.901766300201416,7093600
2000-08-17,8.05541528424909,8.231010167829453,7.989567202906455,8.165162086486816,7840400
2000-08-18,8.055414947959155,8.241984503974557,8.044440268193544,8.19808578491211,3638400
2000-08-21,8.176135324558377,8.241983394286365,7.967616437086418,8.088337898254395,11409200
2000-08-22,8.088339324920408,8.241984848053225,8.077364644696637,8.165162086486816,13134400
2000-08-23,8.198083944013042,8.582197649555821,8.165159912109376,8.505374908447266,10923200
2000-08-24,8.516355793236777,8.691950758045783,8.37368488432946,8.637077331542969,7998000
2000-08-25,8.62609944403926,8.669998168945312,8.494403269321102,8.669998168945312,3902800
2000-08-28,8.669996666111492,8.702920704084068,8.516351155572808,8.538300514221191,4057600
2000-08-29,8.52732631297427,8.52732631297427,8.351731433942625,8.461478233337402,3659200
2000-08-30,8.461482854403764,8.472457540336842,8.241989135742188,8.241989135742188,5120000
2000-08-31,8.14321596525238,8.16516533443096,7.726177950859402,7.87159252166748,11950000
2000-09-01,7.890798805552586,8.231014053079887,7.890798805552586,8.220039367675781,4307600
2000-09-05,8.220034131297359,8.417578342730407,8.198084774471464,8.296856880187988,7275600
2000-09-06,8.263933121688723,8.527325412419836,8.263933121688723,8.36270523071289,9316000
2000-09-07,8.373679970365123,8.45050272238682,8.252958502902453,8.263933181762695,5516800
2000-09-08,8.417581828243762,9.108986854553224,8.406607145286468,9.108986854553224,13849600
2000-09-11,8.97728743530126,9.207755694642737,8.944363398252477,9.087034225463867,7178400
2000-09-12,9.03216072015984,9.569919985394144,8.999236683512843,9.438223838806152,8689200
2000-09-13,9.350426220657802,9.350426220657802,8.746818894206887,8.86754035949707,25378800
2000-09-14,8.801696544141535,8.812671228111787,8.472456025033997,8.527329444885254,11217600
2000-09-15,8.538300992913747,8.691946512066437,8.395630153700536,8.461478233337402,8487200
2000-09-18,8.461478365215541,8.659022607205008,8.340756883999754,8.5712251663208,8596400
2000-09-19,8.615123192155158,8.680971267509209,8.23100941925652,8.329781532287598,7883600
2000-09-20,8.285887006391208,8.406608538934655,8.220038897731145,8.35173511505127,5352400
2000-09-21,8.307835752640537,8.823645898445168,8.307835752640537,8.735848426818848,6972400
2000-09-22,8.779746558278651,8.911442756652832,8.65902504310232,8.911442756652832,7258000
2000-09-25,8.933392225479592,8.944366908803277,8.549278309150617,8.604151725769043,5006000
2000-09-26,8.604152406242228,8.604152406242228,8.220038459534987,8.274911880493164,7609600
2000-09-27,8.395629119365774,8.417578476540585,8.187110226205055,8.252958297729492,11914400
2000-09-28,8.2529577306799,8.2749070863466,8.055413529679582,8.121261596679688,6628400
2000-09-29,8.066390885616078,8.088340248570136,7.857871937552534,7.879821300506592,11335200
2000-10-02,7.770074155150342,8.000542456362428,7.748124793130143,7.8359222412109375,8647200
2000-10-03,7.550581196536068,7.715201426111708,7.440834376818973,7.48473310470581,17788800
2000-10-04,7.550583362579346,7.75910237985988,7.52863399233929,7.550583362579346,14300000
2000-10-05,7.39693546295166,7.45180887143053,7.265239282602373,7.39693546295166,12913200
2000-10-06,7.023793990177546,7.254262230480246,6.946971243409979,7.166464805603027,21241600
2000-10-09,7.166463047266007,7.46277928352356,7.122564345598221,7.374981880187988,8128400
2000-10-10,7.374986099560112,7.407910144647434,7.254264600906598,7.39693546295166,7118800
2000-10-11,7.337182920273037,7.425053374408042,7.106522978168645,7.216361045837402,13210400
2000-10-12,6.524382643266158,6.820945490687347,6.019127421733762,6.645204544067383,38674400
2000-10-13,6.634220977144349,6.9747190736534135,6.590285738885116,6.820945739746094,12375600
2000-10-16,6.831930480944882,6.985703835821455,6.667173315005697,6.897833347320557,8714800
2000-10-17,6.8978293073396255,6.963732135116755,6.546347559194931,6.579298973083496,9200800
2000-10-18,6.4804461013578365,7.007668835027626,6.392575645746205,6.996685028076172,9876800
2000-10-19,7.172425008472338,7.359149702414191,7.128489786368373,7.227344036102295,7798400
2000-10-20,7.2053764250503125,7.414068730044147,7.183408813998329,7.227344036102295,5402400
2000-10-23,7.227345869212808,7.392102993890911,7.095540169470325,7.337183952331543,7490800
2000-10-24,7.447019696235657,7.501938720544179,7.304230233033498,7.38111686706543,4619600
2000-10-25,7.337186563162156,7.359154187602762,7.106526506535801,7.117510318756104,4762400
2000-10-26,7.1834098277201175,7.326199319708438,7.11750698526397,7.194393634796143,4747600
2000-10-27,7.117506203722598,7.359149932861328,7.095538591982713,7.359149932861328,5455200
2000-10-30,7.381122011126894,7.754571636689861,7.381122011126894,7.611782073974609,5946800
2000-10-31,7.578824548160329,8.073095714344698,7.578824548160329,8.029160499572754,5991600
2000-11-01,8.171950456572741,8.215885674081198,8.029160999670262,8.106047630310059,8198800
2000-11-02,8.073095321655273,8.095062927972704,7.85341925848098,8.073095321655273,8152400
2000-11-03,8.029165244537182,8.040149054721228,7.787521420488184,7.831456661224365,4882800
2000-11-06,7.930308815482613,7.952276429929933,7.787519321575031,7.853422164916992,5913600
2000-11-07,7.853422299426769,7.919325143897483,7.699648995661769,7.787519454956055,4375200
2000-11-08,7.941290346694675,8.193917840434617,7.864403718165128,8.051128387451172,6719600
2000-11-09,7.776535922959006,7.776535922959006,7.1834103017163695,7.42505407333374,10795200
2000-11-10,7.359151944681326,7.359151944681326,6.974718634138271,7.018653869628906,10488400
2000-11-13,6.886844558268786,7.359148092567922,6.733071314543486,7.02963399887085,16034000
2000-11-14,7.271284539603331,7.545879877201644,7.271284539603331,7.348171234130859,9922800
2000-11-15,7.304229076951743,7.33718048632145,6.963731180131436,7.02963399887085,9367600
2000-11-16,7.029639190098025,7.11750967997425,6.985703945159912,6.985703945159912,5553200
2000-11-17,7.018649654037919,7.1943904904457545,6.99668204948694,7.172422885894775,9708400
2000-11-20,7.117504423856736,7.161439636349678,7.018650195747615,7.02963399887085,11953200
2000-11-21,7.051602398292928,7.062586202651639,6.831926311118693,6.9417643547058105,8480400
2000-11-22,6.908816006172144,6.963735052326135,6.820945532325757,6.8429131507873535,6603600
2000-11-24,6.842911042785644,6.897830072021485,6.831927236938476,6.8648786544799805,1386000
2000-11-27,6.897830900353697,7.20537750100641,6.897830900353697,7.007668972015381,7155200
2000-11-28,7.029636330800514,7.326199113506161,7.018652524033638,7.216361045837402,11791600
2000-11-29,7.216361248948192,7.216361248948192,7.073571756959871,7.194393634796143,12390400
2000-11-30,7.117506012343766,7.117506012343766,6.88684609527707,7.040619373321533,11540400
2000-12-01,6.9417663279836965,7.018652980350605,6.831928253173828,6.831928253173828,6176000
2000-12-04,6.831928323925554,7.150458744172887,6.798976901141348,7.106523513793945,9776000
2000-12-05,6.76602274981663,7.677678412535428,6.76602274981663,7.589807987213135,12908400
2000-12-06,7.578827818417879,7.732601136472734,7.106524055820822,7.150459289550781,12078000
2000-12-07,7.15045957610081,7.15045957610081,6.952751016392954,7.018653869628906,8729600
2000-12-08,7.029636586347717,7.117507043677064,6.95274993618454,7.007668972015381,8808000
2000-12-11,6.7220938644067045,7.381122674642657,6.634223356375244,7.348171234130859,22028800
2000-12-12,7.348167618990995,7.600795205294123,7.24931334608977,7.479973316192627,11352400
2000-12-13,7.534892151341635,7.600794998146373,7.392102649931371,7.42505407333374,7883600
2000-12-14,7.425052768080982,7.479971797430693,7.27127948590179,7.359149932861328,8133200
2000-12-15,7.205377239070526,7.337182920273037,7.051603944334265,7.216361045837402,9377600
2000-12-18,7.468991623711339,7.468991623711339,7.348169700386597,7.4580078125,7470000
2000-12-19,7.315215306739285,7.567842862377428,7.216361045837402,7.216361045837402,9176400
2000-12-20,7.07356882095337,7.249309661225503,6.996682203334311,7.073568820953369,10445200
2000-12-21,7.051608269524681,7.447025555666252,7.029640642516815,7.348171234130859,10028800
2000-12-22,7.370136274630765,7.512925800070705,7.194395320243146,7.293249607086182,7869600
2000-12-26,7.293244710925162,7.304228513200651,7.029633456313409,7.172422885894775,5842800
2000-12-27,7.172424574693044,7.414068281650543,7.084554135799408,7.38111686706543,8888000
2000-12-28,7.381119310594059,7.556860246560584,7.304232651108704,7.501941204071045,6379200
2000-12-29,7.567847855975119,8.051135672612137,7.479977343859297,7.8204755783081055,9348800
2001-01-02,7.930308953343823,7.974244183002237,7.820470879197787,7.864406108856201,5743200
2001-01-03,7.842442024428889,9.3142728805542,7.842442024428889,9.3142728805542,19596000
2001-01-04,9.072624766743266,9.753620814610194,8.984754308953985,9.42410659790039,30658800
2001-01-05,9.325249737508337,9.33623354167501,8.951800395841333,9.105573654174805,11739200
2001-01-08,9.105575439597988,9.105575439597988,8.50146609197689,8.677206993103027,11604400
2001-01-09,8.666224136794964,8.76507840451506,8.347693718585772,8.52343463897705,8467600
2001-01-10,8.2817902411184,8.874915802153405,8.2817902411184,8.852948188781738,10192800
2001-01-11,8.830980088445212,8.973769567487237,8.644255385082564,8.776061058044434,9900400
2001-01-12,8.776061541980903,8.885899608839239,8.743110121923404,8.852948188781738,6054800
2001-01-16,8.655237756594262,8.743108190671363,8.446545475661152,8.699172973632812,11900400
2001-01-17,8.694339405406605,8.694339405406605,8.452524655825131,8.463516235351562,7836400
2001-01-18,8.45251989364624,8.45251989364624,8.100789546966553,8.111781120300293,13853200
2001-01-19,8.089806871011223,8.089806871011223,7.694109795798718,7.804025650024414,17919200
2001-01-22,8.023852795970683,8.276659116939623,7.957903320935308,8.078810691833496,11980400
2001-01-23,8.155747413635254,8.41954517364502,8.045831680297852,8.41954517364502,6577600
2001-01-24,8.441534609271796,8.441534609271796,8.210711397299521,8.320627212524414,6853600
2001-01-25,8.35360087733115,8.694339860485446,8.199718755906629,8.518474578857422,6620800
2001-01-26,8.67235473237178,8.67235473237178,8.419548447397698,8.58442211151123,7066800
2001-01-29,8.668397141890972,8.802054418333526,8.64905185971068,8.758088111877441,4626000
2001-01-30,8.881199775279919,8.960339313392666,8.66488548502044,8.930441856384277,9050800
2001-01-31,9.0482690484889,9.50024277732224,9.032441146002125,9.399999618530272,18794800
2001-02-01,9.399995519790703,9.669069073867206,9.1537839597698,9.584653854370115,16895600
2001-02-02,9.602242308135995,9.644450262996834,9.44396398687139,9.468585014343262,15373200
2001-02-05,9.435169208975235,9.436927565970365,9.232923940034969,9.3384428024292,14122000
2001-02-06,9.338442358836264,9.433409733003488,9.188957199066492,9.194232940673828,11584400
2001-02-07,9.150267352828088,9.27689052827236,9.109818431977295,9.17840576171875,9973600
2001-02-08,9.19775242167263,9.206545549979785,8.717640370677108,8.793262481689453,11544000
2001-02-09,9.188959245615257,9.60224231175797,9.188959245615257,9.41054916381836,22994000
2001-02-12,9.232925309075249,9.505516303073414,9.190717355335504,9.496723175048828,21378400
2001-02-13,9.496722106933596,9.93638516743978,9.336684779744246,9.89241886138916,24401200
2001-02-14,9.892421466669614,10.200185690077111,9.862524692700385,9.920559883117676,22645200
2001-02-15,10.129837571141566,10.198425578379478,9.871316124139636,10.00497341156006,18168000
2001-02-16,9.93638801574707,10.038390197042702,9.742936482019692,9.93638801574707,21668000
2001-02-20,9.980353916231731,10.449913857760633,9.971560787043966,10.252944946289062,18081200
2001-02-21,10.129838031617894,10.187873885563675,9.542448075583511,9.551241874694824,14834800
2001-02-22,9.575861692791916,9.584654819920075,9.347237033096782,9.521343231201172,9111600
2001-02-23,9.521343236370328,9.688415335386452,9.32437437092771,9.598724365234377,14015200
2001-02-26,10.024322029996563,10.472778407690257,9.971562574539576,10.360224723815918,23458000
2001-02-27,10.24415407595427,10.35846679321966,10.054219223428316,10.112255096435549,19496400
2001-02-28,10.077077000190547,10.200182788711585,9.6725871272265,9.827348709106444,10567600
2001-03-01,9.88890761356164,9.91704604006214,9.3560358682015,9.674351692199709,10561200
2001-03-02,9.53189839639619,10.094667431661328,9.436930983327684,10.04190731048584,9834800
2001-03-05,10.041906387713398,10.279324898567772,9.989146942258898,10.050700187683104,12197200
2001-03-06,10.165012049540753,10.471017901812376,10.138632662660289,10.358464241027832,11756400
2001-03-07,10.534326454356078,10.991575736651772,10.52553265706872,10.954644203186035,19706800
2001-03-08,10.947611593450995,11.360894654332606,10.884299997378156,10.8878173828125,26226400
2001-03-09,10.843854105788312,11.070720498245803,10.551917741767657,10.986305236816406,14356000
2001-03-12,10.903648670983507,10.905407028810888,10.453433258538338,10.488606452941896,13828800
2001-03-13,10.551918086848389,10.622264475776532,10.170290704726357,10.483330726623535,14356400
2001-03-14,10.121045278814504,10.428809474691668,10.121045278814504,10.326807975769045,12388000
2001-03-15,10.490363724153076,10.81571420841482,10.490363724153076,10.67502212524414,14624400
2001-03-16,10.59588220371284,10.71898802324173,10.39363688085304,10.55543327331543,12955200
2001-03-19,10.578293254381943,10.815711033100984,10.47980848963958,10.77174472808838,10533200
2001-03-20,10.850886269954646,11.272962475629928,10.842093141458376,10.96871566772461,18232000
2001-03-21,10.968717134938952,11.061926187910952,10.726023535789375,10.912440299987791,18071600
2001-03-22,10.815710972381076,10.815710972381076,9.714794996229957,10.135112762451172,24016400
2001-03-23,10.13335554187855,10.13335554187855,9.707761957859098,9.830867767333984,17697600
2001-03-26,10.094662679047204,10.094662679047204,9.892417432086658,10.00673007965088,14936400
2001-03-27,10.008489286121176,10.37956499441558,9.786899412014558,10.30570125579834,20050000
2001-03-28,10.156218330432663,10.268771984677048,10.045423033529044,10.110493659973145,13191600
2001-03-29,9.93814388342557,10.358462347982751,9.725347115464594,10.314496040344238,15234400
2001-03-30,10.376051252561869,10.481570149493043,10.168530173840807,10.279325485229492,13693600
2001-04-02,10.173805516037747,10.191392445414277,9.938146029374344,10.10170078277588,11778400
2001-04-03,10.145667853459328,10.270532713252134,9.7956963187824,10.04190731048584,10559200
2001-04-04,10.02255991453805,10.080595092520342,9.80976247294265,9.91879940032959,11375200
2001-04-05,10.103458815447595,10.274047652915346,9.980353005435092,10.228322982788086,9088400
2001-04-06,10.18435455081524,10.286356697303711,9.918798371948885,10.085869789123535,9178000
2001-04-09,10.085870896417084,10.145665102781551,9.693691505301423,9.742934226989746,13475600
2001-04-10,9.75172958294611,10.200185897723175,9.75172958294611,9.999699592590332,12984000
2001-04-11,10.323290807498584,10.323290807498584,9.663796088163574,9.848454475402832,23846400
2001-04-12,9.67258645853865,9.67258645853865,9.275131382880794,9.584653854370115,18330000
2001-04-16,9.426377506102154,9.56707024838915,9.398239091819296,9.50551700592041,9928800
2001-04-17,9.549479519653122,9.549479519653122,9.197749145663154,9.28040599822998,10892800
2001-04-18,9.362240304647388,10.558917485395272,9.353441341006471,10.43572998046875,28080000
2001-04-19,10.259748384273866,10.41637222508767,10.224551857150804,10.375896453857422,10495200
2001-04-20,10.33014180273533,10.400534188145397,10.06616884698222,10.26150894165039,10979200
2001-04-23,10.259748746007324,10.558918230124435,10.08376677550525,10.26150894165039,12376400
2001-04-24,10.03097174914416,10.101364801875842,9.8901863149987,9.99577522277832,11636400
2001-04-25,9.960579872131348,10.206954914455748,9.89898644720924,9.960579872131348,10515200
2001-04-26,10.118965842428135,10.37589942270214,10.048572768040522,10.259751319885254,7874400
2001-04-27,10.4885297965093,11.08686902847828,10.409338411931904,10.928484916687012,23921200
2001-04-30,11.034068114711976,11.210050060173671,10.99007262834655,11.086862564086914,17055600
2001-05-01,11.086863873308673,11.417709486496596,11.025270453650794,11.38955307006836,18711600
2001-05-02,11.403633425765388,11.421231356140517,11.183655268168229,11.30332374572754,10103600
2001-05-03,11.262845259820178,11.264605455330043,10.92496022425816,11.072784423828123,11105600
2001-05-04,10.822894515509676,11.386036457310944,10.761301075412083,11.299805641174316,13436800
2001-05-07,11.250530414370358,11.29452591867454,11.08686708465336,11.17485809326172,9573600
2001-05-08,11.174855022589256,11.195972670883394,10.898563385185003,11.004152297973633,9499600
2001-05-09,10.968956145940815,10.968956145940815,10.664506757250434,10.685625076293944,8367600
2001-05-10,11.034071073514257,11.428271032433605,11.002394261131538,11.26988697052002,13861600
2001-05-11,11.269889019217814,11.419473471636625,11.21005510398666,11.299805641174316,7963200
2001-05-14,11.34204119464252,11.40363597869873,11.282207949445006,11.40363597869873,7397200
2001-05-15,11.43882918815634,11.729199736075204,11.43882918815634,11.581374168395996,17200400
2001-05-16,11.570818901062012,11.65001028044058,11.396597060847329,11.570818901062012,13371600
2001-05-17,11.609530526959777,11.95621521525297,11.570814279567625,11.913978576660156,8444800
2001-05-18,11.975572227846314,12.093479812047695,11.808388569858524,12.037165641784668,10625200
2001-05-21,12.318738740066005,12.969871536415102,12.248345678738431,12.75869369506836,28652800
2001-05-22,12.582711448132152,12.758693426427708,12.404969274115578,12.494720458984377,14610800
2001-05-23,12.31874179840088,12.424330745288485,12.213152851513277,12.31874179840088,12971200
2001-05-24,12.420806888806336,12.769250412954891,12.230746052378514,12.62846565246582,12731600
2001-05-25,12.672468431035382,12.888925611498438,12.600315142456658,12.639031410217283,9021600
2001-05-29,12.776292135137854,12.792131212321395,12.246585972215858,12.378572463989258,12310800
2001-05-30,12.301141240362773,12.454244710768094,12.116359615748602,12.230748176574709,10128800
2001-05-31,12.232503901501742,12.28353882052929,12.012526496711716,12.23602294921875,11148000
2001-06-01,12.183235092658458,12.248347576801931,11.987894954955678,12.19555377960205,9090000
2001-06-04,12.24834486357271,12.404968709718863,12.140995754285678,12.334575653076172,6002800
2001-06-05,12.450732033461936,12.62495391495302,12.406736513909069,12.52640438079834,11624400
2001-06-06,12.494723037532006,12.737577734349085,12.487683595831134,12.684783935546877,8974000
2001-06-07,12.617910599418032,13.022669792175297,12.591514369894275,13.022669792175291,9302000
2001-06-08,13.005073949428626,13.005073949428626,12.855489473317686,12.946999549865724,3255200
2001-06-11,12.939958830769594,12.99451283202672,12.637269515466103,12.653108596801758,6204000
2001-06-12,12.547516208250256,12.829087118880324,12.417288571192092,12.802689552307127,5725600
2001-06-13,12.714700104018894,13.017389373220093,12.653106669620083,13.005070686340332,9129600
2001-06-14,12.952271524127394,13.003306451818002,12.72525464273224,12.83436393737793,7001200
2001-06-15,12.829084033073768,12.855481593297505,12.628464723590476,12.73757266998291,8727200
2001-06-18,12.74989400998065,13.24088389899521,12.728777031508605,13.119457244873049,10579200
2001-06-19,13.170490605284025,13.393988469495556,13.170490605284025,13.36759090423584,12717200
2001-06-20,13.427433334500032,13.805793735023776,13.393996309423583,13.619253158569336,14161200
2001-06-21,13.55060947644272,14.029280571471237,13.515413625246486,13.88497543334961,14880800
2001-06-22,13.884979457124258,13.884979457124258,13.445024476496975,13.550613403320312,13540400
2001-06-25,13.691394365288351,13.69491341304497,13.126491201910058,13.286635398864746,13773600
2001-06-26,13.286640442553178,13.357033508127028,13.14585431140548,13.339435577392578,12172400
2001-06-27,13.33943982269183,13.443268586913998,12.94348021328967,12.945239067077637,13413200
2001-06-28,13.16345025372954,13.371109006173963,13.14585098481258,13.269039154052734,12086000
2001-06-29,13.270801820638123,13.270801820638123,12.76749324798584,12.76749324798584,14451600
2001-07-02,13.075462871009108,13.75827253376704,12.952274667933944,13.0473051071167,8318600
2001-07-03,13.170494048053484,13.195132766669476,13.008590908005097,13.022669792175291,5182600
2001-07-05,13.11065841146525,13.11065841146525,12.684782312815408,12.741096496582031,7109600
2001-07-06,12.758694850334866,12.758694850334866,12.107561995027387,12.177953720092772,9700600
2001-07-09,12.19203267274646,12.251867250561764,12.030129555940976,12.107562065124512,9166200
2001-07-10,12.336336089154658,12.459524276339302,11.790792239153827,11.878783226013184,8833400
2001-07-11,11.878785567854228,12.213151652365507,11.843589703226169,12.156837463378906,11018400
2001-07-12,12.21315091005957,13.040265762273176,12.21315091005957,12.87484359741211,11957000
2001-07-13,12.600310507877817,12.825567245483398,12.459525718192358,12.825567245483398,7704800
2001-07-16,12.80797018928502,13.043786775632558,12.723499578232284,12.779813766479492,8256000
2001-07-17,12.77981310490456,12.92763733791248,12.600310716096562,12.839646339416504,4580800
2001-07-18,12.874852714288098,13.487604776041977,12.874852714288098,13.3819580078125,14948200
2001-07-19,13.82216234637942,13.82216234637942,13.54043701308947,13.642562866210938,9988400
2001-07-20,13.874993512842469,13.952467179415006,13.713000188104164,13.7693452835083,8844600
2001-07-23,13.822166064308483,13.839773650492932,13.427750491611429,13.484095573425291,5269600
2001-07-24,13.536922620486248,13.593267720150283,13.033337704513176,13.1178560256958,6176000
2001-07-25,13.13545839834098,13.505223051928288,13.082635644041424,13.473528861999512,9279600
2001-07-26,13.487621575671714,13.822171211242676,13.406625574364758,13.822171211242676,8482400
2001-07-27,13.716520208017936,13.769342970438446,13.60030771262175,13.698912620544434,4952600
2001-07-30,13.702422446908695,13.889065140271615,13.702422446908695,13.808069229125977,4602800
2001-07-31,13.66369433453801,13.748212624198544,13.24110557298062,13.445357322692873,9174400
2001-08-01,13.311538980214404,13.34675549853674,13.005162659360552,13.07207202911377,8939200
2001-08-02,13.27631263655416,13.311527781878906,12.976978527807068,13.188273429870604,6866600
2001-08-03,13.100238095885675,13.167147429131138,12.818512819888882,13.005155563354492,4592600
2001-08-06,13.205886957454654,13.209407936226167,12.677651479156468,12.822035789489746,7661800
2001-08-07,12.734000345760291,13.029812355678166,12.660047679123998,12.81851863861084,8441400
2001-08-08,12.888953242975353,13.117855964947855,12.536796035862658,12.600184440612791,7957000
2001-08-09,12.603695142690135,12.832596310212196,12.378314952908216,12.638910293579102,7362600
2001-08-10,12.677653121375192,12.783299962045492,12.46283711743452,12.716390609741213,4438800
2001-08-13,12.71286676069112,12.959376921571344,12.593133330742,12.836122512817385,6272200
2001-08-14,12.871337591200364,13.25166778153657,12.871337591200364,13.093196868896484,6768800
2001-08-15,13.18124163119253,13.241107699144942,12.77626038980168,12.846692085266112,3587400
2001-08-16,12.836120609644968,12.839641587927764,12.46635609483464,12.712864875793455,5052600
2001-08-17,12.624829748635694,12.624829748635694,12.265630738566308,12.33958339691162,4517200
2001-08-20,12.371277294635089,13.33970916272076,12.371277294635089,13.32562255859375,13159400
2001-08-21,13.37845426388252,13.734132488526791,13.241111810563702,13.610877990722656,16056200
2001-08-22,13.734121273161138,13.80455293297999,13.424222775981498,13.663689613342283,9036600
2001-08-23,13.758767113035958,13.765810410775243,13.149535963990372,13.188273429870604,6548600
2001-08-24,13.27631851173392,13.839769146504244,13.17067168563602,13.804553985595703,8787800
2001-08-27,13.698912573457498,13.804559441308191,13.381970626532604,13.561570167541504,5812600
2001-08-28,13.81159760181939,13.822161881658715,13.424224106118944,13.579174041748049,7246800
2001-08-29,13.593258779836493,13.624952961513005,13.202365663655824,13.24814510345459,8707400
2001-08-30,13.311531059500764,13.39957028786171,12.765688112337296,12.853727340698242,11892200
2001-08-31,12.941766961840823,13.188277077407442,12.927680362466262,13.100237846374512,8571800
2001-09-04,13.135450477913505,13.462956461906751,12.948807773859729,13.153058052062988,6948400
2001-09-05,13.026293951545329,13.026293951545329,12.554403302973478,12.91712474822998,7643800
2001-09-06,12.924160873571438,12.99107021325255,12.1494152825326,12.255062103271484,12367600
2001-09-07,11.621176958084106,11.691608602262022,10.737263114912366,11.269020080566406,26601400
2001-09-10,11.269025472981742,11.44862497537348,10.916868426951062,11.21972370147705,12585600
2001-09-17,10.564710635108806,10.564710635108806,9.96956508125887,9.994215965270996,13264600
2001-09-18,10.082254412231295,11.103510229096198,10.082254412231295,10.180858612060549,16219400
2001-09-19,10.184382420211069,10.476672759404307,9.71249189596854,10.282986640930176,11244000
2001-09-20,9.966040262484269,9.98364851095728,9.420197321854925,9.916738510131836,12790000
2001-09-21,9.032826243684957,9.930826929891818,8.800402694710504,9.4730224609375,16588200
2001-09-24,9.902659637057155,10.444981314306975,9.863922134508428,10.367506980895996,10918800
2001-09-25,10.371023360671863,10.793611334923233,10.212552450523765,10.733744621276855,12070400
2001-09-26,10.73374965683394,10.885177337196051,10.525976886804967,10.737271308898926,10885600
2001-09-27,10.723185156638232,10.776008593177613,10.44850234627244,10.70557689666748,7866400
2001-09-28,10.705574693240532,11.156335980419296,10.547104416238824,11.145771026611328,8846200
2001-10-01,11.004910820659743,11.004910820659743,10.564714387833355,10.737271308898926,9879400
2001-10-02,10.881656488361626,11.184511871441147,10.740793753796677,11.180990219116213,9473000
2001-10-03,11.180982819829728,11.952206033079612,11.092943585027918,11.871210098266602,11859000
2001-10-04,11.959254810260834,11.959254810260834,11.374674077180885,11.402847290039062,7816800
2001-10-05,11.409887488851858,11.550749484698848,11.004906396125495,11.37467098236084,8799000
2001-10-08,11.23381135153578,11.371153077232051,11.04012521528148,11.08942699432373,6537600
2001-10-09,10.987303011021574,11.040126447560954,10.70557689666748,10.70557689666748,9306400
2001-10-10,10.652750018923538,11.265503162550182,10.645706717210466,11.198593139648438,8783600
2001-10-11,11.65639721485187,12.057857359523684,11.350020973340126,11.973339080810549,12605000
2001-10-12,11.973335111106223,12.216322898864746,11.631742473645618,12.216322898864746,9426000
2001-10-15,12.043772924659171,12.184634956717238,11.899388569360346,12.149419784545898,8258800
2001-10-16,11.624702420449172,12.237456214806809,11.624702420449172,12.2198486328125,22655800
2001-10-17,12.30794131309668,12.367841899081007,11.821683883666992,11.821683883666992,9809800
2001-10-18,11.839300064330782,12.121189249219766,11.715974554052291,11.927390098571776,9023000
2001-10-19,11.927389030464209,12.13880590019839,11.733591241318225,12.121188163757324,5143000
2001-10-22,12.033097849551163,12.237466006843505,11.804063248854842,12.114140510559082,6416200
2001-10-23,12.223370530067514,12.579254958895351,12.022525394648644,12.329079627990724,8189000
2001-10-24,12.329087957336528,12.473555632065144,12.071863745703409,12.08595848083496,4873800
2001-10-25,11.94500824616273,12.332603828838806,11.6631190833287,12.318509101867676,9999000
2001-10-26,12.31851072915894,12.336128468126608,12.103570818970368,12.244515419006348,6235800
2001-10-29,12.06833564178358,12.06833564178358,11.885108194829622,11.913297653198242,5825600
2001-10-30,11.82520660257452,11.82520660257452,11.416468900152372,11.557412147521973,8489400
2001-10-31,11.627883508537204,12.244513694595994,11.627883508537204,12.01547908782959,10320000
2001-11-01,12.10357466716636,12.51231252424754,11.874541299473451,12.374892234802246,7724800
2001-11-02,12.42069518272141,13.248740990577256,12.38898271572304,12.966853141784668,13768000
2001-11-05,13.121895260211408,13.57996328003448,13.121895260211408,13.509490966796877,9176400
2001-11-06,13.495399461391145,13.847759767663224,13.213511485203057,13.8301420211792,11896600
2001-11-07,13.745569969685826,13.900609308455644,13.601102350289574,13.703287124633787,8697200
2001-11-08,13.847748507097052,14.076783057589164,13.727946046618332,13.738517761230469,10155800
2001-11-09,13.777280858929435,13.777280858929435,13.505964735503497,13.537675857543944,9500000
2001-11-12,13.643383104042076,13.88298807258268,13.24873883577104,13.80899143218994,5783400
2001-11-13,14.094403539289178,14.446763627771409,14.020408243303203,14.341055870056152,13030800
2001-11-14,14.499619077014408,14.869596924013004,14.47847698650269,14.820266723632812,11999200
2001-11-15,14.746271581137949,15.021113409200195,14.580663226440434,14.696941375732422,12349800
2001-11-16,14.538382083231015,14.64056686960855,14.045078581805878,14.217734336853027,14870400
2001-11-19,14.534856067307192,15.186721801757812,14.450289040581689,15.186721801757812,18546200
2001-11-20,15.18672021680588,15.18672021680588,14.703987242039084,14.820266723632812,10958400
2001-11-21,14.83436166133806,14.83436166133806,14.37629373874956,14.781508445739746,6624600
2001-11-23,14.86960114902106,15.112729210325393,14.820270934624313,15.109206199645996,3016000
2001-11-26,15.116245056815314,15.243093532088585,14.80616786980485,15.088055610656738,9062600
2001-11-27,15.08806385753215,15.366428741837046,14.908360744562318,15.20081901550293,15138600
2001-11-28,15.200820175816698,15.433377874901534,15.063399900559425,15.394618034362791,11790000
2001-11-29,15.380526870990908,15.468616941628548,15.11977967047846,15.33471965789795,12745200
2001-11-30,15.433377952373238,16.050008360754628,15.422807575499652,15.965442657470703,16774200
2001-12-03,15.877347347244491,16.152187808227346,15.82096978232116,16.050003051757812,11657400
2001-12-04,15.997143981420171,16.039426803588867,15.782204173830392,16.039426803588867,14768000
2001-12-05,16.13457058226944,16.610256217367926,16.074668661558256,16.490453720092773,10939800
2001-12-06,16.455214714310532,16.455214714310532,16.215609771170058,16.310747146606445,8111000
2001-12-07,16.20504726524543,16.437604958918566,16.17685780218319,16.31780242919922,5863000
2001-12-10,16.27903957615391,16.296657315232803,16.074670039226216,16.102859497070312,7252800
2001-12-11,16.102860856014605,16.26142320940062,15.8914439367841,16.035911560058594,6905200
2001-12-12,16.0711459818078,16.328368719210488,16.039433515873373,16.257896423339844,5853000
2001-12-13,16.187427848677498,16.205046934805914,15.947822794124622,16.060579299926758,6462400
2001-12-14,16.205040433357063,16.257893638094988,15.944293386550122,16.169803619384766,7197800
2001-12-17,15.961910547622344,16.2966528755164,15.958387538425276,16.15570831298828,5495000
2001-12-18,16.34950681482348,16.50806776159052,16.032382232995573,16.127519607543945,7654200
2001-12-19,16.15570917748846,16.303701110476805,16.05000142200938,16.296653747558594,6614200
2001-12-20,16.419979238259682,16.63139609336488,16.222658453137942,16.296653747558594,4965600
2001-12-21,16.522173958391832,16.73711395263672,16.314281331319485,16.73711395263672,7406200
2001-12-24,16.740626245122957,16.825193252897275,16.68424868798908,16.694820404052734,2346600
2001-12-26,16.694820404052734,17.223360506237988,16.56092320180465,16.694820404052734,6219600
2001-12-27,16.842814444502395,16.842814444502395,16.183901358229097,16.43760108947754,7924200
2001-12-28,16.508067328447503,16.553874509986723,16.39178921425948,16.469308853149414,5101600
2001-12-31,16.384745530265526,16.525690115496573,16.2473252989462,16.3530330657959,4748200
2002-01-02,16.215610664638422,16.250846134157676,15.683546203527474,15.986576080322266,9312200
2002-01-03,15.961913987638209,16.03238628409003,15.34176073598611,15.591936111450195,12420000
2002-01-04,15.750493432891863,15.993621366967757,15.68706852067262,15.856201171875,9932800
2002-01-07,16.03239257207654,16.071152417534215,15.623654705323574,15.66241455078125,7434400
2002-01-08,15.697646613186112,15.919633915151673,15.52146651350019,15.581368446350098,6451600
2002-01-09,15.66945720576303,15.680027580746485,15.204341888427734,15.204341888427734,9195800
2002-01-10,15.3452843406694,15.412233629759609,15.119774058601411,15.214911460876465,6679000
2002-01-11,15.21843488457786,15.306524924913996,14.65818217427414,14.809697151184082,13822000
2002-01-14,14.971782322084117,15.169103132085713,14.851979825662916,15.06691837310791,9383200
2002-01-15,15.151486782800582,15.165581511705524,14.563045964566257,14.799126625061035,14700200
2002-01-16,14.79911772680541,14.79911772680541,14.464216028744383,14.471266746520996,10071400
2002-01-17,14.50652551000226,14.80969841381937,14.153997564143516,14.70041561126709,16542800
2002-01-18,14.488896893756742,15.37021668887059,14.488896893756742,15.299712181091309,16112000
2002-01-22,15.30676801058664,15.669872833742684,15.24683888474592,15.475982666015623,9610400
2002-01-23,15.44072186261001,15.860230927305006,15.338488448122389,15.757997512817385,9332000
2002-01-24,15.828505054752462,15.997718304693835,15.447774233793846,15.726271629333496,12547400
2002-01-25,15.599359687713696,15.842603456347865,15.44072186261001,15.757997512817385,11677800
2002-01-28,15.846134112094576,16.1810359861907,15.687496240702975,16.142257690429688,7773000
2002-01-29,16.142253943659597,16.339668720202752,15.38784440235584,15.423096656799316,8792600
2002-01-30,15.475973811613184,15.81087420753781,15.264456285738222,15.78972339630127,9318600
2002-01-31,15.824978024002222,16.307940895126304,15.800301177324974,16.2409610748291,6730400
2002-02-01,16.269170658051387,16.322049060669915,16.05765301321375,16.110532760620117,8305400
2002-02-04,16.39255439564038,16.618172133446592,16.233916503499206,16.34320068359375,11751000
2002-02-05,16.371401370681745,16.54061466517084,16.18103725487384,16.216289520263672,9053800
2002-02-06,16.28679647061381,16.28679647061381,15.881388667938849,15.920166969299316,6242800
2002-02-07,15.920163166751212,16.075274990356654,15.334966786838088,15.36316967010498,9660800
2002-02-08,15.334958117241005,15.951881719658743,15.24682617403847,15.934255599975586,8540200
2002-02-11,15.881384800938072,16.240963492197,15.86728335937008,16.085851669311523,6432800
2002-02-12,15.997719755571778,16.128154728750133,15.913112450534133,16.05059814453125,3332800
2002-02-13,16.04002519055512,16.42428079286762,16.04002519055512,16.272693634033203,7898200
2002-02-14,16.463053717482733,16.551185695258564,16.149304091766737,16.258586883544922,5056000
2002-02-15,16.34672406787303,16.35730082303024,15.97304522374788,16.07527732849121,6650400
2002-02-19,15.89196511611279,16.357302033845013,15.814408514894824,15.846136093139648,5885800
2002-02-20,15.828504660882272,16.2127601599752,15.768574213243092,16.16693115234375,6601000
2002-02-21,16.16693419005473,16.558240482676617,16.029448486114624,16.043548583984375,6419600
2002-02-22,15.955414116424476,16.233911514282227,15.659290590365414,16.233911514282227,8512200
2002-02-25,16.568811184059015,16.84378251380298,16.445426957837288,16.74155044555664,14238200
2002-02-26,16.74155776266417,16.81558833075319,16.18456279562227,16.38197898864746,12958000
2002-02-27,16.727459202529893,16.745085339192492,15.86376505818236,15.937795639038086,11374800
2002-02-28,15.916637734113324,16.107001808109143,15.31733994060352,15.951889991760254,15018800
2002-03-01,15.867273269553891,15.951880520373594,15.229198909402394,15.507696151733398,11386800
2002-03-04,15.08819752442069,15.264461517333984,14.696891244987162,15.264461517333984,23106000
2002-03-05,14.982438998276104,15.052944862519611,14.577031287466571,14.682790756225586,15313400
2002-03-06,14.77092345725242,15.15870371196916,14.753295981757285,15.155179023742676,8448200
2002-03-07,15.334966210784076,15.451301082708683,14.827326434136772,15.179854393005373,10757000
2002-03-08,15.440726027986011,15.521807306070338,14.975389178674831,15.070571899414062,9100200
2002-03-11,14.894304275512695,15.02826525855478,14.665160594897594,14.894304275512695,9337400
2002-03-12,14.823792662894682,15.4935959729977,14.774438989583528,15.3772611618042,7568000
2002-03-13,15.331442945411196,15.528857760030544,15.116400655382922,15.504180908203123,7477400
2002-03-14,15.475976177016149,15.789725809658838,15.377267445272674,15.430147171020508,6770400
2002-03-15,15.58878419059401,15.80735111236572,15.317337545831895,15.807351112365724,8982000
2002-03-18,15.895490149678531,15.906065561060265,15.363173375122376,15.451305389404297,7145600
2002-03-19,15.475983683982593,15.842611875426904,15.475983683982593,15.648721694946287,7017200
2002-03-20,15.440727977070283,15.94131849620831,15.405475710770713,15.824983596801758,7771400
2002-03-21,15.757996377847244,15.951886441325824,15.659287657788212,15.803825378417969,8082000
2002-03-22,15.757995122377467,16.075269379668075,15.641660286686662,15.87432861328125,6439600
2002-03-25,16.022394742158696,16.022394742158696,15.483026092961882,15.497127532958984,6418400
2002-03-26,15.408997354929312,15.599362782824644,15.282087069665756,15.49360466003418,7983600
2002-03-27,15.5394337622898,15.56411061292312,15.334966891570856,15.405472755432127,8519800
2002-03-28,15.511233445341636,15.511233445341636,15.091725570375294,15.33144474029541,8737400
2002-04-01,15.158702019018776,15.324390587698163,15.045893181343956,15.23978328704834,8608800
2002-04-02,15.239784538652296,15.31734112521854,15.126975691712778,15.144601821899414,8368400
2002-04-03,15.123451598432643,15.282088121139475,14.770923601683982,14.82380199432373,8290200
2002-04-04,14.964806100070902,15.193948374240549,14.947179978178914,15.067039489746094,5625400
2002-04-05,15.299713449060398,15.493603551096696,15.26445984746182,15.334965705871582,6824400
2002-04-08,15.334965777764545,15.616987867938366,15.264459919024238,15.581735610961914,3834400
2002-04-09,15.581733471209477,15.828503270519327,15.511227622151344,15.807351112365724,5028200
2002-04-10,15.821462061234522,15.955421775700684,15.698076415020289,15.937795639038086,6709000
2002-04-11,15.937794434535068,16.110533788264963,15.528861908843073,15.564115524291992,5818400
2002-04-12,15.599356435934553,15.934258142499576,15.52885060116503,15.786195755004885,4754000
2002-04-15,15.786207250074524,15.789733284013378,15.451306644431297,15.564115524291992,3474000
2002-04-16,15.599358815505267,15.927209854125977,15.458347124455896,15.927209854125977,5264000
2002-04-17,15.863738235084451,15.863738235084451,15.53221550704512,15.58511734008789,4662800
2002-04-18,15.74734449533818,15.796720050603351,15.535733242995043,15.71560287475586,6104600
2002-04-19,15.726188194855924,15.85315471939681,15.690920313764977,15.694446563720703,3515800
2002-04-22,15.800250138181417,15.93074290099832,15.539264612547608,15.638015747070312,4852200
2002-04-23,15.726184835827262,15.831989801884152,15.553369026473934,15.609798431396484,3798600
2002-04-24,15.729712650280776,15.817883688332536,15.200686421970213,15.288857460021973,5923800
2002-04-25,15.059614567159215,15.394664803055054,15.02787293753996,15.306493759155272,7288800
2002-04-26,15.394656573823813,15.465192294932,15.09487437758346,15.119562149047852,4728200
2002-04-29,15.165410524960944,15.186572047240473,14.992594789801204,15.01023006439209,4452600
2002-04-30,14.989078580146076,15.186582217540163,14.81273647920318,14.91501522064209,8824800
2002-05-01,14.95027354713856,15.13014312855055,14.724556017461444,15.052552223205566,6888400
2002-05-02,15.130152131357358,15.401717770887728,15.077248965255732,15.33823585510254,6180800
2002-05-03,15.3382315318221,15.48988445144238,15.183049672535171,15.380553245544434,6116600
2002-05-06,15.306492023731089,15.334706054980812,14.7774658203125,14.7774658203125,5050400
2002-05-07,14.777464359090445,14.971440345419923,14.618756244681569,14.717507362365724,8044400
2002-05-08,14.90090846656232,15.049035194883691,14.682244624352112,14.848005294799805,6382400
2002-05-09,14.865639050303754,15.257117368544373,14.840951264794436,15.09488296508789,10143000
2002-05-10,15.112513165781904,15.112513165781904,14.661077947738866,14.742195129394531,4307000
2002-05-13,14.724563129714632,14.809207916919943,14.555274900687255,14.692821502685549,4970200
2002-05-14,14.90090633392334,15.475781913572572,14.90090633392334,15.429932594299316,7321400
2002-05-15,15.288854083563784,15.606270288603833,15.288854083563784,15.521625518798828,5882800
2002-05-16,15.426403010902517,15.592163621805614,15.359392171357186,15.398187637329102,4058400
2002-05-17,15.486354803595887,15.800243356795049,15.40523764285542,15.78613567352295,6137400
2002-05-20,16.343390317974176,16.639645180203285,16.329282623252833,16.505624771118164,19831000
2002-05-21,16.54088454067937,16.629055564146995,16.258736189276537,16.269317626953125,17056600
2002-05-22,16.135299987211265,16.58673527217781,16.135299987211265,16.569101333618164,12719600
2002-05-23,16.66432374715805,16.9323630715459,16.565572629549326,16.928836822509766,10017200
2002-05-24,17.24625009978017,17.630675757320912,16.90767239877874,16.964101791381836,12197800
2002-05-28,16.999383049649957,17.055812482243148,16.364551596630623,16.92531967163086,14174200
2002-05-29,16.787769275839572,17.14398111144206,16.78071677498135,16.942951202392578,12505400
2002-05-30,16.844192041563378,16.957052191433274,16.74896851840137,16.89004135131836,11049200
2002-05-31,16.77012636819578,17.03463940663856,16.13529534500968,16.632579803466797,24944000
2002-06-03,16.57614799625966,16.629051134400797,15.955424748368106,15.958950996398926,9557000
2002-06-04,15.994223574813551,16.294005870379053,15.870784676593283,16.223468780517578,11626600
2002-06-05,16.32928201208485,16.840674490830814,16.31164806703508,16.727815628051758,11320200
2002-06-06,16.8406668798837,16.8406668798837,16.223469664390578,16.346908569335938,7970800
2002-06-07,16.329274632255622,16.473875068927256,16.057707695992672,16.346908569335938,8403600
2002-06-10,16.523257253081614,16.791298047506913,16.47740926737451,16.576160430908203,5935400
2002-06-11,16.787761783965813,17.119285682464547,16.625527428954904,16.62905502319336,9195600
2002-06-12,16.50561943050186,16.861831207347628,16.435082325102197,16.752498626708984,9320800
2002-06-13,16.681956364148792,16.801869002642686,16.241101273418735,16.50914192199707,6921400
2002-06-14,16.50914761160795,16.540889242895073,16.050657082930964,16.51972770690918,9292400
2002-06-17,16.523258019451934,16.92884548057761,16.435086949240592,16.854782104492188,9704600
2002-06-18,16.823024566081394,16.840658494381213,15.888411566983685,15.941314697265623,17214400
2002-06-19,15.94132607021148,16.39276141458817,15.88842290218708,16.00128173828125,10527000
2002-06-20,16.188203937134247,16.311642858450266,15.662703931996043,15.729713439941406,8182400
2002-06-21,15.606280318894934,15.94133067391408,15.588646372922105,15.659183502197266,7596600
2002-06-24,15.51810347614728,16.047129731015936,15.42993243366917,15.729713439941406,10775400
2002-06-25,15.95896461988691,16.223477845630892,15.53574318961977,15.659183502197266,7411000
2002-06-26,15.377017624393034,15.76497072471418,15.28884664869036,15.662692070007324,10810000
2002-06-27,15.800248095257173,16.131772024661167,15.3417590144759,16.117664337158203,9881800
2002-06-28,15.976588770743962,16.24110183431715,15.712075707170774,16.011857986450195,9180800
2002-07-01,16.01187072184042,16.209373105351094,15.58864921442827,15.645078659057615,6316600
2002-07-02,15.64507351101269,15.729716977412556,15.21832589233896,15.447569847106934,9887200
2002-07-03,15.412292442763846,15.560419090182585,14.742192244885189,15.535731315612791,11367600
2002-07-05,15.69444587074663,16.15293503160188,15.690919620946604,16.114139556884766,3432400
2002-07-08,16.188195208959105,16.375117287707415,15.891940612148655,16.311634063720703,6562600
2002-07-09,16.286948232448538,16.34690387036379,15.623901894834956,15.747342109680176,8144400
2002-07-10,15.747347968180163,15.923690044664228,15.147784639057695,15.20068645477295,10399000
2002-07-11,14.996131790928354,15.43345942934239,14.311924952566573,15.235957145690918,14828800
2002-07-12,14.460045840926176,14.710451189913742,13.871064131725882,14.17084503173828,28962000
2002-07-15,14.07208740736944,14.460039138793944,13.416095172641043,14.460039138793944,16852200
2002-07-16,14.14263070164174,14.287231116861731,13.155115572428413,13.260920524597168,23030600
2002-07-17,13.585568949282106,13.867866216670654,12.886882707708114,13.476178169250488,15930600
2002-07-18,13.40913153903136,13.934911236398168,13.275039846733211,13.356200218200684,11299800
2002-07-19,12.96804024976898,13.197407486503916,12.650455052151262,12.713972091674805,10426000
2002-07-22,12.438734983725269,12.826893551160572,11.891783785575694,12.32228660583496,15631000
2002-07-23,12.325812170536125,12.791602842205757,11.99764128648264,12.075273513793944,13539800
2002-07-24,11.66241039184184,13.236217982494756,11.538905824944862,13.23268985748291,16798800
2002-07-25,13.049197766874482,13.049197766874482,12.14231743443248,12.378742218017578,15170600
2002-07-26,12.421085566128946,12.932749860363444,12.174075077936548,12.55870532989502,11605200
2002-07-29,12.685743054072352,13.320912103704645,12.685743054072352,13.285625457763672,10378000
2002-07-30,13.197407320468654,13.606738599971038,12.915108772315916,13.440888404846191,10835000
2002-07-31,13.444418188852204,13.462062859862034,12.915110364943072,13.356200218200684,10536400
2002-08-01,13.144477377865623,13.267981995996424,12.35051565705495,12.50225067138672,8837200
2002-08-02,12.31522619087812,12.368156152498498,11.468333343961346,11.821205139160156,14980200
2002-08-05,11.842377380094254,12.244650992515446,11.810618866161054,11.870606422424316,9180400
2002-08-06,12.068221803928772,12.879827076516724,12.032933798799007,12.579886436462402,10570000
2002-08-07,12.77396184911106,12.900995936552173,12.491664624852673,12.87276554107666,11178600
2002-08-08,12.84100674525496,12.844536217663771,11.85649393469016,12.428147315979004,18836400
2002-08-09,12.251711691455585,12.491664669456853,12.114091878269424,12.294055938720703,11178200
2002-08-12,11.9623539523074,12.27993774855598,11.88119225785266,12.223478317260742,9592400
2002-08-13,12.10349711840964,12.844528378372576,12.068210492453618,12.167014122009276,8287400
2002-08-14,12.315222649317516,12.98567805972903,12.20936006432214,12.968034744262695,10946000
2002-08-15,13.020970942561318,13.447945529768168,13.010383872413769,13.387956619262695,8891600
2002-08-16,13.303268155110311,13.303268155110311,12.911580211529175,12.982154846191406,8163800
2002-08-19,13.938434333336062,14.503028603335425,13.624378686517735,14.46774196624756,23697200
2002-08-20,14.467749550229028,14.87355281995579,14.397174892959203,14.820621490478516,16457000
2002-08-21,14.997064067769111,15.215844390202625,14.855914691044138,15.117040634155272,14705000
2002-08-22,15.173484481219786,15.596930828985222,15.035864721068258,15.529884338378906,10856600
2002-08-23,15.491069342768002,15.508712659885743,15.03233502111385,15.109967231750488,9733800
2002-08-26,15.173489886379857,15.30052397057195,14.845318950916718,15.268765449523926,9885200
2002-08-27,15.29699554077291,15.40991443528445,14.732401068215202,14.81356143951416,8176600
2002-08-28,14.555954768097532,14.721804865297662,14.32305954565191,14.485380172729492,7623000
2002-08-29,14.361875640409254,14.65828786407627,14.256014420406416,14.485380172729492,7663600
2002-08-30,14.43245412298729,14.873543780216744,14.407753209870345,14.601832389831545,5861800
2002-09-03,14.513614778501312,14.644176943013274,14.203087276055042,14.478326797485352,9420200
2002-09-04,14.467749834917557,15.000585882895306,14.379531848119278,14.915897369384766,13063600
2002-09-05,14.55596455633662,15.173490325393324,14.53832123215487,14.919422149658203,9703200
2002-09-06,15.26170763589264,15.614579488745647,15.247592438714689,15.536947250366213,13790200
2002-09-09,15.526360302092185,15.59693493632153,15.173488477044632,15.55811882019043,11203600
2002-09-10,15.646338038331724,15.741613600310457,15.385212274453066,15.70985507965088,8767200
2002-09-11,15.639273030455035,16.16152296469151,15.618100244679724,15.949800491333008,8127400
2002-09-12,15.868646143329608,15.872174269238675,15.374625057911755,15.416969299316406,7728200
2002-09-13,15.314634274918882,15.868642807006836,15.28993336045118,15.868642807006836,6355200
2002-09-16,15.868644295842785,16.126240532387765,15.773368754200282,16.045080184936523,7557600
2002-09-17,16.21092910584389,16.23210189726205,15.547531127929688,15.547531127929688,8613400
2002-09-18,15.459309770297116,15.896869927558528,15.22641450050347,15.81218147277832,12062200
2002-09-19,15.59693060518183,15.681619065860406,15.226415560990729,15.279345512390137,7073000
2002-09-20,15.279350980712197,15.399327464694204,14.922951001115257,14.958237648010254,9860000
2002-09-23,14.91236117735544,14.91236117735544,14.27366410220368,14.573604583740234,11778000
2002-09-24,14.577131518317458,14.63359094076001,13.970191717485916,14.330121040344238,10331000
2002-09-25,14.555966998929264,14.82062094436434,14.23838172596734,14.690058708190918,13522600
2002-09-26,14.778269829284993,15.427553927837026,14.690051888427917,15.40285301208496,12331600
2002-09-27,15.349917590684594,15.50871011084243,14.9582298229948,14.989988327026367,11953800
2002-09-30,14.866488682373197,14.870016807940432,14.354824324785838,14.608892440795898,14580200
2002-10-01,14.608900837170486,14.92648481861344,14.04077672128833,14.89119815826416,17045600
2002-10-02,14.873552338639753,14.933539920413113,14.3442444453942,14.52773666381836,10999400
2002-10-03,14.203092550575333,14.421872729726068,13.934910525755008,14.079587936401367,12836800
2002-10-04,14.29130262674346,14.361877229922404,13.444410080793295,14.065464973449709,17290400
2002-10-07,13.973724923090783,14.097230880031567,13.172706996605788,13.222108840942385,16911600
2002-10-08,13.40913570105026,14.203097683349288,13.275043967131806,13.885512351989746,16674000
2002-10-09,13.726710817268469,13.761997451782229,13.017437887092044,13.23268985748291,13632000
2002-10-10,13.013913686937771,13.384428845470948,12.876293886291096,13.077430725097656,17375000
2002-10-11,13.426772283975582,13.956080006177768,13.331496732447292,13.726714134216309,12719800
2002-10-14,13.67378044240883,14.35482303406704,13.585562504070708,14.012537002563477,8584000
2002-10-15,14.644174147605604,15.067620416274156,14.608887519424298,14.81002426147461,14450000
2002-10-16,14.817094820781142,14.824155785053811,14.499358162217089,14.771199226379396,9665600
2002-10-17,15.357233850579512,15.357233850579512,14.912404221266335,15.092453956604004,11433400
2002-10-18,15.092460109629988,15.586716651916504,14.901818185027413,15.586716651916504,9209600
2002-10-21,15.374897156968396,15.731468436989156,15.004205295486956,15.674982070922852,9752200
2002-10-22,15.586719486046336,15.819725876236742,15.110114587878932,15.268982887268066,9023600
2002-10-23,15.180722870578656,15.445502920646888,15.000673029098287,15.268982887268066,9856600
2002-10-24,15.533760245143489,15.816191980252492,15.357240242357763,15.470212936401367,12640800
2002-10-25,15.374895547438092,15.604372143101475,15.297227643940886,15.480807304382324,7985600
2002-10-28,15.569066037993544,15.576127000771024,14.975958632094653,15.08540153503418,6340600
2002-10-29,15.007731014806636,15.512578363160884,14.668812910758437,15.431379318237305,10758600
2002-10-30,15.434918478915897,15.434918478915897,15.021860731123756,15.163077354431152,8212400
2002-10-31,15.163071105022864,15.28310478134022,14.615859272035884,14.732361793518066,8500800
2002-11-01,14.735894214881316,14.919473879859456,14.386383926912934,14.862987518310549,12728400
2002-11-04,14.89828900266777,14.997139776576343,14.51700513746477,14.545248985290527,9127800
2002-11-05,14.49230011956872,14.79238510131836,14.439344896959843,14.79238510131836,7457000
2002-11-06,14.862976692398028,14.880629761751036,14.36166076714317,14.700578689575195,9228200
2002-11-07,14.55937549092359,14.6652872601182,14.040406071106425,14.111014366149902,11078600
2002-11-08,14.1145438878501,14.245168355642503,13.768564730587858,13.934494018554688,6418800
2002-11-11,13.909775542499125,13.980382460049784,13.556735567783315,13.669708251953123,6292600
2002-11-12,13.66971073676463,14.298121575031145,13.666179582200844,13.962733268737791,9808200
2002-11-13,13.962738899396037,14.35814352531713,13.750915329337948,14.227519035339355,8050000
2002-11-14,14.527592474813938,14.86297930360178,14.43933249950338,14.788841247558594,8816400
2002-11-15,14.774730016893932,15.184256544732404,14.6864699777327,15.004206657409668,11687800
2002-11-18,15.4631531533678,15.4631531533678,14.315773047800976,14.368729591369627,19655600
2002-11-19,14.368730643547682,14.368730643547682,13.38021874956028,13.76150131225586,31302600
2002-11-20,13.874470803773477,13.927427338932027,13.355502954226605,13.380215644836426,24376200
2002-11-21,13.687367762097162,13.998043493541976,13.383752995769434,13.825053215026855,17095800
2002-11-22,13.82505094637532,14.015692933028651,13.69795628860643,13.733261108398438,9753600
2002-11-25,13.81093613009911,14.20987204535455,13.73679799047183,14.086308479309082,11367200
2002-11-26,14.29811984258241,14.82767983675213,13.881532539429642,13.99803638458252,10079600
2002-11-27,14.280466644354366,14.721766594138243,14.209858383040832,14.651158332824709,9858000
2002-11-29,14.757070051424725,14.82414850570584,14.598201800154415,14.651158332824709,4175400
2002-12-02,15.004205573999336,15.06775290534616,14.439341902851144,14.531131744384766,9668600
2002-12-03,14.534659400271227,14.59820672220549,14.17455970496512,14.269879341125488,9362400
2002-12-04,14.103946336541805,14.792374511547674,14.03333807686982,14.686461448669434,10046800
2002-12-05,14.690003228764912,14.77120231476602,14.439345005012598,14.527605056762695,7577600
2002-12-06,14.351073062388924,14.524061866310475,14.121596579279474,14.407559394836426,8964000
2002-12-09,14.411100618651822,14.411100618651822,13.983922306913056,14.06865119934082,8923200
2002-12-10,14.103954050530822,14.404037634838197,14.050997490127743,14.333429336547852,8313600
2002-12-11,14.156899856179688,14.262812906600988,13.909772996504334,14.043927192687988,8452400
2002-12-12,14.156906888985874,14.178089778941354,13.930961449758293,14.047465324401855,5079800
2002-12-13,13.803865876604837,13.91683858863273,13.592042378237776,13.736788749694824,7675800
2002-12-16,13.64500113498184,14.093360900878906,13.592044578447265,14.093360900878906,8779200
2002-12-17,14.096890807664476,14.096890807664476,13.627346844652248,13.697955131530762,7791600
2002-12-18,13.71560691787819,13.821520021962735,13.394340490783025,13.48613166809082,8323600
2002-12-19,13.503778877788704,13.750907126599625,13.28842428020691,13.344910621643066,8183000
2002-12-20,13.521437764594982,13.645002627780247,13.1895805013303,13.542620658874512,10408000
2002-12-23,13.542617159754572,13.542617159754572,13.11543900271761,13.235472679138184,6973000
2002-12-24,13.062484717918394,13.08719741910489,12.93892121198592,13.009528160095217,3957000
2002-12-26,13.009528657179208,13.40846439359755,13.009528657179208,13.175457954406738,5321400
2002-12-27,13.140152228959783,13.19310743299739,12.885962940007976,12.99187469482422,4419800
2002-12-30,12.991873266125486,13.415521585543456,12.97422153338742,13.36256504058838,10308200
2002-12-31,13.362560897003275,13.486125681335398,13.171920357110505,13.23899745941162,6381200
2003-01-02,13.380220901211958,13.94861435526996,13.380220901211958,13.892127990722656,10364400
2003-01-03,13.89212426535098,13.89212426535098,12.751805160960568,13.034236907958984,31357600
2003-01-06,13.150740590814042,13.231939632853129,12.885960578918455,12.885960578918455,15840400
2003-01-07,13.062483010660197,13.231942088108484,12.974222990317896,13.04483127593994,14270000
2003-01-08,13.080135982931656,13.337855105105833,13.027180773760646,13.1225004196167,11049400
2003-01-09,13.267248402793962,13.60969640461686,13.267248402793962,13.563800811767578,14986400
2003-01-10,13.468484341412964,13.786219717442629,13.397876031159203,13.574396133422852,7290400
2003-01-13,13.768561485151402,13.772091292966229,13.38374778977369,13.433173179626465,6801400
2003-01-14,13.062480910083853,13.433172666562394,13.062480910083853,13.320199966430664,8424000
2003-01-15,13.424410820007326,13.512729312244216,13.290166334469944,13.424410820007324,8045800
2003-01-16,13.442081293381523,13.572792353055217,13.247780778161935,13.360828399658203,7897400
2003-01-17,13.311360030726728,13.350220373511496,12.961618293296722,12.9651517868042,10745000
2003-01-21,13.053481089679194,13.08880796827146,12.59422492980957,12.59422492980957,10510000
2003-01-22,12.597752639118871,12.749660589273931,12.414049970381742,12.417583465576172,11973400
2003-01-23,12.491767580123268,12.626012063753295,12.293933675175502,12.364588737487791,12668000
2003-01-24,12.364595432447716,12.385792366908705,11.965395259719752,12.05371379852295,10568800
2003-01-27,12.053714077503455,12.336333138688056,12.011321555234264,12.152631759643556,10750800
2003-01-28,12.240954281768085,12.3857966819612,12.209159542816694,12.223289489746094,9256400
2003-01-29,12.219750795606153,12.32926624837288,12.05371154249001,12.230348587036133,7581200
2003-01-30,12.329269319930225,12.491775117965195,11.96539600112352,12.011322021484377,8808400
2003-01-31,11.97599856563433,12.350468437902734,11.961867271079258,12.074914932250977,10919600
2003-02-03,12.205617893533343,12.55889193587951,12.191486608407452,12.470573425292969,10710400
2003-02-04,12.470577359944295,12.470577359944295,12.187958306423582,12.29040813446045,6306800
2003-02-05,12.364593118228624,12.452911640501686,12.20208736067828,12.230348587036133,7070400
2003-02-06,12.230347763350036,12.435247368088191,12.106702379548466,12.23741340637207,9374200
2003-02-07,12.452914284999508,12.520035891032832,11.940666477508191,12.039584159851074,7013400
2003-02-10,12.127902676017026,12.187958636928885,11.887676137101623,12.152631759643556,6293000
2003-02-11,12.276275031123385,12.378724844023852,12.099637980315851,12.212685585021973,6791000
2003-02-12,12.187955813755917,12.36106070667822,12.096105145509611,12.103169441223145,4532200
2003-02-13,12.117303306362302,12.117303306362302,11.788758232791327,12.014853477478027,5447400
2003-02-14,11.975995058263166,12.350464820861816,11.841750494574615,12.350464820861816,9359400
2003-02-18,12.36106334745707,12.774393464318486,12.350464206355062,12.597756385803224,7393800
2003-02-19,12.551823507127118,12.647207639103726,12.346925308818026,12.364588737487791,6429800
2003-02-20,12.329263258503492,12.52356369085927,12.31866412201012,12.34692668914795,7319000
2003-02-21,12.364590163101076,12.809714816014028,12.304534229172893,12.724929809570312,9487200
2003-02-24,13.371424969317475,13.6010536875108,13.11000287389481,13.45974349975586,26109200
2003-02-25,13.336098797550491,13.643446922302246,13.106470067280831,13.643446922302246,15454800
2003-02-26,13.548061229160409,14.010850786443113,13.548061229160409,13.777689933776855,13905200
2003-02-27,13.9366628008214,13.954326235390097,13.565725284344094,13.717633247375488,9731200
2003-02-28,13.777697372003558,13.989661407903668,13.774165222046827,13.883679389953612,9629200
2003-03-03,13.971993733034775,14.085041364309252,13.813020080419395,13.873077392578123,12844200
2003-03-04,13.56925978052154,13.777691578824498,13.244248215782775,13.265443801879885,16390200
2003-03-05,13.336097634806508,13.364360210433226,13.035815180758416,13.29017162322998,12804600
2003-03-06,13.219516750650548,13.459743256919566,13.0676101208603,13.23011589050293,9513800
2003-03-07,13.230119116296938,13.491541270743584,12.703739963079244,13.43855094909668,10471200
2003-03-10,13.283104055139829,13.399685141261497,13.000485077981583,13.064074516296388,7716000
2003-03-11,13.035816570360074,13.138265048843358,12.809719984146058,12.859179496765137,8972600
2003-03-12,12.788530576313333,13.060551962787091,12.523574837913062,13.035822868347168,7578000
2003-03-13,13.170050597499577,13.692895809242264,13.14178938618988,13.629307746887209,10661400
2003-03-14,13.629315972188548,13.91193499401118,13.54452959182486,13.795353889465332,9614200
2003-03-17,13.777689328379235,14.198085004789348,13.519799407794848,14.166290283203123,13566200
2003-03-18,14.16276037738827,14.233415475168895,13.830683169743413,14.22634983062744,9885200
2003-03-19,14.060316460306527,14.5407697099123,14.05678431036875,14.463048934936523,9520400
2003-03-20,14.724468504813949,14.724468504813949,14.130967751442627,14.540765762329102,8756200
2003-03-21,14.802185993328,15.074205876617684,14.607884151501365,15.028281211853027,10566000
2003-03-24,14.675011785760235,14.675011785760235,14.311138413755142,14.410056114196776,9406800
2003-03-25,14.413574739738984,14.756250851348875,14.413574739738984,14.660866737365724,9603200
2003-03-26,14.643218502482448,15.0176883595847,14.625555058821195,14.848116874694824,9553000
2003-03-27,14.66794562462812,14.819853645469976,14.572561424497128,14.728001594543455,5871400
2003-03-28,14.696202025373198,14.696202025373198,14.399451727378464,14.466574668884276,9151200
2003-03-31,14.318204444355102,14.565496680645309,14.130969529334386,14.420654296875,8939800
2003-04-01,14.501908805315844,14.60435866910631,14.236953097492894,14.530171394348145,9285600
2003-04-02,15.03887403855956,15.169585040929924,14.664403114248936,14.947023391723633,9305200
2003-04-03,15.13779794572341,15.367426699831986,14.957628708408494,15.201387405395508,10034800
2003-04-04,15.243781089782717,15.374492156333249,15.0671440034475,15.243781089782717,8006600
2003-04-07,15.544062916133797,15.65004489376246,15.314434174910051,15.332098960876465,10923200
2003-04-08,15.33210443753824,15.360365679438347,15.13427035369972,15.233186721801758,12422200
2003-04-09,15.296771673863192,15.43808188444928,15.014152600325058,15.060078620910645,9648600
2003-04-10,15.091871772214198,15.434546773443516,15.070674838553392,15.420416831970217,9376000
2003-04-11,15.646506586139354,15.70656252235637,15.441607008763448,15.508729934692385,8310800
2003-04-14,15.508736867754171,15.717168685530453,15.339164077331068,15.699503898620604,6947400
2003-04-15,15.694198538517533,16.13957383439033,15.588155581431057,16.05827522277832,12310600
2003-04-16,16.06534715814433,16.143110296583203,15.747220937827649,15.80024242401123,9811600
2003-04-17,15.803778054097464,16.178459932504115,15.66945928028497,16.136043548583984,10099800
2003-04-21,16.13604159457452,16.196131352152033,15.931026625067409,16.104228973388672,9135600
2003-04-22,15.95931092140199,16.25976251548312,15.927498288631634,16.15372085571289,9048800
2003-04-23,16.083017106670372,16.104225966298134,15.870933903961236,15.962836265563965,10569400
2003-04-24,15.800255019934804,15.923970121798655,15.673004430364282,15.835601806640623,6816200
2003-04-25,15.90628315961374,15.920422401592,15.605831683733523,15.701268196105955,5324000
2003-04-28,15.70127388321648,15.906288920982137,15.605837336276268,15.863872528076172,6954200
2003-04-29,15.90628404798599,16.097159780176,15.80024242401123,15.80024242401123,8846400
2003-04-30,15.764896805391116,15.764896805391116,15.429098501201382,15.513931274414062,13976200
2003-05-01,15.429094545433596,15.432628681581106,15.061482360048092,15.37960720062256,10622000
2003-05-02,15.411414295952916,15.775492214702656,15.393740924765092,15.605825424194336,9592800
2003-05-05,15.71187581433372,15.793174446121006,15.570486068725586,15.570486068725586,7006400
2003-05-06,15.694195803318998,16.054736940365622,15.662383191415827,15.726008415222168,10282400
2003-05-07,15.67652887633404,15.998189290679706,15.62350872905951,15.8073148727417,7446800
2003-05-08,15.747217295600375,16.047670067160595,15.697731305750766,15.764890670776367,7739200
2003-05-09,15.835588623041868,16.01586059098282,15.687130624400943,16.008790969848633,5520400
2003-05-12,16.01232200320735,16.41174675533464,15.870933653100128,16.330448150634766,8314800
2003-05-13,16.224416779700363,16.277436938770293,16.05474849517634,16.10070037841797,7171600
2003-05-14,16.136051669574808,16.242093356940313,15.708348084717914,15.743696212768556,7127000
2003-05-15,15.90628328391476,15.931026283373908,15.524531837872482,15.842658042907717,11185800
2003-05-16,15.786103064394236,15.842658686654977,15.535137574886727,15.658852577209473,9289200
2003-05-19,14.951907743959376,15.02260261417517,14.174266868370632,14.244961738586426,32897400
2003-05-20,14.40048675445117,14.545410591680804,13.502665251422654,13.785443305969238,44641400
2003-05-21,13.788975617523096,14.280304023513365,13.788975617523096,14.220212936401367,17271800
2003-05-22,14.29798577230931,14.29798577230931,14.085901123926858,14.191944122314451,8798600
2003-05-23,14.191939422202651,14.195473558395186,13.972785223281388,14.092966079711914,7361600
2003-05-27,14.096500059408555,14.563084193765206,14.015201451736488,14.393417358398438,12768600
2003-05-28,14.563082067504594,14.792838616930275,14.177796597073028,14.62317180633545,10147600
2003-05-29,14.633782320106674,14.810518815043263,14.492392584800422,14.524205207824709,10666600
2003-05-30,14.722145891424224,14.973111310906605,14.623172568789464,14.937763214111328,11015800
2003-06-02,15.057952408251282,15.238224431033869,14.877681733861465,14.916563987731934,12092200
2003-06-03,14.916564772116566,15.528073060290886,14.916564772116566,15.46091365814209,14613000
2003-06-04,15.471514045844092,15.747222566370104,15.432631798407336,15.694202423095703,12399400
2003-06-05,15.517467164580315,15.931029978661892,15.471515291329256,15.87094020843506,8741200
2003-06-06,15.959309110277392,15.994655876725227,15.517467787715924,15.53867530822754,12295800
2003-06-09,15.535139568450775,15.588159712653368,15.128645054268082,15.146318435668944,10627800
2003-06-10,15.163991892278752,15.708339275041268,15.163991892278752,15.630576133728027,9408200
2003-06-11,15.63057630380148,15.63057630380148,15.312450068264384,15.59522819519043,9569800
2003-06-12,15.623503220506604,15.85679529208102,15.598760224157209,15.817913055419922,8490800
2003-06-13,15.764887113276531,15.800235204043966,15.52452548962513,15.605825424194336,8976800
2003-06-16,15.800239232982676,15.994649062405308,15.648245774905025,15.966370582580566,8094200
2003-06-17,15.966378140784494,16.072421141934043,15.814385959148536,15.980517387390137,9209600
2003-06-18,15.87093781940374,16.203201945190564,15.83912519630982,16.01939582824707,8050600
2003-06-19,16.01585837460725,16.100691119693128,15.75428782240943,15.817913055419922,7414800
2003-06-20,15.81792897435134,15.892158038102565,15.535150625494154,15.62351894378662,8880000
2003-06-23,15.570481693763025,15.605829794429292,15.209939157320088,15.305377006530762,7814400
2003-06-24,15.252356044603168,15.45383548801779,15.234681321039846,15.323049545288086,6401000
2003-06-25,15.4467703902282,15.86386863865449,15.28063764852159,15.340728759765623,9376000
2003-06-26,15.340731804476984,15.443237970179704,15.125113015652964,15.422030448913574,7766400
2003-06-27,15.43970471653364,15.55281599773666,15.20287704449474,15.241759300231934,5093000
2003-06-30,15.23468747481106,15.443236622212174,15.14278507776313,15.18166732788086,6878000
2003-07-01,15.135714403317944,15.146318162288557,14.778707251250989,15.040276527404783,10197400
2003-07-02,15.103897732661167,15.19580144709994,14.994320641874078,15.043807983398438,7691200
2003-07-03,14.898880248237,15.004921827020413,14.845858784649376,14.888275146484377,4559000
2003-07-07,15.093294978944767,15.40081606268443,14.955440746523273,15.37960720062256,8420600
2003-07-08,15.457367307565711,16.157243376935405,15.450297688878113,16.012319564819336,12841000
2003-07-09,16.04767587815858,16.06888339669235,15.888612747192385,15.888612747192385,8668600
2003-07-10,15.888614981239003,16.012330018056446,15.46798115927415,15.980517387390137,10540000
2003-07-11,16.153711456638547,16.690990415035955,16.128968462035356,16.56727409362793,14630400
2003-07-14,16.662716943640124,16.846523064778555,16.52486268988442,16.68745994567871,9372800
2003-07-15,16.81470928534872,16.984376151263845,16.401146552504173,16.645042419433594,10593400
2003-07-16,16.657421830415675,16.774130532809963,16.46644603875678,16.646812438964844,7386800
2003-07-17,16.62558980604884,16.823640294361574,16.47351693806361,16.494735717773438,6990000
2003-07-18,16.56900468737606,16.69986012904371,16.409858437908238,16.63266372680664,5750400
2003-07-21,16.53363419604558,16.706928495665224,16.434609652896192,16.445219039916992,6528000
2003-07-22,16.165828657816437,16.76705205755988,16.165828657816437,16.622051239013672,8728200
2003-07-23,16.710464467500387,16.816562384773984,16.547780904406988,16.798879623413086,5449000
2003-07-24,16.816568722503668,17.004009841073888,16.65388509809902,16.657421112060547,6744800
2003-07-25,16.692786315764973,17.095959322203687,16.675103549521072,17.057056427001953,7095000
2003-07-28,17.05705771891716,17.22681471611159,16.961569155037413,17.09596061706543,6973000
2003-07-29,17.092418588615192,17.117174724342092,16.728147228861282,16.798879623413086,9215600
2003-07-30,16.791814235921844,16.805960991382623,16.558398167254396,16.74230194091797,10144800
2003-07-31,16.855477777359447,17.15255297564425,16.724623627254594,16.820112228393555,6911600
2003-08-01,16.82010169690221,16.84485783549973,16.515953309437386,16.622051239013672,7292000
2003-08-04,16.487664298594392,16.569006111724068,16.10571137828511,16.50888442993164,7619000
2003-08-05,16.526573155292198,16.60437898246576,16.24364471435547,16.24364471435547,7281200
2003-08-06,16.222423087858097,16.356814590896004,16.14461861692802,16.201204299926758,8319600
2003-08-07,16.33913158823913,16.40632666425898,16.126934268144886,16.349740982055664,6624000
2003-08-08,16.374495510993032,16.76705923261082,16.367422132779954,16.586692810058594,5759600
2003-08-11,16.604385047224334,16.7493860104854,16.434627920658436,16.558408737182617,4070400
2003-08-12,16.67510873779516,17.113647413168092,16.653888602234918,17.09950065612793,7737400
2003-08-13,17.09949384957943,17.1702262575158,16.8342483316494,16.92620086669922,5863000
2003-08-14,16.9049824692258,17.15254524777834,16.848396806908813,17.074739456176758,5885200
2003-08-15,17.099503225985067,17.294017791748047,17.028772128372214,17.294017791748047,3529400
2003-08-18,18.03669157379171,18.5176702316168,17.80681163173736,18.376205444335938,25883200
2003-08-19,18.553035671255437,18.712183218960572,18.390352110982708,18.62730407714844,17177400
2003-08-20,18.602559912533795,18.87841628910473,18.531828822801355,18.779390335083008,9411200
2003-08-21,18.77939609326349,19.189642745404047,18.7440305375534,18.91025161743164,8383200
2003-08-22,19.07646466557232,19.07646466557232,18.64853538548353,18.712194442749023,5898200
2003-08-25,18.673285562857554,18.722797847314105,18.408040025461545,18.69450569152832,5275400
2003-08-26,18.637922185533466,18.70158122979666,18.323164327292503,18.609628677368164,6655000
2003-08-27,18.49645761362804,18.86072911648954,18.492921599609986,18.83243560791016,5678600
2003-08-28,18.850116497988196,19.408901094774954,18.850116497988196,19.278045654296875,7701600
2003-08-29,19.278050485507745,19.43366210796904,19.186099266960664,19.401832580566406,7080400
2003-09-02,19.36646373529921,19.440733524483672,19.07999936669059,19.28512191772461,7143800
2003-09-03,19.41597923081519,19.543295990620543,19.341709434542555,19.47610092163086,8859600
2003-09-04,19.47609988301241,19.76963899058977,19.122439087825533,19.76256561279297,10143800
2003-09-05,19.762565517381,19.762565517381,19.019877041608883,19.274513244628903,10507200
2003-09-08,19.23914373733859,19.274509269749743,18.920848549203875,18.99158096313477,8273800
2003-09-09,18.76170720879252,18.871342554384505,18.323168524642654,18.362070083618164,10988400
2003-09-10,18.21353071813654,18.450482800295383,18.050847078226685,18.057920455932617,8980000
2003-09-11,18.146339300393915,18.316096352125125,17.997801036935908,18.22060775756836,6856400
2003-09-12,18.220598883253963,18.35499032300195,17.789132410389016,18.19584274291992,11272200
2003-09-15,18.461090018065452,18.72633556042528,18.461090018065452,18.637920379638672,11918400
2003-09-16,18.6308436835096,18.931454704975668,18.397427701788978,18.850112915039062,7539400
2003-09-17,18.93853715786676,18.97390405029703,18.70865842806049,18.712194442749023,6541200
2003-09-18,18.673284185950063,18.99511536029543,18.46108831132332,18.920846939086918,7926800
2003-09-19,18.95621757950269,19.22500053221541,18.83597285836465,19.06231689453125,6043600
2003-09-22,18.85011205940043,19.00925961905605,18.57779320156933,18.78291702270508,5665600
2003-09-23,19.06938159058402,19.06938159058402,18.531818590076835,18.90316200256348,9073800
2003-09-24,18.991585616277156,19.05878068396529,18.61670467496959,18.701583862304688,9003000
2003-09-25,18.74401817112942,19.07645876244772,18.72987141853496,18.88901901245117,7121200
2003-09-26,18.889016187123957,18.956211228234054,18.58486779737903,18.616697311401367,5578800
2003-09-29,18.63437925787412,18.7334051577729,18.408036656576886,18.652063369750977,5118000
2003-09-30,18.61669815567122,18.61669815567122,17.92352354009182,18.354990005493164,11022600
2003-10-01,18.408040388370303,19.044629420849176,18.39035762201701,18.98097038269043,7226400
2003-10-02,18.89255715710061,19.164876104272548,18.82536209836029,19.097681045532227,4970200
2003-10-03,19.097682439145817,19.73073556971103,19.097682439145817,19.62463760375977,9463200
2003-10-06,19.681221413029792,20.16219890309933,19.65292790526227,20.08439445495605,7921600
2003-10-07,20.084394279514367,20.335493087768555,19.928782686369704,20.335493087768555,10321800
2003-10-08,20.30012206899988,20.4026826332858,20.204633530575062,20.250608444213867,8507600
2003-10-09,20.25061597270613,20.69269195433192,19.94646883059901,20.427446365356445,8019200
2003-10-10,20.40623034591677,20.54769386973452,20.13744735717773,20.13744735717773,7191800
2003-10-13,20.264770051755008,20.650260501016398,20.264770051755008,20.526479721069336,4945600
2003-10-14,20.526473836354167,20.696230864089504,20.317813903471563,20.689157485961918,4648000
2003-10-15,20.689165100475403,20.69977994030315,20.381321247454764,20.49455070495605,7488000
2003-10-16,20.49453779492289,20.699766900990927,20.420231263333054,20.692689895629883,4342600
2003-10-17,20.71392369654562,20.85545977339272,20.232698065703417,20.328235626220703,5909400
2003-10-20,20.416690856198382,20.643149599939,20.324691147928394,20.625457763671875,4974000
2003-10-21,20.62546467009836,20.678540196672053,20.40962068588265,20.448543548583984,7924800
2003-10-22,20.44855009915628,20.45208792880743,20.169014313663677,20.36716651916504,4615200
2003-10-23,20.33176894104904,20.77761079115775,20.275154252917844,20.75284194946289,7811200
2003-10-24,20.66439049496839,20.77054291313339,20.19024176735024,20.469776153564453,7355200
2003-10-27,20.61131474124428,21.05007980346832,20.57593104984936,20.770544052124023,9092400
2003-10-28,20.841299482819537,21.212833404541016,20.763453791673925,21.212833404541016,10041200
2003-10-29,21.19868351551481,21.19868351551481,20.9580707414105,20.982839584350582,5880400
2003-10-30,21.124377824628223,21.159761501717416,20.78115048769989,21.03591728210449,5478000
2003-10-31,21.085454952269146,21.08899278005479,20.68207509466727,20.851919174194336,7283000
2003-11-03,20.94746080277146,21.37914741615727,20.905000112068155,21.248226165771484,5585200
2003-11-04,21.159762201810185,21.26591458639068,21.02176396687546,21.103147506713867,4616000
2003-11-05,21.103147128597072,21.103147128597072,20.63253773712876,20.8059196472168,7090400
2003-11-06,20.71746584454128,21.014693422635485,20.558236543812026,20.936847686767575,6568800
2003-11-07,21.088988911859957,21.18806561909508,20.876684188842773,20.876684188842773,4665400
2003-11-10,20.876690029576235,20.95807357449509,20.512232991504664,20.519309997558597,6582800
2003-11-11,20.51930619219664,20.82360929727641,20.469767159006285,20.75284194946289,5117600
2003-11-12,20.75284574727825,20.887304812570736,20.547616621619905,20.77761459350586,6737200
2003-11-13,20.77761808210262,20.77761808210262,20.264546531612066,20.50515937805176,6310600
2003-11-14,20.50515668588333,21.08899553236641,20.45207981356626,20.745769500732425,7604800
2003-11-17,20.65023038430161,20.84838114644462,20.09823608304432,20.49100112915039,12000600
2003-11-18,20.491006093629338,20.86607939110116,20.20439336491775,20.229162216186523,10781800
2003-11-19,20.31053952450285,20.434383734488584,20.147771113063627,20.363615036010746,4983000
2003-11-20,20.434383416866883,20.83068623246194,20.275154185216884,20.384845733642575,6495000
2003-11-21,20.522849612769413,20.58300214476443,20.27162195008258,20.34946632385254,4971600
2003-11-24,20.522843197006157,20.97929986102964,20.452074502228776,20.95806884765625,5915600
2003-11-25,20.823619589216403,20.91915717574425,20.696237490313912,20.770544052124023,4944400
2003-11-26,20.81299829060434,20.81653746852592,20.4166954008434,20.56884765625,4456600
2003-11-28,20.568843381229847,20.699764591299022,20.540535362944293,20.628995895385746,1675800
2003-12-01,20.65023677991374,20.74223518371582,20.370701039828525,20.74223518371582,6778400
2003-12-02,20.611304805782854,20.731611188254988,20.345923198841447,20.363615036010746,8891800
2003-12-03,20.434391405787466,20.568851848393248,20.20439338684082,20.20439338684082,9544600
2003-12-04,20.176086592891615,20.222086466381697,19.28440390187467,19.843475341796875,11818000
2003-12-05,19.58517258602489,20.13362928185904,19.574557747974364,19.7691707611084,7629600
2003-12-08,19.939004634875342,20.094696044921875,19.694854037030584,20.094696044921875,6651400
2003-12-09,20.16901385230691,20.16901385230691,19.673634024785816,19.7727108001709,6487800
2003-12-10,19.655930679044943,19.77269923357701,19.125167467100614,19.27024269104004,7268800
2003-12-11,19.298556060943447,19.89301113112308,19.295016882660853,19.68424415588379,7315800
2003-12-12,19.7373122970886,19.822234996683253,19.425932214776054,19.479007720947266,5470800
2003-12-15,19.921310355246103,19.956695375828374,19.16055063503417,19.171165466308597,7060600
2003-12-16,19.231320313930887,19.231320313930887,18.55548186137543,18.95178604125977,14169200
2003-12-17,18.771330916782787,19.482554588512155,18.771330916782787,19.404708862304688,8044200
2003-12-18,19.46132390229875,19.709013749197315,19.355171496428248,19.67716789245605,5721800
2003-12-19,19.744393669600917,19.744393669600917,19.40470549566819,19.578088760375977,6904800
2003-12-22,19.581622256459365,19.684236791447187,19.11808861033544,19.171165466308597,8557000
2003-12-23,19.195948895336095,19.40825378098602,19.072104603673903,19.128719329833984,5839800
2003-12-24,19.13224221239458,19.178242063274716,19.04732086440102,19.10747337341309,2084600
2003-12-26,19.107480589268505,19.52147535413151,19.107480589268505,19.411785125732425,1960400
2003-12-29,19.37286412499168,19.475478706409657,19.23132667822197,19.46132469177246,4587200
2003-12-30,19.475479893176825,19.52147841884901,19.22071301338721,19.443634033203125,3434400
2003-12-31,19.532091826001334,19.670090082983467,19.50024597055923,19.599321365356445,4679000
2004-01-02,19.762089084655344,19.90362652430415,19.029635736545035,19.072097778320312,6534400
2004-01-05,19.07210385840922,19.10041054548237,18.89518267734717,19.026103973388672,7070000
2004-01-06,18.944708962820563,19.61700823538039,18.937631957871428,19.56747055053711,8403200
2004-01-07,19.479010013373923,19.670085097598573,19.16409071704108,19.56747055053711,5742200
2004-01-08,19.514396253563323,19.57101094688195,18.97301681454062,19.057939529418945,11276800
2004-01-09,19.0225568021666,19.249016952619368,18.753637313842773,18.753637313842773,10059600
2004-01-12,18.753641236412225,18.753641236412225,17.957496089583405,18.226415634155277,21933400
2004-01-13,18.22640652990213,18.544864969481303,18.222868702707043,18.52363395690918,10353800
2004-01-14,18.640477723409028,18.79271724624643,18.58028934549479,18.736068725585938,10067000
2004-01-15,18.693585498599628,18.976821376495412,18.336000455989044,18.7962589263916,8503000
2004-01-16,19.08303109473648,19.100733079310288,18.58736742322065,18.72544479370117,10176000
2004-01-20,18.771466843620345,18.874140222033034,18.39263878589377,18.534255981445312,8338000
2004-01-21,18.605079498933826,19.189254760742188,18.551973516408435,19.189254760742188,8454800
2004-01-22,19.18924427462821,19.596395320467625,19.12197484271681,19.54682922363281,9348800
2004-01-23,19.63534345337846,19.73801686975376,19.490184997686683,19.57161521911621,7345200
2004-01-26,19.53620863427176,19.691987991333008,19.36626714913907,19.691987991333008,5274200
2004-01-27,19.667204706649525,19.81236314120391,19.61409875288076,19.656583786010746,6647400
2004-01-28,19.649499512420704,19.75217289707397,18.97327354718741,19.047622680664062,10151400
2004-01-29,19.04762226093317,19.118431536739724,18.746684526973592,18.8705997467041,12297800
2004-01-30,18.835198834905444,19.10073264925869,18.78563273898481,18.95911407470703,4973400
2004-02-02,19.012223393059216,19.29191936462972,18.764391536611612,19.022844314575195,7489200
2004-02-03,18.9555796898004,19.02992885514291,18.76793482176785,18.8458251953125,4543000
2004-02-04,18.76792636035036,19.192780664525337,18.69357722852775,18.9626522064209,6378200
2004-02-05,18.877685933053407,19.15384069801978,18.828119831708158,19.00868225097656,6164800
2004-02-06,18.923712003822736,19.36980826241301,18.87060469539713,19.35564613342285,6494400
2004-02-09,19.35918781114331,19.805284080568125,19.25651439933344,19.596397399902344,7853000
2004-02-10,19.522047674442994,19.968145281364787,19.522047674442994,19.85839080810547,8304800
2004-02-11,19.858400331346093,20.48151944627608,19.82653620128529,20.41425132751465,8110800
2004-02-12,20.21597671508789,20.46734978795705,20.09560131488612,20.21597671508789,4724400
2004-02-13,20.42839542030998,20.50274454125949,20.18410352208388,20.392990112304688,9061000
2004-02-17,20.5523159191145,20.64082718607931,20.446102668871674,20.59480094909668,7232400
2004-02-18,20.711645284139514,20.711645284139514,20.276169827413828,20.34697914123535,5986800
2004-02-19,20.499211309651677,20.665611584035016,20.322188764147167,20.368213653564453,8395800
2004-02-20,20.499209836747596,20.7682834923281,20.180568737504466,20.669151306152344,8622800
2004-02-23,20.28324683322207,20.36821691233694,19.84777146367695,20.06373786926269,15541600
2004-02-24,19.93274666551897,20.14517461905036,19.727401129404893,19.89734268188477,7160600
2004-02-25,19.897338603337527,19.98584989485542,19.564535282862167,19.660127639770508,8963400
2004-02-26,19.59640234613303,19.86901732703675,19.458324926711413,19.76280403137207,7101400
2004-02-27,19.47248339653015,19.915039837360386,19.47248339653015,19.826528549194336,9600800
2004-03-01,19.861932111777097,20.15933008786224,19.861932111777097,20.09206199645996,4824000
2004-03-02,19.961065689671628,20.02479392393388,19.454781023352123,19.57161521911621,13933800
2004-03-03,19.631804728783845,19.755719996678845,19.5255914490774,19.660127639770508,6318000
2004-03-04,19.660124446729128,19.68490749628306,19.429995936503325,19.64596366882324,4709200
2004-03-05,19.483099086299116,20.056653051988256,19.387506758684257,19.638879776000977,9961800
2004-03-08,19.64242205949852,19.670746315880542,19.29899787902832,19.29899787902832,5982400
2004-03-09,19.32732182386634,19.44769721039981,19.22818962927696,19.32378196716309,7164800
2004-03-10,19.323774181395272,19.43352725244851,19.093644421734844,19.121967315673828,6614000
2004-03-11,18.969735182481696,19.065326161281558,18.49177353560871,18.55196189880371,9197600
2004-03-12,18.64047953119272,18.91663434331921,18.62985725725117,18.7962589263916,7002000
2004-03-15,18.79979242033483,19.012220269782095,18.56258287494633,18.58382606506348,6157800
2004-03-16,18.728987234059016,18.764391205537603,18.38910289521987,18.52718162536621,7961200
2004-03-17,18.445745614189523,19.044082582222703,18.43512469542076,19.0122184753418,7183200
2004-03-18,19.012223206336994,19.45477960615594,18.944953769196545,19.415834426879883,9587800
2004-03-19,19.40167291566708,19.44769916087464,19.14676133964634,19.23173141479492,5030800
2004-03-22,19.075957927096123,19.10782205274877,18.76439773744535,18.821044921875,6835000
2004-03-23,18.83519925897857,18.89538627664449,18.69004082455355,18.72544479370117,5755200
2004-03-24,18.644014230477172,18.764389614100057,18.32891431908709,18.672338485717773,7447000
2004-03-25,18.72898899808818,19.437079298952384,18.69712488052629,19.38043212890625,8576400
2004-03-26,19.330861828960465,19.776959409186787,19.29545785935673,19.691987991333008,8556800
2004-03-29,19.78049407734271,20.0531088936221,19.7380090548474,20.0247859954834,6714200
2004-03-30,19.932737750951176,19.93627895807609,19.702609259099024,19.791120529174805,5772800
2004-03-31,19.79112265655031,20.04249436644788,19.713232298327146,19.8725528717041,6718400
2004-04-01,19.78403941042128,19.9150357116078,19.56807169594565,19.75925636291504,7146200
2004-04-02,19.897327119343167,19.932731075286437,19.33085437023049,19.437068939208984,9934200
2004-04-05,19.31315568576878,19.631796745894032,19.29899356074664,19.607013702392575,6729800
2004-04-06,19.47248559796312,19.60702314934647,19.47248559796312,19.54329490661621,5603200
2004-04-07,19.822994020851144,19.822994020851144,19.118443383395057,19.139686584472656,9835600
2004-04-08,19.40873964788761,19.41582070735012,18.817485363795218,18.9414005279541,9995400
2004-04-12,19.0476272342415,19.136138514466204,18.92017077462593,19.05116844177246,4696000
2004-04-13,19.11844297777451,19.21757521288254,18.69712962798996,18.821044921875,10544600
2004-04-14,18.686421265017373,18.7820675644585,18.456161505103108,18.57660484313965,10705200
2004-04-15,18.633293300671355,18.948572601549472,18.59786932820043,18.85292625427246,6731800
2004-04-16,18.852911736348467,18.92021777274853,18.66516104308617,18.859996795654297,5036400
2004-04-19,18.860002948644865,18.88479998863675,18.59431921901409,18.72538948059082,5127200
2004-04-20,18.916682152447457,19.111516617883208,18.6474552154541,18.6474552154541,5512000
2004-04-21,18.647454439640608,18.70059172406568,18.3498886198022,18.43844985961914,6352200
2004-04-22,18.438451677074948,18.98753114779461,18.37114561466122,18.877716064453125,6273600
2004-04-23,18.817492577545632,19.040667288793383,18.707677500828947,18.96627616882324,3539600
2004-04-26,19.05838041689914,19.25675810012435,18.810408650701984,18.877716064453125,6153000
2004-04-27,18.881248474121094,19.01940373652469,18.789145416297604,18.881248474121094,8529600
2004-04-28,18.810407207259832,18.89896844901028,18.5482666884274,18.70413398742676,6934400
2004-04-29,18.704132680982788,18.845831198421084,18.314463785033293,18.505756378173828,7720400
2004-04-30,18.86353693943608,18.86353693943608,18.424272761657274,18.44198608398437,6992600
2004-05-03,18.61556894524864,18.774979418122747,18.49512562700343,18.54471969604492,6252000
2004-05-04,18.54473035634554,18.55535862820475,18.254249483832847,18.332183837890625,7229400
2004-05-05,18.293215422255365,18.66871568752814,18.279045294961065,18.580154418945312,5995800
2004-05-06,18.527013749152356,18.53055695600065,18.105462673815303,18.24361801147461,6652400
2004-05-07,18.15505208969116,18.303834306955103,17.559920517961142,17.71224594116211,13397600
2004-05-10,17.358001280692793,17.549293864025426,17.039180308471742,17.37217140197754,15046600
2004-05-11,17.46427841444686,17.82560848042903,17.46427841444686,17.69808006286621,9013200
2004-05-12,17.69807775033087,17.69807775033087,17.110031175002415,17.552837371826172,10292600
2004-05-13,17.552835961413773,17.885827059524456,17.428850776800537,17.86102867126465,10685800
2004-05-14,18.02753017201928,18.155058604774148,17.644946225092276,17.917715072631836,8053200
2004-05-17,17.91771326157599,17.921255117088915,17.464278729685972,17.598892211914062,11417000
2004-05-18,17.719331538277824,18.356972141201343,17.719331538277824,18.10191535949707,13353200
2004-05-19,18.325090399961585,18.37468447484945,17.924793243408203,17.924793243408203,11250400
2004-05-20,17.928341355307737,18.28258638868244,17.924798148224955,18.197566986083984,10822400
2004-05-21,18.201108568775258,18.236532528416227,17.970848777096638,18.13734436035156,7588800
2004-05-24,18.27904267494196,18.54118458696173,18.215278462594924,18.49159049987793,8595400
2004-05-25,18.43845580633356,19.200083254931897,18.35697960158499,19.14694595336914,11737400
2004-05-26,19.086723379642702,19.249675775822485,18.863548623190987,19.12923240661621,9954400
2004-05-27,19.12923539530073,19.30281608884673,19.037132263912,19.118608474731445,8550400
2004-05-28,19.150486479058337,19.178825378275626,18.927311735620503,18.976905822753903,5692400
2004-06-01,18.976900944626443,19.18944736380111,18.966274029068863,19.10797119140625,7606600
2004-06-02,19.107977217460657,19.182369703836297,18.916685920411076,19.12923240661621,7954000
2004-06-03,19.040666892580187,19.51535520032777,18.987529607228765,19.30280876159668,9833400
2004-06-04,19.39490739483675,19.51535070942437,19.256752106320324,19.26029396057129,7821800
2004-06-07,19.306352540859585,19.834178186565136,19.306352540859585,19.82709312438965,9109800
2004-06-08,19.734989922160523,19.894400452900417,19.703107816012544,19.82355117797852,8791200
2004-06-09,19.74916234449907,19.77750259829918,19.46576656318635,19.483478546142575,8738400
2004-06-10,19.48347511641476,19.53661240726723,19.210706302624462,19.306352615356445,6364400
2004-06-14,19.27093489842892,19.295731948503,19.015877981852203,19.13277816772461,5573800
2004-06-15,19.270937910880225,19.30636188756989,19.09381532475573,19.122154235839844,6793000
2004-06-16,19.1823673248291,19.23550326412164,18.95919259605563,19.1823673248291,4463800
2004-06-17,19.146948296720623,19.210712525864803,19.093812339992397,19.13277816772461,4310400
2004-06-18,19.05837901854484,19.107973097877966,18.913138635638983,18.987529754638672,3965800
2004-06-21,19.00878343205254,19.143396887667365,18.877713182587613,19.012325286865234,3327800
2004-06-22,18.916673766619923,18.969809678363063,18.67224397805657,18.881248474121094,6220600
2004-06-23,18.906060217134325,19.115064875859943,18.82812721565781,19.09381103515625,5074400
2004-06-24,19.12214998607385,19.359494901428214,19.076097745541613,19.136320114135746,8429200
2004-06-25,19.21779023623749,19.35948876929769,19.093805033312844,19.15402603149414,6393200
2004-06-28,19.20717367176836,19.270937910880225,19.051304931122427,19.122154235839844,5308200
2004-06-29,19.05837467591397,19.05837467591397,18.587229678266816,18.640365600585938,11020600
2004-06-30,18.668713084681503,18.668713084681503,18.37823227233652,18.615575790405277,10545200
2004-07-01,18.619124913549165,18.810416260783008,18.5695294591751,18.796247482299805,7823000
2004-07-02,18.792697123733607,19.16111225087761,18.650999933450297,18.94502258300781,7685800
2004-07-06,18.916675235075267,19.11505148312124,18.757264784797727,18.93438720703125,6502600
2004-07-07,18.810410229088177,19.086722266647527,18.810410229088177,18.976905822753903,3945800
2004-07-08,18.704134614346447,18.80686598254124,18.247158267276397,18.26487159729004,8740000
2004-07-09,18.385322412940607,18.4738836936362,18.24716567993164,18.24716567993164,3992000
2004-07-12,18.208194340968564,18.434910934721053,18.101919755226778,18.385316848754883,4441200
2004-07-13,18.43844539031128,18.725384224248277,18.395936383877377,18.63327980041504,6646600
2004-07-14,18.470215435857327,18.78573465666947,18.434764506598835,18.495031356811523,4454400
2004-07-15,18.495028284795065,18.59429330449024,18.23268820617777,18.23623275756836,4340000
2004-07-16,18.25041309709442,18.29650037792705,17.800179352071368,17.839176177978516,7745000
2004-07-19,17.708005330312627,17.722186239512958,16.90325699013411,17.264862060546875,24270400
2004-07-20,17.495293620103446,17.72218408259671,17.495293620103446,17.6229190826416,11845800
2004-07-21,17.725722333830277,17.725722333830277,17.459836498822824,17.477561950683594,7498000
2004-07-22,17.3357634636325,17.463387576155803,17.037971163013196,17.35348892211914,7631200
2004-07-23,17.318037017622164,17.459843393234355,17.06987788884956,17.15496063232422,5359600
2004-07-26,17.176226958522086,17.25067467532673,16.92806655014117,17.105323791503906,6027800
2004-07-27,17.140786457578237,17.548478933339744,17.140786457578237,17.32513427734375,7077400
2004-07-28,17.30031682771158,17.30031682771158,17.01670534247688,17.218778610229492,6458800
2004-07-29,17.318039025342046,17.44921041131836,17.172688082053302,17.335765838623047,4639600
2004-07-30,17.293219776117997,17.371213411949086,17.179775225290445,17.271949768066406,4418000
2004-08-02,17.17268797055686,17.300313452101957,17.059243398598106,17.24713706970215,5906800
2004-08-03,17.22940811345935,17.22940811345935,16.892620343053938,17.02379035949707,9082600
2004-08-04,16.935164814963,17.123057144732968,16.764997947033695,17.0273380279541,6766600
2004-08-05,17.05215373049826,17.059244185618542,16.49556585103332,16.57001495361328,10138000
2004-08-06,16.555828186523517,16.6621822709715,16.27221684387371,16.481380462646484,8946000
2004-08-09,16.601918848171973,16.757904780444253,16.460112471658384,16.616098403930664,5180600
2004-08-10,16.72245319527412,16.874894582943913,16.626735442426472,16.86780548095703,5950400
2004-08-11,16.75081339282736,16.928070677407547,16.626733834567535,16.90679931640625,7695000
2004-08-12,16.90679421748925,17.084051448610456,16.662179725393507,16.74017333984375,7158600
2004-08-13,16.740182066311036,16.974161679267336,16.502656549559273,16.538108825683594,9213800
2004-08-16,16.83944875217323,17.654832316015725,16.83944875217323,17.420852661132812,16706200
2004-08-17,17.672551748006434,17.824993129701213,17.548472182611075,17.615829467773438,12065600
2004-08-18,17.60519375329989,18.023521060295547,17.505930104984234,17.966798782348633,8230200
2004-08-19,17.966795288780425,18.04124301054112,17.715090313856837,17.814353942871094,7252600
2004-08-20,17.81436026192233,17.98807302668162,17.73991251375378,17.839176177978516,4197000
2004-08-23,17.84272458904278,17.84272458904278,17.633560872628543,17.747005462646484,5023400
2004-08-24,17.878175267368277,17.956168929057025,17.693827473064246,17.778911590576172,7183800
2004-08-25,17.796631237866695,17.84980761061278,17.562651681633042,17.761178970336914,5478400
2004-08-26,17.76118620679539,17.86045124395671,17.672557530409453,17.79663848876953,3541800
2004-08-27,17.83208487006065,17.99161671733782,17.71509575030135,17.892353057861328,3742800
2004-08-30,17.768275252354513,17.88881029676332,17.722189317996857,17.732824325561523,3468800
2004-08-31,17.729277723732046,17.76827455308933,17.51656946661283,17.6193790435791,5656400
2004-09-01,17.708001157021535,17.81081069594562,17.583920259310034,17.789539337158203,5863400
2004-09-02,17.817901658673172,18.466663969653084,17.817901658673172,18.445392608642575,9079000
2004-09-03,18.470207346579983,18.750274163108315,18.45248188971384,18.558835983276367,7969200
2004-09-07,18.71836853027344,18.817633526855783,18.526930342970758,18.71836853027344,8936800
2004-09-08,18.71837404702965,18.739645413787706,18.502119884937493,18.54111671447754,6475200
2004-09-09,18.573017021412173,18.736093389522093,18.51275019716682,18.647464752197266,8300400
2004-09-10,18.64746115791221,19.090604259120827,18.636826156240144,18.99134063720703,7307800
2004-09-13,19.019709499624053,19.06225087445724,18.831815835409465,18.92044448852539,7249200
2004-09-14,18.89563273658158,18.952355032977152,18.70064992724469,18.86018180847168,5530200
2004-09-15,18.94171077435596,18.94171077435596,18.690005791549964,18.70773124694824,4535200
2004-09-16,18.746737215680536,19.033893249522897,18.72546584739486,18.86018180847168,5138600
2004-09-17,19.00198290209928,19.09415745970764,18.82827149735159,18.980712890625,8342200
2004-09-20,18.916893929987708,18.95234483902953,18.71127487092173,18.789268493652344,4424200
2004-09-21,18.86017255050122,19.147328443386183,18.86017255050122,19.08351707458496,5192200
2004-09-22,18.948795374545096,18.98424627439244,18.753812720654427,18.82826042175293,5888800
2004-09-23,18.84600148796824,19.02680339079112,18.72192188332178,18.884998321533203,4934400
2004-09-24,18.88499390955005,19.11188304924904,18.88499390955005,19.02325439453125,4399200
2004-09-27,19.001982073515627,19.076431167527076,18.856631141193667,18.94171524047852,5179600
2004-09-28,18.94171526098897,19.11542665835006,18.62974203309457,19.058704376220703,8436400
2004-09-29,19.058700501228817,19.46284820064129,18.998433680379826,19.43448638916016,9427600
2004-09-30,19.40968018763398,19.498308864289843,19.225332377905836,19.26787376403809,8575000
2004-10-01,19.356499383768952,19.696834476177543,19.3210484596518,19.56211853027344,7654600
2004-10-04,19.63301398256476,19.92726032323571,19.63301398256476,19.72873306274414,6727400
2004-10-05,19.71101954443169,19.76419729783882,19.52312715982833,19.594030380249023,6515600
2004-10-06,19.551475807465387,19.700371252834703,19.494753539843902,19.636558532714844,3481400
2004-10-07,19.661375946171876,19.81027275531096,19.36358368025933,19.37067413330078,5381200
2004-10-08,19.33876688906604,19.551476413514223,19.104787358828933,19.21468734741211,5571600
2004-10-11,19.39194289393406,19.59047014302964,19.35649063347738,19.51247787475586,3809800
2004-10-12,19.3565015398543,19.618843005587607,19.321050611788333,19.48412704467773,4439400
2004-10-13,19.65086440272918,19.68988962573072,19.44154840482612,19.49831199645996,5830600
2004-10-14,19.565716496699697,19.72891162682694,19.381234515679555,19.4309024810791,5423400
2004-10-15,19.537338256835938,19.657961064631408,19.46638342518845,19.537338256835938,5325600
2004-10-18,19.49477101147556,20.15110033129049,19.45929290967265,20.048215866088867,7198000
2004-10-19,20.2220489225442,20.488128513630308,19.99854168709365,20.009185791015625,7430600
2004-10-20,19.998541572458947,20.044662413587723,19.81405956129463,19.895658493041992,6395800
2004-10-21,19.970161045237585,20.0872353643721,19.80341739776483,19.86372947692871,5337800
2004-10-22,19.867283067585536,19.924046679358877,19.55153539251189,19.59765625,4522600
2004-10-25,19.51250470243709,19.51250470243709,19.18256587829145,19.24287796020508,7329200
2004-10-26,19.17547293384949,19.512507423655578,19.171925800701484,19.43800544738769,7789200
2004-10-27,19.352850395574247,20.05175304335769,19.288991201698074,19.92758178710937,8461600
2004-10-28,19.831792855494207,20.10496662128828,19.806958876785654,20.065942764282227,4333200
2004-10-29,19.995001974767355,20.14400595146209,19.78213741089465,19.96661949157715,4585600
2004-11-01,20.002091802456427,20.48813018283389,19.963066576048217,20.38169860839844,8050800
2004-11-02,20.47039812218882,20.70099971231819,20.434920017541085,20.67971420288086,8979200
2004-11-03,20.93159297742613,20.9848094331158,20.58746296489453,20.69744300842285,9218000
2004-11-04,20.62648559996599,21.0628558805343,20.59810448627929,21.04866600036621,7493800
2004-11-05,21.04866839415375,21.222506287799828,20.99190345362365,21.087692260742188,6363400
2004-11-08,21.055762658369343,21.098336363766915,20.896115999855787,21.087692260742188,5713600
2004-11-09,20.938692419683484,21.144459955677075,20.906762811107644,21.08060073852539,7447800
2004-11-10,21.14445344324052,21.24379072452026,21.0273791500883,21.04866600036621,5060600
2004-11-11,21.116077504514145,21.254438681852736,21.038027054384337,21.24734306335449,3586800
2004-11-12,21.247344507557084,21.47794738769627,21.16929405212211,21.375062942504883,5664200
2004-11-15,21.123172904541352,21.123172904541352,20.47393802885101,21.020288467407227,20129800
2004-11-16,21.05576971353229,21.0876993266038,20.342676826070065,20.605209350585938,9731800
2004-11-17,20.66196520894693,20.73646716039329,20.3745987990602,20.45974349975586,7718800
2004-11-18,20.381689013021283,20.4845734063246,20.19011145721862,20.434904098510746,7574000
2004-11-19,20.438454822008545,20.463288801961014,20.10496762833184,20.14044570922852,5847800
2004-11-22,20.15819352066277,20.463298392617464,20.104977051051684,20.374605178833008,8174200
2004-11-23,20.317837323686064,20.48812809610877,20.16883205197197,20.303646087646484,4781800
2004-11-24,20.402971562149744,20.520047169365423,20.225585262744215,20.378137588500977,3874200
2004-11-26,20.34621599339204,20.470387263766064,20.30009651184082,20.30009651184082,1652000
2004-11-29,20.303645654168974,20.356862111505876,19.881466541135516,20.01627922058105,7517800
2004-11-30,19.66150588618888,19.959515061399586,19.53024034274805,19.62957763671875,9880400
2004-12-01,19.789224862198324,20.02692332405887,19.750199640598037,20.01627922058105,7791000
2004-12-02,19.927585301514775,20.58391572024724,19.739556171580137,20.367504119873047,8406200
2004-12-03,20.25752513534861,20.466841129049133,20.062400377609325,20.388792037963867,5657400
2004-12-06,20.268176149973332,20.417180118320903,20.2504377756488,20.307201385498047,3581000
2004-12-07,20.31074518100955,20.520061211681504,20.257528713430705,20.346221923828125,6063800
2004-12-08,20.34621293479049,20.754202063707808,20.34621293479049,20.59810256958008,6898200
2004-12-09,20.509413525504144,20.775493092684968,20.49522229045034,20.757753372192383,5366800
2004-12-10,21.130271919383564,21.130271919383564,20.68325736022183,20.782594680786133,4551600
2004-12-13,20.853534009920114,20.89610769840433,20.66550495584031,20.718721389770508,5729800
2004-12-14,20.61230290128211,20.61230290128211,20.4313693357284,20.541349411010746,6278600
2004-12-15,20.54489570754748,20.612302061900767,20.434915636743785,20.54844284057617,5045800
2004-12-16,20.47749066462328,20.520063030449112,20.268174615398888,20.413631439208984,5397000
2004-12-17,20.172383483303754,20.470392716897603,20.087237407983675,20.14400100708008,7746800
2004-12-20,20.27526010595389,20.399430008141533,19.99144086663853,20.030466079711918,4455200
2004-12-21,20.13335531522377,20.381696532513427,20.08013885675072,20.303646087646484,5230400
2004-12-22,20.211412930362663,20.498778118681717,20.183030448214428,20.39589500427246,4605000
2004-12-23,20.466839012433315,20.559080683291217,20.310739493055355,20.32847785949707,2817400
2004-12-27,20.406529660004495,20.424268027632,20.126258850097656,20.126258850097656,2791000
2004-12-28,20.214949253385345,20.39943122863769,20.140447307615315,20.39943122863769,3120200
2004-12-29,20.417175986767088,20.527156050685942,20.41362885396045,20.4987735748291,5079400
2004-12-30,20.569726357425807,20.576821975681582,20.381697210375457,20.402982711791992,2293200
2004-12-31,20.4810339431375,20.569727144703148,20.41007911121481,20.431365966796875,2418400
2005-01-03,20.56972531760412,20.693896600777062,20.45619813795217,20.56262969970703,5378200
2005-01-04,20.562630851039437,20.63713281310424,20.13335609436035,20.13335609436035,6057800
2005-01-05,20.136900171485287,20.25042869361906,19.927584200288084,19.963062286376957,5359000
2005-01-06,19.980807097880792,20.13690666697245,19.83180314829571,20.026927947998047,6147600
2005-01-07,20.211414806146195,20.22205756126389,20.06240946774154,20.1014347076416,5048000
2005-01-10,19.99144563980413,20.60165525533544,19.97016013911865,20.520057678222656,7778400
2005-01-11,20.34621746436149,20.598107155227957,20.34621746436149,20.42781639099121,6683400
2005-01-12,20.388762431567034,20.520119218647743,20.17930095008035,20.37101173400879,6491200
2005-01-13,20.300017068336423,20.3958725050592,19.98759949912426,20.037302017211918,6117000
2005-01-14,20.14380510951984,20.303562785887863,20.04084913928444,20.189956665039062,4950200
2005-01-18,20.05859526891192,20.399413553760823,20.02664347006412,20.39231300354004,4034600
2005-01-19,20.356808908729526,20.4491133407832,20.260953524890358,20.28225517272949,3317600
2005-01-20,20.232554019621396,20.30710776055012,19.849132458916998,19.969839096069336,6339000
2005-01-21,19.941436976364663,20.04084331895628,19.8136311432464,19.8491325378418,5862200
2005-01-24,19.96984794806472,19.97694850096129,19.550924807210848,19.558025360107425,6224000
2005-01-25,19.63256692642036,19.866879609142096,19.63256692642036,19.756824493408203,5905200
2005-01-26,19.934342731083326,20.03019679115218,19.817185662100925,19.89529037475586,5533400
2005-01-27,19.916585729289608,19.9520884781764,19.77812839435961,19.8491325378418,5112800
2005-01-28,19.84557756729824,20.01243570187271,19.75682275054698,19.944982528686523,4436000
2005-01-31,20.23611071042325,20.356817389885173,20.200609303525223,20.232561111450195,6085200
2005-02-01,20.307114975085685,20.31776512634737,20.108303574352373,20.26451301574707,6116600
2005-02-02,20.307115626706064,20.34261703491211,20.211260199399447,20.34261703491211,4308200
2005-02-03,20.27160667741974,20.381663176136872,20.21835458136293,20.331960678100582,4124200
2005-02-04,20.33551601418287,20.8218936920166,20.33551601418287,20.8218936920166,5102800
2005-02-07,20.78638601308238,21.088153321666702,20.75088461409202,20.928394317626957,5531400
2005-02-08,20.86803858023996,20.942593678791336,20.786384285913645,20.84318733215332,5055800
2005-02-09,20.786384756622752,20.93904320077848,20.5165706194472,20.544971466064453,4795800
2005-02-10,20.566276310646455,21.01715116290641,20.56272535783567,20.963897705078125,6347200
2005-02-11,20.94614757809601,21.29051687843128,20.782838955906968,21.15915870666504,6444800
2005-02-14,21.10234647693074,21.134298267757885,20.9283877802094,20.981639862060547,3444400
2005-02-15,20.974545118829468,21.11655205485833,20.92839222133166,21.017147064208984,3426000
2005-02-16,21.02070503405244,21.1698139337042,20.86449693591951,21.12721061706543,5577000
2005-02-17,21.120105330712647,21.141405628600253,20.789937170538984,20.992298126220703,4342600
2005-02-18,20.992293359963792,21.0348953003579,20.768630802885014,20.857385635375977,6873400
2005-02-22,20.626627776400337,20.68698178207913,20.34971306195728,20.424266815185547,7979400
2005-02-23,20.413625175894435,20.76864474417086,20.14736049968712,20.555633544921875,11303400
2005-02-24,20.733145871565444,21.01716129015696,20.356824595498978,21.00650978088379,8866000
2005-02-25,20.970997262683696,20.995848514014853,20.775736850385343,20.94614601135254,7924000
2005-02-28,20.836092093238538,21.05265418544538,20.80059068814867,20.868043899536133,8190400
2005-03-01,20.81122935893702,20.97453925342414,20.59821833731528,20.71537399291992,9082200
2005-03-02,20.502374916974624,20.733138120094534,20.466873510783177,20.60177993774414,10534400
2005-03-03,20.608878174630817,20.77218679163225,20.555626071326014,20.626628875732425,7408800
2005-03-04,20.6798791468528,20.70118079746745,20.484618756238667,20.662128448486328,6044200
2005-03-07,20.57337760925293,20.736686232896968,20.509473999254524,20.57337760925293,6056600
2005-03-08,20.45267784748694,20.584034710489536,20.38167366192341,20.50238037109375,5759600
2005-03-09,20.39586851361742,20.459772125593425,20.239659082435274,20.307113647460938,5875000
2005-03-10,20.296456955652214,20.534320640394995,20.292907357801475,20.46686744689941,5252600
2005-03-11,20.413613999098235,20.58047353820325,20.367461101289976,20.46686744689941,3857200
2005-03-14,20.449111336625748,20.481063128107305,20.250301393443767,20.406509399414062,4632200
2005-03-15,20.449115266184897,20.473966513858127,20.31420888004204,20.438465118408203,4805200
2005-03-16,20.324871630480903,20.395875819699118,20.20061531506823,20.36747360229492,4914000
2005-03-17,20.31066273880031,20.371016750510627,20.23965857679066,20.300012588500977,5385200
2005-03-18,20.3035581386528,20.41716423349856,20.11894789595557,20.239654541015625,8504200
2005-03-21,20.15444492949703,20.193497267451317,19.916581304816862,20.079891204833984,4782200
2005-03-22,20.079895585743685,20.236103617350263,19.92368619984572,19.969839096069336,5954000
2005-03-23,19.96983559956812,20.17219649196712,19.785225401288287,20.06924057006836,7925600
2005-03-24,20.06924523292325,20.303557970893035,20.023093688348887,20.168651580810547,7159400
2005-03-28,20.172204075504453,20.591127114804145,20.168654477062645,20.491722106933597,7795000
2005-03-29,20.41361740237233,20.46331990631753,20.140252276382085,20.18640518188477,8395000
2005-03-30,20.168654965553067,20.374565537456657,20.15090291003909,20.19705581665039,5592000
2005-03-31,20.232555472503275,20.381662965068006,20.158000371929425,20.26805686950684,6872800
2005-04-01,20.342607597194355,20.363909244810475,19.831380243028995,19.948535919189453,9842400
2005-04-04,19.987594826360706,20.14735385021636,19.72843078956896,20.047948837280277,5932200
2005-04-05,20.047951128127558,20.260962281414383,19.898842237393264,20.175758361816406,4765400
2005-04-06,20.182859555826308,20.2290124735097,20.04085255768881,20.062152862548828,6238800
2005-04-07,20.023092649728145,20.104746940845143,19.7106752305434,20.00179100036621,8025600
2005-04-08,19.73907865399961,19.92013931150029,19.373409095078166,19.458614349365234,11800000
2005-04-11,19.34856175691492,19.51542134672409,19.305959798303245,19.33791160583496,6583200
2005-04-12,19.266903153269293,19.70712645435627,19.22430120413316,19.63612365722656,8621400
2005-04-13,19.55085445582832,19.68585982999844,19.007282147720588,19.11741828918457,11346600
2005-04-14,19.117418903081653,19.117418903081653,18.747931212051903,18.77280044555664,8278200
2005-04-15,18.545425116346344,18.65200774670173,18.3429177120896,18.34646987915039,8075600
2005-04-18,18.36778754036168,18.87583282857277,18.35002399394088,18.850963592529297,8819800
2005-04-19,18.794118315015805,18.86162032951598,18.61292662857441,18.68753433227539,6519400
2005-04-20,18.598718241816137,18.712406576772725,18.22923183084315,18.29673385620117,8513600
2005-04-21,18.54542541425872,18.68398297147367,18.389102955639437,18.5738468170166,5969800
2005-04-22,18.580951397364668,18.644901243842146,18.342916911798664,18.43173599243164,6196000
2005-04-25,18.580959755492277,18.79412645806149,18.46727138956424,18.485034942626957,4801400
2005-04-26,18.4850337104171,18.790571681708645,18.435295223048172,18.50990295410156,4261000
2005-04-27,18.438842782191195,18.843857597210807,18.310943081601486,18.5738468170166,6071400
2005-04-28,18.580948085216026,18.687530691922383,18.26475243136957,18.381994247436523,6027600
2005-04-29,18.456608362853657,18.566743174179532,18.01961857451586,18.513452529907227,7659600
2005-05-02,18.509897924243948,18.80122443275904,18.509897924243948,18.71951103210449,5781800
2005-05-03,18.50634005719931,18.772797246722085,18.45660159866514,18.58450126647949,8068000
2005-05-04,18.58450860593672,19.010839193324,18.47792460381801,18.96820640563965,7507200
2005-05-05,18.847412377807416,19.195583080318706,18.847412377807416,18.96820640563965,4492200
2005-05-06,19.00728634596325,19.29861286938618,18.99307496548608,19.02149772644043,6051400
2005-05-09,18.98952494731559,19.266640121626377,18.882942292216978,19.248876571655277,4523400
2005-05-10,19.078338216327072,19.18136867202296,18.92912146061724,19.096101760864254,4644600
2005-05-11,18.985971708079635,19.1778213032893,18.705304361686245,19.106765747070312,4765000
2005-05-12,19.039258373976494,19.25952931672949,18.705299115268957,18.769248962402344,11957400
2005-05-13,18.66977486748277,18.840307379759707,18.428186802939127,18.77991104125977,6642600
2005-05-16,19.078337432188007,19.82441711425781,18.914910660728378,19.82441711425781,15522200
2005-05-17,19.82442419862347,20.037590866299336,19.61125888621961,19.845741271972656,9739000
2005-05-18,19.891917684715395,20.442595597033407,19.856389246818903,20.399961471557617,13089200
2005-05-19,20.371546213168497,20.59892286311492,20.28627929180272,20.56694793701172,14563400
2005-05-20,20.56694861035956,20.56694861035956,20.26851640871648,20.40707397460937,4425400
2005-05-23,20.144171303382038,20.506553378765528,20.144171303382038,20.38575935363769,7081600
2005-05-24,20.25785963817625,20.43549783070118,20.186804090111902,20.38575935363769,5920000
2005-05-25,20.29694107460353,20.33957386304995,20.07311656353401,20.222332000732425,6702200
2005-05-26,20.32535990762571,20.60247638561069,20.215225105148267,20.56694793701172,10419800
2005-05-27,20.48168098128944,20.534971617664645,20.264962202990635,20.30404281616211,4449200
2005-05-31,20.232986192547436,20.50654911478581,20.094428648032107,20.32535743713379,6648800
2005-06-01,20.26851587882175,20.606028688743447,20.229435262741,20.50655174255371,6916800
2005-06-02,20.38219892461754,20.55983705695233,20.336013986005906,20.51720428466797,5453800
2005-06-03,20.421283698666183,20.591816177881583,20.144168589350105,20.23653984069824,4113000
2005-06-06,20.264958214774165,20.59536524530744,20.151269919888676,20.581153869628903,4131000
2005-06-07,20.606033001915883,21.21355537377605,20.588269451416917,20.9613094329834,12713400
2005-06-08,20.96485465571207,21.28105171304052,20.93998542219781,20.98617172241211,8480600
2005-06-09,20.94354807572273,21.11052709422577,20.769462009949414,20.897361755371094,5534400
2005-06-10,20.986180917941187,21.03947293040649,20.43194913833631,20.712617874145508,9734000
2005-06-13,20.645113950069383,20.90091341813817,20.46037004038326,20.606033325195312,4867400
2005-06-14,20.58826489631232,21.050123883460483,20.53852642381091,20.8618278503418,7639600
2005-06-15,20.961302359315468,21.17446760391174,20.81563912594465,21.018146514892575,4951000
2005-06-16,21.01815497195622,21.26684876089971,20.87604384819648,20.982627868652344,6357000
2005-06-17,21.309476572207267,21.31303009486985,21.0927577690308,21.11052131652832,8558200
2005-06-20,20.996835835485527,21.14249911316659,20.80853976697079,21.121183395385746,5125000
2005-06-21,21.08565373012792,21.11762866023604,20.854724884033203,20.854724884033203,3895600
2005-06-22,20.858265042313423,20.964847629550352,20.769445993737463,20.826290130615234,3405400
2005-06-23,20.82629922625457,20.961304618527947,20.44615364074707,20.44615364074707,5600200
2005-06-24,20.32180276827947,20.463912462090228,20.08021479800263,20.161928176879883,6970000
2005-06-27,20.10864474523593,20.396419132122347,20.10864474523593,20.22943878173828,5090600
2005-06-28,20.321812446936683,20.68419457494345,20.321812446936683,20.606033325195312,4774800
2005-06-29,20.60247365629895,20.773006121167487,20.453256902494257,20.545629501342773,3878200
2005-06-30,20.87249256717196,21.0323672493792,20.64156232006459,20.68419647216797,7062400
2005-07-01,20.70550286993374,20.78366409165764,20.32180516067512,20.46391487121582,4791000
2005-07-05,20.38576418380518,20.76235637381315,20.375104968143244,20.68419647216797,4183200
2005-07-06,20.68773975479586,20.776558833953636,20.41062466151052,20.552734375,4165200
2005-07-07,20.343127880474785,20.72327490920019,20.25075660456314,20.69840431213379,3859000
2005-07-08,20.78367119232554,21.21355534813228,20.76590764184804,21.146053314208984,6764000
2005-07-11,21.22421249072545,21.61856815180811,21.074995699682574,21.57593536376953,12417400
2005-07-12,21.49421849652029,22.307801637604197,21.483560640043663,22.17279624938965,14773000
2005-07-13,22.137237887523717,22.208361814702457,22.002102561541705,22.119457244873047,6677400
2005-07-14,22.155019248532664,22.52841818260813,22.155019248532664,22.368391036987305,7914000
2005-07-15,22.371946996541528,22.75601540822691,22.21547543432312,22.63510513305664,5917800
2005-07-18,22.51063512988036,22.96938164497333,22.4750738472324,22.95871353149414,7621200
2005-07-19,22.99071695147055,23.691285232835664,22.987160009822333,23.46368980407715,12790000
2005-07-20,23.435237173427748,23.701950792139403,23.232534931732932,23.48502349853516,6360200
2005-07-21,23.417460519395377,23.4636926269297,22.93026526788583,23.204090118408203,8065800
2005-07-22,23.257424124201812,23.3854468563818,23.10450823371744,23.374778747558597,4010600
2005-07-25,23.314329410690807,23.47080229419397,23.17563852327725,23.317886352539062,6957200
2005-07-26,23.399676951081705,23.613047313003,23.36411296313536,23.577486038208008,6628800
2005-07-27,23.637942941298608,23.64149988309438,23.260988505495902,23.495695114135746,5922000
2005-07-28,23.59526556467272,23.82997486443557,23.545479236811158,23.826417922973636,5937800
2005-07-29,23.7552952190374,23.77307449992935,23.47435653469152,23.549036026000977,6298200
2005-08-01,23.552599103868307,23.605939673592943,23.204092007138925,23.509923934936523,6059400
2005-08-02,23.50992233990572,23.691288404120925,23.28943805177837,23.49925422668457,4927600
2005-08-03,23.49925510564251,23.506366277005306,23.168530017657112,23.253877639770508,5811600
2005-08-04,23.00850361959256,23.012060562382626,22.343499114927,22.542644500732425,11036000
2005-08-05,22.54263452305192,22.54619146426764,22.322151647823446,22.42883682250977,6203400
2005-08-08,22.510638431663324,22.631548709607458,22.15502012671896,22.27593040466309,4525000
2005-08-09,22.46795653954392,22.969376758457265,22.460844013212256,22.955154418945312,7348400
2005-08-10,23.147181935316688,23.470795724128475,23.104509497689403,23.228975296020508,10863800
2005-08-11,23.15074393712954,23.357003141254577,22.82357584909421,23.097400665283203,6659200
2005-08-12,22.96937572733565,23.33210777108867,22.770230425291643,23.182748794555664,7971800
2005-08-15,23.815756703199547,23.815756703199547,22.91248594424064,23.43168830871582,12072400
2005-08-16,23.36412017575805,23.40323840405394,22.983608720368,23.00494766235352,9914800
2005-08-17,22.97293858198345,23.41390445565262,22.76312511520161,23.264545440673828,7262400
2005-08-18,23.15430378506022,23.3818992412307,23.04050605697498,23.357006072998047,6618200
2005-08-19,23.44235663234983,23.44235663234983,23.00494766235352,23.00494766235352,7784800
2005-08-22,23.03338863538644,23.072506852766004,22.59953537240801,22.727558135986328,9624600
2005-08-23,22.68844440054044,22.86269794240581,22.592427308889235,22.69200134277344,7396000
2005-08-24,22.699110105908275,22.70266569097558,22.339934968201412,22.357715606689453,6974600
2005-08-25,22.439507928980596,22.862694456162416,22.42172729025485,22.827133178710938,7093800
2005-08-26,22.76668224031962,22.85203258529483,22.35772201163453,22.46796417236328,6020800
2005-08-29,22.84847079500773,23.06184118587162,22.670661683762532,22.972936630249023,9163200
2005-08-30,22.972932939578783,22.972932939578783,22.162123956663844,22.364826202392575,11469400
2005-08-31,22.403943564307102,22.869802474975582,22.179903748822863,22.869802474975582,10050800
2005-09-01,22.834249481798413,23.31433361818929,22.802245138843364,22.987165451049805,11100200
2005-09-02,23.15074756551726,23.29299540835132,22.76312497477518,22.848472595214844,4096600
2005-09-06,23.026273670380533,23.68416666118978,23.026273670380533,23.63438034057617,8165000
2005-09-07,23.71973616316477,23.94022045465245,23.47080447370444,23.933109283447266,9327600
2005-09-08,23.776631595112068,24.00422701195105,23.68772705062336,23.826417922973636,7076400
2005-09-09,23.82998268931113,24.21404838562012,23.76952551721189,24.21404838562012,7310600
2005-09-12,24.093134512073537,24.51632106396279,24.02201195301814,24.470088958740234,7864600
2005-09-13,24.47008982993472,24.47008982993472,23.96511258846852,23.993562698364254,8849800
2005-09-14,23.993565150887765,24.007790207289663,23.296553666107407,23.467248916625977,8221800
2005-09-15,23.556151734914664,23.63794512486329,23.23965171464508,23.49925422668457,5383800
2005-09-16,23.57037793835921,23.61305310647438,23.026282432362912,23.257434844970703,14116600
2005-09-19,23.25742820807354,23.26098514935611,22.68843833809286,22.876916885375977,5985200
2005-09-20,22.990714085880885,23.072504741534747,22.32215157980134,22.45017433166504,5925400
2005-09-21,22.36127857899625,22.43240250870573,21.77450785461317,22.201250076293945,11324600
2005-09-22,22.26170510365867,23.317891891908072,22.055447194464094,23.22187614440918,12027600
2005-09-23,23.18630930264008,23.52414827514025,22.962270777160413,23.253877639770508,8278800
2005-09-26,23.35700357161911,23.57393089148011,22.97649220472633,23.21119880676269,7426600
2005-09-27,23.211200867888525,23.2752122583374,22.659994234777663,22.937376022338867,6936800
2005-09-28,23.108080101540708,23.108080101540708,22.38617397465611,22.48219108581543,8337000
2005-09-29,22.46084555617117,23.04050360455273,22.31504214779522,22.812908172607425,9716200
2005-09-30,22.83068823644235,23.175638337868293,22.688441764894367,22.90181350708008,5976200
2005-10-03,22.930260694376635,23.18630349660163,22.7488946687932,22.79512405395508,5510800
2005-10-04,22.830688159357305,23.10451570237263,22.610206604003903,22.610206604003903,6335200
2005-10-05,22.546191354515223,22.56397199078046,22.194128787531017,22.297258377075195,7061800
2005-10-06,22.499971004509952,22.72045398047495,21.76384119929554,22.24036979675293,9946000
2005-10-07,22.42172950471844,22.581757982206742,22.11945454679958,22.343494415283203,5895000
2005-10-10,22.268817769662014,22.36127928818962,21.852745006016296,22.012773513793945,5831600
2005-10-11,22.0412183987478,22.24392068744786,21.721162796020508,21.721162796020508,8245400
2005-10-12,21.571660289004047,21.93474781249471,21.418593940142976,21.85643577575684,12732600
2005-10-13,21.74964425831019,21.8635539096851,21.201454570284756,21.610816955566406,7494600
2005-10-14,21.81726973613899,21.895581739343164,21.63572537317703,21.78879165649414,6965200
2005-10-17,21.77099849353522,21.82439422607422,21.32959766388783,21.82439422607422,8393000
2005-10-18,21.714043529489302,21.717602611276085,21.19077024269012,21.30467987060547,11602600
2005-10-19,21.286876614964346,22.070006136552973,21.03058069288609,22.03084945678711,11941200
2005-10-20,22.03085025507865,22.3974967099726,21.820829167013954,21.941858291625977,10129000
2005-10-21,22.17680113847268,22.31562840996989,21.699804071484163,21.792356491088867,9986000
2005-10-24,21.89202654110812,22.07356957835894,21.64996825283381,22.0593318939209,6903800
2005-10-25,22.062892385988864,22.126966722740548,21.57521669663208,21.678447723388672,8671800
2005-10-26,21.447067509571923,21.721162975133065,21.269083546836885,21.326038360595703,9216400
2005-10-27,21.304682956767984,21.386556786732765,20.5856288356075,20.74225425720215,9508000
2005-10-28,20.92023458540771,21.31179874982765,20.82412308514249,21.29400062561035,7509600
2005-10-31,21.553852549087583,21.849306509573776,21.52893490879472,21.63216590881348,8921400
2005-11-01,21.571647953029203,21.571647953029203,21.23347963223817,21.375865936279297,9606600
2005-11-02,21.340279645225763,21.536061753218476,21.336719205167523,21.482666015625,16185200
2005-11-03,21.607256310540773,21.888471336122503,21.59301726567105,21.738964080810547,14455200
2005-11-04,21.86354919402879,21.86354919402879,21.56453744209485,21.696245193481445,7113800
2005-11-07,21.80303961632336,22.087813739730045,21.763882919746788,22.052217483520508,8133800
2005-11-08,21.74964247998798,21.753202920126792,21.39367450906896,21.536062240600582,8955200
2005-11-09,21.607255556199004,21.64285180922053,21.336719144759368,21.475547790527344,6928600
2005-11-10,21.43995285780323,21.913390958007906,21.425713811651924,21.71404838562012,8105600
2005-11-11,21.77455647860302,22.13764391101448,21.64284873165988,22.0593318939209,7732600
2005-11-14,23.31589357564764,23.511676974442548,22.874494213423503,23.098752975463867,20348200
2005-11-15,23.08807806565018,23.27318017752215,22.64667727495377,22.821102142333984,8516000
2005-11-16,22.94213372808764,23.20555197149459,22.80686688220676,23.116559982299805,6985400
2005-11-17,23.11655076780393,23.379966190390792,22.967042221529155,23.35148811340332,6330200
2005-11-18,23.351508804492976,23.533053311375767,23.28031626476157,23.476097106933597,8197600
2005-11-21,23.387097751229263,23.664755087210917,23.362180098543533,23.6291561126709,6795200
2005-11-22,23.51880064479267,23.899686215078685,23.436926827260656,23.864089965820312,7204600
2005-11-23,23.87833311267044,23.97444327376852,23.579318592704904,23.714588165283203,4651600
2005-11-25,23.867646165693976,23.867646165693976,23.465400744651177,23.760854721069336,2167200
2005-11-28,23.84985325748759,23.921045762972987,23.37285749593144,23.6718692779541,7793800
2005-11-29,23.83205158368992,24.15242326058077,23.70034518906017,24.1168270111084,11351400
2005-11-30,24.11682585404725,24.159542980856493,23.892567048892868,24.020715713500977,8780200
2005-12-01,24.15241817502357,24.17733581598952,23.81068936356801,24.127500534057617,7115200
2005-12-02,24.045640744905192,24.191586220317586,24.031401698261465,24.14531135559082,4976800
2005-12-05,24.027834990962376,24.09902748979288,23.753740883063195,23.846290588378903,7373000
2005-12-06,23.992232050433586,24.11682024655086,23.671860463404165,23.97799301147461,7056000
2005-12-07,23.95664874024725,24.159550402234544,23.892574388260705,24.14531135559082,7789800
2005-12-08,24.14530041471078,24.38735866633016,24.03850897118312,24.19869613647461,9998400
2005-12-09,24.180898625512143,24.333964925257213,23.977997038949557,24.2058162689209,4556200
2005-12-12,24.341091106927315,24.490599732453283,24.262780427429373,24.36600875854492,4451400
2005-12-13,24.205811379096545,24.58669683187016,23.99579167219451,24.494144439697266,7099400
2005-12-14,24.52619660560744,24.80385122083968,24.476361301120647,24.64722442626953,5218800
2005-12-15,24.807398734238944,24.807398734238944,24.41583195185933,24.700607299804688,4709000
2005-12-16,24.77892182202576,24.810957624371795,24.52974541771511,24.70772933959961,6431800
2005-12-19,24.597378085292775,24.707729966417723,24.3339626346504,24.39803695678711,3644400
2005-12-20,24.52619391421373,24.63654311692235,24.13462968657725,24.40872383117676,9669800
2005-12-21,24.52619654607564,24.807411601180185,24.50839705916481,24.640106201171875,5680000
2005-12-22,24.526193754968386,24.52975419510945,24.03495621666515,24.18090438842773,7072000
2005-12-23,24.20226006664385,24.20582050655969,23.832053074174546,24.01359748840332,5144800
2005-12-27,24.03851359420497,24.2378547635862,23.7572986069309,23.846290588378903,4321200
2005-12-28,23.8498483741853,23.967318428421983,23.79645264809413,23.85340881347656,3468200
2005-12-29,23.803575344691097,24.06343040059158,23.803575344691097,23.90324592590332,2314200
2005-12-30,23.81425424798673,24.031394895146803,23.711023225909017,23.728822708129883,2747600
2006-01-03,23.71102428716936,23.995799720531103,23.24470716296381,23.87476921081543,7907400
2006-01-04,23.458289289150198,23.664751359348703,23.40845399162918,23.579317092895508,9272600
2006-01-05,23.579315677530072,23.67186810272216,23.24470765937692,23.305221557617188,6449200
2006-01-06,23.387093983832948,23.387093983832948,22.93145542765173,23.031126022338867,10636800
2006-01-09,22.96704372186772,23.23401960047313,22.899411679377987,23.1663875579834,8421400
2006-01-10,23.013321977214577,23.515235231995756,23.013321977214577,23.47252082824707,6556600
2006-01-11,23.46184737858661,23.88900780477565,23.44048745620333,23.79645538330078,7434800
2006-01-12,23.79645260040214,23.91748309368752,23.493880440917845,23.61490821838379,5913400
2006-01-13,23.668309083585896,23.750182909981863,23.47964649785348,23.579317092895508,4530600
2006-01-17,23.3692959855906,23.41913128031191,23.11299863226967,23.255386352539062,5961600
2006-01-18,23.258949857175427,23.365839502829765,22.80289244324126,23.03448486328125,7015800
2006-01-19,23.105737803647923,23.283885362223952,22.845643890383887,23.055856704711918,5605000
2006-01-20,23.12355484563316,23.127118558117925,22.48222251418427,22.49291229248047,10704400
2006-01-23,22.61404761928765,22.69599531899637,22.464402989137707,22.53922462463379,7802800
2006-01-24,22.628305781556847,22.920469073098158,22.549921767924115,22.863460540771484,7736400
2006-01-25,22.909780603927477,23.07011234369997,22.58911440606604,22.72806930541992,6526400
2006-01-26,22.94540942489144,23.3302088597676,22.852771919832417,23.226882934570312,7532600
2006-01-27,23.159175404360248,23.61166886620215,23.08079006806122,23.19836807250977,6878800
2006-01-30,23.16630893036428,23.262510140934708,22.767260111157174,22.79576301574707,5215800
2006-01-31,22.76725934779553,22.870585261680453,22.53566696966148,22.642555236816406,7963000
2006-02-01,22.874141988212347,22.874141988212347,22.428774518017764,22.56416702270508,8084600
2006-02-02,22.653247694028877,22.995290733039575,22.467974041441856,22.863460540771484,9241200
2006-02-03,22.678185201794093,22.956094963773847,22.564170870768656,22.631866455078125,5658800
2006-02-06,22.50716269540729,22.560607508536563,22.286260095511864,22.418088912963867,5316000
2006-02-07,22.21856870404536,22.435908991696927,22.029732684551917,22.043983459472656,7624200
2006-02-08,21.91927314405597,22.329011664193587,21.79100669978408,22.268442153930664,7154800
2006-02-09,22.257753736627286,22.524975042474452,22.104546745875616,22.268442153930664,4888600
2006-02-10,22.28625863951032,22.45015406230069,21.794571011981237,22.311199188232425,6417800
2006-02-13,22.321884021288906,22.710245655712864,22.25775080759264,22.6461124420166,5660200
2006-02-14,22.77794924998888,23.351584664035173,22.63186829156129,23.33020782470703,9825800
2006-02-15,22.981033174118053,23.533291647799143,22.981033174118053,23.529727935791016,9938600
2006-02-16,23.64730889564773,23.78626377969895,23.551107687725413,23.743507385253903,6753200
2006-02-17,23.74350734705617,23.74350734705617,23.44422074137075,23.611677169799805,4593800
2006-02-21,23.853955457716182,23.89314813552432,23.15918111169177,23.355144500732425,6522000
2006-02-22,23.508346584506366,23.6401740020099,23.40858169565374,23.51190757751465,5413200
2006-02-23,23.536851966497725,23.622364742345745,23.266069664592813,23.32663917541504,6267800
2006-02-24,23.326655934738287,23.37653706399615,23.020241730258448,23.34446907043457,5330400
2006-02-27,24.33496229081126,24.783892267977528,24.138998851187186,24.69125747680664,22597600
2006-02-28,24.637806771310306,24.81595432176328,24.2672595401702,24.292200088500977,8497400
2006-03-01,24.29220187696097,24.370587239861777,23.87177351820619,24.34208297729492,9315000
2006-03-02,24.12118586692316,24.44897954285741,24.07130475242994,24.32071304321289,9679600
2006-03-03,24.12117179312527,24.235186090917686,23.975092248289023,24.01072120666504,6745200
2006-03-06,23.928781950660927,23.996476176099904,23.74707067539613,23.75775909423828,7670200
2006-03-07,23.572489420319787,23.579614127560315,23.35871014667459,23.48697662353516,10449200
2006-03-08,23.52260567268476,24.01073102889422,23.380089780880777,23.75419807434082,8828000
2006-03-09,23.782698443871865,23.85395637810016,23.19481097238263,23.301700592041016,8670200
2006-03-10,23.33732955915516,23.405026499493204,23.216190527303876,23.301700592041016,7760200
2006-03-13,23.444215381903792,23.579606522336647,23.33732577955672,23.46202850341797,5108000
2006-03-14,23.462032767610324,24.206690971120395,23.44778063681937,24.05348396301269,8127400
2006-03-15,23.97866922754698,24.089119875121987,23.697195679494968,24.035675048828125,6716400
2006-03-16,24.210260501306635,24.30646173848585,24.128314118260445,24.156818389892575,7168600
2006-03-17,24.245888395506476,24.51667077857157,24.138998752816835,24.452537536621094,9319200
2006-03-20,24.34564351976459,24.530915765693543,24.142555432472044,24.228065490722656,5268800
2006-03-21,24.22094185619787,24.22450284997546,23.89314830149689,24.09980010986328,5183600
2006-03-22,24.049917809582112,24.08554677378501,23.83970501796398,23.960844039916992,4790000
2006-03-23,24.021421077316244,24.206696098527107,23.71857070922852,23.71857070922852,6626800
2006-03-24,23.71857606164589,23.73282819867188,23.358717077111905,23.57249641418457,4976000
2006-03-27,23.896705733253256,23.896705733253256,23.47271380998607,23.479841232299805,5799000
2006-03-28,23.533300394466654,23.658003177941808,23.301707957546046,23.40147018432617,7390400
2006-03-29,23.444216249251976,23.690057994440657,23.376519317373265,23.4050235748291,4096400
2006-03-30,23.31595021595578,23.55110354828162,23.070105748160703,23.07723045349121,6509000
2006-03-31,23.16630484162868,23.262506035220085,22.945403632360183,22.95965576171875,7728200
2006-04-03,23.14135796365246,23.14135796365246,22.756560090351897,22.86701202392578,11413600
2006-04-04,23.05228814439696,23.37295422605929,22.99884606271611,23.34088897705078,7030200
2006-04-05,23.37651704296896,23.8575147878965,23.36938962014065,23.764877319335938,9301600
2006-04-06,23.590295263428278,23.78625863098851,23.49765778800748,23.654428482055664,4855400
2006-04-07,23.618807683459227,23.79695527251686,23.19837926455055,23.298141479492188,6111000
2006-04-10,23.28388458571341,23.408587328894637,23.159181842532195,23.219751358032227,3675600
2006-04-11,23.21975292316073,23.35514681201165,22.87770992524428,23.05229377746582,7596000
2006-04-12,23.013093103522728,23.016656814706447,22.69955447723437,22.856325149536133,3878200
2006-04-13,22.8420767255523,23.03804009769289,22.82069989161537,22.90620994567871,4769600
2006-04-17,22.909774508958456,22.94183976105567,22.54991572052293,22.62829971313477,7604600
2006-04-18,22.628306201554032,22.981039026502064,22.628306201554032,22.84920883178711,11354200
2006-04-19,22.788578120675965,22.852771405782264,22.48187717193047,22.752914428710938,7366200
2006-04-20,22.645922903112737,22.75291124316732,22.571031201117588,22.717248916625977,8422000
2006-04-21,22.949071024926752,22.96690355971251,22.43196016649341,22.56747817993164,12550000
2006-04-24,22.620959102934687,22.64235731521288,22.33922209654267,22.406982421875,8596400
2006-04-25,22.40699121097603,22.5532089844876,22.24294090668924,22.321399688720703,6908400
2006-04-26,22.485451183615808,22.76362264218166,22.30000399804899,22.41769218444824,7211400
2006-04-27,22.4212541616402,22.913402327971,22.2179758373705,22.592435836791992,14297600
2006-04-28,22.467617666773812,22.742222045952783,22.396291624316884,22.485448837280277,8208000
2006-05-01,22.617400915046765,22.909836461932937,22.617400915046765,22.66376304626465,7051400
2006-05-02,22.663769825116688,22.72083040351693,22.30000812765331,22.36063575744629,6596400
2006-05-03,22.27147111874345,22.39272497761007,22.114553559956622,22.23580741882324,5415800
2006-05-04,22.30713284071945,22.496147043986596,22.185878985209424,22.37489318847656,3863000
2006-05-05,22.638795419081223,23.29855949663962,22.638795419081223,23.29499244689941,8075200
2006-05-08,23.1808758901743,23.41625224368842,23.141646497921943,23.1701774597168,4874200
2006-05-09,23.17374281408623,23.430513288860222,23.13094637452619,23.33422470092773,4383600
2006-05-10,23.20940160941521,23.387715999061864,22.89556654228564,22.988290786743164,4646000
2006-05-11,23.06318579084807,23.116680659538467,22.863474516656773,22.934799194335938,5612400
2006-05-12,22.934802534045307,22.938369584707303,22.342800004688563,22.56390953063965,6656600
2006-05-15,22.55320167541504,22.8705996697123,22.378452997640785,22.55320167541504,7643000
2006-05-16,22.53893856815098,22.631661449893343,22.2607672020623,22.292863845825195,8522200
2006-05-17,22.210845343494388,22.27860569872361,21.84351804678038,21.85065078735352,7996800
2006-05-18,21.93980333231611,22.23937157044619,21.790018533035635,21.93267059326172,7910000
2006-05-19,22.07531935823013,22.36062207566333,21.86134129983224,22.339223861694336,8747800
2006-05-22,22.128818262534377,22.292867195111125,21.041100621154136,21.33353614807129,21064600
2006-05-23,21.46191930094823,21.526112587824908,21.1801822485929,21.187314987182617,11226800
2006-05-24,21.24437698021696,21.754356260401828,21.09102649118621,21.633102416992188,14428400
2006-05-25,21.96833232861809,22.20014158005201,21.83638006078982,22.1252498626709,12698800
2006-05-26,22.16447911698334,22.30712981205428,21.99686315583339,22.0574893951416,5639400
2006-05-30,21.825687100523,21.829252790630736,21.6295414942491,21.750795364379883,7821000
2006-05-31,21.897009755306694,22.214409182554835,21.864913107583234,22.21084213256836,7653600
2006-06-01,22.146647003523096,22.649493535937594,22.10385193024529,22.63166236877441,10149800
2006-06-02,22.65662627488904,22.827809288861967,22.303564539593143,22.63166236877441,8076000
2006-06-05,22.46761563301285,22.617399084226065,22.128817982333604,22.15378189086914,7347400
2006-06-06,22.24293252505834,22.32495696607756,21.70798945372648,21.93623161315918,11650200
2006-06-07,21.93624117946821,22.057495049599,21.69730048974556,21.750795364379883,8126200
2006-06-08,21.540381246299,22.289301223227035,21.540381246299,22.15378189086914,11058800
2006-06-09,22.15734799393957,22.289300270620988,22.064623742972472,22.193010330200195,6478000
2006-06-12,22.18231175711922,22.26433621832985,21.82568295510904,21.86134529113769,7135800
2006-06-13,21.861343622449315,22.23580356389109,21.75435526209893,22.025392532348636,8985000
2006-06-14,22.0253977254552,22.382026584328983,21.93624051073676,22.207279205322266,8928400
2006-06-15,22.23224184917759,22.64236555767427,22.21441067933666,22.513978958129883,10668600
2006-06-16,22.481874043969235,22.617391973289138,22.11454555020593,22.196571350097656,8793800
2006-06-19,22.27147317169218,22.367763129706027,21.89701313081466,21.961206436157227,5484800
2006-06-20,22.05749567276865,22.11099054891432,21.72226501549196,21.822120666503903,7343200
2006-06-21,21.736532784865755,22.217981279122288,21.683037903089986,22.04323387145996,5774000
2006-06-22,22.33209129894728,22.33209129894728,21.74008764546638,21.80784797668457,6043800
2006-06-23,21.66520404744014,21.88988061848248,21.636673084576454,21.70443344116211,5656200
2006-06-26,21.686596197165528,22.17874292487828,21.686596197165528,22.11454963684082,5039400
2006-06-27,22.057494182164923,22.17518235755976,21.686601206142843,21.75436019897461,4959200
2006-06-28,21.825680254150647,21.864909635186024,21.41912368783993,21.59030532836914,4663200
2006-06-29,21.80784489267266,22.03608703613281,21.668758561098045,22.03608703613281,5978800
2006-06-30,22.036092461411016,22.09671870050544,21.5368116293463,21.636667251586918,7820000
2006-07-03,21.825686564902117,22.217977767822752,21.51898552677853,21.69729995727539,2782100
2006-07-05,21.704435771049123,21.80429143092875,21.504723090858533,21.690170288085938,7181600
2006-07-06,21.790017314229225,21.811415530195507,21.51184730882153,21.59743881225586,7196800
2006-07-07,21.36919866361432,21.4405247011098,20.48475933579093,20.655941009521484,11795100
2006-07-10,20.79145841494291,20.85565170668759,20.39203454664447,20.47049331665039,6462600
2006-07-11,20.67733912290786,20.684471862663948,19.90702091485348,20.349241256713867,10379700
2006-07-12,20.363499824194868,20.370632562006392,19.52185716889449,19.57178497314453,12517800
2006-07-13,19.65024111472453,19.95694201890251,19.18662406999456,19.942676544189453,17942600
2006-07-14,19.87135790593631,20.142395205366338,19.500463613721784,19.885622024536133,11616400
2006-07-17,19.89275731835152,20.185192873877465,19.68591328756954,19.92842102050781,8084000
2006-07-18,19.97121215472148,20.149526548960065,19.56465555352645,19.80716323852539,9322400
2006-07-19,19.828594118476406,20.64317376505838,19.699975992619382,20.493120193481445,11017100
2006-07-20,20.40023405127937,20.57887008102046,20.107271071534747,20.128707885742188,9718200
2006-07-21,20.142999887773414,20.20016336502437,19.85003689650168,20.08583641052246,7036000
2006-07-24,20.085847865159607,20.71464647351385,20.085847865159607,20.61461067199707,8084100
2006-07-25,20.55743192365376,21.03617647485653,20.44310498869948,20.94328498840332,7036800
2006-07-26,20.786095134798263,20.84325862796458,20.45740402692805,20.54314994812012,5866400
2006-07-27,20.578864691718824,20.72891962610424,20.271611945852296,20.32877540588379,6228400
2006-07-28,20.43596299115612,20.736071589091207,20.314490430970853,20.507417678833008,5921400
2006-07-31,20.443105836476228,20.60030503783628,20.23588740647537,20.25732421875,6862100
2006-08-01,20.257325487448405,20.26447109198747,20.007234780119965,20.114416122436523,5549700
2006-08-02,19.90005612777589,20.36450958251953,19.728565684311388,20.36450958251953,8634600
2006-08-03,19.93578310627038,20.82896336517932,19.90720204668545,20.728927612304688,8287700
2006-08-04,21.07904829932834,21.321993371808983,20.092978164995056,20.564577102661133,10374300
2006-08-07,20.493124129616223,20.607451071695937,20.22159662001341,20.47168731689453,4414000
2006-08-08,20.44310856958742,20.521707499333303,20.10012634176201,20.228744506835938,5882400
2006-08-09,20.278758027619144,20.278758027619144,19.442741496925915,19.57135963439941,10781000
2006-08-10,19.507057420681186,20.021530151367188,19.47847635946807,20.021530151367188,7412100
2006-08-11,19.86432930044648,20.12871126856451,19.792875966849422,20.078693389892575,5777800
2006-08-14,20.328784146137203,20.51456444895152,20.007238693410542,20.078693389892575,5235300
2006-08-15,20.371644661724265,20.70747976961783,20.15728069599468,20.464534759521484,7661900
2006-08-16,20.65033735457147,20.66462857275546,20.17873805758439,20.61461067199707,5119200
2006-08-17,20.543145844097925,21.29341671238058,20.435964486183963,21.04332733154297,7396200
2006-08-18,21.22196573836805,21.400601809018,21.007601635857075,21.09334754943848,7240800
2006-08-21,20.15014288314612,20.4216690242016,19.93577884905372,20.25732421875,15824600
2006-08-22,20.228743097832027,20.23588870238117,19.92148891664228,19.950071334838867,10511000
2006-08-23,19.82860383349628,19.9286395968934,19.335567897109637,19.37129592895508,13530300
2006-08-24,19.64996754180236,19.64996754180236,18.72106053043481,18.842533111572266,20595600
2006-08-25,18.6853326086018,19.185514148663096,18.6853326086018,19.114059448242188,11346900
2006-08-28,19.185510482727693,19.542782553680222,19.12834700589068,19.385581970214844,9286700
2006-08-29,19.39272598815782,19.549926558758543,19.26410783507893,19.457035064697266,9014200
2006-08-30,19.585655694124675,19.67140159464693,19.378438592430232,19.47132873535156,6542100
2006-08-31,19.4356026812435,19.464183740390546,19.278402085837616,19.3355655670166,6716200
2006-09-01,19.349859712439116,19.64996837486149,19.33556849925588,19.52849578857422,6634800
2006-09-05,19.39987173898069,19.928634201163906,19.39987173898069,19.87861633300781,8252800
2006-09-06,19.86432811747992,19.871473722991084,19.50705601923111,19.614238739013672,7541400
2006-09-07,19.457034174584173,19.649961395376543,19.22123469235504,19.35699844360352,9264500
2006-09-08,19.42845904644275,19.54993162663016,19.328421922068685,19.46418571472168,5650400
2006-09-11,19.12119921351404,19.97150702671597,19.12119921351404,19.907197952270508,7895700
2006-09-12,19.90006611742445,20.950446122007392,19.90006611742445,20.61461067199707,13900400
2006-09-13,20.578874092772462,20.92900197865933,20.428820452722388,20.69320106506348,8534000
2006-09-14,20.41451939898348,21.014736395599726,20.257320228587545,20.95757293701172,8318100
2006-09-15,21.157653983372413,21.214817464276805,20.578872205969933,20.971872329711918,12045500
2006-09-18,20.707484869986438,20.857539819244927,20.46453980005137,20.636030197143555,6624700
2006-09-19,20.628886875006614,20.636031116012948,20.21445138952561,20.407377243041992,7930900
2006-09-20,20.578870976823403,20.578870976823403,20.207309054580158,20.228744506835938,9664100
2006-09-21,20.228746162961688,20.435964637631265,20.13585601551717,20.27161979675293,9704000
2006-09-22,20.04296152351888,20.2573255719307,19.957216994461923,20.24303436279297,8465600
2006-09-25,20.250174712115072,20.728919190909437,20.042956322048628,20.607446670532227,10906600
2006-09-26,20.293065077285164,21.07906435989216,20.27162961289476,20.61461067199707,15757400
2006-09-27,20.328783278923,20.607455084141478,20.18587389205537,20.27161979675293,10778900
2006-09-28,20.364505979055384,20.60030546745537,20.15728754473299,20.47168731689453,10585400
2006-09-29,20.50742102873284,20.578874365196864,20.050111770629883,20.050111770629883,7288000
2006-10-02,20.07868688422216,20.250177282483666,19.9000508823392,20.121559143066406,6843800
2006-10-03,20.15014087818367,20.51455711040012,20.02152274310281,20.457393646240234,6869600
2006-10-04,20.36451321099988,21.414892875454903,20.300204112881698,21.40774726867676,15521400
2006-10-05,21.293417470652447,21.486344739498787,21.02189126340886,21.47205352783203,8659300
2006-10-06,21.29341106369774,21.393448152380014,20.79323107182457,20.871829986572266,10644100
2006-10-09,20.728930394926078,21.45776591112596,20.7217847883494,21.250547409057617,7748300
2006-10-10,21.372012829613613,21.650684578247176,21.31484935905071,21.57923126220703,7530700
2006-10-11,21.57208796593131,21.986523512572184,21.529214336258782,21.793596267700195,10528200
2006-10-12,21.89362715258264,22.32235381397231,21.872191705388072,22.208026885986328,12118200
2006-10-13,22.150869485960005,22.150869485960005,21.850760877118702,22.115142822265625,10360900
2006-10-16,22.47241952693612,22.54387286900252,22.22232874104832,22.25090980529785,8455300
2006-10-17,22.250905908498964,22.293779541692512,21.66497988370281,21.82932472229004,9813700
2006-10-18,22.086981673036476,22.451996756826816,21.9152101098032,22.40189552307129,11541100
2006-10-19,22.23012894100677,22.43768714628787,21.74344205356632,21.829328536987305,6727500
2006-10-20,21.950996945973284,21.958154265604783,21.507252684654137,21.6503963470459,9093100
2006-10-23,21.51441544422832,22.14424607986244,21.50725812278708,22.10845947265625,7212300
2006-10-24,21.908057260792727,22.18718593736004,21.721971021374745,21.79354286193848,5726700
2006-10-25,21.82932964960734,21.83648697068384,21.364114700590413,21.471471786499023,9989900
2006-10-26,21.47146783179276,21.98678256831289,21.37842540517409,21.92952537536621,10291400
2006-10-27,21.83647344100504,21.93667314375434,21.64322998702977,21.71480178833008,7999200
2006-10-30,21.800697906593115,21.85079914847811,21.59314107926089,21.679027557373047,7221400
2006-10-31,21.815010119123865,21.908053907149544,21.43568174290577,21.571666717529297,7986200
2006-11-01,21.585981004948632,21.650395514034624,21.16370871877116,21.19949531555176,9216600
2006-11-02,21.00625318266903,21.28538183049058,20.934681349476048,21.092138290405277,6827300
2006-11-03,21.092134984021445,21.3068504499418,20.612605551453974,20.791534423828125,8850800
2006-11-06,20.533880183530247,20.898895289786555,20.46230835316485,20.626922607421875,12834400
2006-11-07,20.576818921600815,21.12076282038609,20.576818921600815,20.99193382263184,26306200
2006-11-08,20.991939519919512,21.235282945028757,20.848795846871997,21.12792587280273,9144100
2006-11-09,20.898893831597164,21.120765261641928,20.813007368127465,20.827322006225582,9251000
2006-11-10,20.89889238107192,21.006249429118466,20.648391692217363,20.87742042541504,5266700
2006-11-13,20.7843761130207,21.106447227695757,20.748589523533155,20.755746841430664,7358000
2006-11-14,20.920367958494623,21.714812760628607,20.57682477680613,21.636083602905277,16943600
2006-11-15,21.75774722200428,22.32316302598076,21.75774722200428,21.857948303222656,13540400
2006-11-16,21.84363503240622,22.072663749292868,21.68617676570752,21.9796199798584,7403700
2006-11-17,21.85795398754171,21.943839090785364,21.607453267029364,21.81501007080078,8025500
2006-11-20,21.543038285209764,22.237281875887177,21.47146645732819,21.88658142089844,11690600
2006-11-21,21.82932186047807,22.08697986681685,21.721964812876557,21.95815086364746,5937300
2006-11-22,21.81500149107938,22.115601964445844,21.6217580371041,21.71480178833008,7120000
2006-11-24,21.57882887240764,21.729129884775222,21.471471786499023,21.471471786499023,2286100
2006-11-27,22.101290710778564,22.10844802851491,21.700490473374472,21.757747650146484,9432200
2006-11-28,21.60745481703249,21.74343980110963,21.378426038461317,21.41421127319336,11577800
2006-11-29,21.75774959804009,21.82932141669237,21.4428344150414,21.54303550720215,11325500
2006-11-30,21.54303691372244,21.671865922683864,21.29253621464401,21.58597946166992,9152500
2006-12-01,21.82933076204538,22.49494663976621,21.82933076204538,22.10845947265625,16432200
2006-12-04,22.04402881485517,22.25158688941924,21.90088658612819,22.03687286376953,7380600
2006-12-05,21.97246779127265,22.43052530352067,21.93668119492885,22.35895347595215,8598900
2006-12-06,22.366115908686464,22.83133084656327,22.366115908686464,22.645244598388672,10177800
2006-12-07,22.645239021909887,22.788382674523547,22.07266714169333,22.094139099121094,9089500
2006-12-08,22.101295013442392,22.45915277921465,22.00109527586425,22.05119514465332,7427100
2006-12-11,21.88657759093567,22.1156063079834,21.83647772972133,22.1156063079834,6634600
2006-12-12,22.07982155140072,22.151393368276608,21.857950147692453,21.92236328125,7900700
2006-12-13,22.036881415309665,22.222966248354197,21.80785130325676,21.865108489990234,7366600
2006-12-14,21.900890809639872,22.61660618665347,21.82931899891476,22.51640510559082,11025600
2006-12-15,22.74544243462857,22.88858473665955,22.43052718596972,22.480627059936523,10777100
2006-12-18,22.509255442879912,22.68102701754701,22.15855360884224,22.24444007873535,8216600
2006-12-19,22.05120133800513,22.18718770942537,21.729130077423832,22.14424514770508,8066900
2006-12-20,22.065509846697605,22.22296677264971,21.736281356492565,21.83648109436035,5379700
2006-12-21,21.836484474783187,21.900898991989685,21.57882640595719,21.636083602905277,5665100
2006-12-22,21.68617871062425,21.893736857116824,21.62176420758304,21.77922248840332,3641200
2006-12-26,21.72911882727512,21.95099020726307,21.68617492266941,21.9008903503418,2753500
2006-12-27,21.91520736518633,22.43052199034917,21.91520736518633,22.330322265625,6710400
2006-12-28,22.25875373642766,22.380425433758425,22.12276740055938,22.35895347595215,4790300
2006-12-29,22.25875136316692,22.53072264078644,22.144236997314604,22.29453659057617,7746100
2007-01-03,22.33747912708611,23.124767780947412,22.294536581189305,22.9315242767334,14143200
2007-01-04,23.189183212948297,23.26075367060884,22.62376731462101,23.03172492980957,8351900
2007-01-05,23.01741179576552,23.19634068184275,22.60945415392848,22.75259780883789,8295600
2007-01-08,22.630925643056287,22.774067929882424,22.28022383230252,22.688182830810547,6423400
2007-01-09,22.731129163957288,22.938685992194813,22.681029286973036,22.809858322143555,5053300
2007-01-10,22.695333586578126,23.3251638727354,22.688177634227028,23.23927879333496,8741800
2007-01-11,23.23928249864255,23.718810559508945,23.20349454046861,23.654396057128903,8904600
2007-01-12,23.66870838199216,23.74027883087205,23.318009360148043,23.66155242919922,7217000
2007-01-16,23.618608526419063,23.92636637109141,23.561349983113686,23.904895782470703,6380800
2007-01-17,23.93356353296801,24.026746787833662,23.761535853264444,23.7973747253418,6053300
2007-01-18,24.048258797353245,24.256128163274635,23.74720887512093,24.07693099975586,6968300
2007-01-19,24.2991325513045,24.334971431366817,24.01958272442336,24.162940979003903,6330200
2007-01-22,24.26328428829779,24.26328428829779,23.768701316568134,23.962234497070312,6427400
2007-01-23,24.01958678917029,24.234625574596976,23.83322294070981,24.112770080566406,7499500
2007-01-24,24.170114290398505,24.234625378638533,24.012419911515835,24.07693099975586,5662600
2007-01-25,24.02676229609765,24.07693729625793,23.58235397996413,23.711376190185547,6752000
2007-01-26,23.689853046864236,23.797372386861436,23.24544506124792,23.35296440124512,7389400
2007-01-29,23.503498977282263,23.625351727461783,23.324301826313658,23.417482376098636,5926000
2007-01-30,23.41747841621982,23.58950885516533,23.19527573656524,23.295625686645508,5820200
2007-01-31,23.345802482525464,24.334971431366817,23.295627503571964,24.162940979003903,11574400
2007-02-01,24.299134631637983,24.729206697868307,24.27046243140089,24.542842864990234,11452100
2007-02-02,24.650354495217577,24.83672102448027,24.38514353285401,24.47832679748535,5226900
2007-02-05,24.4066453356094,24.600178538568112,24.34213426795649,24.44965362548828,4374800
2007-02-06,24.564348467107624,24.693370648650134,24.334976307550228,24.45682907104492,3922700
2007-02-07,24.05543460470784,24.650367923763454,24.05543460470784,24.420995712280277,3092500
2007-02-08,24.420993975566752,24.435330079556486,24.048263474830417,24.191621780395508,5425700
2007-02-09,24.21311865037513,24.413821322837865,23.91206874317839,23.95507431030273,6205300
2007-02-12,24.019581614199677,24.284795329931026,23.990912152073737,24.012414932250977,4777700
2007-02-13,24.0267555450956,24.234624906971327,23.955075040484143,24.09126663208008,4379300
2007-02-14,24.05542654385876,24.105601527411554,23.775876691352675,23.969409942626957,7870700
2007-02-15,23.940731959529984,24.33496500476533,23.88338757910929,24.2847900390625,5196000
2007-02-16,24.20595524016452,24.227458026634064,23.747210899934544,23.84756088256836,6962900
2007-02-20,23.747212083897963,24.363650847190225,23.568014896165657,24.177284240722656,6556700
2007-02-21,24.01242315612879,24.26329812522118,23.955078743575047,24.177284240722656,4549300
2007-02-22,24.05542727931748,24.184449450778327,23.87623012276982,24.105602264404297,3948300
2007-02-23,25.073270608211946,25.618031599461155,24.886906732889084,25.037431716918945,20234600
2007-02-26,24.972917267457145,25.26680051155157,24.485500755154437,24.61452293395996,7107300
2007-02-27,24.3923148878003,24.3923148878003,23.496329148644172,23.84038734436035,12373100
2007-02-28,23.7185350856946,23.74720728617874,23.252621397987703,23.33146858215332,14238500
2007-03-01,23.044753454024736,23.288461675450847,22.80821191514143,23.087759017944336,12261500
2007-03-02,23.00892226411535,23.317141705412578,22.87990141239758,22.894237518310547,10923600
2007-03-05,22.758027569202174,23.19526885133165,22.750859522443395,22.772363662719727,10637500
2007-03-06,22.97306986385774,23.41747794862412,22.958733766370955,23.309961318969727,8753800
2007-03-07,23.20243677838296,23.50348928977688,23.06624798413952,23.35296440124512,6372900
2007-03-08,23.381640209795908,23.84038441437103,23.26695415865213,23.31712913513184,7611300
2007-03-09,23.474829603702027,23.589515684759053,23.016085279473923,23.180946350097656,7873900
2007-03-12,23.11643525860734,23.295632431154683,23.00891586134619,23.180946350097656,7088300
2007-03-13,22.99457269543618,23.001739376178232,21.96956371932397,22.034074783325195,21141700
2007-03-14,22.03407596773148,22.284952189314435,21.410470805085872,22.241945266723636,18295400
2007-03-15,22.198952042155447,22.464164540308705,22.127274244915533,22.370981216430664,8184300
2007-03-16,22.284951231175413,22.392469216612408,22.077081941120586,22.170265197753903,9884900
2007-03-19,22.220454828830317,22.39248399247744,22.15594372156686,22.31363677978516,8361400
2007-03-20,22.256283755234342,22.514328068693736,22.17743794502837,22.42831420898437,8047000
2007-03-21,22.47132568273568,23.274129616295667,22.3996465403733,23.12360191345215,11002800
2007-03-22,23.18811264624053,23.654026380807338,22.78671273641737,23.10926818847656,8107700
2007-03-23,23.059095300712613,23.40315634461029,23.0304258256648,23.20245361328125,8428300
2007-03-26,23.29561898508636,23.374466132990268,22.79386664469537,23.037574768066406,6212100
2007-03-27,22.90855506679513,22.93722725710585,22.514322020179737,22.75086212158203,8625900
2007-03-28,22.578843316661555,22.65052245776668,21.940901831874367,22.23478507995605,12155500
2007-03-29,22.471329046810805,22.535840147878,22.11293464851132,22.320802688598636,9602300
2007-03-30,22.32079050225576,22.67201665677256,22.17743364150329,22.571666717529297,8125000
2007-04-02,22.528668286753955,22.557339122843924,22.227616988396843,22.27779197692871,6061900
2007-04-03,22.421143464502563,22.98740563555014,22.363800442533623,22.72219467163086,9589700
2007-04-04,22.614679443271672,22.70069467553194,22.385307313465287,22.485658645629883,6358600
2007-04-05,22.514328469867696,22.571671499750927,22.406810459732345,22.49999237060547,3225100
2007-04-09,22.593178264007697,22.693528236128344,22.45698803958265,22.578842163085938,3495500
2007-04-10,22.614674129216443,22.801039282683,22.535828332601472,22.65768241882324,6538300
2007-04-11,22.707861025792035,22.75803600453585,22.284955680428983,22.378137588500977,7323500
2007-04-12,22.29212400275129,22.514328068693736,21.998240808940604,22.42831420898437,5281100
2007-04-13,22.858394286047854,22.858394286047854,22.148773541474817,22.320802688598636,5159100
2007-04-16,22.456984032323565,22.62184506200824,22.32796188138231,22.44264793395996,6109600
2007-04-17,22.57883969226032,22.987408953659475,22.55016749355443,22.822547912597656,7406000
2007-04-18,22.72203634359932,22.78664887954495,22.56409534979656,22.628707885742188,5396100
2007-04-19,22.95895051824573,22.95895051824573,22.398976983708376,22.621530532836918,4891600
2007-04-20,22.82255054527904,23.138432602804063,22.793833247695247,22.9876708984375,7915900
2007-04-23,22.99484109058057,23.030739069757463,22.65024185180664,22.65024185180664,4361800
2007-04-24,22.61434689838438,22.678959427639303,22.176417837726717,22.32718086242676,9322700
2007-04-25,22.49948346971925,22.68614176019048,22.32000450226413,22.36307907104492,5266100
2007-04-26,22.434875082210915,22.506666956337213,22.19078353177117,22.233858108520508,6728400
2007-04-27,22.183598413806813,22.38461533499827,22.08309063786896,22.147703170776367,7055100
2007-04-30,22.298478001731123,22.327195308565383,21.93234055549358,21.93951988220215,9503800
2007-05-01,22.00412527453056,22.147709023225318,21.81746694895382,22.040021896362305,11442300
2007-05-02,21.867717190164857,22.269751071494632,21.803106020314026,22.025659561157227,5877800
2007-05-03,22.040022221006137,22.19796325144391,21.85336389267997,21.910797119140625,6994600
2007-05-04,22.04002898569896,22.05438626973367,21.788758029318046,21.86054992675781,8000600
2007-05-07,22.06155665450672,22.07591530203819,21.824644447501388,22.03284072875977,7863200
2007-05-08,21.932329729331578,22.111808700502262,21.839001266821807,22.025659561157227,9475200
2007-05-09,22.01130257893243,22.801010385650336,22.01130257893243,22.772293090820312,11215900
2007-05-10,22.62871147093332,22.930236230013225,22.255394841726577,22.312828063964844,13430700
2007-05-11,22.420516240922023,22.564099987941184,22.047199594125097,22.16206741333008,11036300
2007-05-14,22.205149667150483,22.535390482432927,22.18361168685601,22.24822425842285,7753200
2007-05-15,22.18360907445452,22.6646129565208,22.04720462061938,22.17642974853516,10423600
2007-05-16,22.255400073989023,22.571283555221967,22.219504815144617,22.456417083740234,9194300
2007-05-17,22.463599355380165,22.657435695603706,22.363090152665023,22.4923152923584,5849500
2007-05-18,22.62153039745933,23.50456800388884,22.54973853288481,23.45431137084961,16256700
2007-05-21,22.980491646602296,23.547645985622413,22.499489205739028,22.887163162231445,27895600
2007-05-22,22.67179282772108,23.045108199291903,22.67179282772108,22.77947998046875,7730300
2007-05-23,22.858443161120604,23.19586452222655,22.686143503441723,22.822547912597656,7743500
2007-05-24,22.743569669006643,23.655322939605547,22.70767306230066,23.01637840270996,10662200
2007-05-25,23.045099606971554,23.23175927713593,22.836904705193312,23.066638946533203,6738000
2007-05-29,23.224581756923207,23.27483565837873,22.901520375002235,22.9876708984375,8851000
2007-05-30,22.951776032272587,23.203046928088572,22.865626871563016,23.18868827819824,9639400
2007-05-31,23.210221128629595,23.655328196168853,23.12406925339102,23.56199836730957,9094600
2007-06-01,23.562004289867584,23.8276324587091,23.39688392876976,23.4471378326416,8846300
2007-06-04,23.33226768882201,23.734301594906132,23.33226768882201,23.68404769897461,7087100
2007-06-05,23.47584815891615,23.55481933829692,23.19586142375273,23.274829864501957,6983200
2007-06-06,23.15279131338581,23.23176251263589,22.9015204361215,23.073820114135746,8037800
2007-06-07,22.98048800107406,23.152789031422245,22.72921851789126,22.772293090820312,10687000
2007-06-08,22.77229077615028,23.095352094254874,22.564095887058325,23.00920295715332,7786200
2007-06-11,22.86561424100559,23.00919655264798,22.714851239068302,22.8297176361084,5786900
2007-06-12,22.722034589744407,22.808185087460785,22.49948107717434,22.513839721679688,8198200
2007-06-13,22.643071462030846,22.700504687676105,22.35590396448843,22.65742874145508,9817000
2007-06-14,22.62152487217261,22.69331671921204,22.470761856458257,22.61434555053711,8053700
2007-06-15,22.72203370221345,22.879976046971585,22.61434661126106,22.65024185180664,10345000
2007-06-18,22.6933261545744,22.77229598676757,22.62153427768556,22.722042083740234,6315200
2007-06-19,22.67895895448197,22.707674872820792,22.434867486681625,22.67177963256836,5962700
2007-06-20,23.08100146818441,23.13843332651609,22.6717881807129,22.722042083740234,11728400
2007-06-21,22.67896242458103,22.92305392972972,22.427691596420217,22.90151596069336,8448600
2007-06-22,22.901521709189375,22.901521709189375,22.2051436340065,22.284114837646484,12391400
2007-06-25,22.291282444228152,22.57127050473028,22.047190991131718,22.413328170776367,9982700
2007-06-26,22.49230103748476,22.71485454295604,22.27692685403716,22.34153938293457,9169600
2007-06-27,22.24821148546238,22.50666162335046,22.18359895099036,22.43486976623535,7888000
2007-06-28,22.391797833033888,22.47076765276339,22.04001919804701,22.068735122680664,10426600
2007-06-29,22.08309462580393,22.291289537746312,21.939510889121184,22.03284072875977,7511400
2007-07-02,22.11181371042233,22.226680168451832,21.975410647334915,22.04720115661621,6709900
2007-07-03,22.047196836872505,22.11898870140369,21.88925583035663,22.104631423950195,5289900
2007-07-05,22.03284913122312,22.147715616648483,21.896444666286808,22.097461700439453,6125600
2007-07-06,22.040018529897463,22.363079861141053,21.88207615659465,22.33436393737793,8618000
2007-07-09,22.413334434180143,22.477946976250788,22.01130190409741,22.068735122680664,8255700
2007-07-10,21.752847992884785,21.91079034379913,21.480040593884283,21.52311515808105,14138400
2007-07-11,21.44414320736776,21.57336688703476,21.200051752470813,21.551830291748047,14158300
2007-07-12,21.652347878304315,22.068739130990316,21.551840069857548,22.04720115661621,9889100
2007-07-13,22.04002287908315,22.154889335434177,21.70978079008681,22.083097457885746,5770300
2007-07-16,21.93950398032334,22.011295826057303,21.623622049998808,21.659517288208008,7736300
2007-07-17,21.659527162629185,21.659527162629185,21.350823043758076,21.436973571777344,8240700
2007-07-18,21.35778590272724,21.674517860237295,21.27140396049926,21.3649845123291,10814600
2007-07-19,21.6961123160485,21.724906754455954,21.27140396049926,21.3649845123291,9453300
2007-07-20,21.242612268808266,21.62413036441281,21.242612268808266,21.32899284362793,11547100
2007-07-23,21.249808464376677,21.580936251885287,21.13463346237417,21.185022354125977,10133200
2007-07-24,20.882685808577516,21.35058438501217,20.717121929268885,20.81789970397949,11475400
2007-07-25,20.87548337432168,21.04104722328913,20.457973761755003,20.609140396118164,10238400
2007-07-26,20.33560587035625,20.630741987307715,20.134048928513696,20.4147891998291,16921100
2007-07-27,20.38599570682321,20.652338771844903,19.99008178710937,19.99008178710937,11886300
2007-07-30,20.12685116491812,20.38599561917704,19.709341418053416,20.306812286376957,13140100
2007-07-31,20.551559002808897,20.688329836104806,20.12685065704347,20.162843704223636,10149500
2007-08-01,20.112455833429056,20.421989189939445,19.91809748776052,20.37879753112793,12811500
2007-08-02,20.371601052224715,20.594753860443035,20.15564822755588,20.493974685668945,8309000
2007-08-03,20.50117813535537,20.50117813535537,19.72374586084876,19.75973892211914,11663000
2007-08-06,19.925301799785498,20.22043802115413,19.478997475304123,20.184446334838867,13685200
2007-08-07,19.997273317750164,20.32120239930164,19.63015259359669,20.098051071166992,13860300
2007-08-08,20.14844961700097,20.688333051667648,20.01887737300184,20.493974685668945,12637000
2007-08-09,19.961285495327942,20.436382704074724,18.773542473460992,19.745332717895508,16820600
2007-08-10,19.442996367582737,20.18443655415638,19.11186724735777,19.982879638671875,10510600
2007-08-13,20.14844546666448,20.299613511189538,19.72373714237192,19.82451629638672,8755900
2007-08-14,19.795717791976216,20.040464958152896,19.219842914498145,19.255834579467773,13572100
2007-08-15,19.27743511832781,19.6517531937657,18.867122623126512,18.95350456237793,11572300
2007-08-16,18.76635111266541,19.378219382373427,18.70156497981429,19.299036026000977,14403700
2007-08-17,19.79572559422568,20.443585429983248,19.2198504897733,19.34222412109375,16209400
2007-08-20,20.62354609485332,20.853896131307696,20.299616870962303,20.51556968688965,19168500
2007-08-21,20.55875744139789,21.09144217828839,20.52276576751118,20.81070327758789,12309500
2007-08-22,21.336188964584487,21.48735701237514,21.149029243650237,21.465761184692383,12372200
2007-08-23,21.50175673925622,21.595335924143267,21.01946084869724,21.32899284362793,11887900
2007-08-24,21.30739289245244,21.77529144223216,21.278598459607352,21.73929977416992,9192900
2007-08-27,21.724907041966183,21.81128761234294,21.278602851704907,21.32179450988769,7703200
2007-08-28,21.408165725344027,21.41536433189552,20.817893718059864,20.861083984375,9675200
2007-08-29,20.897086829734896,21.732106359892928,20.897086829734896,21.703311920166016,9490900
2007-08-30,21.45136415337245,21.94805721045427,21.43696830778602,21.789691925048828,9425700
2007-08-31,21.912072613141067,22.52394087047317,21.681722533438336,22.358375549316406,16253200
2007-09-04,22.13521791241376,22.336774862479576,22.041638733486945,22.214401245117188,9369900
2007-09-05,21.96965415775313,22.128019451227814,21.487358294677488,21.72490692138672,10006200
2007-09-06,21.724905560634244,21.948056954051903,21.53054723104742,21.74650001525879,8587900
2007-09-07,21.177823744876527,21.645722362135988,20.58755151636512,21.185022354125977,10279200
2007-09-10,21.156233780232,21.68172141711733,21.01226567432763,21.422576904296875,12281700
2007-09-11,21.451362840475337,21.67451559583652,21.38657673382135,21.65291976928711,9607100
2007-09-12,21.595335888261555,21.68171783593217,21.37938307857673,21.41537475585937,7858400
2007-09-13,21.580943497727084,22.34397985842745,21.45137123372156,22.07763671875,8775500
2007-09-14,21.88327746695159,22.24319979822709,21.7177135240836,22.171215057373047,7595200
2007-09-17,22.113627277213848,22.43035930942113,21.97685778150626,22.14242172241211,6140700
2007-09-18,22.22880532982398,23.03503205589817,22.08483720327156,22.955848693847656,14560500
2007-09-19,22.948639722216004,23.416538325036115,22.826266114740505,22.977434158325195,11814000
2007-09-20,23.04222492547385,23.0998138127676,22.300785850497185,22.365571975708008,9658700
2007-09-21,22.56712743949717,22.574326049923148,21.93366345195641,22.04164123535156,13544400
2007-09-24,21.948060702202117,22.192807965035016,21.847282902092527,21.99125099182129,7758800
2007-09-25,20.66673226351925,21.14183083523848,20.46517670829911,20.522764205932617,33082100
2007-09-26,20.5299590029629,20.724317286262316,20.371592384129013,20.558752059936523,17505900
2007-09-27,20.573156155589512,20.645140881589764,20.249225575085603,20.37159919738769,11743300
2007-09-28,20.43639531369369,20.479586994225635,20.14845764178969,20.170053482055664,9874000
2007-10-01,20.278018307115914,20.70992525375304,20.17724052299851,20.659536361694336,9453700
2007-10-02,20.65234266111793,20.83950242824525,20.515571798025924,20.66673851013184,8902300
2007-10-03,20.5803527247334,21.04825133784636,20.43638328700896,20.82509994506836,10281700
2007-10-04,20.83949721826368,20.875488891292317,20.36439999471519,20.616344451904297,6729300
2007-10-05,20.868295287506918,21.221018985169444,20.65954106247975,21.08424949645996,8370200
2007-10-08,20.97627051370524,21.026659414366343,20.616348225560703,20.702730178833008,5801100
2007-10-09,20.789109869895693,20.8826904296875,20.573157055443776,20.8826904296875,7798700
2007-10-10,20.990662723670905,22.83346401460243,20.709923845296924,20.92587661743164,7262200
2007-10-11,20.96187104622408,21.58093634130399,20.72432243198536,20.853893280029297,8310900
2007-10-12,20.796305508325744,20.95467216442149,20.695527725715227,20.82509994506836,5899300
2007-10-15,20.68112980909604,20.817900633017093,20.18443814900436,20.27081871032715,10087500
2007-10-16,20.17724207637523,20.27801986825117,19.87490732775296,19.975685119628903,7259100
2007-10-17,20.21391758484236,20.25001331545832,19.49199195681228,19.76632308959961,10412700
2007-10-18,19.658034126331213,19.759104648562776,19.405359886198056,19.549745559692383,7929600
2007-10-19,19.499213703980665,19.499213703980665,18.7772879898472,18.86391830444336,21538400
2007-10-22,18.8639183642696,19.61472177029228,18.712314624763493,19.434240341186523,9311800
2007-10-23,19.74466605572288,19.74466605572288,19.058836163390225,19.289852142333984,8578200
2007-10-24,19.18878865083522,19.65804016847638,19.08050005091253,19.621944427490234,8854000
2007-10-25,19.67969218606133,19.990120416975504,19.24653654704071,19.470333099365234,12370300
2007-10-26,19.66525992019524,19.795206793056423,19.36927043288444,19.60028648376465,6507000
2007-10-29,19.701354577605944,19.809643165807827,19.441460864350137,19.636381149291992,5888900
2007-10-30,19.62193797771176,19.8168582196804,19.43423715696016,19.484771728515625,8651700
2007-10-31,19.52087427628853,19.60750460111468,19.145472530137404,19.41258430480957,10290400
2007-11-01,19.13825642916202,19.398150202684395,18.84948633467296,18.87836265563965,9298700
2007-11-02,18.986638574745133,19.102146535313715,18.560702453787176,18.77006149291992,11467400
2007-11-05,18.445201423627683,18.51739427034892,18.004827674859808,18.141992568969727,15448000
2007-11-06,18.315261139048893,18.32969861091083,17.665526711507077,17.853227615356445,17007300
2007-11-07,17.54279569125236,17.968732006463085,17.441726523902062,17.600549697875977,15960000
2007-11-08,17.614993988176536,17.817133762318182,17.232374092397304,17.708845138549805,13583400
2007-11-09,17.506702432642964,17.614991038276756,17.20349351068975,17.26846694946289,13680700
2007-11-12,17.55723707803173,17.961515182904158,17.427290200081654,17.593334197998047,12191100
2007-11-13,17.68717947214639,18.120335163183587,17.62220604964261,18.084238052368164,12912400
2007-11-14,18.228631533417683,18.394674183250583,17.889326808502897,17.932641983032227,9173400
2007-11-15,17.88931916182081,18.1708697413612,17.81712631715395,18.084238052368164,16229900
2007-11-16,18.156429945123715,18.264718517964628,17.88931822391372,18.055360794067383,11700400
2007-11-19,17.39841257270922,17.49226232363546,16.59707447025406,16.69092559814453,22918700
2007-11-20,16.777548892643456,17.008564838358588,16.026747069069277,16.25054359436035,20397200
2007-11-21,16.09894738817356,16.120605661377105,15.918465909037243,15.961782455444336,20023900
2007-11-23,16.062846922042972,16.163916080025096,15.94011949722296,16.077285766601562,7207200
2007-11-26,16.113378223327757,16.32273729594849,15.70910029667153,15.766854286193848,13043600
2007-11-27,15.817390317888531,16.11337971368755,15.737978058588943,15.94733715057373,14401900
2007-11-28,16.033972938003053,17.225151727024343,15.997877195229696,16.943599700927734,21590700
2007-11-29,16.755897814856425,17.513920760793233,16.755897814856425,17.066326141357422,17907400
2007-11-30,17.340655159751535,17.824345420309598,17.254023472308972,17.62220573425293,13914200
2007-12-03,17.62220652866526,17.651084218102575,17.35509478619017,17.420066833496094,8460800
2007-12-04,17.326218745073042,17.723277373861976,17.06632502326842,17.528358459472656,9281600
2007-12-05,17.658297645263524,17.96872584070725,17.506693946259094,17.716053009033203,9093800
2007-12-06,17.708833276183903,18.13476943772629,17.4345008109717,18.040918350219727,6245500
2007-12-07,18.040926375756356,18.257504951526645,17.903760082131594,18.105899810791016,6890300
2007-12-10,18.12033771460372,18.221406885189904,17.867663411174078,18.077022552490234,6707000
2007-12-11,18.069796912106025,18.09867321792493,16.95803091032227,17.037443161010742,10645100
2007-12-12,17.456162879133768,17.614986030446612,16.611509792176843,16.914718627929688,11011500
2007-12-13,16.79922040420858,17.254033233945915,16.315529869997896,16.66205406188965,11819800
2007-12-14,16.524876607997975,16.676481700612058,16.293860635408713,16.402149200439453,9988400
2007-12-17,16.329965118611,16.54654234650887,15.167663932380169,16.416595458984375,11661600
2007-12-18,16.510436276762654,16.72701336923344,16.214445564172678,16.618724822998047,9955700
2007-12-19,16.64039250255523,16.683709050724545,16.301087803682382,16.481569290161133,8465900
2007-12-20,16.633164510028724,16.633164510028724,16.178350664930633,16.503217697143555,6535000
2007-12-21,16.53210076098769,16.90750251237254,16.445470434953773,16.85696792602539,11395100
2007-12-24,16.654829627847914,17.044670259228916,16.539321598615984,16.943599700927734,3391300
2007-12-26,16.929161685881017,16.929161685881017,16.61151392722049,16.7414608001709,5886300
2007-12-27,16.61872798892085,16.741455398557893,16.532096309250772,16.719797134399414,6720000
2007-12-28,16.73424859784753,16.83531781955072,16.35884666442871,16.35884666442871,6149700
2007-12-31,16.29386846775957,16.496008229424277,16.127825829765957,16.329965591430664,10029200
2008-01-02,16.445471540297827,16.45269096411326,15.904027146819208,16.01231575012207,10201100
2008-01-03,16.03397322056501,16.22889353969053,15.673010278613006,15.709107398986816,8190700
2008-01-04,15.535843654990945,15.535843654990945,15.131564212752794,15.218195915222168,14752600
2008-01-07,15.31204629452766,15.449212588683942,15.052153930346174,15.23985481262207,12646000
2008-01-08,15.30482789019242,15.57915909512885,14.741725256525998,14.813918113708496,12749400
2008-01-09,14.79948143381657,15.023278084582785,14.395203302150156,14.914989471435549,17731900
2008-01-10,14.835574407416503,15.247073263636976,14.568462636689928,15.00161838531494,16087700
2008-01-11,14.85001724305467,15.18932333616338,14.590123448667496,14.66231632232666,14320400
2008-01-14,14.857230568080787,15.124343677859851,14.6839685686149,15.044931411743164,11886400
2008-01-15,14.88611142382755,15.124346895903582,14.525148503896336,14.994400024414062,14739900
2008-01-16,14.950914305520923,15.914788066771225,14.907431663243964,15.66838550567627,16430600
2008-01-17,15.748103804054724,16.066979746537406,15.458217211928789,15.791587829589844,16750800
2008-01-18,15.87855676661194,16.74097078596047,15.87855676661194,16.081478118896484,18016100
2008-01-22,15.255293582928395,17.936747261858905,15.255293582928395,17.784557342529297,34442000
2008-01-23,17.516413744839056,18.994836026739137,17.248267788467853,18.87163543701172,30833400
2008-01-24,18.770169286161323,18.951348529043745,18.132418959421887,18.415058135986328,19564800
2008-01-25,18.625231835348355,18.78466911523956,17.67585134671606,17.907760620117188,15654200
2008-01-28,17.70483526892299,18.42230488189738,17.588880667772862,18.40781021118164,10840000
2008-01-29,18.43680322414587,18.799161770472622,18.009220028897246,18.690454483032227,11202300
2008-01-30,18.646971437684744,18.80641009107348,18.241130231609123,18.36433219909668,21036800
2008-01-31,17.99472271739727,19.47314603318244,17.80629613505477,19.15427017211914,19133000
2008-02-01,18.90062591042038,19.096299900556964,18.28461596866916,18.516525268554688,15784600
2008-02-04,18.502030165899857,18.567254822904577,17.835290302742518,17.958492279052734,10473500
2008-02-05,17.67584770468934,18.001970917143687,17.451185815158574,17.458433151245117,13464000
2008-02-06,17.596134492934176,17.84978441257128,17.045349243186593,17.154056549072266,13109300
2008-02-07,17.08158349306691,18.07444662518124,17.08158349306691,17.37871742248535,18658400
2008-02-08,17.39322176300083,17.501929122561773,16.994627650514357,17.11058235168457,9865700
2008-02-11,17.21202553033643,17.632361256417347,16.871409101675457,17.588878631591797,8870900
2008-02-12,17.66135597374237,17.951242531351802,17.407704717476065,17.530906677246094,10314400
2008-02-13,17.632365442894603,17.820792038260677,17.422198221097705,17.51641082763672,9124700
2008-02-14,17.53816027486208,17.5454062318869,16.914902916791117,17.067092895507812,10047600
2008-02-15,17.016359202733465,17.023606540471132,16.559787983567073,16.907651901245117,12078600
2008-02-19,17.08157551096243,17.26275471898246,16.71921709492237,16.769947052001953,12335600
2008-02-20,16.719220329464466,17.01635417751856,16.451075823800007,16.893152236938477,11148000
2008-02-21,16.929392374978104,17.103324318000567,16.784448397981947,16.83517837524414,10496700
2008-02-22,16.76270637146016,17.146806942547965,16.625011113956404,17.09607696533203,13725700
2008-02-25,16.70472908002676,18.05270336692611,16.66124643982336,17.755569458007812,27034800
2008-02-26,17.451189033483526,18.19764820060225,17.451189033483526,18.11068153381348,14411600
2008-02-27,17.92949992395564,18.61073434836253,17.820792641259075,18.47303771972656,15384300
2008-02-28,18.37158123815088,18.393321869417328,17.83529067772753,17.88602066040039,11374700
2008-02-29,17.654114001433054,17.78456333756795,17.233778019603154,17.37147331237793,11623900
2008-03-03,17.349734473791255,17.80630581523555,16.922151108772788,17.632373809814453,13312600
2008-03-04,17.436693779150776,17.59613243258341,17.248267159277447,17.443941116333008,16115900
2008-03-05,17.443945451120012,17.828046123497188,16.98737415348817,17.2120361328125,12015900
2008-03-06,17.09607785320595,17.139560495608105,16.37860803327314,16.400348663330078,14214300
2008-03-07,16.342368932707746,16.675739494663247,15.943775107924855,16.233661651611328,13166900
2008-03-10,16.22641605613589,16.30613538256064,15.610407603069731,15.661137580871582,14390300
2008-03-11,16.10321367608119,16.37135961481323,15.552428506965573,16.095966339111328,22743100
2008-03-12,15.784346854653602,16.472827615692506,15.762604833121856,15.806087493896484,14416600
2008-03-13,15.559672017834616,15.827817890629978,15.15383092333555,15.697368621826172,21850300
2008-03-14,15.943780901281798,15.943780901281798,15.04513159817509,15.3060302734375,15666800
2008-03-17,14.733501622534156,15.17557958692616,14.675524297883438,14.878445625305176,17792400
2008-03-18,15.219071217598628,16.21193504333496,15.219071217598628,16.21193504333496,26369800
2008-03-19,16.26989780328868,16.596019635950075,15.900291953775342,15.936527252197266,15811900
2008-03-20,16.009001300315397,16.907650363742217,16.009001300315397,16.83517837524414,17389700
2008-03-24,17.117825222599105,18.059957269120947,17.117825222599105,17.60338592529297,15629400
2008-03-25,17.596137050252377,17.603384389336494,16.900407703351792,17.161306381225586,10699400
2008-03-26,17.04534967815563,17.04534967815563,16.5670364142222,16.82068634033203,10679300
2008-03-27,16.965628366578883,17.154054991405296,16.67574178311066,16.6829891204834,9768000
2008-03-28,16.654004259853902,16.733723610153035,16.385859616229133,16.42934226989746,8109200
2008-03-31,16.414842811694367,16.798943390409548,16.240910865376616,16.625011444091797,8150900
2008-04-01,16.849674309898436,17.813548096850557,16.820684959415278,17.748323440551758,12964100
2008-04-02,17.842538393768912,18.190402324288986,17.654111752498444,17.813549041748047,12411100
2008-04-03,17.70484332056381,17.828045313100443,17.407709347202847,17.625123977661133,8366300
2008-04-04,17.617873640995736,17.893266933820644,17.443941689769186,17.58163833618164,7614000
2008-04-07,17.712090456757878,17.748325767323898,17.313495129089183,17.5454044342041,9320500
2008-04-08,17.45843719642757,17.56714449833755,17.298999912445485,17.40770721435547,12134800
2008-04-09,17.42220182231285,17.501919772850524,16.784449924281436,16.907651901245117,9619800
2008-04-10,16.878669512250852,17.98748628918289,16.864174831983938,17.777318954467773,21843300
2008-04-11,17.523662001421286,17.69759396239785,17.327988026964515,17.38596534729004,12843900
2008-04-14,17.34248314134777,17.64686442632908,17.277258481545463,17.414955139160156,8363600
2008-04-15,17.494670580235184,17.58888457854746,17.175796047316577,17.53815460205078,8936000
2008-04-16,17.778098769180783,17.87262383453466,17.450893952816493,17.799911499023438,8268200
2008-04-17,17.712668287947373,17.988973662155654,17.62541315632339,17.836278915405273,6444100
2008-04-18,18.098040492737145,18.352533109516678,17.959888507037466,18.06895637512207,8753500
2008-04-21,18.06895177564186,18.15620549314969,17.82900197218606,18.05440902709961,6246000
2008-04-22,17.938069126122414,18.025324227164344,17.54542325174291,17.683576583862305,9413700
2008-04-23,17.71993819471981,18.11985416321522,17.479988336247935,17.763565063476562,7728800
2008-04-24,17.719937593012137,18.45432850849388,17.719937593012137,18.19256591796875,10130800
2008-04-25,18.497955314788893,18.941498102263346,18.16347899352949,18.91968536376953,11032700
2008-04-28,18.89787953432674,18.91969366926967,18.519776183224256,18.643386840820312,7028200
2008-04-29,18.49796172864056,18.75972438943899,18.214383548038164,18.55613136291504,9193300
2008-04-30,18.570666113802854,18.8905982709774,18.27254530641064,18.3161735534668,11120600
2008-05-01,18.21437871182693,19.763147066831458,18.21437871182693,19.10146713256836,21272100
2008-05-02,19.275976769468144,19.646808624597263,18.897873538331805,18.999670028686523,15534000
2008-05-05,19.021479311044864,19.03602205935458,18.468867357130986,18.505224227905277,10821600
2008-05-06,18.432514112595587,18.5924802028183,18.178021533748517,18.47614097595215,9581200
2008-05-07,18.454330310551565,18.82516218578627,18.047142940182837,18.127126693725582,9650000
2008-05-08,18.178021161689973,18.29436038617495,17.516341302354295,17.545425415039062,14038000
2008-05-09,17.37091646122022,17.87990160506582,17.283662736881105,17.596324920654297,10391700
2008-05-12,17.676305258223145,18.010781528447254,17.574508795789747,17.952611923217773,12034200
2008-05-13,17.9598806756557,18.09803260111441,17.683574050993105,17.734472274780273,9264800
2008-05-14,17.78538247123969,18.214384056056865,17.734484213189095,18.10531616210937,10931800
2008-05-15,18.16348404267199,18.323451566084195,17.908991390139885,18.279823303222656,12582600
2008-05-16,18.33798561485957,18.35252836334277,17.8217305255611,18.09803581237793,15893300
2008-05-19,17.443629302512754,17.95988583539765,17.36364556394128,17.632680892944336,22453100
2008-05-20,17.509074304870904,17.509074304870904,17.210954794236805,17.276395797729492,15147400
2008-05-21,17.225486575016188,17.43635081771508,16.891010393906765,17.000078201293945,13765400
2008-05-22,17.007356005039323,17.160052102624373,16.789220307772613,17.05825424194336,9874300
2008-05-23,17.007352671114003,17.080065018240195,16.738318789681554,16.941911697387695,9586100
2008-05-27,17.050989061898967,17.4581764588198,16.81830916249945,17.094615936279297,11344500
2008-05-28,17.35637354993619,17.596323350770664,17.174593355762415,17.567237854003906,12863100
2008-05-29,17.538150752583,17.821727363324403,17.443624291087474,17.734472274780273,9010100
2008-05-30,17.66904060201947,17.77083849002944,17.429090715859274,17.450904846191406,7388100
2008-06-02,17.654489522070264,17.712659117411825,17.174590013784258,17.494522094726562,11132700
2008-06-03,17.66177619168641,17.66177619168641,17.232774534407472,17.429096221923828,9582900
2008-06-04,17.436359843108907,17.705395201669393,17.31274922758757,17.47998809814453,7749800
2008-06-05,17.581784537963006,18.0471414954159,17.538157669920082,17.901718139648438,10562900
2008-06-06,17.567241799726872,17.676309663353965,17.087342090269164,17.101884841918945,12721600
2008-06-09,17.232765619149944,17.443629955726017,16.62925533692644,16.89101791381836,13786300
2008-06-10,16.789227797568323,17.130974245574514,16.61471888453068,16.949193954467773,9352100
2008-06-11,16.949186688015672,16.97827218782253,16.60016901157118,16.61471176147461,15307700
2008-06-12,16.745595560486855,17.014629528633773,16.745595560486855,16.92737579345703,15657600
2008-06-13,17.072792885269724,17.56723515948284,16.985539182098353,17.552692413330078,8524900
2008-06-16,17.472711828354413,17.6763047473369,17.21821929275356,17.487253189086914,8076000
2008-06-17,17.559969703855415,17.61813932119616,17.021900396735248,17.04371452331543,9454600
2008-06-18,16.97100094664044,17.072797423020898,16.57108502925468,16.832847595214844,9243200
2008-06-19,16.796490723475667,17.196406607919403,16.672880132250224,17.13823699951172,10066200
2008-06-20,16.992814135773816,17.101881981156296,16.505643131984037,16.600168228149414,11046500
2008-06-23,16.63651963635123,16.672876500482143,15.763975700297747,15.836688041687012,14168700
2008-06-24,15.84396821335027,16.24388423277295,15.444050807054262,15.931221961975098,12053300
2008-06-25,16.02573931341875,16.651062110682957,15.894857378425243,16.09117889404297,13566700
2008-06-26,15.880318692141612,15.960302425498222,15.414961814880373,15.414961814880373,11488900
2008-06-27,15.422238214216463,15.53857886877214,15.095034543937809,15.175018310546877,17689600
2008-06-30,15.10229795075026,15.451315569590374,14.920517767578607,15.08775520324707,17021900
2008-07-01,14.88416404688225,15.01504602834755,14.506062239938414,14.9859619140625,16341900
2008-07-02,15.015044654216377,15.320435454062633,14.709653854370115,14.709653854370115,14546200
2008-07-03,14.804180903134569,14.971418365257902,14.5351455792585,14.702383041381836,8457300
2008-07-07,14.90598005534254,15.23318505033105,14.4915213196059,14.607860565185549,13596700
2008-07-08,14.658759712995076,15.15320223054374,14.55696321357269,15.138659477233888,11683700
2008-07-09,15.131384452479402,15.218639564428464,14.636942054138276,14.702383041381836,12015500
2008-07-10,14.673296544615951,14.82599123212668,14.11341324999784,14.120684623718262,17149800
2008-07-11,13.98253309091302,14.113415060929023,13.531718957383337,13.742583274841309,20947400
2008-07-14,13.960722825514065,14.05524793899818,13.611703714721347,13.815298080444336,11740100
2008-07-15,13.524445526401951,13.648056102970122,13.131799676053877,13.291767120361328,27158200
2008-07-16,13.383089222044886,14.120912551879885,13.149323690483792,14.120912551879885,18841800
2008-07-17,14.2231761789407,14.829505688941314,13.73372936532442,14.68340301513672,13847100
2008-07-18,15.004839576806637,15.004839576806637,14.23048953549759,14.559223175048828,12409500
2008-07-21,14.65418687653713,14.763764269352311,14.252402638430748,14.427726745605469,8067800
2008-07-22,14.318145189856653,15.121714825787455,14.135515790479277,15.077882766723633,14135700
2008-07-23,15.18015724787154,15.947200221983074,14.96100111715979,15.486974716186523,14972300
2008-07-24,15.5235047167358,15.63308211841878,14.80759753949794,14.895258903503418,8965200
2008-07-25,14.902564561160938,15.223992820393985,14.52269492691755,14.595746994018556,8408700
2008-07-28,14.537303989867178,14.785680154164634,14.215875766655389,14.347369194030762,8892700
2008-07-29,14.427725096833388,15.202073496702091,14.369283734453711,15.136326789855955,10183400
2008-07-30,15.202072532327795,15.486975375038314,14.632269633610552,14.982917785644531,10742000
2008-07-31,14.866037014186864,15.392009311084871,14.79298495794634,14.844120979309082,10520400
2008-08-01,14.931778366105096,15.114407744480422,14.588434243014472,14.82950496673584,9690200
2008-08-04,14.778372331461386,15.143631171448185,14.60304825546995,14.931781768798828,8082500
2008-08-05,15.11440979499417,15.706128671068004,15.004832431773352,15.66960334777832,10186200
2008-08-06,15.625765947290873,15.625765947290873,15.311643258292944,15.516188621520996,9540800
2008-08-07,15.340878305786234,15.501591767382797,15.10711276406304,15.29704761505127,9259500
2008-08-08,15.435838093223705,16.7215493878791,15.421228798450096,16.641193389892578,17824400
2008-08-11,16.568146359329667,18.1095395894965,16.38551688251757,17.393630981445312,31603400
2008-08-12,17.225609499527856,17.766192499030176,17.181778822095808,17.576257705688477,22198400
2008-08-13,17.349796604572333,17.554342076675074,16.531616109513394,16.860349655151367,16647500
2008-08-14,16.743470489867,17.736975289597545,16.706945151845513,17.393630981445312,13913800
2008-08-15,17.45937132702758,17.926903564366512,17.26943657331986,17.897682189941406,16879200
2008-08-18,18.452874947204243,18.60628297609138,17.729662682411128,17.926902770996094,26769500
2008-08-19,17.75888133897341,17.919596092520386,17.33518121359333,17.42284393310547,15340600
2008-08-20,17.53242453531727,18.131448817337635,17.430152504733865,17.75157928466797,15967700
2008-08-21,17.46667667545438,18.01456490590992,17.342488620817054,17.94881820678711,11464800
2008-08-22,18.014565238621618,18.18988930840324,17.897682525433872,18.160669326782227,10214900
2008-08-25,18.094925852201477,18.102231197247,17.590868190876776,17.63469886779785,9355600
2008-08-26,17.58356331946058,17.992652899564703,17.313272512255978,17.941516876220703,8633000
2008-08-27,17.91959953428632,18.18258495663028,17.76619009401308,17.970735549926758,8279800
2008-08-28,18.124145105787782,18.189891815185547,17.94151566709445,18.189891815185547,10481000
2008-08-29,18.16797626511873,18.219112282457573,17.861158767733734,17.999956130981445,10102800
2008-09-02,18.46747553928066,19.607081994821648,18.46747553928066,19.23451805114746,27962000
2008-09-03,19.146864332606544,19.789720557417827,19.0592030068106,19.51212310791016,21026900
2008-09-04,19.3806290858417,19.512121060739755,18.774299638186573,18.82543563842773,18955600
2008-09-05,18.4382706090464,18.898497640870275,18.10953840823873,18.810834884643555,21755900
2008-09-08,19.723974590993635,20.8124456141833,19.58517586114076,19.986961364746094,37274100
2008-09-09,19.81894553031446,19.99427101280088,18.730474272759967,18.73777961730957,24022300
2008-09-10,18.869274469118373,19.06651460691855,18.26294475885836,18.43096351623535,24405100
2008-09-11,18.146064790352696,18.540543732741764,18.007265998886027,18.467493057250977,30354900
2008-09-12,18.24833495017197,18.76700333092204,18.116841518619776,18.56976318359375,18833800
2008-09-15,17.795407877157803,18.584366771579244,17.722355843843445,17.912290573120117,24314900
2008-09-16,17.583565608381935,18.102234041285588,17.39363078741386,17.824636459350586,22171200
2008-09-17,17.517818227064577,17.6493116668927,16.385516083393092,16.575450897216797,25655100
2008-09-18,16.87495744058627,17.978039223134505,15.903369053664578,17.583559036254883,34474100
2008-09-19,18.854661943791196,20.00887988447745,18.2410269481502,18.650117874145508,36762900
2008-09-22,18.47479343406508,18.533234794749365,17.24752346634307,17.379016876220703,15048600
2008-09-23,17.41553895560683,17.773492397197746,17.167162870690408,17.254825592041016,15102000
2008-09-24,17.39362717179849,17.605477987308923,16.984537623479067,17.29135513305664,14884100
2008-09-25,17.510507977748393,17.700442738385423,17.210995845723193,17.444761276245117,16255200
2008-09-26,17.079504401084403,17.912295584497986,16.984537706552764,17.86846351623535,12369600
2008-09-29,17.503205707318156,17.853855308024574,16.13713821032665,16.772687911987305,22208500
2008-09-30,17.218308375920824,17.67123013160479,16.83843869610233,17.305971145629883,21517700
2008-10-01,17.101420250772083,17.262133652612295,16.568142632829904,16.969926834106445,19759500
2008-10-02,16.823822274633038,17.04297701611591,16.34168072868923,16.38551139831543,13600100
2008-10-03,16.77998703149505,16.78729237394021,15.596549422410838,15.72073745727539,19581700
2008-10-06,15.253204663149011,15.413919403589844,14.43502585006522,15.121712684631348,24859200
2008-10-07,15.362785147011175,15.494277140465115,14.223176723596758,14.267008781433104,22088400
2008-10-08,13.784873122486308,14.844123221220368,13.631463641876534,13.96750259399414,33543900
2008-10-09,14.391195405179143,14.47885672549824,13.149315089395602,13.331944465637209,26916600
2008-10-10,12.572206861915213,13.872528653741975,11.512957208701955,13.076264381408691,38277000
2008-10-13,13.806781046669949,14.807590676449218,13.47804899398234,14.610350608825684,23294100
2008-10-14,15.362782656126448,15.3700879979147,13.565708983408738,14.004019737243652,20014400
2008-10-15,13.765549587414748,14.14711099463712,13.207883238295356,13.3106107711792,24050800
2008-10-16,13.317948740870248,13.6481463838532,12.386058859169635,13.464703559875488,27174900
2008-10-17,13.215220613895111,14.536008327403923,13.112493084938848,14.169122695922852,22682800
2008-10-20,14.037046431869936,14.558024859789,14.00035842126007,14.491985321044922,15576200
2008-10-21,14.227819974566842,14.873539271559409,14.015027101382309,14.103078842163086,12725600
2008-10-22,13.743534746645762,13.926977553406836,13.02443928003617,13.472040176391602,18703900
2008-10-23,13.567428578207869,13.758209247723189,12.591512991551667,13.288596153259276,18508900
2008-10-24,12.474106301857423,13.171189272666387,12.437418313733598,12.620861053466797,19019900
2008-10-27,12.415408903793203,13.11982859216508,12.334693622999858,12.36404514312744,13970300
2008-10-28,12.723592510475523,14.40392780303955,12.283329517812788,14.40392780303955,25953300
2008-10-29,14.13243409743176,15.145037781869895,13.743534840598985,14.205811500549316,23886500
2008-10-30,14.756134000922948,14.968926845027442,14.381910654852636,14.73412036895752,16882700
2008-10-31,14.572705852159451,16.35577123885067,14.381925049513642,15.922845840454102,20950000
2008-11-03,15.834775410186534,15.959516514790158,15.02762716860761,15.181719779968262,13011500
2008-11-04,15.53393250231914,15.98887114914596,14.998279995235722,15.864130020141602,15233600
2008-11-05,15.585301941286776,15.717380996650189,14.961596068491598,15.049649238586426,16283000
2008-11-06,14.858864467503723,15.357829029107084,13.860935344296996,14.01502799987793,18155600
2008-11-07,14.103084549162352,14.697440337953848,13.897629471162306,14.425944328308104,11447800
2008-11-10,14.712109213295928,14.91756561421749,14.022365423633904,14.249834060668944,8493600
2008-11-11,14.000348056683665,14.52132609891826,13.574761010708588,13.978334426879885,11290600
2008-11-12,13.4426899171574,13.81691344601885,13.391326150372867,13.464703559875488,13523400
2008-11-13,13.582104159148916,14.565357612453903,12.943722642622658,14.477304458618164,24406900
2008-11-14,14.117757997399195,14.763477449836678,13.310609381631108,13.376648902893066,17799100
2008-11-17,13.134503119919923,14.67542279310771,13.075801484729787,13.934313774108888,29420700
2008-11-18,14.051715994295767,14.30119827509745,13.207879526669975,14.01502799987793,21179300
2008-11-19,13.919641210146606,14.279188983151386,13.207883545164618,13.237235069274902,18580200
2008-11-20,13.031777812369045,13.560092618437306,12.187941138953684,12.342032432556152,21592200
2008-11-21,12.620867376949729,12.65755538345549,11.630275806159055,12.58417797088623,21780800
2008-11-24,12.855671191409275,14.682761230667497,12.38605669247678,14.279186248779297,21937400
2008-11-25,14.594710425618866,15.218416298414043,14.33789159525408,15.049649238586426,21509000
2008-11-26,14.624055494244654,16.142961161412025,14.55067811814501,15.599970817565918,18044200
2008-11-28,15.48257056146234,15.570622310117171,14.961592350284905,15.159710884094238,6489300
2008-12-01,14.7708120979182,15.159711297152455,13.860936072868704,13.941651344299316,16095100
2008-12-02,14.1984770374923,14.52867333165479,13.545419532085086,14.491985321044922,13832400
2008-12-03,14.12509101623552,15.798089313167846,14.015025651864574,15.599970817565918,23755600
2008-12-04,15.306468558462626,16.83271268608803,15.225753273971105,15.76140594482422,31170400
2008-12-05,15.555946100153204,16.66393910278343,15.365165468032483,16.392444610595703,28029100
2008-12-08,16.862055710785132,17.412383910742015,16.517183875986003,16.774003982543945,18455000
2008-12-09,16.55388119985244,17.206938650516197,15.966864681954675,16.209009170532227,26274500
2008-12-10,16.29705434605407,16.97212376792624,16.01088408445906,16.72264289855957,14080500
2008-12-11,16.568554289891967,16.568554289891967,15.64400237368104,15.790757179260254,17094800
2008-12-12,15.482575518050409,16.37043816560619,15.225755269733709,16.135631561279297,15673800
2008-12-15,16.186997405805556,16.509857227916594,15.812773807359164,16.09894561767578,11851800
2008-12-16,16.201670029921154,16.663945326892915,15.820108623163645,16.53920555114746,18074000
2008-12-17,16.45115840260817,17.118890409083726,16.150312175495365,16.862070083618164,19017000
2008-12-18,16.86206364380324,17.206937040410367,16.399788354159988,16.65660858154297,21609000
2008-12-19,16.744660616664838,16.876739672816104,15.878810270391131,16.53920555114746,24687800
2008-12-22,16.275044683018976,16.333746320306613,15.277115449571683,15.666014671325684,13653600
2008-12-23,15.724718616696656,15.937511558264182,15.387183103081002,15.489912033081056,8587400
2008-12-24,15.541274564513245,15.834782770731753,15.45322140286893,15.58530044555664,3290200
2008-12-26,15.666016793868437,15.915499136031888,15.350494925864204,15.504586219787598,3388700
2008-12-29,15.394525104995322,15.658683282058847,15.291797547051956,15.592643737792969,5157300
2008-12-30,15.577962851126149,15.842120941345714,15.526599089040689,15.790757179260254,7077900
2008-12-31,15.768743538556103,16.157642793650737,15.724717656705362,15.790757179260254,10909300
2009-01-02,15.776080634345082,16.678618864974286,15.776080634345082,16.612579345703125,8291400
2009-01-05,16.451153427088236,16.89141650908112,16.39978965744132,16.847389221191406,10745300
2009-01-06,17.001481929689906,17.001481929689906,16.509855078050105,16.847389221191406,13041500
2009-01-07,16.392454088881493,16.553883301912684,16.13563380485527,16.238361358642578,12310800
2009-01-08,16.18699709216158,16.24569874962999,15.76140972562613,16.10628318786621,10044700
2009-01-09,16.06959047635174,16.142967883004193,15.40919661559491,15.548613548278809,11593600
2009-01-12,15.504587366238558,15.621992064959304,14.697440034382211,14.844193458557127,13070100
2009-01-13,14.83685100370712,15.086333287410882,14.653408230369486,14.895552635192873,12422900
2009-01-14,14.707652733608333,14.707652733608333,14.30238228503758,14.41291046142578,11116200
2009-01-15,14.420283700303942,15.2676685246805,14.420283700303942,15.135035514831545,16442200
2009-01-16,15.400302864042242,15.58451701649596,15.009769760323527,15.503463745117188,15466600
2009-01-20,15.120297716655347,15.54767448694947,14.582392737834583,14.64134120941162,10481400
2009-01-21,14.737128740475502,14.96555384242908,14.412911514661248,14.921342849731444,13372400
2009-01-22,14.61187175209911,15.245569113346274,14.53081704623458,14.95082664489746,16104100
2009-01-23,14.435019190203269,14.972924106943603,14.435019190203269,14.773972511291504,13104000
2009-01-26,14.987665024433664,15.42977931472567,14.884505538694476,15.216090202331545,15559600
2009-01-27,15.27503764705297,15.3266173864323,14.471863805579872,14.69292163848877,14432600
2009-01-28,15.00977021518178,15.053981219586564,14.56028721983193,14.69292163848877,19012300
2009-01-29,14.427652190716683,14.737132019340534,14.184489568615264,14.272912979125977,10802000
2009-01-30,14.38344878596486,14.55292555640396,13.373954090999057,13.462377548217772,21416100
2009-02-02,13.263418731303371,13.786586239981313,13.263418731303371,13.565529823303224,14190500
2009-02-03,13.57289660471233,14.051853042218973,13.322365285627214,13.956062316894531,10205600
2009-02-04,14.000275327486891,14.110803535825935,13.52131882105609,13.565529823303224,11131800
2009-02-05,13.55079131215328,14.037116515805476,13.38131464536831,13.875008583068848,19068700
2009-02-06,13.889742859405432,14.302382033195071,13.889742859405432,14.177116394042969,34763400
2009-02-09,14.147646842822082,14.32449225267706,13.735006147718082,14.007643699645996,12039300
2009-02-10,13.963433557357028,14.02975076581175,13.27078793874241,13.403422355651855,17339400
2009-02-11,13.447640071107458,13.639223057212032,13.152897556117026,13.462377548217772,16091800
2009-02-12,13.241310062264972,13.69816168523932,12.976042692725756,13.653950691223145,17330100
2009-02-13,13.602378082837518,13.74238129130824,13.079210343702094,13.116052627563477,15112700
2009-02-17,12.828671581795287,12.90972624672149,12.533929262212151,12.578140258789062,21876700
2009-02-18,12.65182836513456,12.747619108426484,12.37182346475299,12.445508003234863,18041800
2009-02-19,12.592875443385068,12.710772349846838,12.482347269257405,12.511820793151855,23179400
2009-02-20,12.01076000513308,12.408663177067256,11.458118350462613,11.686543464660645,33059200
2009-02-23,11.848651201836091,11.86338866757261,11.02337209405937,11.119163513183594,15900400
2009-02-24,11.207587504513652,11.590752522907378,10.986530411772094,11.50232982635498,31154300
2009-02-25,11.458116740477449,11.671805060534563,11.11916278079502,11.325482368469238,29620800
2009-02-26,11.487596013313183,12.01813232894666,11.362330318663844,11.730758666992188,23838200
2009-02-27,11.465487662055107,12.010760610803962,11.42864469582689,11.671807289123535,16534500
2009-03-02,11.391805068271196,11.716021720113355,10.787582774841043,10.831793785095217,23504400
2009-03-03,10.979160714846993,11.119163832480032,10.293884701004703,10.419150352478027,27017200
2009-03-04,10.544415409822015,10.581257667703284,10.25704116038936,10.433886528015137,19524400
2009-03-05,10.28651814330162,10.44862679173565,9.741244429057671,9.888615608215332,20190800
2009-03-06,10.16125275804098,10.190726994721542,9.69703300328119,9.866510391235352,21445500
2009-03-09,9.726504922016264,10.43388713649314,9.5791337737338,10.080196380615234,23701400
2009-03-10,10.227567224660124,10.993897875654088,10.17598749997586,10.7802095413208,21876500
2009-03-11,10.979166350315303,11.296015008172985,10.809689618814684,11.126538276672363,18428600
2009-03-12,11.148639040145389,11.561278290723246,10.912845182672326,11.50232982635498,14599400
2009-03-13,11.701284714211807,11.723390218891684,11.200221923325746,11.708653450012209,15448100
2009-03-16,11.797071085688623,11.966547719707842,11.362325698983993,11.391799926757812,13898000
2009-03-17,11.598121381029353,12.113921503865578,11.44338148472271,12.099184036254885,17099900
2009-03-18,12.03286964790804,12.894992028303768,11.811813203885585,12.666566848754885,24934900
2009-03-19,12.651828300183286,13.204470768615096,12.622353360587867,12.976045608520508,28590400
2009-03-20,13.049731178836437,13.071837385281563,12.290769694973992,12.548669815063477,18408900
2009-03-23,12.777096094847254,13.315001182406093,12.511827216404996,13.307632446289062,18090600
2009-03-24,13.160257985611706,13.550791044359952,13.145520517806265,13.152889251708984,16428100
2009-03-25,13.292893746534912,14.029750346974076,13.189732866772577,13.602372169494627,25688700
2009-03-26,13.764484826273405,14.346600949571002,13.727641144138891,14.088702201843262,22291400
2009-03-27,13.904475248780798,14.140268976306755,13.631837872927989,13.860262870788574,14002800
2009-03-30,13.521312453673106,13.7055265159699,13.226570235086584,13.594998359680176,14489200
2009-03-31,13.543419686204388,13.631843070461326,13.03498979441354,13.44762897491455,17600100
2009-04-01,13.211841516637174,13.712904322567743,13.00552112435909,13.617112159729004,13866100
2009-04-02,13.823430035128826,14.678183581814531,13.823430035128826,14.25080680847168,18957400
2009-04-03,14.213967910215064,14.390813368132417,13.926592811336947,14.088702201843262,13409800
2009-04-06,13.97080182071088,14.390811304148366,13.882379807155402,14.295019149780272,15069900
2009-04-07,14.05922319478159,14.147646600918362,13.609740240684186,13.71290111541748,11167100
2009-04-08,13.889748177170272,14.331862449645994,13.889748177170272,14.331862449645996,14365900
2009-04-09,14.641342440055366,15.193984934582064,14.501339281251358,14.97292709350586,24146800
2009-04-13,14.825547372370163,15.0539724010002,14.737124009916332,14.94344425201416,10816600
2009-04-14,14.692916835398064,14.847656002952068,14.449754282497464,14.611862182617188,12342200
2009-04-15,14.637766826226146,14.637766826226146,14.186348909733844,14.378756523132324,18364400
2009-04-16,14.44535783019952,14.985578340250354,14.238149325258773,14.896774291992188,18205800
2009-04-17,15.11138700165633,15.44440050089295,15.052184758624575,15.340795516967772,18530800
2009-04-20,15.044784617703325,15.16318910625296,14.548965292591902,14.593366622924805,11385500
2009-04-21,14.578566800831032,15.2593933008103,14.386159158283323,15.207590103149414,19864300
2009-04-22,14.970782950932628,16.154829365881028,14.970782950932628,15.466602325439451,27124300
2009-04-23,15.422196681808163,15.703406938687015,14.822773889847593,15.074383735656738,17797600
2009-04-24,15.170588345150334,15.836613892638876,15.059584322484364,15.607205390930176,15033500
2009-04-27,15.5110036611746,15.6368086192363,15.163190617824243,15.399999618530272,10957200
2009-04-28,15.23719187014459,15.84401521113064,15.126187841438597,15.659008026123049,12700300
2009-04-29,15.799610114671616,16.23622708010156,15.60720251876245,15.733007431030272,14829500
2009-04-30,15.866217450427854,16.347235875493382,15.355597196623336,15.910618782043455,13037000
2009-05-01,15.94021999607625,16.09562535648437,15.244592573957323,15.42959976196289,11433800
2009-05-04,15.614604992015863,15.79961215682294,15.362995134958826,15.555402755737305,16369500
2009-05-05,15.518400475880298,15.622005447987265,15.39259554735178,15.555402755737305,9022600
2009-05-06,15.614606949968458,15.673809193670529,14.978181771551602,15.42959976196289,12073300
2009-05-07,15.61460429398531,15.629405205266458,14.95597785690015,15.074383735656738,17030300
2009-05-08,15.022579284437326,15.170585561832684,14.289951175464504,14.652565002441406,26317600
2009-05-11,14.149342493591693,14.29734731481922,14.038337113305992,14.08273983001709,20261100
2009-05-12,14.171543101998711,14.312148888496736,13.890332940494776,14.230745315551758,15708400
2009-05-13,14.053137855117887,14.156741369919088,13.742325899222257,14.001336097717283,17210800
2009-05-14,14.001340118916012,14.400954798984683,13.927336982164798,13.96433925628662,16321000
2009-05-15,14.05314488608078,14.141948951405892,13.542524686320036,13.65353012084961,22605000
2009-05-18,15.029981028220826,15.281590874472048,14.201149755916578,14.756171226501465,54292900
2009-05-19,14.674765379128331,15.089180951834283,14.41575511687747,14.837571144104004,26381600
2009-05-20,14.992982830399464,15.27419313783164,14.44536171798418,14.593366622924805,20882300
2009-05-21,14.356558744016697,14.637770484452735,14.097548376191796,14.28255558013916,14419300
2009-05-22,14.326952038996248,14.5341591131437,14.12714400764635,14.334352493286133,11265400
2009-05-26,14.20115074053941,15.08178385198393,14.20115074053941,14.830175399780272,15964600
2009-05-27,15.007784723743454,15.037385142066157,14.452763118136724,14.52676486968994,12935100
2009-05-28,14.667361422696096,14.748764991494577,13.882931780202114,14.075339317321776,19222400
2009-05-29,14.201157608502562,14.31216168170116,13.749739444469109,14.067952156066896,18123500
2009-06-01,14.230747327717085,15.06698030032215,14.230747327717085,14.933774948120115,17693200
2009-06-02,14.85976987968721,15.36298940615244,14.659961877445054,15.237184524536133,12236900
2009-06-03,15.066985748931891,15.296394265410798,14.822776318746522,15.0225830078125,11302000
2009-06-04,15.037377487860718,15.096579705864412,14.54155838277019,14.86717128753662,10345400
2009-06-05,15.052183438809902,15.103985220483969,14.58596458075792,14.830175399780272,11059500
2009-06-08,14.852368594389828,15.074377943829578,14.526755728773423,14.881970405578612,11315700
2009-06-09,14.918971820528144,15.325986859274368,14.867170060486854,15.140979766845703,16328000
2009-06-10,15.488799371080738,15.53320069343159,14.85977475655787,15.074383735656738,14603000
2009-06-11,15.059582909020556,15.200188743996575,14.7339699164681,14.763571739196776,13325200
2009-06-12,14.6969670669275,14.748768838222023,14.46015816301402,14.689566612243652,11532300
2009-06-15,14.54896068572998,14.62296382051396,14.430556234672572,14.54896068572998,9750800
2009-06-16,14.645168375898976,14.689569701848423,14.082746405066054,14.13454818725586,12527900
2009-06-17,14.075339317321776,14.334349517732557,13.727525095358832,14.075339317321776,19347700
2009-06-18,14.097544006338648,14.156746236791014,13.616525707476615,13.623926162719728,19927800
2009-06-19,13.727525143729777,14.030936650239733,13.712725649662298,13.897732734680176,16475000
2009-06-22,13.764532888863194,14.082745427649474,13.342716792887932,13.808934211730955,13926500
2009-06-23,13.831135568217372,13.8681364353298,13.461121251122684,13.54992389678955,11995600
2009-06-24,13.623924399510694,13.72752793652083,13.335313739843984,13.453718185424805,17091100
2009-06-25,13.424117346047453,14.067942800842864,13.409317847891154,13.96433925628662,13558100
2009-06-26,13.93473886104548,14.519362148483802,13.882937083473491,14.223349571228027,20434100
2009-06-29,14.304753111850252,14.615565187486892,14.193749101585574,14.40835666656494,12944500
2009-06-30,14.386157819776464,14.541563163821568,14.07534572019358,14.363956451416016,11183400
2009-07-01,14.415754493721204,14.600761614261238,14.312150957896328,14.437955856323242,8192800
2009-07-02,14.245546566501163,14.378751903091604,13.697925725012125,13.779329299926758,13313900
2009-07-06,13.76453121050607,14.09754320864789,13.705328983403584,13.96433925628662,11814500
2009-07-07,13.956943226609036,13.97174272945762,13.742334203136458,13.786735534667969,9649000
2009-07-08,13.823734267984022,14.02354232576681,13.63872712073904,13.949539184570312,21406200
2009-07-09,14.045742358613117,14.134546410843935,13.77933302490571,14.023542404174805,11440000
2009-07-10,13.912536908225803,14.119745421277496,13.838535178521823,13.949539184570312,8945000
2009-07-13,13.942140472980483,14.28995344516311,13.831136453049238,14.252952575683594,15193800
2009-07-14,14.245551891384242,14.534162620882684,14.14934878538232,14.48236083984375,10000500
2009-07-15,14.631047507891568,14.913556943253358,14.467488144985714,14.891254425048828,10369500
2009-07-16,14.831781473773088,15.010208743088926,14.608746323617876,14.94329833984375,10552000
2009-07-17,14.965601423381903,15.285284157981096,14.943298900139874,15.181201934814451,15579700
2009-07-20,15.23323626128195,15.433967389135146,15.166325885330885,15.426532745361328,8550800
2009-07-21,15.441406867110928,15.500882617908095,15.032509839618363,15.285282135009766,9460300
2009-07-22,15.20349910419998,15.590090654345428,15.173760529104705,15.426532745361328,9107500
2009-07-23,15.426537629170012,16.281502081641744,15.277847542647208,16.095640182495117,17840900
2009-07-24,15.984126351096414,16.400456686918254,15.872609474110174,16.355850219726562,10519500
2009-07-27,16.147675301924277,16.355841062292768,15.6272630280229,15.82055950164795,12478600
2009-07-28,15.7462293696152,16.08821477988686,15.679318934037775,16.0659122467041,7585000
2009-07-29,15.99156346276028,16.35585273998924,15.909783745295774,16.088211059570312,7103900
2009-07-30,16.16255558405089,16.77961722355831,16.16255558405089,16.467369079589844,11685900
2009-07-31,16.459927226638065,16.8613895580261,16.430190063950196,16.697830200195312,10292000
2009-08-03,16.883696196359274,16.950606601254837,16.586317406831174,16.9060001373291,9872800
2009-08-04,16.876261365953496,17.06212326902341,16.742440568860957,16.809350967407227,12678600
2009-08-05,16.81678906636081,16.980347064157595,16.53427812160426,16.705270767211914,9297700
2009-08-06,16.75730747243571,17.099292644682844,16.660658502530328,16.898561477661133,9711900
2009-08-07,17.024953826069645,17.90965707859439,16.95804341263417,17.731229782104492,12829500
2009-08-10,17.642007989876824,17.656877279488054,17.099291681188433,17.344629287719727,10188500
2009-08-11,17.329757172879347,17.433840765175958,17.091854249938418,17.292585372924805,8601300
2009-08-12,17.27029492642196,17.456156907338293,16.8985709645893,16.98778533935547,15725100
2009-08-13,17.047257696778917,17.366940466707643,16.67553380951558,17.32976722717285,13547600
2009-08-14,17.30745999478231,17.40410755526172,16.779611481047006,16.97290802001953,11454100
2009-08-17,15.188633273771558,16.571446134154336,15.054812491410177,15.21837043762207,41075300
2009-08-18,15.337323934108609,15.367062519860491,14.77230498496094,14.861517906188965,41510400
2009-08-19,14.7500040856693,15.069686858320615,14.63848720214338,15.032513618469238,30199500
2009-08-20,15.069683526338356,15.21837219882574,14.973034542108454,15.158896446228027,18285000
2009-08-21,15.255543045012145,15.775955444363952,15.22580446435649,15.731348991394045,18461600
2009-08-24,15.73878787218678,15.92464979726314,15.35962937486933,15.40423583984375,13778600
2009-08-25,15.70904469963895,15.790824376573758,15.47114173184337,15.664438247680664,35281800
2009-08-26,15.567794236952754,16.3261097646446,15.545490296897691,16.051034927368164,17144800
2009-08-27,16.10307391717317,16.281501160093125,15.88004021802664,16.1328125,12831100
2009-08-28,16.214590766746433,16.318674388626665,15.865170926613226,16.1328125,10567900
2009-08-31,16.021295998271704,16.065903877428607,15.81313156759482,15.984124183654783,8610800
2009-09-01,15.8057015742848,16.065908607249977,15.35963257748939,15.508322715759276,15016400
2009-09-02,15.47114947218468,15.58266636687997,15.277852859639529,15.508322715759276,10583400
2009-09-03,15.515756600367483,15.85030726797769,15.463714061925996,15.842872619628906,9293300
2009-09-04,15.88747942761107,16.095643895142036,15.7833957758315,16.073341369628906,8820600
2009-09-08,16.274071260615077,16.303809852114977,16.103078613532915,16.184858322143555,11099200
2009-09-09,16.177428419559,16.222034901879084,16.01387037237568,16.147689819335938,10432100
2009-09-10,16.19229615021303,16.31124770354674,16.0807778282001,16.251771926879883,9882000
2009-09-11,16.30380694936486,16.31867624246746,15.865172728934937,15.932083129882812,10675400
2009-09-14,15.805699875987106,15.954388580266375,15.686748345358051,15.880044937133787,8143500
2009-09-15,15.946954784901283,15.998995900454409,15.523188376795751,15.768526077270508,17213100
2009-09-16,15.85030768187688,16.16255583060865,15.79826656009062,16.058473587036133,12479800
2009-09-17,16.12538087611423,16.333545322856388,15.984125417243524,16.103076934814453,13622400
2009-09-18,16.162553051768718,16.400456092182605,16.147683757239356,16.333545684814453,13641800
2009-09-21,16.23690009764359,16.630927942910155,16.05847279545142,16.318679809570312,13044800
2009-09-22,16.14024418327182,16.22202386020663,15.560356053773482,15.664438247680664,23918700
2009-09-23,15.93208082081972,16.40045214155917,15.798260038318835,16.006425857543945,23684800
2009-09-24,16.058466557683108,16.1625487556952,15.850300743645318,15.902341842651367,16353700
2009-09-25,15.679316691826113,15.775964297164371,15.530626541136392,15.649578094482422,14175000
2009-09-28,15.69418606302112,15.969260999649553,15.649578166799447,15.79826831817627,8242900
2009-09-29,15.805699315532774,15.976691957497048,15.738788904674744,15.768526077270508,8732400
2009-09-30,15.82800080151825,15.872607262494684,15.433973045187242,15.567793846130373,12404200
2009-10-01,15.64956869146928,15.64956869146928,15.136590957641602,15.136590957641602,17532200
2009-10-02,14.943295524877556,15.025073788316863,14.824344034408,14.891254425048828,19365900
2009-10-05,15.062247883673765,15.292716232493143,14.920992448842796,15.210936546325684,15603200
2009-10-06,15.352190617090091,15.515749974892504,15.136591579096333,15.374494552612305,18792400
2009-10-07,15.307587102226842,15.411669318614427,14.980469741848058,15.017642974853516,15144200
2009-10-08,15.38936344577808,15.575225316292242,15.240673382161336,15.44883918762207,15740400
2009-10-09,15.44140769168562,15.575228492628748,15.255545783267682,15.567793846130373,17089300
2009-10-12,15.6495758897395,15.872611084352446,15.582665473157032,15.61983871459961,10092500
2009-10-13,15.627265427450377,16.02129166055818,15.493444662238876,15.946948051452637,18071500
2009-10-14,16.1709261096938,16.41729750489456,16.1709261096938,16.223186492919922,17717900
2009-10-15,16.16345977783203,16.23811807677585,15.924554360402704,16.16345977783203,11666900
2009-10-16,16.073866698827988,16.08879721546938,15.79016552281803,15.946948051452637,11405400
2009-10-19,15.946952708061364,16.282912926401004,15.924554790576597,16.24558448791504,11391800
2009-10-20,16.22318433400241,16.350103000942582,15.924552595316262,15.96934700012207,10759100
2009-10-21,15.932019821534304,16.193323147459726,15.499003410339355,15.499003410339355,28537400
2009-10-22,15.506473370343157,15.849899629204469,15.304896345017292,15.805105209350586,18710400
2009-10-23,15.805098410671688,15.909619153366693,15.416876474964075,15.461670875549316,17631300
2009-10-26,15.484070860321816,15.633387447575856,15.14064470322144,15.185439109802246,16922100
2009-10-27,15.200373708390044,15.245168122795135,14.84201412118302,14.87934398651123,21423700
2009-10-28,14.92413748354813,14.983863840413202,14.550847397144258,14.558313369750977,17836400
2009-10-29,14.782293707384516,15.006268717489936,14.580718049475768,14.916678428649902,14692500
2009-10-30,14.931601521824474,15.006259814231294,14.52844759722074,14.61057186126709,19405200
2009-11-02,14.63297393971516,14.931605770323856,14.43886289382228,14.6180419921875,12994800
2009-11-03,14.580708132576657,14.782283653386155,14.297006930863729,14.520981788635254,17817600
2009-11-04,14.580706858279989,14.856940640871578,14.43885626982071,14.56577491760254,14021600
2009-11-05,14.662838794840944,15.0734588746817,14.647908268874597,14.983868598937988,12327900
2009-11-06,15.095850828396811,15.72297829772973,15.095850828396811,15.633389472961426,27174300
2009-11-09,15.700586652988228,15.902162282972132,15.596064426489724,15.86483383178711,14602000
2009-11-10,15.82750146811921,16.04400899465315,15.633390437164325,15.685650825500488,15444200
2009-11-11,15.820042519334184,16.021618188993056,15.685657790235329,15.902165412902832,19021100
2009-11-12,15.86483416238298,16.19332995081517,15.86483416238298,16.029081344604492,17345600
2009-11-13,16.141065360046095,16.37250483493618,15.976816796456076,16.31277847290039,17585200
2009-11-16,16.33517261799335,16.596475948293442,16.118665120765453,16.23065185546875,25807100
2009-11-17,16.12612739200503,16.193319702204125,15.603520851342822,16.036537170410156,15744700
2009-11-18,15.939486628481983,16.2157204889951,15.864828328022972,16.11866569519043,13487800
2009-11-19,16.044004440307617,16.12612869808862,15.797633090952989,16.044004440307617,13200300
2009-11-20,15.969350880079563,16.13359944425457,15.790171793334029,15.939488410949709,12593900
2009-11-23,16.02907491315486,16.447160812131486,16.02907491315486,16.335172653198242,16228100
2009-11-24,16.387431779174133,16.499418495808662,16.305307522447578,16.432226181030273,13404400
2009-11-25,16.454627941516158,16.603943123946912,16.357571720146908,16.53675079345703,7700900
2009-11-27,16.103739186636954,16.57408564151729,16.01415033503345,16.39490509033203,5806900
2009-11-30,16.387439239940072,16.529288481062768,16.08880596097038,16.282917022705078,10674000
2009-12-01,16.491954472198053,16.939902815618094,16.439694093196945,16.857778549194336,17239500
2009-12-02,16.768189276286304,17.022026638038533,16.760724727989423,16.9100399017334,11129800
2009-12-03,16.947373502247665,16.969770000056847,16.701002058424173,16.783124923706055,11753300
2009-12-04,16.992171548160368,17.283337473728974,16.880184763248536,17.08176040649414,13239800
2009-12-07,17.044427595709756,17.17134629922883,16.90257694495577,17.007099151611328,9302900
2009-12-08,16.8577772980828,17.014559847438928,16.656200344905674,16.954832077026367,12111900
2009-12-09,17.104153549649507,17.104153549649507,16.82045367894767,17.029495239257812,11442600
2009-12-10,17.022029777816147,17.372923420014793,17.022029777816147,17.23853874206543,11644600
2009-12-11,17.365461448545144,17.843272481162085,17.283337143318157,17.828340530395508,19077500
2009-12-14,17.888062980420766,18.112037920756528,17.888062980420766,18.044845581054688,18617400
2009-12-15,17.880596440408226,17.977651240291834,17.80593813527306,17.917924880981445,13216900
2009-12-16,17.95525900251253,18.082177734202176,17.671559062024066,17.686491012573242,15213500
2009-12-17,17.55210630560901,17.895532624305,17.55210630560901,17.686491012573242,13647200
2009-12-18,17.776076987953925,17.776076987953925,17.52970553976433,17.634227752685547,18193300
2009-12-21,17.686482814226604,17.91792224450129,17.67155087059894,17.79846954345703,7558200
2009-12-22,17.843262729778743,18.291211040046967,17.77607041203909,17.813400268554688,17401900
2009-12-23,17.828335301587437,17.880597113942788,17.402784797472492,17.58942985534668,14383800
2009-12-24,17.55956333712854,17.679016032701785,17.522233479769117,17.656618118286133,3338600
2009-12-28,17.693947975645557,17.805934699746917,17.537165422712885,17.656618118286133,5692300
2009-12-29,17.701419285398973,17.72381720837105,17.55957004520949,17.62676239013672,4503100
2009-12-30,17.522234122528396,17.686482652958,17.46250777255086,17.56702995300293,4635300
2009-12-31,17.55209556505964,17.619287877425165,17.440108852446535,17.462505340576172,5132800
2010-01-04,17.552095746669764,17.611822088947292,17.275860523643498,17.29079246520996,9616700
2010-01-05,17.2609288778748,17.268393424181816,16.977227702608275,17.11161231994629,14428400
2010-01-06,17.051887564079415,17.298258910734283,16.984695249174603,17.156408309936523,12448200
2010-01-07,17.350532256953457,17.77608295354993,17.223613503232627,17.6491641998291,16572300
2010-01-08,17.55209958764555,17.649154381089687,17.35798857676864,17.611825942993164,8668900
2010-01-11,17.619287877425165,17.62675384813115,17.320656169127446,17.462505340576172,7975300
2010-01-12,17.33559649443713,17.522241595719144,17.17881529287502,17.417720794677734,10248100
2010-01-13,17.514761717270982,17.544625593284422,17.253459922093306,17.335582733154297,10514000
2010-01-14,17.462513299810656,17.484911222137345,17.298266141381816,17.31319808959961,10643500
2010-01-15,17.283214104881594,17.485576456486918,17.238245169925968,17.335678100585938,12862400
2010-01-19,17.290708006695272,17.4256162320564,17.230748954261056,17.320688247680664,9619900
2010-01-20,17.193281657407265,17.478086907997334,17.0208980648936,17.08835220336914,15221200
2010-01-21,17.073357061680436,17.26822434043432,16.900973534239622,17.155799865722656,13639900
2010-01-22,17.065869443912096,17.530551947829338,16.68362977999083,16.72110366821289,12236800
2010-01-25,16.833520211145405,16.863500453685102,16.47376587788892,16.57869529724121,13266300
2010-01-26,16.496257513881595,16.78106278175429,16.44379349844746,16.458782196044922,13760700
2010-01-27,16.488755999158766,16.863500453685102,16.43629200425094,16.57869529724121,14136200
2010-01-28,16.653643498435343,16.683623741792193,16.323869398730103,16.473766326904297,15261200
2010-01-29,16.631159407515106,16.676128342099943,16.196455894430596,16.2264347076416,21935300
2010-02-01,16.27889419113435,16.48125648498535,16.2414203276225,16.48125648498535,12454300
2010-02-02,16.466269445478936,16.968427029891853,16.166474192740598,16.923458099365234,16244400
2010-02-03,16.7435815145828,16.848509499209467,16.233928852904867,16.571199417114258,38815000
2010-02-04,16.406312073448856,16.55621042992228,16.16647584672072,16.188961029052734,18434400
2010-02-05,16.18146514892578,16.353847249465964,15.956619055137416,16.18146514892578,15147100
2010-02-08,16.30887794494629,16.683622379077768,16.27889770403822,16.30887794494629,12352900
2010-02-09,16.503741738405047,16.541215602093075,16.23392534533519,16.368833541870117,16562900
2010-02-10,16.36883980415455,16.406313682179093,16.09152824634778,16.33885955810547,9638600
2010-02-11,16.413806629672493,16.66113790957511,16.2039506525046,16.616168975830078,12708300
2010-02-12,16.51873143861094,16.631154456372705,16.323864207373635,16.60866928100586,11256900
2010-02-16,16.706111524271243,17.05087579931035,16.653646090231593,17.043380737304688,8992800
2010-02-17,17.208266473051115,17.373154965264348,17.14081377932555,17.275720596313477,11773500
2010-02-18,17.223256675150942,17.388145168122936,17.095843489462037,17.350669860839844,8571100
2010-02-19,17.298204226379024,17.40313221778771,17.080853182812938,17.335678100585938,18888700
2010-02-22,17.560525000943617,17.590503813320332,17.14830525185503,17.290708541870117,25810200
2010-02-23,17.305699779778358,17.388144020824548,17.013399549940715,17.095842361450195,16679500
2010-02-24,17.110841954158026,17.72542299784983,17.110841954158026,17.717927932739258,16583800
2010-02-25,17.320690588563966,17.890302378440065,17.320690588563966,17.852827072143555,16795100
2010-02-26,17.84533110674919,17.965249221748838,17.762888296147363,17.770381927490234,13102300
2010-03-01,17.830340230033265,17.987732200611084,17.687936949841536,17.972742080688477,9701600
2010-03-02,17.972750830526248,17.987740957746635,17.695440624635157,17.755399703979492,9887000
2010-03-03,17.75539636365216,17.972747449308596,17.635478227523723,17.702932357788086,9627100
2010-03-04,17.63547594310919,17.852827000611015,17.63547594310919,17.83034324645996,10692700
2010-03-05,17.89030829028869,18.10016435674899,17.867823099080557,18.02521514892578,10758900
2010-03-08,18.047689257318265,18.08516312344911,17.927771170255927,17.95025634765625,9528200
2010-03-09,17.90528852095697,18.160114849328224,17.875309709726768,17.995227813720703,11145800
2010-03-10,17.972743170120054,18.23506456652041,17.927774237162925,18.20508575439453,9675300
2010-03-11,18.17511095044601,18.452422550644982,18.100161753402745,18.4299373626709,8535900
2010-03-12,18.564840759552816,18.737222866838938,18.45241770825912,18.69974899291992,16217100
2010-03-15,18.73722784862965,18.797186920563785,18.564845695511146,18.767208099365234,8989200
2010-03-16,18.75970575273801,18.92459277915095,18.63229259565732,18.774694442749023,12994700
2010-03-17,18.842153278791,18.969566467840465,18.77469915343912,18.85714340209961,12615600
2010-03-18,18.8871228660319,18.939586865901063,18.602316253118182,18.66227531433105,10390100
2010-03-19,18.57233619689941,18.744718307681524,18.47490183547531,18.57233619689941,16328800
2010-03-22,18.474901992145348,18.75970858845304,18.459911870331958,18.66976928710937,12325400
2010-03-23,18.549845115301647,18.609804153442383,18.332492708581327,18.609804153442383,12291600
2010-03-24,18.5498467940543,18.5498467940543,18.25005157621928,18.27253532409668,9807300
2010-03-25,18.369972599621125,18.45241683377983,18.2425594329834,18.2425594329834,12777600
2010-03-26,18.31751339836845,18.42993647374235,18.22007901805064,18.347492218017575,12185400
2010-03-29,18.369975889136303,18.452420138058315,18.18260363579489,18.22007751464844,7946500
2010-03-30,18.280033305126487,18.39995141142828,18.220074251975596,18.2425594329834,6960400
2010-03-31,18.18260219797645,18.24256125712287,18.10765301665925,18.167612075805664,9008600
2010-04-01,18.265044794141712,18.45241701577841,18.25005467332199,18.392457962036133,10097500
2010-04-05,18.43743100839216,18.639793395996094,18.38496700335489,18.639793395996094,7051800
2010-04-06,18.647285540649104,18.78219378828722,18.534862477462944,18.72223472595215,9998200
2010-04-07,18.684753008393717,19.04450723145988,18.63978408789449,18.92458915710449,15400800
2010-04-08,18.872135776442057,19.25437538918329,18.83466046370056,19.179426193237305,13680000
2010-04-09,19.209396362304688,19.239376598995293,18.94707643894372,19.209396362304688,8599600
2010-04-12,19.17942129068591,19.18691635131836,19.014534245381977,19.18691635131836,7762400
2010-04-13,19.05950620286641,19.719055918236823,19.05950620286641,19.65160179138184,17079500
2010-04-14,19.75652909443704,19.958890023618345,19.584145550230915,19.928911209106445,18419100
2010-04-15,19.89143876838941,20.086304650614604,19.831478275967108,19.98137664794922,12021600
2010-04-16,19.90642818131529,20.02634631141973,19.576654038296542,19.70406723022461,13036500
2010-04-19,19.70407009847359,19.899605403961917,19.49349173982377,19.89208602905273,10543800
2010-04-20,19.95976866982701,20.29067562164308,19.95976866982701,20.019933700561523,13457700
2010-04-21,20.080095816725475,20.14778164578333,19.87703832955193,20.050012588500977,9195900
2010-04-22,20.01240727243525,20.832156482516808,19.892077244757875,20.70430564880371,16084500
2010-04-23,20.72686486674524,21.24578896342629,20.538849035210493,21.22322654724121,18839200
2010-04-26,21.16306660094388,21.463893150917738,21.148026421003024,21.17810821533203,18536500
2010-04-27,21.11794214232914,21.11794214232914,20.245548633450294,20.305713653564453,23812600
2010-04-28,20.516289619075643,20.719345642448737,20.117695509404257,20.32827377319336,14724000
2010-04-29,20.48621062845782,20.749433153974568,20.456128832813043,20.60654067993164,12925500
2010-04-30,20.651663950636344,20.862242256511824,20.38092205387913,20.39596366882324,17271200
2010-05-03,20.5238140237346,21.005134214565903,20.38092155416381,20.86224174499512,10810800
2010-05-04,20.681751623597854,20.77951927284335,20.23051311946619,20.28315734863281,17534400
2010-05-05,20.110175828553416,20.43356333107526,19.365633209337776,20.042490005493164,19311300
2010-05-06,19.922162380006373,20.12521987372929,18.154812829337025,19.19266128540039,19162800
2010-05-07,19.2001781394707,19.523564180047146,18.636130618228933,19.03472328186035,22869200
2010-05-10,20.034976159169144,20.253075316896048,19.80935762688748,20.080101013183597,17308800
2010-05-11,19.982326252968107,20.501250451109797,19.877037825745564,20.38092041015625,18227400
2010-05-12,20.47116583294989,20.614058284792613,20.110175734612923,20.3508358001709,16967500
2010-05-13,20.36588337419297,20.388445799860968,19.67398476596406,19.741670608520508,15105500
2010-05-14,19.59877954489914,19.801837087384808,19.38820262775637,19.606300354003903,16935900
2010-05-17,19.38067821188787,19.478445843159832,18.48572217724033,18.99712562561035,40981500
2010-05-18,18.929437093793727,18.98960211241557,18.275141261139872,18.57596778869629,26834500
2010-05-19,18.448114456737333,18.794062908543363,18.31274282448384,18.66621208190918,19058900
2010-05-20,18.290188437039262,18.335311856117325,17.756223913680575,17.823909759521484,25295300
2010-05-21,17.57572515406353,18.28266383249518,17.36514685133755,18.19993782043457,22426500
2010-05-24,18.177377568207508,18.4631611097488,18.034485080213116,18.184898376464844,14303800
2010-05-25,17.741178128259218,18.372911584742127,17.696054719781095,18.36539077758789,18928700
2010-05-26,18.621086273172946,18.76397869255624,18.237533842899985,18.305219650268555,20492300
2010-05-27,18.56092969140316,18.914399063457864,18.395474783015768,18.89183807373047,13537400
2010-05-28,19.094891336125634,19.094891336125634,18.48572031776021,18.613571166992188,11274000
2010-06-01,18.48572737034151,18.718866736905767,18.26762962341309,18.26762962341309,10536700
2010-06-02,18.31274452978836,18.380430352218088,18.09464544985987,18.37290954589844,16284300
2010-06-03,18.387952935952875,18.57596880877674,18.10968881301676,18.38043212890625,12868800
2010-06-04,18.08712651808052,18.11720974647693,17.59828553221702,17.688533782958984,16140300
2010-06-07,17.756216038677636,17.85398364239411,17.538116980041433,17.590761184692383,16814800
2010-06-08,17.643411869000886,17.67349510239083,17.289942483354178,17.575727462768555,16035200
2010-06-09,17.69605728460049,17.869031570876473,17.417793117352055,17.508041381835938,11686700
2010-06-10,17.7261322411306,17.94423129268958,17.59828141922115,17.929189682006836,12304600
2010-06-11,17.74117661014394,17.921671663058735,17.470433313548153,17.658449172973633,10495800
2010-06-14,17.808861382181245,17.981835618366393,17.590762309597903,17.635887145996094,10096900
2010-06-15,17.78629374353196,17.996871948242188,17.44786617655981,17.996871948242188,9964600
2010-06-16,17.801339511820284,17.846462911073584,17.259854417439684,17.4478702545166,18229500
2010-06-17,17.47795405688206,17.492995669849048,16.81613886525336,17.056798934936523,22320700
2010-06-18,17.071849466576815,17.27490560992307,16.943998558459885,17.01168441772461,30122400
2010-06-21,17.154573627926414,17.282424521999946,16.876310845467856,16.928955078125,13461300
2010-06-22,17.049278203063384,17.09440160771465,16.342338169440037,16.364900588989258,20283600
2010-06-23,16.327298706621892,16.635646076613522,16.10920102671253,16.432588577270508,13977400
2010-06-24,16.056556717065558,16.267133588267463,15.838457603952325,15.97382926940918,15902100
2010-06-25,15.951263300588977,16.244568988684254,15.883578917356102,16.04151153564453,21273000
2010-06-28,16.07911399609635,16.16184142467028,15.921181379124691,15.966304779052734,8009500
2010-06-29,15.748207693031476,15.77828948253712,15.417299401786964,15.49250602722168,16668000
2010-06-30,15.477464849322224,15.688043119555838,15.31201141628324,15.357134819030762,11343100
2010-07-01,15.45490160194435,15.612835654762009,15.056308935896372,15.349613189697266,22597500
2010-07-02,15.439862296202788,15.447383102423048,15.048788979431976,15.244325637817385,11921600
2010-07-06,15.372174259347744,15.5225860587354,14.845729375373686,15.01118278503418,16062300
2010-07-07,15.071352677902164,15.357136166304244,14.770526141335043,15.33457374572754,18584100
2010-07-08,15.44738363267016,15.52258882856002,15.071351915432196,15.214242935180664,14387500
2010-07-09,15.20672143474478,15.372176300825148,15.056309615381922,15.36465549468994,19708600
2010-07-12,15.312010765075684,15.417299178491104,15.123994921435548,15.312010765075684,17236900
2010-07-13,15.45490558710139,16.026474064941603,15.394740559668072,15.91366481781006,17774900
2010-07-14,15.86102252532451,15.86102252532451,15.522593308361223,15.695569038391112,11120400
2010-07-15,15.710607660929323,15.7557325083412,15.417303324989293,15.703086853027344,9586200
2010-07-16,15.635400573579815,15.635400573579815,15.033748923684133,15.0713529586792,14778100
2010-07-19,15.146970851989144,15.169656354736428,14.935230358041776,15.071349143981934,8218900
2010-07-20,14.904981171903843,15.44189400329338,14.85204640874518,15.373834609985352,11511000
2010-07-21,15.42677338828248,15.434335705325411,15.018418364515547,15.109163284301758,10141500
2010-07-22,15.275526446151307,15.82756243090078,15.252839502342033,15.751940727233888,13812300
2010-07-23,15.699007854882666,15.98636863252968,15.570451375901689,15.963683128356934,12254300
2010-07-26,16.05442979053696,16.500596358147288,15.94099793014004,16.485471725463867,12603400
2010-07-27,16.59890010214652,16.62914791617231,15.910745385283567,15.99392795562744,14993100
2010-07-28,15.940990939804522,16.11491981230064,15.555321629684606,15.653630256652832,11207700
2010-07-29,15.865370711381145,15.88805765254474,15.222588468717897,15.487263679504396,14500600
2010-07-30,15.358714104301788,15.73682130538903,15.267969183764972,15.683886528015137,11694200
2010-08-02,15.933434771778703,16.182985428409896,15.736818884377724,16.130050659179688,9355800
2010-08-03,16.04686909489141,16.092242997524323,15.615827116430273,15.683886528015137,11929000
2010-08-04,15.82000617844158,15.978810518867425,15.7368221282959,15.736822128295898,11262100
2010-08-05,15.668761893804168,15.835129985395838,15.479708293260543,15.683886528015137,10953600
2010-08-06,15.517516481743774,15.593138193879264,15.275528156801554,15.33602523803711,15673200
2010-08-09,15.419210240744947,15.472145014829865,15.343589959117592,15.358713150024414,10990000
2010-08-10,15.245273875911211,15.267960814792058,14.988161004716453,15.063782691955566,13426500
2010-08-11,14.920101389365966,15.063782448562383,14.632740713336824,14.980598449707031,19107200
2010-08-12,14.836920828911396,14.995725092784529,14.708364378096244,14.92766571044922,9941000
2010-08-13,14.836922631578693,15.169655827462549,14.783986428158746,14.81423568725586,13805000
2010-08-16,15.184786515810853,15.404089404675588,14.8066792804148,14.897425651550291,25994300
2010-08-17,15.139409052818031,15.381397372795425,14.957917812834992,15.116722106933594,18203600
2010-08-18,15.154530581835044,15.736814316722104,15.13940595434087,15.721691131591797,19607100
2010-08-19,15.59313441037235,15.767063296427066,15.222588255053918,15.426766395568848,17823900
2010-08-20,15.328461716904217,15.66875723120119,15.260402325572004,15.60826015472412,12040200
2010-08-23,15.835130775811102,15.88050323834429,15.2982177734375,15.2982177734375,20860700
2010-08-24,15.109166674471712,15.44946380593654,14.95792462677109,15.290657997131348,22442200
2010-08-25,15.16966234446622,15.751947850963395,15.162100026443111,15.66120147705078,19268100
2010-08-26,15.804877305463622,15.8653743868846,15.608261430254393,15.61582374572754,15372200
2010-08-27,15.706578302442662,15.993939228870188,15.517524643845224,15.95612907409668,17964900
2010-08-30,15.910748831690992,15.918309705062244,15.464582299846525,15.472143173217772,13174400
2010-08-31,15.388960003822696,15.6838830945505,15.313338291687206,15.33602523803711,16637800
2010-09-01,15.487269565308754,16.09980422823963,15.47970724871356,16.061992645263672,13041400
2010-09-02,16.130048011141074,16.71233326180931,16.092237880002223,16.591339111328125,18434900
2010-09-03,16.87114353981937,17.01482468546986,16.440101545232466,16.606468200683594,11768700
2010-09-07,16.493038739484103,16.52328801346678,16.23592568009044,16.281299591064453,8348200
2010-09-08,16.243482610424717,16.409850677413573,16.21323478884038,16.288856506347656,8348400
2010-09-09,16.42497436953547,16.515720721793382,16.25860773982102,16.311542510986328,7083500
2010-09-10,16.311545191328015,16.493036483302472,16.25861041146437,16.27373504638672,6703000
2010-09-13,16.394718679399954,16.614019975039692,16.319096995869007,16.417404174804688,6542500
2010-09-14,16.39473148376995,16.470353226361865,16.213240166968205,16.281299591064453,9771800
2010-09-15,16.198112038241753,16.288858398263333,16.02418307742856,16.243484497070312,8163900
2010-09-16,16.137619971578147,16.235927236717558,15.978814152673056,16.114933013916016,8565100
2010-09-17,16.182988829840227,16.23592361019656,15.850254070274506,15.895627975463867,14891700
2010-09-20,15.986370861731,16.296418629149223,15.940998404694392,16.22835922241211,11164800
2010-09-21,16.303977875051853,16.636712529503885,16.182983717499138,16.402286529541016,13061200
2010-09-22,16.36448052793651,16.545971826085584,16.303983428553487,16.45522689819336,10494000
2010-09-23,16.311545191328015,16.561095898088467,16.220800266523074,16.27373504638672,8182200
2010-09-24,16.50815217961356,17.037502576353656,16.44009280167944,16.999691009521484,12670400
2010-09-27,16.954320807780164,16.992130937235295,16.818202033959313,16.84088897705078,7121700
2010-09-28,16.78795777675704,16.999696854362238,16.56109262485453,16.946762084960938,11880500
2010-09-29,16.87113466194682,17.090437423715983,16.71233040744954,16.7803897857666,12385400
2010-09-30,16.85601806640625,17.067757155170128,16.727461572929165,16.85601806640625,11853300
2010-10-01,16.924071761997546,17.166061497574553,16.780392114379826,16.901386260986328,10985400
2010-10-04,16.833327601983708,17.022381144536492,16.614024800287723,16.81820297241211,12470300
2010-10-05,16.939197223408993,17.234121732325217,16.86357551747242,17.143375396728516,11410900
2010-10-06,17.158500026388644,17.196310158174896,16.98456967002531,17.143375396728516,9561900
2010-10-07,17.17362191912825,17.32486531960059,16.969445203563748,17.11312484741211,11956400
2010-10-08,17.196311127376802,17.271932837575495,17.07531696800456,17.16606330871582,13676500
2010-10-11,17.158503649394277,17.264373194641315,17.01482252201303,17.082881927490234,5210300
2010-10-12,16.977017148031685,17.014827298415586,16.644282343667196,16.666969299316406,21676600
2010-10-13,16.772836433005736,16.78796106790383,16.455226311968705,16.55353355407715,15558800
2010-10-14,16.614017526132095,16.636704460556416,16.258597540998316,16.394716262817383,12710300
2010-10-15,16.485471132234206,16.55353053449611,16.09224079316624,16.303979873657227,20615200
2010-10-18,16.22037218217505,16.243175476440815,15.870728918906089,15.999944686889648,23215100
2010-10-19,15.832724878224369,16.273578419033946,15.809921583958602,15.999944686889648,18267300
2010-10-20,16.030344340877093,16.486399943059585,15.96193592806168,16.455995559692383,15242800
2010-10-21,16.54721529532848,17.003271118970787,16.5016086981312,16.760040283203125,21890300
2010-10-22,16.782837965802173,16.782837965802173,16.592814890351622,16.722030639648438,7189900
2010-10-25,16.775240286788144,16.858850920945674,16.59281827115823,16.61562156677246,7775000
2010-10-26,16.509206771850586,16.706830974200333,16.41039539555633,16.509206771850586,6384000
2010-10-27,16.364790252272176,16.37239135040997,16.09875761649432,16.311582565307617,14100200
2010-10-28,16.3799920681494,16.417997561319545,16.144363809539797,16.250776290893555,6832200
2010-10-29,16.235573441637975,16.273577480127045,16.129159524298526,16.22037124633789,7759100
2010-11-01,16.19756400983729,16.41799143873858,16.03034425153205,16.106353759765625,9258300
2010-11-02,16.265974133303263,16.752434167312828,16.22036900347019,16.661222457885742,11238800
2010-11-03,16.775236007348898,16.7904382005469,16.42559426236043,16.661222457885742,8872900
2010-11-04,16.851248516929676,16.9652620866455,16.752437143112285,16.95005989074707,8339500
2010-11-05,16.9272550059291,17.079272588322084,16.813241456694133,16.94245719909668,8690800
2010-11-08,16.737235276132616,16.87405214238479,16.600418409880437,16.790441513061523,7195300
2010-11-09,16.79043652792765,16.80563871961125,16.387587146876967,16.455995559692383,10207200
2010-11-10,16.50160653846262,16.630822314087304,16.379991861376013,16.61562156677246,11885300
2010-11-11,16.471202318036145,16.95005989074707,16.37999059240677,16.95005989074707,12176600
2010-11-12,16.858847567306093,16.866448664332125,16.417994088123418,16.48640251159668,14403800
2010-11-15,16.532010062019943,17.0868771782278,16.235574483452144,16.311582565307617,21399500
2010-11-16,16.296379828426474,16.790439548950975,16.22037030609323,16.395191192626953,22655500
2010-11-17,16.410395415749267,16.45600055488264,16.24317560575275,16.357189178466797,14166300
2010-11-18,16.524406201650155,16.61561791429543,16.410392648164304,16.448396682739258,10614600
2010-11-19,16.433198600995123,16.83604665189184,16.379990914304994,16.790441513061523,14257900
2010-11-22,16.737237781073436,17.02607230324151,16.623224192053442,16.97286605834961,13749900
2010-11-23,16.836043453235543,16.85884674319895,16.66882367612008,16.775236129760742,11923800
2010-11-24,16.782840309048748,17.27690008424938,16.782840309048748,17.22369384765625,13171400
2010-11-26,17.079272238806013,17.086873335234248,16.904451370239258,16.904451370239258,4467300
2010-11-29,16.83604634625599,17.10207897583229,16.699229482487542,16.99566650390625,11814900
2010-11-30,16.471199518924998,17.406112661381517,16.463598422267513,17.25409507751465,20740900
2010-12-01,17.44412309513121,18.059797601500147,17.44412309513121,18.052196502685547,20397200
2010-12-02,17.877370806097417,19.032711421743933,17.877370806097417,18.941499710083008,37056700
2010-12-03,18.72867566122796,18.956704243647373,18.569056958319408,18.895896911621094,18646300
2010-12-06,18.819884829328323,18.90349544317466,18.78187934587046,18.8654899597168,12216800
2010-12-07,18.964300185170345,19.207529447143894,18.91869361122973,19.11631774902344,24580800
2010-12-08,19.070716793685797,19.53437358177833,19.047913501730708,19.503969192504883,18275400
2010-12-09,19.541979688723195,19.61038813743904,18.9415072997038,19.139131546020508,22861200
2010-12-10,19.146725212953932,19.344349382551517,19.131523019193896,19.169527053833008,15847700
2010-12-13,19.11632144924457,19.306344528163027,18.97190350333345,19.002307891845703,15995100
2010-12-14,18.926303961239817,19.184735540891637,18.89590101350744,19.08592414855957,16494300
2010-12-15,19.09351940958658,19.29874323087158,19.0327120829538,19.12392234802246,15947000
2010-12-16,19.108715491028683,19.382349118984823,19.108715491028683,19.34434509277344,9729800
2010-12-17,19.382355464159765,19.496369029879062,19.12392394199008,19.13152503967285,22489800
2010-12-20,19.177132798053552,19.549577936866104,19.139128754204627,19.427963256835938,12928500
2010-12-21,19.503964755233003,19.655983767492824,19.496363659643936,19.519166946411133,10857800
2010-12-22,19.50397459942699,19.640791489563934,19.43556615435851,19.51157569885254,5773300
2010-12-23,19.473569656335428,19.60278543380812,19.306348385628816,19.397560119628903,7362200
2010-12-27,19.29874283808628,19.42795858577115,19.21513367176853,19.367151260375977,5792100
2010-12-28,19.22273163845744,19.329144078130675,19.025107500663733,19.11631774902344,7131700
2010-12-29,19.0783164722618,19.28354173531294,19.017509147997863,19.025110244750977,5645700
2010-12-30,19.009899757674653,19.11631216627108,18.95669355337644,18.99469757080078,5599600
2010-12-31,18.979505451212923,19.09352046348352,18.865491888703428,19.0631160736084,5001000
2011-01-03,19.161926383507563,19.32154652201925,19.108720153924008,19.12392234802246,7423700
2011-01-04,19.177123713517247,19.177123713517247,18.584252791663765,18.66786193847656,11745200
2011-01-05,18.637462427410124,18.85028733081317,18.53104852594768,18.759077072143555,12308700
2011-01-06,18.721070503998455,18.743873792224043,18.242213049347846,18.34102439880371,13235300
2011-01-07,18.401833196388424,18.531048940528656,18.15860390147997,18.2346134185791,9215400
2011-01-10,18.1814049383708,18.5310466440314,18.112996526435325,18.477840423583984,9647200
2011-01-11,18.599457837982012,18.781879813842124,18.47784318740861,18.538650512695312,8830600
2011-01-12,18.591860903654247,18.69067373546908,18.50825171876629,18.57666015625,7136900
2011-01-13,18.515852264095617,18.75148051407598,17.892576696544243,18.660268783569336,11305300
2011-01-14,18.56100508540403,19.209991582715883,18.53046531532891,19.08782958984375,13379300
2011-01-18,19.1260140281876,19.27871732216491,19.019122596175407,19.095474243164062,7933500
2011-01-19,19.034394876889408,19.042030187882837,18.522840690623426,18.629732131958008,12044500
2011-01-20,18.68316719893421,19.469586307377455,18.675531892294668,19.316883087158203,18477200
2011-01-21,19.454325090838235,19.461960401165754,19.080203622509025,19.095474243164062,11254300
2011-01-24,19.03439161227682,19.19472874677907,18.98858121045995,19.14128303527832,6561600
2011-01-25,19.0954700582337,19.53067245751832,19.08783474957952,19.51540184020996,11001000
2011-01-26,19.58411507713962,20.05749394513376,19.538304688716316,19.736818313598636,18679100
2011-01-27,19.782637958203058,20.072773951970923,19.668111205415396,20.034597396850582,12367800
2011-01-28,19.92006065310463,20.00404757595884,19.263438797231974,19.278709411621094,12166100
2011-01-31,19.187086562447288,19.316883867994637,18.90458748679394,18.93512725830078,17394300
2011-02-01,19.00384267363697,19.202356276125645,18.828234990919007,19.08782958984375,12794000
2011-02-02,18.980945051716407,19.042026070168752,18.50756606649599,18.522836685180664,18374200
2011-02-03,18.568644935999316,18.851145523826577,18.49992861615717,18.706077575683597,11599800
2011-02-04,18.683173875180657,18.95803918728137,18.63736347525932,18.866416931152344,11168000
2011-02-07,18.904588457451883,18.950398845207232,18.7442499158792,18.797697067260746,10225300
2011-02-08,18.805335145070917,18.996213502621025,18.75952474701905,18.896957397460938,10912300
2011-02-09,18.83587164138281,18.896952642176785,18.61445210332591,18.683168411254883,12913900
2011-02-10,18.652637481689453,18.72898913294957,18.51520480067856,18.652637481689453,11646400
2011-02-11,18.59918137190855,19.20999132817574,18.42357223523165,19.15654563903809,12499400
2011-02-14,19.156549378801515,19.30925262582212,19.087833063270853,19.21763038635254,8313800
2011-02-15,19.08020465569924,19.53831310615113,19.042029558281005,19.53067779541016,13664400
2011-02-16,19.55358257089619,19.874258321613546,19.55358257089619,19.691015243530277,11011200
2011-02-17,19.584113489898865,19.996411321150948,19.50776187785745,19.958234786987305,12717200
2011-02-18,19.904790855745134,20.18729140839581,19.81317007822156,20.080398559570312,16534900
2011-02-22,20.233101892707783,20.31708881940602,19.645196318392163,19.84370994567871,21878600
2011-02-23,19.668106657145294,20.29418745347025,19.187092367870825,19.64520072937012,25671300
2011-02-24,19.59938868276675,19.64519907818039,19.087834655741432,19.17182159423828,15930100
2011-02-25,19.29398536682129,19.4772284213568,19.217633730026574,19.29398536682129,13123500
2011-02-28,19.39324018765124,19.98114585876465,19.39324018765124,19.98114585876465,17264100
2011-03-01,20.118573861508647,20.17201955449598,19.45431671197173,19.469587326049805,13438600
2011-03-02,19.33216125830697,19.76736371290179,19.271080237596934,19.68337821960449,12932300
2011-03-03,19.81317278408465,20.11857784468205,19.68337545129497,20.06513214111328,16293600
2011-03-04,20.05750332992279,20.263652358712587,19.77500264717899,20.034597396850582,13938100
2011-03-07,20.026950840999724,20.21782914056614,19.744451773161508,19.851343154907227,12491100
2011-03-08,19.86661612391941,20.44688639815691,19.851345508634893,20.317089080810547,13295700
2011-03-09,20.24838066487416,20.61486683691045,20.21020411177459,20.477434158325195,11550500
2011-03-10,20.149117229408013,20.454523740331904,20.080400910078755,20.37053680419922,16060600
2011-03-11,20.210190136256823,20.77518962484915,20.210190136256823,20.569042205810547,14946500
2011-03-14,20.41635142081997,20.53851346794054,20.1338522329611,20.46979713439941,11427900
2011-03-15,20.194933629134667,20.431622417762057,19.965878694342504,20.34000015258789,14875900
2011-03-16,20.370532362733613,20.385802976207533,19.836072541433307,19.851343154907227,19004500
2011-03-17,20.172024487233468,20.233105502196192,19.82844286788921,19.912429809570312,15306600
2011-03-18,20.149123466218875,20.210204496052988,19.912434657647506,20.004056930541992,19753300
2011-03-21,20.225468024989716,20.26364456542756,19.973508683244344,20.09567070007324,15661300
2011-03-22,20.08803626135881,20.24837482556472,20.011684633464863,20.194929122924805,11005700
2011-03-23,20.141480311878777,20.607223893171334,20.07276545432541,20.59195327758789,12990400
2011-03-24,20.660673721104853,20.935539031402936,20.49270128497066,20.82864761352539,12413100
2011-03-25,20.752294348263668,20.95844331481135,20.691213334799865,20.759929656982425,9449700
2011-03-28,20.752294187417164,20.77519865710967,20.324727096484505,20.40107727050781,9113500
2011-03-29,20.46215906589308,20.59959171444789,20.408713359518718,20.56141662597656,8411900
2011-03-30,20.645400432129936,20.714115289683303,20.469791265492475,20.59195327758789,5161900
2011-03-31,20.523237097573325,20.53850771325634,20.049859661688377,20.179656982421875,12918300
2011-04-01,20.21020043068091,20.49270104701657,20.15675472236273,20.416349411010746,8607500
2011-04-04,20.378168745987946,20.59958682791319,20.16438451491707,20.29418182373047,7130500
2011-04-05,20.38580696042317,20.591954457467253,20.271278793271176,20.446887969970703,9479900
2011-04-06,20.492704777621,20.591960903097277,20.24838066295332,20.36290740966797,8510900
2011-04-07,20.294183348805216,20.523236755083765,20.17202133795185,20.3094539642334,11326800
2011-04-08,20.43925906151222,20.56905642947757,20.30182638292696,20.477434158325195,9821400
2011-04-11,20.446887969970703,20.68357669993162,20.355265727506332,20.446887969970703,8499700
2011-04-12,20.31709052863371,20.76756351762616,20.30181991226099,20.683576583862305,10722100
2011-04-13,20.7522934430289,20.759928751414595,20.423982463874843,20.546144485473636,7926500
2011-04-14,20.492698248061647,20.752292901253437,20.37817153783848,20.683576583862305,8900300
2011-04-15,20.75229558788901,20.859187003764205,20.584321698615057,20.653038024902344,10331900
2011-04-18,20.423047051451054,20.568707334325055,20.20839133167086,20.285053253173828,11365100
2011-04-19,20.30038738886178,20.53804403832089,20.208392492879064,20.43838119506836,8336900
2011-04-20,20.745033285398257,20.952023994708128,20.42304822499374,20.43838119506836,11029200
2011-04-21,20.48438161243132,20.576377983982137,20.35405427237008,20.4460506439209,7398900
2011-04-25,20.36938469390461,20.39238414947038,20.139395987177057,20.19305992126465,8965500
2011-04-26,20.01673582478465,20.30805496062907,19.863409040298585,20.13939666748047,10300000
2011-04-27,20.18539340920536,20.53804441624837,20.070399055994656,20.499711990356445,12362400
2011-04-28,20.50737408935756,20.599370429589197,20.239053014433544,20.392379760742188,10977200
2011-04-29,20.40771953579776,20.46904996233449,20.03973551434465,20.12406539916992,20025200
2011-05-02,20.22372436523437,20.39238411463013,20.154728923120015,20.22372436523437,7899600
2011-05-03,20.11639583903,20.11639583903,19.809743753206718,19.97073554992676,14394900
2011-05-04,19.970735297006595,20.139395038747768,19.656416730239364,19.7484130859375,19315100
2011-05-05,19.7177471466273,19.91707136544621,19.595086313851425,19.7484130859375,17750900
2011-05-06,19.9017433884717,20.04740371227152,19.656421661376957,19.656421661376957,11247400
2011-05-09,19.702415639204663,19.80974350232544,19.62575225316163,19.7484130859375,8619400
2011-05-10,19.756076813859824,20.170056701150543,19.7407438463444,20.093393325805664,9825300
2011-05-11,19.993726132281907,20.13938635674695,19.648741774925718,19.886398315429688,12585600
2011-05-12,19.802074150148226,19.96306738374995,19.533753068966845,19.917068481445312,16015700
2011-05-13,19.96307027441151,19.986068266661693,19.564421836773693,19.7484130859375,11922800
2011-05-16,19.027778832108485,19.610418495497807,18.912784488781003,19.04311180114746,31368400
2011-05-17,19.1657750293462,19.242438421910094,18.882120915529534,18.97411727905273,16095200
2011-05-18,18.935783824498444,19.24243589220752,18.882118433196005,19.204103469848636,14940600
2011-05-19,19.188777685819908,19.188777685819908,18.95878746977366,18.997119903564453,15087900
2011-05-20,18.96644431912529,19.035441202656543,18.72878919931326,18.751787185668945,15534300
2011-05-23,18.590796936913776,18.836118559443733,18.590796936913776,18.69045829772949,12697200
2011-05-24,18.72112604814854,18.751790522824013,18.468137917588383,18.514135360717773,14148100
2011-05-25,18.49880251573248,18.782456585093687,18.43747210373984,18.6597957611084,13865600
2011-05-26,18.56780195292987,18.75945969941349,18.560135467602617,18.636798858642575,13474400
2011-05-27,18.72112472248132,18.75945567866948,18.54479998444416,18.590797424316406,15929900
2011-05-31,18.61379521161676,18.659792647377632,18.483467925100857,18.506465911865234,14117000
2011-06-01,18.468132747830754,18.52179666016504,18.184478759765625,18.184478759765625,18203300
2011-06-02,18.19981987399217,18.23815230156227,17.900834250108396,18.08482551574707,16658900
2011-06-03,17.824165072386734,18.077153163311973,17.770501153437763,17.939159393310547,16135200
2011-06-06,17.68617172831922,17.854831434485938,17.52517996759516,17.532846450805664,17453600
2011-06-07,17.647843050009158,18.008159033968873,17.58651263864937,17.62484359741211,17804500
2011-06-08,17.502182263225862,17.555846188818414,17.318191034523277,17.4178524017334,21615400
2011-06-09,17.517516709298235,17.77817133751226,17.43318684069004,17.456186294555664,16354100
2011-06-10,17.417854145113786,17.417854145113786,17.0192071741398,17.065204620361328,20135500
2011-06-13,17.095866843559893,17.1418657459504,16.896544115463396,16.90420913696289,17150300
2011-06-14,17.134199805820693,17.494515779250886,17.111200353895757,17.4178524017334,18425900
2011-06-15,17.394860373289944,17.410191884261735,16.888883955400754,16.950214385986328,17569500
2011-06-16,16.98854142739518,17.693841947112993,16.98854142739518,17.387189865112305,22543400
2011-06-17,17.53285367435824,17.64018155906014,17.41019135468538,17.502187728881836,28177400
2011-06-20,17.325856940385723,17.808833716835466,17.302857489228206,17.716838836669922,11944500
2011-06-21,17.778167334646934,18.22281310697389,17.693837485026133,18.15381622314453,17278400
2011-06-22,18.069484831273137,18.12314874473079,17.778165817260742,17.778165817260742,18991000
2011-06-23,17.571186698070722,18.207490518763453,17.494523287650395,18.17682456970215,20020700
2011-06-24,18.146150325075094,18.22281369427094,17.686171572132196,17.82416534423828,26641200
2011-06-27,17.778173036755472,17.939164842505203,17.609513283418536,17.747507095336914,13019100
2011-06-28,17.816507374000206,18.16915845590842,17.762843428591594,17.99283218383789,14497500
2011-06-29,18.061823830105286,18.069490314673143,17.785837696824395,17.923830032348633,12124700
2011-06-30,17.985163046589715,18.115490378618595,17.778173782264833,17.870168685913086,11038900
2011-07-01,17.862496288240433,18.33014152407795,17.862496288240433,18.261144638061523,8819700
2011-07-05,18.253480219207184,18.253480219207184,17.96982762215665,18.000492095947266,8326500
2011-07-06,17.985158171001938,18.069488028345752,17.785835446387484,17.831832885742188,14712400
2011-07-07,18.01582856887075,18.56013587907988,18.000495597876313,18.391477584838867,16905700
2011-07-08,18.123152866431507,18.268813137680823,17.99282556315208,18.100154876708984,10516300
2011-07-11,17.900831305638608,17.97749468593601,17.63251020571388,17.770503997802734,12983800
2011-07-12,17.71684007026426,17.95449523317708,17.65550965847281,17.770503997802734,13399800
2011-07-13,17.86249947553099,18.054157201501205,17.82416851522991,17.84716796875,9157000
2011-07-14,17.854832619150493,18.05415534691992,17.686172901793235,17.716838836669922,11512400
2011-07-15,17.755165610420452,17.755165610420452,17.3565173243273,17.525177001953125,14004700
2011-07-18,17.417198079917096,17.548328505622017,17.262926471590216,17.35548973083496,9699000
2011-07-19,17.49432398890152,17.748870968793273,17.448043121078182,17.710302352905273,12257600
2011-07-20,17.71030951395853,17.741164419144923,17.49433106262524,17.563753128051758,8283300
2011-07-21,17.67174026305692,17.93400104114294,17.610031931227425,17.694881439208984,11012400
2011-07-22,17.67945544084854,17.694882892883985,17.370913756353666,17.448049545288086,14051600
2011-07-25,17.262919691451042,17.471185839521336,17.255207438182527,17.440332412719727,11737300
2011-07-26,17.41719578460005,17.679456601447974,17.332346264077813,17.617748260498047,13850700
2011-07-27,17.486610259445705,17.59459944140881,17.293771593801726,17.32462501525879,13178500
2011-07-28,17.347774640077528,17.532899672776498,16.753830907308135,16.80782699584961,18249600
2011-07-29,16.468430293537093,16.807826920927138,16.437575385936647,16.645841598510742,20663400
2011-08-01,16.66897863568046,16.722973239316435,16.183024260471498,16.267873764038086,20701500
2011-08-02,16.144451345930616,16.260154236898625,15.774201506336157,15.78191375732422,18600300
2011-08-03,15.913046167413889,15.913046167413889,15.550510002783962,15.751062393188477,24264000
2011-08-04,15.52737492432715,15.812776911044066,15.388532265342464,15.596796989440918,27540600
2011-08-05,15.758786606005948,15.835922418466089,15.319114387599386,15.542806625366213,26207700
2011-08-08,15.234257720598864,15.48880475277689,14.393480847686662,14.40119457244873,27609600
2011-08-09,14.617172494435708,14.810011173933578,14.000087837297093,14.786870002746582,21270000
2011-08-10,14.486047133197822,14.486047133197822,13.938384329359153,13.969239234924316,27372500
2011-08-11,13.992376707041782,14.918003128692494,13.9615232776495,14.725164413452148,22410500
2011-08-12,14.887145186999629,15.0491304397583,14.632598193729432,15.0491304397583,22857600
2011-08-15,14.833154183910326,15.234259079870998,14.732878695541505,15.180264472961426,34152300
2011-08-16,15.0182821303035,15.565944974885817,14.987428693685857,15.496522903442385,23935600
2011-08-17,15.558221267446338,15.596788406288631,15.295960603841031,15.504226684570312,20300400
2011-08-18,15.018281770907238,15.218834253473045,14.85629792224425,15.103131294250488,27595700
2011-08-19,14.88715035607507,15.396244519381735,14.856296922272495,14.894864082336426,17361600
2011-08-22,15.365385895541396,15.380813342853108,15.018275687239674,15.064558029174805,13528700
2011-08-23,15.110838616373387,15.519657135009766,15.033702852504332,15.519657135009766,13371200
2011-08-24,15.504229942960617,15.720208319855034,15.319104989375822,15.68935489654541,16428000
2011-08-25,15.766492753341115,15.889909405437352,15.40395505047119,15.511945724487305,13244100
2011-08-26,15.542796816532968,15.712495791099364,15.342244419199613,15.612218856811523,19044800
2011-08-29,15.85134030832549,15.859054032756257,15.658501611283857,15.805059432983398,15440800
2011-08-30,15.689355883343678,15.774205377455951,15.373100550506487,15.450236320495604,18916200
2011-08-31,15.496516922081796,15.635361011377489,15.24968363944164,15.37310028076172,18002100
2011-09-01,15.380814549435865,15.61993411655624,15.241970455223235,15.280537605285645,17670800
2011-09-02,15.0568436227206,15.0568436227206,14.54774965445939,14.609457969665527,18192400
2011-09-06,14.154363778916103,14.85629667326286,14.10036916723448,14.81772804260254,13974500
2011-09-07,15.056848617595328,15.241973624626077,14.995140281918411,15.164837837219238,15678200
2011-09-08,15.110845021031052,15.280542596474604,14.995142061808496,15.103131294250488,15870100
2011-09-09,14.91800508324442,14.9257188094138,14.532327602232398,14.624889373779297,13284200
2011-09-12,14.43976511273075,14.76373427253126,14.424339130830086,14.756020545959473,12254400
2011-09-13,14.856294779748383,14.864008504897292,14.555466855154142,14.771445274353027,15571100
2011-09-14,14.840870468683123,15.319111230377422,14.786875852462126,15.103131294250488,16988600
2011-09-15,15.265109187485889,15.457947849452658,15.110837669415575,15.419379234313965,9380800
2011-09-16,15.56594755364136,15.774213802474396,15.519666655426208,15.72021770477295,19529900
2011-09-19,15.434808731079102,15.627647418666932,15.164834274207651,15.434808731079102,10628600
2011-09-20,15.519657540990028,15.774204538547009,15.349958561790466,15.365386009216309,15439500
2011-09-21,15.380818024074822,15.457953812867649,14.779160636982132,14.794588088989258,14472800
2011-09-22,14.370340439577577,14.871722277146077,14.293206130329477,14.578606605529783,20543400
2011-09-23,14.540034489318792,15.326816533609042,14.540034489318792,15.226539611816406,19994400
2011-09-26,15.3036783712686,15.319105819380464,14.887146099702912,15.288250923156738,17336000
2011-09-27,15.604505133309203,15.943901611199676,15.527369369528325,15.612218856811523,14722100
2011-09-28,15.604509152223956,15.81277532669823,15.288253763389406,15.334534645080566,13325200
2011-09-29,15.573651450138067,15.666213188133556,15.095410899687051,15.44252109527588,13661500
2011-09-30,15.164836401616194,15.311394236690782,14.910289357140664,14.91800308227539,14668600
2011-10-03,14.956572382887344,15.072276805268558,14.547755190782244,14.6403169631958,14002100
2011-10-04,14.378055453906477,15.211118721166232,14.308633392364596,15.164837837219238,16503400
2011-10-05,15.095409271101364,15.280534198362222,14.887143176217098,15.226539611816406,13745400
2011-10-06,15.257396403158737,15.627646303816164,14.94885334803522,15.612218856811523,28775200
2011-10-07,15.743349490769017,15.92847444435381,15.465661324770648,15.68935489654541,32585800
2011-10-10,15.797342335447762,16.098171639043468,15.797342335447762,16.090457916259766,17096700
2011-10-11,16.051895914784822,16.098178270552673,15.797348843032813,15.835917472839355,21172200
2011-10-12,15.92075949382681,16.09045845830059,15.820484036745045,15.905333518981934,9663600
2011-10-13,15.712497836689058,16.028753185245442,15.612220889346291,15.774206161499023,6978200
2011-10-14,15.990185308561284,16.198451466225258,15.843628949828192,16.14445686340332,10959100
2011-10-17,15.973619021522056,16.61815488763142,15.973619021522056,16.22211456298828,16940000
2011-10-18,16.292005151959867,16.858885827009438,16.144461840580075,16.688045501708984,12855600
2011-10-19,16.680276935291285,16.8200560322538,16.299767994198945,16.33859634399414,12162900
2011-10-20,16.34635712952772,16.757928664767935,16.338592942335264,16.711336135864258,12482400
2011-10-21,16.913244629978475,17.23939540183427,16.858884933710613,17.185035705566406,15755900
2011-10-24,17.169509329083517,17.456831804767766,16.882185372248696,16.91324806213379,16838300
2011-10-25,17.02195633210414,17.12290706340329,16.664742975888203,16.703571319580078,17920100
2011-10-26,16.866651170813313,17.021961631634653,16.58709441494536,16.804527282714844,13731800
2011-10-27,17.216098342397057,17.317049101462686,16.921010254924223,17.00642967224121,15974300
2011-10-28,16.96760145509824,16.96760145509824,16.509437277854182,16.594858169555664,14365600
2011-10-31,16.439544968775788,16.641447918194352,16.307531558815572,16.323062896728516,12529500
2011-11-01,15.833832143044976,16.26093494146285,15.795005289165866,15.996908187866213,14893500
2011-11-02,16.330827151109215,16.64921214499655,16.136689887463287,16.563791275024414,14293100
2011-11-03,16.61038702027929,16.812289991308756,16.354125841886134,16.7967586517334,12121000
2011-11-04,16.688045042361484,16.820058488644115,16.47061069520471,16.72687339782715,10412100
2011-11-07,16.773460877334397,17.332575696823927,16.68027433351121,17.324810028076172,16891300
2011-11-08,17.456824043977264,17.705319527981935,17.1151434940458,17.682024002075195,15432200
2011-11-09,17.371406660575726,17.72861858994912,17.12290966661804,17.23939323425293,14451500
2011-11-10,17.441286087036133,17.705312808881413,17.169495180268363,17.441286087036133,18154200
2011-11-11,17.666490609011202,18.443039646769936,17.666490609011202,17.946048736572266,27393900
2011-11-14,18.015937261342845,18.6371758643617,18.015937261342845,18.2489013671875,29351000
2011-11-15,18.12465995027373,18.29550025523413,17.775212188820444,18.01594352722168,14969300
2011-11-16,17.775212412206095,18.67600945177271,17.705322859037118,18.24114227294922,23133400
2011-11-17,18.256668147242905,18.57505313583289,18.039233882363263,18.15571594238281,18690600
2011-11-18,18.18678503444434,18.217846236876767,17.8062760474579,18.101364135742188,14795300
2011-11-21,17.814040823418377,18.03147367297288,17.72085425850202,17.930522918701172,12693700
2011-11-22,17.93828706397139,17.99264527173811,17.689791553523488,17.71308708190918,11564400
2011-11-23,17.635431212736396,17.635431212736396,17.394701381032007,17.456825256347656,11759900
2011-11-25,17.51118271467394,17.87616176258122,17.386934969345916,17.61213493347168,6049700
2011-11-28,17.984875907116134,18.38868176921195,17.82956550441781,18.140186309814453,13338100
2011-11-29,18.26444203526789,18.94003917612208,18.22561367702026,18.87014961242676,26520800
2011-11-30,19.32054404765617,19.491385824927438,18.44304407595871,18.644947052001957,27751200
2011-12-01,18.567289374590374,18.808019187507696,18.505165504123003,18.53622817993164,14051400
2011-12-02,18.730369225064987,18.93227073380344,18.598355788643563,18.877912521362305,19223500
2011-12-05,19.033221449836915,19.15746920582617,18.776960267965308,18.908973693847656,13785400
2011-12-06,18.870145505668383,19.33607533518553,18.80025595718331,19.23512458801269,18040200
2011-12-07,19.07981533603268,19.60010340642729,19.07981533603268,19.569042205810547,32269400
2011-12-08,19.390425178122616,19.584562399902115,19.28170880789392,19.32053565979004,26498300
2011-12-09,19.452558145973533,19.60786858864065,19.359373065293383,19.39043426513672,20340300
2011-12-12,19.196299683299674,19.28948625838697,18.93227278189443,19.173004150390625,14919900
2011-12-13,19.219601000498216,19.25066369286549,18.668251541335245,18.776968002319336,15660600
2011-12-14,18.761426547146204,19.087577235513397,18.73036535266594,19.00992202758789,22526300
2011-12-15,19.157462017076718,19.21958587175965,19.064275494477545,19.149696350097656,18239000
2011-12-16,19.27394415381793,19.42925453186035,19.033214400886752,19.42925453186035,28728600
2011-12-19,19.46032161857343,19.607866374329987,19.134170910724716,19.1962947845459,15501000
2011-12-20,19.530211432074,20.00390690223546,19.4991502353085,19.980609893798828,18940600
2011-12-21,20.00390508773552,20.221339369971183,19.786470805499853,20.15921401977539,18322700
2011-12-22,20.135923716641337,20.15145505821817,19.747649064121912,19.770944595336918,15130100
2011-12-23,19.879662857807528,19.902958389435696,19.530215071882186,19.623401641845703,11578700
2011-12-27,19.576806169483003,19.96508080019373,19.537979298872,19.83306884765625,9002800
2011-12-28,19.887426299910523,19.934018839095422,19.42149646461117,19.460323333740234,12285200
2011-12-29,19.46808282789948,19.996136374979983,19.452551492714843,19.9417781829834,11245800
2011-12-30,19.887420106988888,19.988370823978578,19.708812713623047,19.708812713623047,7981200
2012-01-03,19.926251811465253,20.198044320301847,19.755411525326547,19.817535400390625,14332300
2012-01-04,19.817536909809924,20.58632047771417,19.77094288910048,20.55525779724121,19041200
2012-01-05,20.46983824229064,20.53196212164349,20.17474870450202,20.47760391235352,14015900
2012-01-06,20.46984080557159,20.547494553624045,20.26017213106923,20.454309463500977,12612900
2012-01-09,20.485369559177236,20.485369559177236,20.159218799075614,20.26793670654297,12291100
2012-01-10,20.431004368299316,20.609611769157244,20.39217750963221,20.52419090270996,9626300
2012-01-11,20.648444957906275,20.65621062825032,20.36112107977736,20.601852416992188,11601900
2012-01-12,20.617383221167582,20.718335459115355,20.275702597275743,20.493135452270508,16742600
2012-01-13,20.423240863965976,20.524193077034823,20.229103587764207,20.43877220153809,16140500
2012-01-17,20.58631922037992,20.881407261099547,20.547490872160203,20.8115177154541,19179400
2012-01-18,20.757160778258704,21.4094622567334,20.726099578933784,21.32404136657715,19208200
2012-01-19,21.30850818763875,21.355100719942108,20.927999298003225,21.223087310791016,14240800
2012-01-20,21.16096735141176,21.22309123301393,20.516431524357884,20.601852416992188,15995000
2012-01-23,20.656492299186517,20.656492299186517,20.242738856936825,20.55500602722168,14759200
2012-01-24,20.46913747362041,21.01560628458445,20.430104625269145,20.984378814697266,13896700
2012-01-25,20.94534189523462,21.21857624760853,20.82824188393364,21.007795333862305,17001800
2012-01-26,21.05464041461086,21.085867886398983,20.49255932349495,21.03902816772461,18113400
2012-01-27,20.99218160195353,21.171736540889626,20.867274724698152,21.007795333862305,11442800
2012-01-30,20.828244985351827,20.953151881206388,20.59404343886878,20.937538146972656,11088800
2012-01-31,21.11708768776693,21.39812889556216,20.914115136589675,20.94534111022949,18581800
2012-02-01,21.202966636884423,21.3747132542408,20.97657343623319,20.984378814697266,13939100
2012-02-02,20.984377860666203,21.06244504282722,20.687724355263526,20.937538146972656,12355200
2012-02-03,21.140509084703552,21.30445029179005,21.01560220740309,21.234189987182617,14013600
2012-02-06,21.202965046027465,21.312258204416928,21.046830686321712,21.085865020751957,11062200
2012-02-07,21.109286067389327,21.249805207284147,21.01560515178514,21.046831130981445,12073400
2012-02-08,20.992185682169065,21.1092872052383,20.9531528338178,20.984378814697266,17096300
2012-02-09,21.04682817462682,21.08586250439877,20.9063090544701,21.007795333862305,15698000
2012-02-10,20.87508296665174,21.17173793644309,20.836050123314337,21.148317337036133,10492800
2012-02-13,21.29664810926019,21.43716726036974,21.210774053853445,21.38252067565918,11777700
2012-02-14,21.234188167167957,21.468388169780823,21.11708667685421,21.226381301879883,10580800
2012-02-15,21.25761341462689,21.49181497389993,21.234194301005,21.413747787475582,17441800
2012-02-16,21.343483235313467,21.53084355216609,21.187348893432564,21.3200626373291,12233500
2012-02-17,21.43716532631245,21.733820315131,21.41374621441094,21.60891342163086,9268500
2012-02-21,22.03827953230604,22.217832996220302,21.58549169473537,21.67136573791504,15633200
2012-02-22,21.554269540166143,21.60110925884052,20.882893786799617,21.03902816772461,21692000
2012-02-23,20.91411189693916,21.26541186325854,20.750170721451063,21.12489128112793,19962400
2012-02-24,21.124893803179525,21.21076783340212,20.859466336134528,21.202960968017575,15136000
2012-02-27,21.265421502333638,21.90556978752968,21.23419551937685,21.343488693237305,21943500
2012-02-28,21.34348334257431,21.647943672863946,21.16392989081413,21.6323299407959,18008400
2012-02-29,21.70259239722263,22.26467489532542,21.671366418998915,22.15538024902344,19593100
2012-03-01,22.17880084944692,22.32712834078044,21.928987067626828,22.15538024902344,12494000
2012-03-02,22.124148165179825,22.38176874271197,21.944594745174093,21.960206985473636,15007800
2012-03-05,21.83530632656933,22.116347577829757,21.796273481230987,22.04608726501465,15773900
2012-03-06,21.749433695233257,21.92898716559264,21.686980249499232,21.73381996154785,14060600
2012-03-07,21.81969136332894,22.63939292536863,21.7884638997428,22.53790664672852,30483500
2012-03-08,22.530096827469794,22.9828845670631,22.530096827469794,22.92043113708496,22110700
2012-03-09,22.99850442371316,23.373226616677748,22.9126318596862,23.24051284790039,19918000
2012-03-12,23.38883972853284,23.47471378474691,23.185867123130485,23.2951602935791,12880500
2012-03-13,23.44348982504661,23.67768992164129,23.381036366687503,23.59962272644043,23876400
2012-03-14,23.75575351678213,23.888467281809145,23.5605863028605,23.80259323120117,20702200
2012-03-15,23.77137221914093,24.044605184526933,23.58401034429341,23.95873260498047,20820300
2012-03-16,23.90408023619645,23.93530621512088,23.5293580660498,23.74013900756836,17419800
2012-03-19,23.693295920652005,23.896269966283175,23.52154784949856,23.833816528320312,11950100
2012-03-20,23.740134686593603,23.997755294112743,23.685488116666413,23.88065528869629,10104100
2012-03-21,23.95872454533919,24.20073144284555,23.91969021412366,24.09143829345703,12579800
2012-03-22,23.950914586025934,24.200728317513946,23.87284742268411,24.16169548034668,12701900
2012-03-23,23.9118829198782,24.052403531723947,23.498129439451787,23.99775695800781,17540700
2012-03-26,24.17731395381183,24.34906205523551,24.13047423933613,24.34125518798828,10578600
2012-03-27,24.325641453493823,24.583262116621665,24.20073455555352,24.34125518798828,16181100
2012-03-28,24.278793366415705,24.40370022128157,24.17730561620771,24.372472763061523,11400200
2012-03-29,24.19292511301939,24.427126638482957,24.08363196120757,24.36467170715332,10789300
2012-03-30,24.559844202875794,24.645718262986275,24.380290703561013,24.497390747070312,13346000
2012-04-02,24.44274415936649,24.583264807180797,24.325644115857195,24.497390747070312,12793700
2012-04-03,24.52861116473716,24.53641803059347,24.13046994010973,24.2553768157959,11494700
2012-04-04,24.10705619797608,24.45835781637432,23.91188896308991,24.411518096923828,13497000
2012-04-05,24.42712879223978,24.69255482875592,24.34906161020202,24.47396850585937,13355800
2012-04-09,24.068018219330263,24.35686632059119,23.96653193397279,24.27099227905273,12396500
2012-04-10,24.22415159138881,24.41151191071897,23.677682876586918,23.677682876586918,12941600
2012-04-11,23.8338154496887,24.380282634880828,23.81039485313477,24.21634292602539,13711700
2012-04-12,24.24757356398452,24.65352171497389,24.231961318952337,24.591068267822266,7571300
2012-04-13,24.58325888783056,24.8721069820097,24.512998580841234,24.73939323425293,8871200
2012-04-16,24.93456657633132,25.207801005497736,24.77062532322833,25.02043914794922,11216900
2012-04-17,25.114111085089885,25.192179743252627,24.92675226152891,25.043853759765625,10793300
2012-04-18,24.926762842676983,25.075088889126828,24.87211624777356,24.95018196105957,7322600
2012-04-19,24.90333236478091,25.09850103766439,24.661325473696703,24.98139953613281,12186900
2012-04-20,24.989209723489317,25.07508377740758,24.59887676960707,24.70816993713379,9225200
2012-04-23,24.52781513433582,24.62975232464616,24.24552522944074,24.402353286743164,8440600
2012-04-24,24.46509200237356,24.872842389101635,24.4494088925238,24.60623550415039,9385200
2012-04-25,24.7160138379476,24.974779147668,24.7160138379476,24.88068199157715,7472500
2012-04-26,24.8022638138044,24.912044060232702,24.449402902378345,24.645437240600582,13035900
2012-04-27,24.731691666603847,24.94340760526786,24.37098772348965,24.78658103942871,10010900
2012-04-30,24.69249051303334,24.810110842802747,24.472931467339787,24.676807403564453,13206600
2012-05-01,24.71600856133296,25.092394114094805,24.56702205250601,24.78658103942871,7152000
2012-05-02,24.778743473965477,25.233543130640776,24.653281602856666,25.17081069946289,10966500
2012-05-03,25.21001518050888,25.272744608535746,24.73169095291268,24.82578659057617,7181700
2012-05-04,24.747373966459843,24.75521551931399,24.34746374463811,24.378829956054688,8042200
2012-05-07,24.574860068600547,24.59838472312147,24.088694344529305,24.143585205078125,12497500
2012-05-08,23.92403382443297,24.174957569609997,23.43002639244515,24.049495697021484,16270600
2012-05-09,23.82993770607984,23.90835175375565,23.43786896332433,23.79073143005371,11657200
2012-05-10,23.947552108241204,24.11222021129732,23.437861704024247,23.66526222229004,19543400
2012-05-11,23.46923076130729,23.579009510007577,23.186940841079952,23.22614860534668,19887900
2012-05-14,23.100682199386835,23.461386104807765,23.06147593592988,23.179096221923828,13406600
2012-05-15,22.340076699222468,23.359456323950283,22.269504206140404,22.763511657714844,26255000
2012-05-16,22.865447705257075,23.33593046991484,22.810558323577972,22.990909576416016,14050700
2012-05-17,22.936013682486365,22.951696785834176,22.23029048368832,22.245973587036133,19689300
2012-05-18,22.20676587113285,22.73213786930487,22.128351849866885,22.33222770690918,19092800
2012-05-21,20.520867660550987,20.80315749093712,19.93276484432842,20.073909759521484,50428400
2012-05-22,20.15232906389018,20.505189948988573,19.84651450205707,19.987659454345703,25461700
2012-05-23,19.846516427687103,20.607130634236807,19.822993263772105,20.53655815124512,30028300
2012-05-24,20.64633225731155,21.289324517064355,20.552235135961453,21.250118255615234,25268400
2012-05-25,21.13249859829893,21.461836289293466,21.10897394336252,21.35989761352539,16809700
2012-05-29,21.508885182048363,21.712761048184262,21.32853397202846,21.555932998657227,18137300
2012-05-30,21.30501291976456,21.634350682982006,20.92078577861476,21.163867950439453,24427500
2012-05-31,21.156022392179644,21.250119519124656,20.85805089882945,20.952146530151367,19424500
2012-06-01,20.489504332869583,20.88157293200743,20.489504332869583,20.669857025146484,19817900
2012-06-04,20.426781238125237,20.936471808660325,20.41109962482881,20.905105590820312,16113000
2012-06-05,20.771800252973,20.84237274102304,20.52871806948034,20.72475242614746,15109200
2012-06-06,21.14034014779564,21.54809188842773,20.9756720384768,21.54809188842773,17718300
2012-06-07,21.64219415641521,22.05778605227283,21.602986386111237,21.712766647338867,21908500
2012-06-08,21.61866572814241,21.94800346320585,21.50888698166235,21.89311408996582,12203200
2012-06-11,21.99504569277776,22.010728794180743,21.14033610941245,21.15601921081543,15812300
2012-06-12,21.234433782600423,21.6500270070101,21.187385972772717,21.5167236328125,15011700
2012-06-13,21.32069365629384,21.54809269610859,20.86589408104112,21.07761001586914,15853500
2012-06-14,21.061934318535307,21.908802782430783,21.061934318535307,21.77549934387207,15661600
2012-06-15,21.853905079029605,22.01857317808069,21.65787077313657,21.99504852294922,22257500
2012-06-18,21.861743902393066,22.39495742365536,21.830379192942743,22.29302024841309,11708800
2012-06-19,22.355753526691075,22.512580081770484,22.112671394162955,22.3792781829834,11322200
2012-06-20,22.426325015412328,22.4733728303084,22.08914576814048,22.449848175048828,11667200
2012-06-21,22.489062259341484,22.49690381330028,21.52457355676213,21.563779830932617,14978600
2012-06-22,21.69707717335198,21.830380562027628,21.36773947754291,21.41478729248047,16842000
2012-06-25,21.242283158568288,21.28933098572709,20.99920097335376,21.1168212890625,10083100
2012-06-26,21.171711543118494,21.56378027539847,20.99920183933978,21.375587463378903,13961400
2012-06-27,21.383424927361283,21.579459256004583,21.218755313576825,21.40694808959961,9672800
2012-06-28,21.305008247630145,21.60297973204279,21.04624302582181,21.35989761352539,12967200
2012-06-29,21.838218444541923,22.300859451293945,21.4539914465928,22.300859451293945,12927300
2012-07-02,22.31654563496985,22.44984902859617,21.877429189457374,22.44200897216797,9952100
2012-07-03,21.95584467332167,21.95584467332167,21.218755183371368,21.657873153686523,13071900
2012-07-05,21.704917006491726,21.75980636884319,21.501041163741327,21.626502990722656,9684700
2012-07-06,21.41478580442946,21.84606214752869,21.39910419762199,21.83822059631348,9529500
2012-07-09,21.626508386869677,21.73628713896409,21.344218457914515,21.391267776489254,10852300
2012-07-10,21.477523349744743,21.6500345384967,21.16386868240949,21.30501365661621,10561700
2012-07-11,21.32853426910296,21.461837664370723,20.88941632256025,20.912940979003903,18575400
2012-07-12,20.552241823771663,20.952152102302268,20.30915963331625,20.834531784057617,16794800
2012-07-13,20.897257162609733,21.02271900145435,20.693381300581457,20.952146530151367,10226400
2012-07-16,20.818846431646516,20.83452953788793,20.17585403198148,20.230743408203125,25123900
2012-07-17,20.073910053387884,20.183688768757207,19.83866802608141,20.03470230102539,24927800
2012-07-18,19.885725331292864,20.24642782444405,19.76026346449041,20.1209659576416,18466300
2012-07-19,20.152327530546124,20.63065022670146,20.07391350794953,20.41109275817871,13278700
2012-07-20,20.348364150127257,20.51303227022017,20.222902297973636,20.222902297973636,12072100
2012-07-23,19.867833405448284,20.593743176190053,19.812601385657008,20.333362579345703,9853200
2012-07-24,20.30969106873816,20.412266109744525,20.15188551290018,20.333362579345703,8218100
2012-07-25,20.570072946258552,20.60952546639408,20.167666270634744,20.199228286743164,8399400
2012-07-26,20.475391416637635,21.043494203813573,20.44382939820348,20.988262176513672,13969200
2012-07-27,21.09083870381839,21.501135971623277,20.9172520928056,21.35910987854004,12371100
2012-07-30,21.319657856488075,21.366999383645453,20.996154661819293,21.19341278076172,6866500
2012-07-31,20.7910070096414,20.933033102714216,19.97041247409185,20.01775550842285,22722000
2012-08-01,20.072985736169603,20.435939936933448,19.694249020423044,19.836275100708008,28243100
2012-08-02,19.781042800273813,20.15977800588488,19.536443168103325,19.60745620727539,15421900
2012-08-03,19.773153986827644,20.12032870748283,19.741593469473568,20.112438201904297,10237700
2012-08-06,20.19923108627468,20.34914767364799,19.99408246801645,20.049314498901367,12584800
2012-08-07,20.120328069849062,20.609528865494465,20.07298654283822,20.491172790527344,12326200
2012-08-08,20.4517228327787,20.877799607961546,20.286025222180864,20.84623908996582,12004700
2012-08-09,20.75155034676433,21.28020208512475,20.743661347574285,21.232860565185547,12020300
2012-08-10,21.067162542791213,21.146064567066222,20.854123465345545,21.122394561767575,10123100
2012-08-13,21.098719477653965,21.11450048181972,20.78310691913576,20.948802947998047,10952400
2012-08-14,21.217081934843783,21.303875985259804,20.798895702751945,20.940921783447266,14279800
2012-08-15,20.98825979168649,21.374885443814648,20.909356259526525,21.169736862182617,15330300
2012-08-16,21.21708201509528,21.737843309641224,21.1223989642469,21.6589412689209,12592700
2012-08-17,21.72206242186732,21.990333557128903,21.50113280901665,21.990333557128903,13596000
2012-08-20,20.66475585041394,21.374884601965835,20.491167785506835,20.71998786926269,47478900
2012-08-21,20.759447125153184,21.07505986173684,20.60953201587609,20.8541316986084,16205200
2012-08-22,20.83834173753867,21.57214197560142,20.830451234392235,21.49323844909668,20086800
2012-08-23,21.430115996419968,21.729949097090948,21.422225493248668,21.58792304992676,16086900
2012-08-24,21.524802009006404,21.94298817111178,21.50113049786546,21.879865646362305,11341700
2012-08-27,21.96666140792731,22.045564946302644,21.73784129713482,21.85619735717773,10870700
2012-08-28,21.879867606454702,22.092906710929025,21.82463558047096,21.974552154541016,9961500
2012-08-29,22.069240453260743,22.582112828011173,22.021898920423546,22.361183166503903,14765000
2012-08-30,22.227047161691825,22.463756326496824,22.195485137072403,22.23493766784668,11664300
2012-08-31,22.34538699853499,22.653109010709997,22.2822644959104,22.47163200378418,15045500
2012-09-04,22.534765400748924,22.582108429324546,22.242824249332102,22.432191848754883,10066600
2012-09-05,22.534766260665634,22.708354362147148,21.94299192552765,22.17181205749512,14271000
2012-09-06,22.36117973424001,22.68468291806607,22.21915365256809,22.39274024963379,17720500
2012-09-07,22.447967258539013,22.47163726196234,22.25859820139525,22.34539222717285,15806500
2012-09-10,22.3454035363948,22.98451953659923,22.3454035363948,22.637346267700195,12697200
2012-09-11,22.58999614934436,22.77936524299878,22.39273805633417,22.566326141357425,10131100
2012-09-12,22.60578281129409,22.739918408284424,22.187596512705557,22.266498565673828,11582000
2012-09-13,22.32172519358437,22.96873145920252,22.16391812662201,22.89771842956543,13246300
2012-09-14,22.960846390476384,23.48949823349109,22.960846390476384,23.197555541992188,11767500
2012-09-17,23.268569894533304,23.473718539676963,22.99240819895684,23.06342124938965,10046500
2012-09-18,23.09498269893311,23.165995747597663,22.76358897348524,23.023969650268555,11937200
2012-09-19,23.118647317961848,23.61573854263577,23.07919630233493,23.34746742248535,11956700
2012-09-20,23.260679349197744,23.71831817068269,23.15021527313729,23.670976638793945,13396400
2012-09-21,23.647309895783,23.83667756653964,23.45794222502635,23.820898056030277,20802200
2012-09-24,23.670979280176848,23.741992338414203,23.434270089359213,23.513172149658203,11027800
2012-09-25,23.631528438377725,24.112837330871137,23.40270824779796,23.41059875488281,15131500
2012-09-26,23.457937681186,23.797221923265266,23.426377161320115,23.67886734008789,15004400
2012-09-27,23.694640637518503,24.02603426548938,23.584175091555085,23.876117706298828,8243600
2012-09-28,23.749877960092416,24.112832178681245,23.749877960092416,23.86034202575684,10694100
2012-10-01,23.915571212768555,24.057597283128224,23.749875133988837,23.915571212768555,14660100
2012-10-02,23.915575038711005,24.033929614624792,23.70253740405022,23.89979553222656,10445100
2012-10-03,24.0102598843667,24.302201074718266,23.718317189055043,24.223299026489254,16087600
2012-10-04,24.28641764015802,24.63359081010492,24.231184108386604,24.42055320739746,11189600
2012-10-05,24.61781945249592,25.24904497488388,24.61781945249592,25.067567825317383,17144900
2012-10-08,24.91764200221441,25.05177756433206,24.704602902681707,24.893970489501957,6963300
2012-10-09,24.815075616911106,24.901868178646,24.546804415271836,24.562583923339844,8701300
2012-10-10,24.58625386904306,24.673047930182243,24.278531659491616,24.373214721679688,11359800
2012-10-11,24.538904999392205,24.57835601267907,24.13649834303549,24.27852439880371,10637300
2012-10-12,24.452118914301185,24.87030671392148,24.349545343429885,24.602035522460938,11409000
2012-10-15,25.028106500038824,25.430513193601545,24.89397093551792,25.406843185424805,14301600
2012-10-16,25.52520179748535,25.74613295830866,25.37528669650408,25.52520179748535,8967300
2012-10-17,25.714572183271965,26.02229441124349,25.56465707500699,25.87237930297852,10707900
2012-10-18,25.84080994093485,26.00650601512197,25.635662850501216,25.69878387451172,9609600
2012-10-19,25.714565858477613,26.266889136640035,25.548869778004804,25.754016876220703,14524900
2012-10-22,25.730234125421838,25.952250580791816,25.50028678250445,25.936391830444336,9510900
2012-10-23,25.59543694929858,25.690589453946536,25.405137989497533,25.61129570007324,7902500
2012-10-24,25.84123435450036,25.904666311508898,25.57164173153463,25.60335922241211,7004500
2012-10-25,25.84124020235729,25.865026813525088,25.09589563417084,25.206905364990234,7751900
2012-10-26,25.270338653575976,25.436852492332388,24.715294540885985,24.865949630737305,13419900
2012-10-31,25.920529520972583,26.039468619873567,25.206904001807487,25.67472648620605,14441500
2012-11-01,25.84124324417615,26.166340075641187,25.746093763557653,26.13462257385254,10238400
2012-11-02,26.20598076528981,26.665875384936523,26.190122017224727,26.285274505615234,13513400
2012-11-05,26.18219356110852,26.47557283178423,26.18219356110852,26.213911056518555,7020200
2012-11-06,26.19011960756521,26.499357604515197,26.19011960756521,26.39628028869629,6865900
2012-11-07,26.245626707072816,26.324920449162608,25.78573510193993,25.983964920043945,10337700
2012-11-08,25.93639241523461,26.09497689753765,25.43685537938905,25.45271110534668,9520300
2012-11-09,25.341703003718216,25.365491129896466,24.83423507757202,24.95317268371582,13777000
2012-11-12,25.1910468747224,25.539930282671197,24.97695829777184,25.35755920410156,8802200
2012-11-13,25.579572325076445,26.0711844119672,25.28619306497804,25.34962654113769,16624300
2012-11-14,25.460639561466007,25.8491683300174,25.302055094308507,25.35755920410156,11598600
2012-11-15,25.357563972234534,25.508217580751527,24.762874377131244,24.89767074584961,9935600
2012-11-16,24.9928170469623,25.555789031861657,24.92145418797878,25.35755920410156,14885200
2012-11-19,26.78480841178839,27.35571117820905,26.745163058508417,26.927534103393555,25972800
2012-11-20,26.927540648022664,27.72839089275576,26.903754035222757,27.316072463989254,16199000
2012-11-21,27.07820070035267,27.54602330155832,26.998906939704774,27.39536666870117,10951600
2012-11-23,27.490505159431297,27.871109008789062,27.474649438392326,27.871109008789062,4507500
2012-11-26,27.66495148322656,28.02969360351563,27.395358823720112,28.029693603515625,12503400
2012-11-27,27.855250552542124,28.04554945445257,27.577727035531836,28.02176284790039,15864800
2012-11-28,27.831474275952147,28.37065979799976,27.522236143402363,28.36273193359375,12373300
2012-11-29,28.37857697617644,28.75917780348665,28.204133796045987,28.2358512878418,22956600
2012-11-30,28.172428610010712,28.70368624303193,27.958339983994502,28.616464614868164,17225900
2012-12-03,28.489593037346264,28.91777022054969,28.44994767403054,28.576814651489254,15285400
2012-12-04,28.48165720681525,28.553020058297392,28.00590688009882,28.24378204345703,12560600
2012-12-05,28.188287212652423,28.283436704347857,27.59359759624732,27.9107666015625,14365700
2012-12-06,27.879048378273183,27.95041125139431,27.60152777432864,27.88697624206543,11640700
2012-12-07,27.918693889785484,28.14071339882647,27.64117328441892,27.83940315246582,7773600
2012-12-10,27.87904492257228,27.950407786847745,27.53808935156144,27.601524353027344,6701700
2012-12-11,27.62531386067067,27.74425298850751,27.435011861081254,27.609455108642575,9153600
2012-12-12,27.585664093344985,27.77596303783601,27.323999263735843,27.538087844848636,11917100
2012-12-13,27.60944865632061,27.92661757326477,27.347786870876597,27.37950134277344,7611400
2012-12-14,27.36363521590506,27.41914233243783,27.1178322450632,27.323989868164062,7668800
2012-12-17,27.331928657429703,28.44201383896429,27.331928657429703,28.42615509033203,12348300
2012-12-18,28.32307389325817,28.65609849481324,28.156558567734027,28.410295486450195,11575200
2012-12-19,28.386516499366067,28.529242246339653,27.83147226388521,27.83940315246582,11063800
2012-12-20,27.85525415015173,28.061411824638498,27.66495219891657,28.05348396301269,9292200
2012-12-21,27.78388786315918,28.013835143601597,27.53015397603187,27.78388786315918,18425700
2012-12-24,27.728383922263227,28.029691024475763,27.68080768387604,27.942472457885746,3300800
2012-12-26,27.942484107043576,28.10899647369753,27.728395482168004,27.9107666015625,6747800
2012-12-27,27.84732233349673,28.053483025843285,27.387430755891064,27.85525321960449,8244900
2012-12-28,27.641171013688883,28.180356452462025,27.435010273997538,27.73632049560547,8115000
2012-12-31,27.625304459617272,28.24378045450344,27.442933410477675,28.16448974609375,9869000
2013-01-02,28.64817986754819,28.84640972515004,28.410304643375493,28.69575309753418,8229700
2013-01-03,28.798828121322444,28.862263115851466,28.31514687465328,28.42615509033203,8564600
2013-01-04,28.497518875530083,28.584740483476494,28.1882808289907,28.21207046508789,7705000
2013-01-07,27.74424657609766,27.89490014842309,27.300210696182265,27.561872482299805,12497600
2013-01-08,27.696671190218336,27.99798136896345,27.474654755746705,27.57773208618164,6513700
2013-01-09,27.680810993209008,27.93454491211564,27.59358939144481,27.65702438354492,5400700
2013-01-10,27.78389823923964,28.19621671599121,27.593596240451355,28.18828582763672,8024800
2013-01-11,28.22792141445963,28.44994084024295,28.116913213941277,28.410295486450195,8307700
2013-01-14,28.3865085967406,28.42615395436341,27.99797985739138,28.05348396301269,9530900
2013-01-15,28.108986921620826,28.5371640258676,27.91868497815111,28.48958778381348,8270100
2013-01-16,28.386518551559742,28.545103062411624,28.188288669181887,28.36273193359375,4543400
2013-01-17,28.53716928211184,29.40145151109932,28.52131053183945,29.33801651000977,11461600
2013-01-18,29.513211287572965,29.584884072808062,29.170774984547897,29.45746612548828,11866400
2013-01-22,29.48933660730242,29.815845489501957,29.30617338439881,29.815845489501957,8718800
2013-01-23,29.70433728113745,30.237902034709247,29.50524654461792,30.166229248046875,12682100
2013-01-24,30.221980131561,30.683869148011738,30.16623495781495,30.588306427001957,13364100
2013-01-25,30.659968106047398,31.26520250342032,30.444949783355124,30.723678588867188,15477200
2013-01-28,30.827214729792534,30.85906998273787,30.397177928682837,30.54052352905273,7698000
2013-01-29,30.42106972065219,30.68386795266232,30.27772412577976,30.44495964050293,7748800
2013-01-30,30.484770809939,30.59626112976817,30.30957303787175,30.42902565002441,6144900
2013-01-31,30.421060803781327,30.71571420114776,30.22993238734602,30.413095474243164,10543000
2013-02-01,30.620159436884222,31.17761417139248,30.580341892537326,30.70775985717773,11080200
2013-02-04,30.492733328355765,30.906842362309344,30.198076895539916,30.21400451660156,8536400
2013-02-05,30.43699864827276,30.699796891522496,30.421071021729723,30.524599075317383,8637200
2013-02-06,30.4370014746332,30.80332780548742,30.24587297625284,30.79536247253418,8650300
2013-02-07,30.67590731545182,30.978526147402697,30.508671791696408,30.874998092651367,9693900
2013-02-08,30.874983994968904,31.21742021842465,30.82720113662062,31.0820369720459,5914000
2013-02-11,31.153712059740048,31.225384833656477,31.002404220531155,31.105932235717773,5049900
2013-02-12,31.273182875132665,31.78285483131142,31.19354473330193,31.687292098999023,7696600
2013-02-13,31.75099319646973,31.83859361594421,31.44041210043032,31.671358108520508,5722600
2013-02-14,31.631544460154142,31.75896243929549,31.384670796493413,31.51208877563477,8023000
2013-02-15,31.37668985710124,31.647453281618123,30.8670152055123,31.169633865356445,9977700
2013-02-19,31.265208874833466,31.631538149934023,30.970555426453213,31.38466453552246,8142900
2013-02-20,31.38466905616463,31.559869906975425,30.76350682203049,30.771469116210938,8441600
2013-02-21,30.1025152193165,30.389206332300606,29.648588636386076,29.998987197875977,13460000
2013-02-22,30.24586077580856,30.357351089106107,29.911389835915895,29.998987197875977,8770400
2013-02-25,30.317538601245836,30.56441222027734,28.55757713317871,28.55757713317871,20372000
2013-02-26,28.78852311796909,29.64063126874234,28.60535695811283,29.1389217376709,18853100
2013-02-27,29.05132881925429,30.102527987479476,29.035401190901247,30.030855178833008,17520600
2013-02-28,30.054749212687863,30.62812866443385,29.943255810238345,30.381258010864254,13931600
2013-03-01,30.190112065169885,30.675893834108425,30.102511675638954,30.564403533935547,11073400
2013-03-04,30.357370496420025,30.612206529125014,30.190134919560837,30.60424423217773,8527400
2013-03-05,30.69182949563092,30.90684786139557,30.50070104676779,30.867027282714844,7843600
2013-03-06,30.85906858025679,31.233360190643424,30.80332340907801,30.922779083251957,6575800
2013-03-07,30.92277623836349,30.97055607333014,30.45292195459458,30.81924819946289,6206800
2013-03-08,30.978525887102805,31.368742105919942,30.89888775416165,31.30503463745117,6696100
2013-03-11,31.16169060771706,31.607652023143515,31.16169060771706,31.591724395751957,6308600
2013-03-12,31.528020301009395,31.607655408612537,30.962603138527047,31.09002113342285,7364600
2013-03-13,31.217431953194733,31.472267884413963,31.05815873671173,31.37670516967773,5383400
2013-03-14,31.36076228460236,31.496142478114557,31.13777867487281,31.217416763305664,7326300
2013-03-15,31.08205245496613,31.29707086781648,30.85110945261662,30.9068546295166,9708100
2013-03-18,30.628111557117915,31.050185893073063,30.540511165921888,30.85109519958496,7319100
2013-03-19,30.86702891266209,31.058157371617835,30.22993911261592,30.45292282104492,9333700
2013-03-20,30.63608930644891,30.851107707134023,30.540523547555,30.588306427001957,5842100
2013-03-21,30.42106509202631,30.6520110750579,29.96713845662411,30.07066345214844,10148600
2013-03-22,30.20604842911854,30.22197605345161,29.903429642557672,30.126413345336918,7641400
2013-03-25,30.34939854542925,30.867032743128792,30.27772574416203,30.35736083984375,10506700
2013-03-26,30.57236905568797,30.61218659026001,30.198077547367856,30.436988830566406,5646600
2013-03-27,30.23789872974408,30.54051442890209,30.19807815648567,30.405134201049805,3464100
2013-03-28,30.309575336382427,30.532555992950385,30.166229760622,30.198081970214844,9215400
2013-04-01,30.10251438813845,30.19807707720012,29.728225923528967,29.879533767700195,11165800
2013-04-02,29.93529638914219,30.373295593940707,29.93529638914219,30.277732849121094,5622400
2013-04-03,30.34142151788457,30.460877153246575,29.863605052202526,30.15825843811035,9207100
2013-04-04,30.20604182076095,30.85905908613365,30.20604182076095,30.76349639892578,11629700
2013-04-05,30.39717161957216,30.65997284499908,30.006955484577837,30.57237243652344,7626000
2013-04-08,30.54849763917981,31.082059608851875,30.516642377081038,31.0422420501709,7895600
2013-04-09,31.12186077132049,31.24927870226427,30.890914822146417,30.95462226867676,6667100
2013-04-10,30.95462030818267,31.121858800234445,30.77145723391921,31.066110610961918,7302100
2013-04-11,31.177615913150703,31.3926312722127,30.89888701138325,30.930742263793945,7878200
2013-04-12,30.81128457554716,31.360777011179195,30.70775956879424,30.994447708129883,6995900
2013-04-15,30.73962171645953,31.20151388190685,30.18216984489878,30.19013214111328,10045400
2013-04-16,30.421073118853524,30.556453396975765,29.83972838043546,30.25383758544922,11945000
2013-04-17,30.118460209498448,30.237915921423436,29.768061445942084,29.9352970123291,8839500
2013-04-18,30.0547423042078,30.07066689158409,29.53710511584544,29.72026824951172,8215600
2013-04-19,29.84768893655871,30.540523990219054,29.83972664214421,30.35736083984375,7786800
2013-04-22,30.41333468061372,30.437328342504845,29.90151463702848,30.141429901123047,5180100
2013-04-23,30.229413667709565,30.65326731803186,30.08546383185513,30.39735412597656,8800300
2013-04-24,30.509313145883475,30.66125881738286,30.117449081599997,30.157434463500977,7076300
2013-04-25,30.17343027567675,30.341370715914454,29.925516018166903,30.22141456604004,8312400
2013-04-26,30.22140420681801,30.40533934746129,30.149429321289062,30.149429321289062,5232900
2013-04-29,30.213402395952325,30.74921605905314,30.037466176564116,30.58927154541016,10374100
2013-04-30,30.541299787055628,30.85319308923302,30.4373384036856,30.72523498535156,5850700
2013-05-01,30.661257353516536,30.805207162038737,30.373357736472137,30.533302307128903,7105500
2013-05-02,30.621268147456057,31.08510398864746,30.485314211643853,31.08510398864746,5687700
2013-05-03,31.309037781822,31.67690823275513,31.229063955082477,31.660913467407227,6987500
2013-05-06,31.62091795323738,32.692542482858165,31.58892843278576,32.63656234741211,10498100
2013-05-07,32.68453503283861,32.90045966340605,32.0847454092694,32.220699310302734,8953600
2013-05-08,32.54859765721073,33.90812197693143,32.164732505293536,33.868133544921875,14062900
2013-05-09,33.69219649509995,33.82015154284559,33.22835754034137,33.404296875,9947700
2013-05-10,33.50025341458728,33.652202090386794,33.2923276617671,33.64420318603516,4584900
2013-05-13,33.49226162287287,33.82014657522829,33.49226162287287,33.66020202636719,3863200
2013-05-14,33.75615813152239,34.30796651883444,33.75615813152239,34.211997985839844,6416800
2013-05-15,34.180019417773536,34.611865713212794,34.180019417773536,34.57188034057617,6682500
2013-05-16,34.52388781862725,34.82778206933413,34.16401650014724,34.19600296020508,7490700
2013-05-17,34.23599436428306,34.363949367753456,33.900110573493315,34.12403106689453,7812700
2013-05-20,33.796155608632354,34.20401439333082,33.716184853160264,33.89212417602539,7161200
2013-05-21,34.45192916786585,34.70783925029939,33.73218015434097,33.94810485839844,10779500
2013-05-22,34.62785852180525,35.05970784360666,33.95609392701024,34.36395263671875,19588200
2013-05-23,33.940107584437506,34.220011347907906,33.708191158428164,34.140037536621094,8272600
2013-05-24,33.69219235396647,34.15602820102565,33.636212218126374,34.10004806518555,7603100
2013-05-28,34.48391149072279,34.72382678279926,34.156026546390976,34.27598571777344,6755800
2013-05-29,34.036076083740404,34.60387641453792,33.9321116546388,34.45992660522461,7309000
2013-05-30,34.57988199217504,34.77981192192684,34.09205247547045,34.11604309082031,6775400
2013-05-31,33.94011065580237,34.59588071425245,33.676204681396484,33.676204681396484,7494500
2013-06-03,33.684191274707274,33.87612533569336,33.28433144411729,33.87612533569336,6169800
2013-06-04,33.724176333499564,33.95609576524672,32.764515189573245,32.78050994873047,9221300
2013-06-05,32.65254567195281,32.66853737588937,31.660892240072734,31.668888092041016,12360700
2013-06-06,31.82085055578478,32.5485954284668,31.63691537375404,32.5485954284668,9583100
2013-06-07,32.79652508318714,33.324340309631204,32.70055951038564,33.26836013793945,10925100
2013-06-10,33.25234991719209,33.404295577146215,32.77251621877212,32.93246078491211,7370100
2013-06-11,32.50060870664444,33.06840897173006,32.46861918590166,32.700538635253906,4589200
2013-06-12,33.02841749382731,33.20435677471752,32.45262148028417,32.47661209106445,6525200
2013-06-13,32.46862184817502,33.06841168318334,32.40464585213234,32.93246078491211,5622400
2013-06-14,32.820504044214225,33.46027932709878,32.7885145173977,32.91646957397461,7450400
2013-06-17,33.092399081672426,33.420284007331375,32.852483803259,33.08440017700195,5958300
2013-06-18,33.11639051273406,33.268336147657095,32.908464746487354,33.156375885009766,4486900
2013-06-19,33.26034028648627,33.30832456362005,32.78050971790191,32.812496185302734,7614100
2013-06-20,32.46062753674915,32.49261706163658,31.836847054889247,31.8448429107666,12013600
2013-06-21,32.18071078727126,32.20470139363947,31.40498197403289,31.62890243530273,16890200
2013-06-24,31.229057243782236,31.844841849237973,31.08510743727627,31.548946380615234,8683000
2013-06-25,31.82885480008494,31.92482034411362,31.57294464888204,31.5969352722168,9647300
2013-06-26,31.948796241560828,32.51659638294542,31.948796241560828,32.41263198852539,9528600
2013-06-27,32.58857724404773,33.09240150103192,32.54059296458164,32.90846633911133,7787200
2013-06-28,32.852491681824425,33.02842796781959,32.54859729592148,32.70854187011719,12195300
2013-07-01,32.940451991336325,33.13238605375334,32.74852097960773,32.83649063110352,5924500
2013-07-02,33.14837659074306,34.25998629836378,33.060406950452844,33.884117126464844,12271900
2013-07-03,33.668199780379474,33.98808889614811,33.54024474420976,33.844139099121094,4074000
2013-07-05,33.98807751022781,34.29996761574105,33.8281330059245,34.211997985839844,4048600
2013-07-08,34.291978337130935,34.82778902097148,34.28397943250415,34.787803649902344,5727200
2013-07-09,34.83579090207874,35.171671708584086,34.71583172793339,35.03572082519531,5482000
2013-07-10,34.97974045182124,35.043716440423474,34.52389742359602,34.69983673095703,5247600
2013-07-11,35.20367620564384,35.347626055585465,34.61188203914052,34.68385696411133,7224800
2013-07-12,34.69983345463479,35.07570264825742,34.66784393800984,35.05171203613281,4507900
2013-07-15,35.187677176339285,35.52355808505522,34.98774719238281,34.98774719238281,8203400
2013-07-16,34.907757926572025,35.25963341367997,34.78779877947113,35.019718170166016,4093700
2013-07-17,35.22765892820449,35.59552932856208,35.14768816314906,35.395599365234375,5563200
2013-07-18,35.40359523456131,35.62751579805567,35.243650667484395,35.41958999633789,5431500
2013-07-19,35.443572711490845,35.48355808167309,35.10769194113414,35.403587341308594,4335500
2013-07-22,35.45176148434214,35.90946233436841,35.29116399624784,35.877342224121094,5506600
2013-07-23,35.94158475771902,36.26277978195292,35.92552776333582,36.214599609375,6578200
2013-07-24,36.3430879159623,36.37520804065611,35.80508961148759,35.93356704711914,5612800
2013-07-25,35.81311543765625,35.89341574339639,35.15466824630438,35.43571472167969,8425800
2013-07-26,35.226920191536344,35.363429114627,35.01814562245545,35.307220458984375,5130800
2013-07-29,35.29116514911509,35.40358247551078,34.833464284136966,34.88164138793945,6020700
2013-07-30,35.162702909341334,35.58025534658236,35.162702909341334,35.36344909667969,7083400
2013-07-31,35.339346493037006,36.15839105051725,35.331317995820775,35.79705047607422,6857900
2013-08-01,36.08612731332385,36.286873466061145,35.941589838301546,36.16642761230469,5794500
2013-08-02,36.11020261225813,36.35109727402639,35.88536493988485,36.12626266479492,6763600
2013-08-05,35.98175267961881,36.52778262947469,35.94963255006395,36.51172256469727,4488300
2013-08-06,36.43140326210821,36.50367198438664,35.88537359670292,36.029911041259766,7986700
2013-08-07,35.933567411944864,35.98174759947474,35.467834788587204,35.57222366333008,6507900
2013-08-08,36.35111712929591,37.13804175457233,36.294908446286406,37.06577301025391,11217200
2013-08-09,36.96137168949291,36.96940324901295,36.55987948147968,36.68032836914063,6613800
2013-08-12,36.608073012396346,37.13804279790558,36.608073012396346,36.77669906616211,5075200
2013-08-13,36.7606291568282,37.1219727917736,36.423377139641,37.04167556762695,5708400
2013-08-14,37.02561736988395,37.05773748641303,36.10218393010178,36.13430404663086,8957600
2013-08-15,35.70069373463926,35.78099403062181,35.13860391533373,35.210872650146484,8911900
2013-08-16,35.21890473130701,35.84523173350293,35.162696054860874,35.29920196533203,8342100
2013-08-19,35.38752496584449,35.48388224352438,34.969972678374795,35.06632995605469,6126100
2013-08-20,35.63645981662784,35.748877178130414,34.94589252380532,35.395565032958984,10291200
2013-08-21,36.62412386045648,37.94101796205239,36.551855132288765,36.78472137451172,30111000
2013-08-22,36.913203420613954,38.149797389301845,36.87305173968782,38.05344009399414,10274400
2013-08-23,37.93299033850799,38.14176496738872,37.394989113502106,37.724212646484375,8124400
2013-08-26,37.74829194584353,38.09357545224906,37.603757584762775,37.732234954833984,6085100
2013-08-27,37.250442142489504,37.49936838460639,36.89713014415706,36.937278747558594,7316000
2013-08-28,36.84093173919995,37.475287201019526,36.82487168074158,37.24242401123047,7153900
2013-08-29,37.16212260481438,37.55558636739109,36.9372879194236,37.274539947509766,4470600
2013-08-30,37.33878878615533,37.43514609308456,36.65625301209593,36.79275894165039,5610200
2013-09-03,37.13803993313031,37.33075759624205,36.27081504384246,36.62413024902344,7003400
2013-09-04,36.71245803685621,36.95335281173839,36.64018929807723,36.913204193115234,5468500
2013-09-05,36.84092730506055,37.11394213970721,36.76062702243355,36.82486724853516,4558000
2013-09-06,36.99350794642556,37.0978968237475,36.33506068296803,36.61610412597656,5596100
2013-09-09,36.79275383132839,37.57967836542848,36.77669377188025,37.443172454833984,5714200
2013-09-10,37.57967138005115,37.88480632656052,37.451193991490776,37.8607177734375,5887700
2013-09-11,37.97313923411559,38.20600548343141,37.7081528683818,38.037376403808594,4680700
2013-09-12,37.96509808217785,38.04539835293618,37.44316010638823,37.732234954833984,7086100
2013-09-13,37.86071962896504,37.973136966572056,37.41104721539429,37.62785339355469,6199800
2013-09-16,37.981165647172375,38.10964304265022,37.32271861245557,37.611793518066406,6485000
2013-09-17,37.547547111902055,37.78041331012951,37.4190697375597,37.619815826416016,5347900
2013-09-18,37.55559698303403,38.55932791673771,37.27455048371077,38.34252166748047,7535200
2013-09-19,38.5432604041819,39.482750906225135,38.5432604041819,39.33018493652344,11076500
2013-09-20,39.40246199610387,39.45867068434931,38.41479110717773,38.41479110717773,11704700
2013-09-23,38.27025971670173,38.33449997818048,37.89285583837477,37.95709609985352,7187300
2013-09-24,37.89283221993512,38.88853421022901,37.75632634409271,38.57537078857422,7195300
2013-09-25,38.55931755282812,38.55931755282812,38.013287826602784,38.17388534545898,5916600
2013-09-26,38.32644814524056,38.67173171022726,38.32644814524056,38.454925537109375,4354400
2013-09-27,38.37464160540695,38.55932772873069,38.24616416904506,38.35858154296875,4107600
2013-09-30,37.98919636667379,38.51113443412665,37.9008675848983,38.2300910949707,5846500
2013-10-01,38.254182787463904,38.84839269161537,38.14176544257812,38.6958236694336,6662500
2013-10-02,38.42281361551473,38.92869479398245,38.27024763737386,38.87248611450195,5951600
2013-10-03,38.97687016044744,39.18564479228088,38.18191412104856,38.4870491027832,7403300
2013-10-04,38.51917568621112,38.71992185415986,38.42281532013245,38.65568161010742,5518600
2013-10-07,38.17388867458413,38.39872338270479,37.94905090332031,37.94905090332031,6404200
2013-10-08,37.94101523173487,38.22205856374995,37.33074839801245,37.36286544799805,7306200
2013-10-09,37.3628739623895,37.79648639900535,37.017590325433545,37.41908264160156,6652000
2013-10-10,37.95707891093395,38.45492845936524,37.86875012297264,38.398719787597656,5738400
2013-10-11,38.51113515272867,39.19367380263891,38.48704659839229,39.18564224243164,6949900
2013-10-14,38.90459817729401,39.32215046919777,38.832329452481,39.249881744384766,4959300
2013-10-15,39.21777707131441,39.21777707131441,38.50312110186743,38.90461349487305,7282700
2013-10-16,39.12140039403133,39.17760905618371,38.41477327436119,38.920654296875,9179900
2013-10-17,38.80020358522526,39.44259045323054,38.79217508949991,39.3622932434082,6769800
2013-10-18,38.92868006172126,38.92868006172126,38.205996000547785,38.27023315429688,12981900
2013-10-21,38.35890138135571,38.71355286014845,38.20575705353148,38.70549392700195,6482500
2013-10-22,38.842529296875,39.116579229728025,38.786107523177854,38.842529296875,7711400
2013-10-23,38.82639471261152,39.74526986453344,38.78609389909201,39.69690704345703,9541700
2013-10-24,39.72916227593001,40.68833548896523,39.67274050309006,40.65609359741211,8420900
2013-10-25,40.50293912281568,40.80923086666596,40.2450102042329,40.7769889831543,6014300
2013-10-28,40.69639802537438,40.720577906973816,40.16441910689427,40.39010620117188,5916400
2013-10-29,40.53518855656773,40.87371917223043,40.45458383277484,40.79311752319336,8843200
2013-10-30,40.84147646406212,40.89790130696404,40.1160524130018,40.42234420776367,6991100
2013-10-31,40.50293797982579,40.57548067830225,40.02738097309235,40.12410354614258,7212200
2013-11-01,40.16439590704461,40.293360325675664,39.61629635917403,39.64047622680664,9961600
2013-11-04,39.89035986391722,40.156347723695454,39.88229785542845,40.11604690551758,5592500
2013-11-05,39.93066009976933,40.63996309867077,39.8178165806148,40.44651794433594,5153500
2013-11-06,40.63997417326446,40.704457958785085,40.15635808088432,40.27726364135742,4104400
2013-11-07,40.39010482047239,40.64803379790288,39.51959221557752,39.55183410644531,4694500
2013-11-08,39.50346798734027,39.70497517638452,39.0762737304883,39.26972198486328,8931200
2013-11-11,39.35031320560597,39.85005004111015,39.26971158124413,39.57600021362305,5530100
2013-11-12,39.79362996526339,40.61577948235469,39.79362996526339,40.39815139770508,10150000
2013-11-13,40.148281498920966,41.3331413269043,40.148281498920966,41.3331413269043,7433500
2013-11-14,41.46211169489621,41.93766871044215,41.41375194485252,41.87318801879883,9024800
2013-11-15,41.953794511417634,41.97797746399573,41.53465920554569,41.72810745239258,10833100
2013-11-18,41.70393668279173,41.72811656589519,40.92208766504673,41.0188102722168,8655100
2013-11-19,41.5104852750337,41.79259413923347,40.44652745182886,40.65609359741211,12070900
2013-11-20,39.09239372929239,39.41480645386921,38.012315099142334,38.14934158325195,26083700
2013-11-21,38.31860332888046,39.32613915636623,38.02037051012083,38.850582122802734,11977200
2013-11-22,38.86670887161654,38.88282981623538,38.43145259117504,38.60877990722656,6142600
2013-11-25,38.7296772504418,38.92312548549221,38.294421027644894,38.48786926269531,6472200
2013-11-26,38.57653102110092,38.94730345581751,38.56041007940604,38.69743347167969,6901400
2013-11-27,38.67325070263355,38.85863690611958,38.37502099048256,38.6007080078125,4561900
2013-11-29,38.60071241454684,38.66519618386271,38.24606090757563,38.270240783691406,3343900
2013-12-02,38.35084023516007,38.366958100522965,37.65765518386807,37.74631881713867,6834800
2013-12-03,36.93223170467692,37.52063223758277,36.875809946367816,37.48033142089844,11475200
2013-12-04,37.23046318960613,37.91558940449703,37.141802618631054,37.770503997802734,8019100
2013-12-05,37.64153913201678,37.94783088452184,37.5206336028093,37.56899642944336,5232900
2013-12-06,38.03649627348489,39.0762741171841,37.99619545022837,38.67325973510742,8217900
2013-12-09,38.60071431092605,38.834463374046685,38.43950795447198,38.49592971801758,6269600
2013-12-10,38.43144422808613,38.66519326205946,38.1412734376027,38.17351531982422,5477500
2013-12-11,38.15739673369105,38.52816917785629,38.060674155812144,38.13321685791016,5307800
2013-12-12,38.1332228665183,38.19770357034596,37.738267409584175,37.7946891784668,4552400
2013-12-13,37.80274628148438,38.18963967850007,37.80274628148438,37.97201156616211,3815800
2013-12-16,38.26218235047366,38.46368952008895,37.94783165783466,37.98813247680664,4228200
2013-12-17,38.01231922759049,38.06874099930596,37.43197749022461,37.60124588012695,5502000
2013-12-18,37.64153823163998,39.07626823182335,37.577054464337,38.947303771972656,10359700
2013-12-19,38.737742884934654,39.43092502808869,38.4878728651806,39.00373077392578,7668100
2013-12-20,39.15688116174964,39.43092800605632,38.62489919407882,38.66520309448242,8169900
2013-12-23,38.6571328450288,39.32613809225963,38.6571328450288,39.01178741455078,4715100
2013-12-24,39.03597673444282,39.45511209771461,38.91507117926128,39.253604888916016,2281800
2013-12-26,39.3583851809085,39.68079483476512,39.2777804613776,39.51958847045898,3124500
2013-12-27,39.61631979796998,39.85812784162344,39.213305366962175,39.35839080810547,3828600
2013-12-30,39.47927896074566,39.84199243193129,39.42285720686733,39.69690704345703,3202800
2013-12-31,39.67273662539725,39.98708735042487,39.64049473699552,39.938724517822266,3457300
2014-01-02,39.93873080836374,40.18860087069933,39.61632109783247,39.85006713867188,5458300
2014-01-03,39.82588498690227,39.92260758707536,39.3583898571023,39.45511245727539,4257500
2014-01-06,39.47123145622425,39.57601298676187,38.72162442365524,38.8989486694336,4923000
2014-01-07,39.0117759968705,39.35030645078442,38.68936340525828,38.99565505981445,5541900
2014-01-08,38.91505853124962,39.293892944585686,38.89087865797456,39.13268661499024,4875800
2014-01-09,39.29389572143555,39.39868030429084,38.979545047624896,39.29389572143555,4941400
2014-01-10,39.43092307987943,40.12410826354013,39.39868426824247,40.04350662231445,5736400
2014-01-13,39.81780639608063,40.22887954996499,39.09237956598528,39.22134399414063,6403800
2014-01-14,39.18104591868495,39.43897479297924,38.98759772558687,39.414794921875,5498900
2014-01-15,39.47929264890898,39.5195934764015,38.7699864009676,38.923133850097656,6224600
2014-01-16,38.77803183344361,38.91505520329097,38.503982018994186,38.83445358276367,4146200
2014-01-17,38.91538501539655,38.94774782367299,38.47849944881371,38.518951416015625,5764000
2014-01-21,38.50276129739544,38.72120557438914,38.23577281897428,38.6888427734375,7430100
2014-01-22,38.70502835940125,38.71311751737062,38.17105443110258,38.6322135925293,7916600
2014-01-23,38.47037428230523,39.012440055053496,38.22765960051129,38.95580673217773,6938800
2014-01-24,38.656474892624,39.07718199085031,38.61602293989355,38.69692993164063,9086200
2014-01-27,38.65646514677792,39.093353533207846,38.30048373169726,38.83445739746094,8050300
2014-01-28,37.82314578577485,38.332848935390174,37.68560855524365,37.993045806884766,13364000
2014-01-29,37.67752248859264,37.93641868307601,37.03837115821162,37.19209289550781,9922000
2014-01-30,37.46717291009726,37.847424984291216,37.18400305725311,37.62089157104492,5772900
2014-01-31,37.22445228658215,37.863603611494085,36.90892274514832,37.45098876953125,6767300
2014-02-03,37.426704341309545,37.64514851924709,36.795645440346775,36.89273071289063,7755000
2014-02-04,36.85228993420525,36.997919430268695,36.22931999799744,36.32640838623047,8399200
2014-02-05,36.26167589911503,36.949368210431146,35.96232780803118,36.83610153198242,8036000
2014-02-06,36.949372065550094,37.734152828518646,36.89273872041688,37.68561172485352,6486400
2014-02-07,37.30535778943295,37.42671363868815,36.76329178664472,37.27299499511719,9641200
2014-02-10,37.305356889681,37.55616082386428,37.14354600829078,37.31344604492188,7342900
2014-02-11,37.20017125839675,37.9768596165052,37.192082104916224,37.83123016357422,6922100
2014-02-12,37.84742154044751,38.09822857249589,37.669432340358135,37.76651763916016,6788200
2014-02-13,37.59662410369594,37.871701736496846,37.24063946931445,37.734161376953125,5051600
2014-02-14,37.70179035004381,38.34094163478248,37.58852365883156,38.25194549560547,3459900
2014-02-18,38.42994340624746,38.57557291237404,37.77461062867785,37.96878433227539,5454500
2014-02-19,37.8716920522308,38.16294792458351,37.62897419584159,37.65324783325195,5460600
2014-02-20,37.75841721782686,38.09822031945294,37.701783881936734,37.75032806396485,7724200
2014-02-21,37.75032621473033,38.26811845252428,37.75032621473033,38.07394790649414,7675200
2014-02-24,38.19531504544856,38.65647408679201,38.19531504544856,38.203407287597656,7786700
2014-02-25,38.70502146704316,39.13381774766111,38.64029586966653,38.923465728759766,10095100
2014-02-26,40.614384266887576,41.48815824651268,39.48980322139089,41.03509140014648,18638100
2014-02-27,40.921830477891085,41.27781206272438,40.76810870216671,41.11600112915039,7249300
2014-02-28,41.16452876276573,41.17261791735875,40.02376661544211,40.47683334350586,9573400
2014-03-03,39.319893358534046,40.92181770603427,39.319893358534046,40.60628509521485,7203400
2014-03-04,40.79236190921358,41.08362084848986,40.67100607537216,40.96226501464844,6390300
2014-03-05,41.051281018848414,41.08364073843454,40.69529632681769,40.735748291015625,5217200
2014-03-06,40.23413158496621,40.65483874431651,40.20176878356543,40.525390625,4380800
2014-03-07,40.85709543552768,40.881365989759,40.46875113639581,40.7923698425293,4340500
2014-03-10,40.67908427258688,40.85707648448684,40.43636958399538,40.444461822509766,5132100
2014-03-11,40.53346303975783,40.61437000984095,39.870041316502906,40.01567077636719,4553000
2014-03-12,39.894313474042015,39.95903596142757,39.594962325242506,39.95094680786133,4435900
2014-03-13,40.07230386019473,40.25029610697254,39.336067411639206,39.40888214111328,5587200
2014-03-14,39.71633529663086,40.145131572041954,39.61115774531417,39.71633529663086,5298700
2014-03-17,39.84578270873576,40.30694177440096,39.81341991100473,40.031864166259766,4965200
2014-03-18,40.039959146730894,40.39594068725509,39.92668934692701,40.31503677368164,3910600
2014-03-19,40.4040221510494,40.67909972562455,39.8700483987901,40.11276626586914,4315500
2014-03-20,39.97523426102153,40.13704517734572,39.82960474495842,40.0885009765625,4145500
2014-03-21,40.32311984406533,40.50920128622588,39.797235226356726,39.84577941894531,7777500
2014-03-24,39.90241694632074,40.112772049950046,39.44125787043092,39.78915023803711,5388400
2014-03-25,39.861965303063926,39.93478005699932,38.98818825583916,39.12572860717773,5955600
2014-03-26,39.20663035093775,39.50598159295462,38.96391554666189,39.26326370239258,7082300
2014-03-27,39.14999953684379,39.29562904610497,39.01246227047843,39.27135848999024,5300800
2014-03-28,39.51407006560092,39.659699562904855,39.34417001417504,39.57879257202149,4016300
2014-03-31,39.73250299988224,39.75677354709447,39.44933324183688,39.56260299682617,6694100
2014-04-01,39.70014652903357,40.282664445087526,39.68396513288921,39.99140548706055,3571000
2014-04-02,39.959042896141305,40.42829412783523,39.87813900129754,40.0642204284668,4846000
2014-04-03,40.04803746071659,40.12085219773296,39.55451569719297,39.683963775634766,4765600
2014-04-04,39.81339933355385,39.83767296244949,38.98007778354068,39.1904296875,5951900
2014-04-07,39.19853911596953,39.25517246442082,37.685613932810895,37.839332580566406,8818100
2014-04-08,37.82315390242391,37.9526020062321,37.54807629604574,37.80697250366211,6887600
2014-04-09,37.87978518320061,38.51893651104685,37.62897814553933,38.46230316162109,6023000
2014-04-10,38.42183949006665,38.72118754376062,37.823140296393575,37.85550308227539,6203400
2014-04-11,37.75032977824702,37.79887396247957,37.3700747174724,37.4671630859375,4931500
2014-04-14,37.734161376953125,38.13868712599642,37.43481318682131,37.734161376953125,4698300
2014-04-15,37.9930419046841,37.9930419046841,37.04645352462085,37.79077911376953,5437900
2014-04-16,38.0011462025175,38.171046260087074,37.66943524361615,37.80697250366211,4270900
2014-04-17,37.628972266744256,38.09013431847025,37.45098309047896,37.86359786987305,4281000
2014-04-21,37.896090568128926,38.07477008403396,37.77426306215692,37.91233444213867,3140900
2014-04-22,37.9691751764478,38.88693364713957,37.90419969970444,38.61079406738281,4687200
2014-04-23,38.60268184332943,38.72450934865728,37.514367076048295,37.53873443603516,7862500
2014-04-24,37.73365800005165,38.31842511922947,37.63619784625615,38.30218124389648,4674800
2014-04-25,38.155985920309526,38.18035018194493,37.64431473855113,37.66868209838867,4589200
2014-04-28,37.84735851405184,38.33466543417484,37.09203542133302,37.66868209838867,7024100
2014-04-29,37.7499015043106,37.83112088017716,37.47376182276907,37.70929336547852,3888400
2014-04-30,37.60370841110487,37.660560423122384,37.07579642834192,37.28696060180664,6618800
2014-05-01,37.40065723261019,37.92044872442106,37.270709359657474,37.660552978515625,4367100
2014-05-02,37.6686829529132,38.44837032495485,37.6686829529132,38.15598678588867,4732300
2014-05-05,37.91233265211419,38.04228053985451,37.46563698164444,37.595584869384766,3984700
2014-05-06,37.51437507195997,37.563106704118326,36.79966305618764,36.8646354675293,4586800
2014-05-07,37.03517867472752,37.18949390721834,36.28797916359928,36.63721466064453,5148500
2014-05-08,36.60472937933472,37.18949640873532,36.36919787047037,36.56412124633789,3718200
2014-05-09,36.55600372817258,37.14077085302981,36.45854357343052,37.12452697753906,4023700
2014-05-12,37.221983277644405,37.725530930988256,37.21385979231522,37.58745956420898,2820500
2014-05-13,37.60373292374536,37.87175238214299,36.96211340049436,37.165157318115234,3962300
2014-05-14,37.10015845012279,37.11640232374692,36.53975875199998,36.68594741821289,5480300
2014-05-15,36.47478736290787,36.47478736290787,35.841291711274714,36.24737930297852,7721200
2014-05-16,36.36107616433466,36.87274729650186,36.36107616433466,36.84025955200195,5727100
2014-05-19,36.74279183398573,37.10826804047891,36.54786850541498,36.99456405639648,4567700
2014-05-20,37.36815967115113,37.59557071271625,36.750908211362045,36.97019577026367,8853200
2014-05-21,36.8727542452347,37.23011020747257,35.98748317909318,36.88087463378906,8572000
2014-05-22,36.710318444373,38.29406065158491,36.710318444373,38.08289337158203,8780800
2014-05-23,38.02603533582696,38.285931102212125,37.95293945789352,38.2209587097168,5096400
2014-05-27,38.31842504610358,38.8463401497097,38.294060782251805,38.80572891235352,5534400
2014-05-28,38.09913455636663,38.36715383170444,37.82299489308019,37.93669891357422,6889900
2014-05-29,38.05851543993737,38.29404689912296,37.72552386247549,38.18033981323242,3947800
2014-05-30,38.14787335950265,38.261577401399975,37.82300201276505,38.237213134765625,4288900
2014-06-02,38.24531529088416,38.50521100508849,38.08287969495613,38.18033981323242,4070800
2014-06-03,38.02603889924152,38.48085808213756,38.009795025044994,38.35091018676758,3560600
2014-06-04,38.245311288238064,38.49708659048649,38.05851145684122,38.31028366088867,4501900
2014-06-05,38.44836920891422,38.66765685684859,38.22096117322027,38.497100830078125,4300100
2014-06-06,38.60268022645797,38.90318723415936,38.52958434596331,38.79760360717773,3860500
2014-06-09,38.708279353882205,39.18746296274337,38.60269568462039,38.66767120361328,3700200
2014-06-10,38.53770894607687,38.78136085537071,38.39963756861568,38.65141296386719,3588100
2014-06-11,38.48085966636712,38.5945636922217,38.0260404647465,38.09913635253906,4244900
2014-06-12,37.82298278097004,37.89607864190892,36.97019980215059,36.99456405639648,11318400
2014-06-13,37.10827705874605,37.22198416866344,36.62909365351532,36.91335678100586,6139500
2014-06-16,36.84027140473923,37.05143561552352,36.71844387276951,36.88899993896485,6713500
2014-06-17,36.824018807622856,37.41690625319849,36.74280253767632,37.230106353759766,8366900
2014-06-18,37.16513085924085,37.31944610962222,36.953966698458586,37.230106353759766,10408400
2014-06-19,37.31132376137597,37.51436754063549,37.04330758381856,37.278839111328125,4751200
2014-06-20,37.425017157485,37.55496500463455,37.075781737357865,37.37628555297852,13871100
2014-06-23,37.34381419287499,37.54685798672372,37.23011016403208,37.42503356933594,6532800
2014-06-24,37.3275620322354,38.05852076712583,37.116397896712456,37.77425765991211,11137700
2014-06-25,37.831109669743896,38.074761528737824,37.676794450426605,37.92856979370117,5059500
2014-06-26,38.03416327167831,38.52958750430626,37.96918777337821,38.33466720581055,5272000
2014-06-27,38.27782295683121,38.63517897534845,38.22909132322312,38.51335144042969,5216600
2014-06-30,38.43212886585032,39.03313985594321,38.22908507298416,38.97628784179688,7388700
2014-07-01,39.008776952539726,39.32552480990133,38.96004841953195,39.08999633789063,5843800
2014-07-02,39.11434351387103,39.30114337125409,38.98439565229145,39.08185577392578,3097900
2014-07-03,39.16309848134156,39.34177496120336,39.130610722020045,39.17121887207031,2132400
2014-07-07,39.0656322940369,39.30928737259922,38.96005173140978,39.154972076416016,4538000
2014-07-08,39.04938214526571,39.106234157103145,38.68390271330916,38.83821487426758,5011300
2014-07-09,38.9925405490426,39.24431604458324,38.65142835979725,38.8707160949707,5830900
2014-07-10,37.90421227507812,38.513343629731246,37.74990011391881,38.33466720581055,8008700
2014-07-11,38.31842262282533,38.58643880285258,38.24532673769022,38.52958679199219,4430800
2014-07-14,38.74075387287753,38.74075387287753,38.28593468998148,38.35091018676758,4358900
2014-07-15,38.45648173095794,38.76510907213315,38.391509347564025,38.58642959594727,5921700
2014-07-16,38.68390294903592,38.79760697340366,38.35903165238327,38.70826721191406,5318100
2014-07-17,38.51334608074325,38.80572964529658,38.35091352106027,38.41588592529297,5010000
2014-07-18,38.53770984652396,38.87882190786512,38.48085783630044,38.83009338378906,5211200
2014-07-21,38.8627350630775,38.97698872353395,38.69951421392026,38.83009338378906,3117900
2014-07-22,38.838255428584624,39.23814637810575,38.79745099206507,39.0014762878418,3222400
2014-07-23,38.98516494022727,39.17286789196134,38.84642608092306,39.09941864013672,3917900
2014-07-24,39.15653679364974,39.4666561339424,39.07492791560495,39.17285919189453,3934600
2014-07-25,39.01778826687798,39.278940326687206,38.805600272546656,38.928016662597656,4531100
2014-07-28,38.97698384822919,39.05043306550387,38.64238255023975,38.91985702514648,3192900
2014-07-29,38.94434942703792,39.38504169959365,38.92802702980564,39.20550155639648,4181400
2014-07-30,39.3360679193399,39.61354237749523,39.22181428007209,39.55641555786133,4380500
2014-07-31,39.31975279517547,39.556422870656654,39.050437927246094,39.050437927246094,4740700
2014-08-01,39.0830750608721,39.278940664000096,38.57709332979381,38.8382453918457,5231200
2014-08-04,38.85458883844793,39.213672340046166,38.84642608092306,39.09941864013672,3528100
2014-08-05,38.97698628127994,39.360554785788686,38.80560580133378,38.87905502319336,4879400
2014-08-06,38.83824921411511,39.352393748894805,38.78112238949274,39.25445938110352,3968500
2014-08-07,39.38503367415176,39.58089928784885,39.00962795384217,39.10755920410156,3175700
2014-08-08,39.38503209856846,40.63366872043227,39.33606803198671,40.576541900634766,7386400
2014-08-11,40.67448113137464,40.76425275530092,40.32355739048757,40.69080352783203,4070500
2014-08-12,40.62552468634767,40.7642635363388,40.47046654876193,40.66633224487305,3287300
2014-08-13,40.7316187220828,41.0498977541319,40.49494858069976,40.68265151977539,4397800
2014-08-14,40.77239860964351,41.139644622802734,40.60101817456179,41.139644622802734,3605200
2014-08-15,41.26207143324427,41.77621286851354,40.45412999996916,40.8050537109375,6642200
2014-08-18,41.21311049805428,41.37633136028633,41.08253443090443,41.172306060791016,4816800
2014-08-19,42.28220614680061,42.43726426085539,41.849670374872375,42.045536041259766,9344800
2014-08-20,40.76425193164619,42.975885239486665,40.56022664981931,42.706573486328125,18405900
2014-08-21,42.95956489726264,43.286006609064366,42.837151590221154,42.98404693603516,7154100
2014-08-22,42.83714744605593,43.17174876735209,42.54335055649274,42.86978912353516,5062200
2014-08-25,43.09013470791,43.21255111037042,42.84530501616758,43.00852584838867,3779300
2014-08-26,42.95140700692455,43.22888153931756,42.89428017200649,42.91060256958008,4814000
2014-08-27,42.99220936186628,43.12278542295131,42.81266611043229,42.86163330078125,4927900
2014-08-28,42.55967364453593,43.000365872874966,42.46173927096847,42.8779525756836,4357500
2014-08-29,42.84531402093442,43.03301692782559,42.64944835846849,42.85347366333008,3510600
2014-09-02,42.97589355295116,43.20440091658364,42.46174887159875,42.935089111328125,5144200
2014-09-03,43.00852067077679,43.285995118195146,42.73104622335843,43.17990112304688,5820100
2014-09-04,43.25335659200458,43.82462796208185,43.2125521612516,43.75117874145508,6665100
2014-09-05,43.68588916489549,44.18371131438232,43.334965456672926,44.15922927856445,5073300
2014-09-08,43.93072371611255,44.1755534235258,43.62876406756354,43.69405364990234,4019800
2014-09-09,43.61244482608033,43.6940568099061,43.179912207929725,43.2778434753418,3342000
2014-09-10,43.34313268826645,43.59612205299541,43.16358943857841,43.57164001464844,3265100
2014-09-11,43.28600068794447,43.416576732167805,42.98404105622051,43.31864547729492,6348500
2014-09-12,43.3512874978118,43.5634755170967,42.984041397648326,43.22887420654297,5443500
2014-09-15,43.212552850349226,43.44922291094054,43.01668722116159,43.35945129394531,4418200
2014-09-16,43.253359331051286,44.04497841313866,43.179910105773295,43.82463073730469,5177600
2014-09-17,43.898080994057246,44.27348677066403,43.80014661593295,43.95520782470703,5878700
2014-09-18,44.02865461642992,44.338773903646185,43.90623820713495,44.19187545776367,4199900
2014-09-19,44.37957240692535,44.730496079299776,43.9225547348805,44.14290237426758,7181400
2014-09-22,44.00417856909241,44.00417856909241,43.49819665815427,43.6287727355957,3885200
2014-09-23,43.4818677142808,43.64508856480881,43.302327580560885,43.35129165649414,3488500
2014-09-24,43.375773685887374,43.89807787944379,43.3268065002995,43.76750183105469,4567100
2014-09-25,43.62061666066701,43.873606080239405,43.26969284011866,43.31049728393555,4217000
2014-09-26,43.38392327508976,43.538981323757454,43.16357566076544,43.40024566650391,4428700
2014-09-29,43.22888522404897,43.612450703596046,43.05750159150743,43.53900146484375,4370900
2014-09-30,43.57979965451668,43.61244133225318,42.90243425233189,43.18806838989258,5349800
2014-10-01,43.05749408556236,43.302326914176014,42.804504728657065,42.92691802978516,5502900
2014-10-02,42.94324212460327,43.53083595543341,42.91060044425182,43.2778434753418,4471800
2014-10-03,43.50634835272546,43.84094966067088,43.42473637933727,43.73485565185547,4172500
2014-10-06,43.88176556785565,44.16739976647451,43.56348657134341,43.74302673339844,3237100
2014-10-07,43.49817690181099,43.922549739045465,43.38392327508976,43.40024566650391,4886100
2014-10-08,43.44106252504792,44.41222174338622,43.36761329924561,44.3469352722168,5806900
2014-10-09,44.27348048422526,44.68153099560061,43.930719548995576,43.99600601196289,6799500
2014-10-10,44.05313805453456,44.54280059411406,43.80830834133416,43.82463073730469,7372000
2014-10-13,43.66142232441924,43.78383877246983,42.73106728140951,42.820838928222656,8235900
2014-10-14,42.51070889764904,42.88611467833477,41.78437937448526,42.44541931152344,11281900
2014-10-15,42.00472572420119,42.16794345797523,40.68263966574468,41.79253768920898,10547500
2014-10-16,41.39265227018589,42.2985250654969,41.04172851861174,41.95576095581055,5330200
2014-10-17,42.33933213656781,43.1717557539846,42.29852769823131,42.85347366333008,7948100
2014-10-20,42.910851584024925,43.96005889900129,42.910851584024925,43.84530258178711,5876200
2014-10-21,43.9846425816033,44.76335007562052,43.82070366809315,44.74695587158203,4316700
2014-10-22,44.67318545688003,44.96007622282565,44.20596156555438,44.21415710449219,5093300
2014-10-23,44.61581166806107,45.23877587514272,44.57482771561329,45.05024719238281,8477000
2014-10-24,44.96008000512576,45.36173023811359,44.738766039563686,45.35353469848633,4586200
2014-10-27,45.25517067779128,45.76338170084056,45.25517067779128,45.468292236328125,3365400
2014-10-28,45.62403025014871,45.951908111572266,45.59124183863135,45.951908111572266,4646400
2014-10-29,45.951909276024,46.22240586070922,45.50927508994807,45.74698638916016,3540200
2014-10-30,46.2797827751424,46.36175380381008,45.82895306153271,46.12404251098633,5001900
2014-10-31,46.72239841484659,47.05847168187843,46.65682161792634,46.88633728027344,7772500
2014-11-03,46.88634760160153,47.132254390437616,46.66503055358671,47.091270446777344,5337200
2014-11-04,47.04209620487672,47.09127882214104,46.61585623587768,46.9355354309082,4333100
2014-11-05,47.206033759664905,47.255216375495735,46.52568831160902,46.67323303222656,4889600
2014-11-06,46.80437646723031,47.29619317051415,46.69781883936211,47.18963241577149,4127800
2014-11-07,47.14044588405027,47.57488440482541,47.13225034677114,47.28799057006836,3907300
2014-11-10,47.28800392426366,47.55030496750905,47.15685340264097,47.40276336669922,3271900
2014-11-11,47.44373310429715,47.64045726435519,47.32077815910528,47.54209518432617,3128800
2014-11-12,47.66506065899094,47.82899645296224,47.525711481865535,47.72243881225586,5107500
2014-11-13,47.83719140438513,48.165066093744166,47.77981325557544,48.0421142578125,3830700
2014-11-14,48.04212591110608,48.16507777686145,47.91917091847535,48.01753616333008,3748700
2014-11-17,47.968344370364136,48.49294640179502,47.93555596168101,48.271629333496094,4721900
2014-11-18,47.71423859772628,48.11588878441882,47.50931573503871,47.976539611816406,6582100
2014-11-19,50.189711500547965,51.214325902715466,49.87003230737171,51.033992767333984,11704900
2014-11-20,50.984807376099766,51.5012138505468,50.829064003796496,51.173336029052734,6089300
2014-11-21,51.46843437516813,52.12418700508493,51.21432886306747,51.85368728637695,7490800
2014-11-24,52.02581509320902,52.34549424465192,51.82908777785015,52.1651611328125,4630000
2014-11-25,52.26352694943816,52.57501058474354,51.59138019164091,51.59957885742188,6361400
2014-11-26,51.65696458625268,51.69794854054362,51.09137851253696,51.52581405639648,5405700
2014-11-28,51.75533357585231,52.5586341956472,51.738939366583466,52.3209228515625,2945300
2014-12-01,52.09138859242793,52.35368959404345,51.56678658919688,51.77170944213867,4908200
2014-12-02,51.90285308848832,52.49303182761963,51.82088520888637,52.43565368652344,5063800
2014-12-03,52.279926020625815,52.90289334922576,52.206153656104114,52.70616912841797,4213500
2014-12-04,52.52582346972544,52.9192718175799,52.3618845735365,52.91107940673828,4930400
2014-12-05,52.84551246292411,53.18158272888254,52.78813430757756,53.16519165039063,4710600
2014-12-08,53.132376859910586,54.35371484804677,53.099588465456,54.17338180541992,6444600
2014-12-09,53.476684463430175,54.11604298532069,53.214383371019935,53.96849822998047,5377100
2014-12-10,53.894696853088405,54.419298725198885,53.34550524537081,53.3864860534668,5625500
2014-12-11,53.73897009570599,55.14064174131627,53.64061112294357,53.90291213989258,7175100
2014-12-12,53.82914273910725,54.30456534034543,53.1406048369694,53.17339324951172,5567100
2014-12-15,53.92750377236533,54.06684982449359,52.82911392595784,53.5422477722168,5549000
2014-12-16,53.14879541016447,53.845538208509495,52.5176356883843,52.64059066772461,7126800
2014-12-17,52.829121198003165,54.23079933941311,52.829121198003165,54.05865859985352,4799800
2014-12-18,54.67341968721091,54.80457332694473,54.009471583870265,54.60784912109375,6990400
2014-12-19,54.8209706777568,55.07507932037922,54.14882383158702,54.83736801147461,10180300
2014-12-22,55.058676392095975,55.63246419265758,54.92752900443178,55.60786819458008,4333800
2014-12-23,55.78820884408367,56.025920160874215,55.48492695149798,55.689849853515625,3897800
2014-12-24,55.698008776127,55.698008776127,55.23898375281578,55.33734893798828,1607400
2014-12-26,55.468520090286624,55.82918633709196,55.32097537602531,55.32917404174805,2969500
2014-12-29,55.12426412558983,56.34560294773103,55.05868729190076,56.20625686645508,2936600
2014-12-30,56.01770534744004,56.46033943866529,55.87016690411383,56.18984603881836,2879400
2014-12-31,56.34557440460975,57.025919638549645,56.31278600437492,56.39476013183594,4352000
2015-01-02,56.55871596946169,56.82921567717218,55.198025018251386,55.49311447143555,4212000
2015-01-05,55.07507258233392,55.230809711097045,54.00947115606139,54.16521453857422,7335600
2015-01-06,54.53407355435109,54.75539375763592,53.575036016782775,54.28816986083984,5247400
2015-01-07,54.80458552498376,56.05871277876236,54.788188189492544,55.90296936035156,4719600
2015-01-08,56.50952768927493,57.37019991573851,56.4193611340622,57.083309173583984,5536700
2015-01-09,57.00954222839133,57.07511279082794,55.96033193066353,56.00951766967773,5644000
2015-01-12,56.23903711577234,56.32920368556225,55.44393532057957,55.61606979370117,4604800
2015-01-13,56.14886580495508,56.89478804591562,55.20621936185919,55.62426376342773,6034500
2015-01-14,55.04228564761344,55.46033006496869,54.80457436142123,55.23900985717773,4810800
2015-01-15,55.44392298865737,55.91114681285256,54.27996276048671,54.38652038574219,5288300
2015-01-16,54.2878390320016,56.02340529703479,54.205585985539,55.92469787597656,4817200
2015-01-20,55.941127274679616,56.2454640382653,54.4934504563587,54.71553421020508,5924700
2015-01-21,55.34068228005414,55.82598582776387,54.90473557098686,55.37358474731445,5182000
2015-01-22,55.66970903962159,57.27366533760184,55.43939800970697,57.20786666870117,7069200
2015-01-23,57.183173323696174,57.693152124486346,56.862382130208296,57.33945846557617,4862600
2015-01-26,57.32300762612033,57.98926526138799,57.1009175640289,57.93991470336914,5062700
2015-01-27,57.28187189231943,57.586214943946,56.97752884069286,57.45460510253906,5846600
2015-01-28,57.77541143595765,58.491026016864645,56.87884268879655,56.93642044067383,5372700
2015-01-29,57.1091297243431,57.77538718432878,56.63205353732788,57.52040100097656,6409400
2015-01-30,57.14203990960011,57.265422564381446,55.661460603229024,55.73549270629883,8963700
2015-02-02,55.58742974565199,56.33594023938971,54.4276416813581,56.2701416015625,5695300
2015-02-03,56.82125257785729,57.29832886136084,56.22079363130931,57.27364730834961,5101400
2015-02-04,57.17493561124902,58.66373564992972,57.10913069974335,58.12908172607422,6143700
2015-02-05,58.24425480694723,58.81181135828627,58.17845615103403,58.78713607788086,4924500
2015-02-06,58.83649927122468,59.42873123012471,58.622636335954105,59.14084243774414,4836300
2015-02-09,58.77066920882056,59.08323942882613,58.2113399617342,58.3593978881836,2800400
2015-02-10,58.48276897627052,59.132578287456994,58.43341843571241,59.02565002441406,4090000
2015-02-11,58.88584554935046,59.11616284196783,58.49925564234226,58.754241943359375,3049600
2015-02-12,58.87760486174358,59.42047975180322,58.762449391867214,59.379356384277344,3437000
2015-02-13,59.27245354810199,59.494543698524446,59.09149306272245,59.26423263549805,2560100
2015-02-17,59.05033946100916,59.7083698364843,58.811801331917295,59.60966873168945,3690600
2015-02-18,59.60970592103247,59.84001700991054,59.321817059934894,59.65082931518555,3765300
2015-02-19,59.66724454909826,59.92223076228808,59.29709659151371,59.46160888671875,3023000
2015-02-20,59.33000075637988,60.51446421390169,59.01743679975722,60.5062370300293,4289900
2015-02-23,60.81059753283248,61.14783686236803,60.26771620047682,60.64609146118164,4902900
2015-02-24,62.19245704949656,62.36519027176969,60.81058499580845,61.40281677246094,9780200
2015-02-25,62.4310095314,62.4968144718044,60.25126951566414,61.22187042236328,9318100
2015-02-26,61.28767744814981,61.71539702432303,60.506257874144,60.95043182373047,7552300
2015-02-27,60.75301455376079,61.50152527353515,60.580281310735934,60.942195892333984,4913700
2015-03-02,60.47333675365939,61.86343592966779,60.47333675365939,61.76472854614258,5187200
2015-03-03,61.6084752989374,61.847013534944814,61.04914577755926,61.69895553588867,3591100
2015-03-04,61.57555222675042,61.64135715443115,60.7941391059275,60.884613037109375,4988500
2015-03-05,61.18071558132402,61.68246706323387,61.18071558132402,61.32877349853516,3516500
2015-03-06,60.835271644131296,61.18073815324582,60.31707188045952,60.46512985229492,5833200
2015-03-09,60.48156845613007,61.21363101433172,60.39108825001497,61.082027435302734,3292100
2015-03-10,60.67074668514906,60.9915378116599,60.09496307373047,60.09496307373047,3844600
2015-03-11,60.185455845647056,60.530922319405136,60.086754724861095,60.10320281982422,3526700
2015-03-12,60.45690130328868,61.67426751932501,60.45690130328868,61.64136505126953,3572700
2015-03-13,61.64138041932197,61.81411371304996,60.65432495808325,60.99979782104492,4138200
2015-03-16,61.43572804959786,62.14311540925815,61.43572804959786,62.05263519287109,4163300
2015-03-17,61.67423960946723,61.83051841762872,61.32876698897579,61.33699417114258,3902800
2015-03-18,61.25477124278595,61.46040696938292,59.74128903177,61.295894622802734,7011500
2015-03-19,61.43570805154994,61.67424615569576,60.99976148295658,61.32877349853516,3786200
2015-03-20,61.39460969149145,62.18425022709363,61.07381842001261,61.879913330078125,8080500
2015-03-23,62.14311411466508,62.65308665949109,61.80586853779278,61.99505615234375,5934600
2015-03-24,62.0690802434408,62.71888982220009,61.87989890973457,62.19246292114258,4899900
2015-03-25,62.25826383929582,62.37341932425991,61.03267060210151,61.082027435302734,4142900
2015-03-26,60.50623926583698,60.613173833621794,59.61789791537249,59.93046188354492,7672900
2015-03-27,59.84821856036772,60.66253421162679,59.84821856036772,60.59672927856445,3651700
2015-03-30,60.744787506556754,61.682485842543386,60.720112225426135,61.52620697021485,3959700
2015-03-31,61.28769517444808,61.99508282370218,61.09028028941911,61.1889877319336,4518300
2015-04-01,61.13140995934345,61.56735684831263,60.621430919611775,61.1889877319336,5902500
2015-04-02,61.073837918989774,61.7483231507112,61.00803295113716,61.55913543701172,3379000
2015-04-06,61.05736448022039,62.21714674873477,61.04091010733109,61.74007034301758,4714000
2015-04-07,61.69072286839701,62.10199435418632,60.90930955559925,60.95866012573242,3124800
2015-04-08,61.0244475339151,61.64957549431788,60.95041542448398,61.53442001342773,3439200
2015-04-09,61.36994185742784,61.82234307752784,60.284185204693735,61.07382583618164,4473100
2015-04-10,61.27944487854239,61.64136575578505,60.90930309081998,61.60846328735352,3140400
2015-04-13,61.69071538522604,61.888123917317614,60.678984891686525,60.71188735961914,3448900
2015-04-14,60.69541854334718,61.12313792944912,60.053836326443296,60.85170364379883,3679500
2015-04-15,60.91750597251187,61.38635502677106,60.35817672572001,60.38285827636719,3088300
2015-04-16,60.678963677786136,61.47683098857427,60.57203540101628,60.93395614624024,3846100
2015-04-17,60.53913828383803,60.77767640736425,59.60966734085857,59.67547225952149,5547400
2015-04-20,60.14582892492311,60.34386528899913,59.86527793377063,59.9312858581543,3610900
2015-04-21,60.12105048711026,60.657404786131664,60.07979004277787,60.434608459472656,4046400
2015-04-22,60.39337098687445,60.54189981384005,59.87351694476401,60.29434967041016,3152500
2015-04-23,60.19534054875229,60.9792452981149,60.17058678848683,60.54191207885742,4170800
2015-04-24,60.58315475672616,60.7481902862986,60.22833623747261,60.36861801147461,2401000
2015-04-27,60.70692723823805,60.70692723823805,59.23814571279066,59.27939987182617,5629100
2015-04-28,59.08135101762934,59.64245908436632,58.627517591662446,59.19687271118164,4181000
2015-04-29,59.023595912028,59.06485636179297,57.68684295790928,58.12417602539063,4526700
2015-04-30,58.06639881283994,58.49547841038335,56.60586492093045,56.82040786743164,10950700
2015-05-01,55.83849947810459,58.39649072774487,55.78073860875816,58.33872985839844,9932000
2015-05-04,58.49549533472919,58.92458135187789,58.2314448224303,58.79255294799805,4888600
2015-05-05,58.718308845607645,58.92459856533708,58.06643257580712,58.11594009399414,4017500
2015-05-06,58.1159258175143,58.47899764959566,57.71159982889894,58.39647674560547,4356300
2015-05-07,58.48725694887924,59.9725453952166,58.47900989312243,59.65073394775391,5523400
2015-05-08,60.27785114042089,61.00398859736151,60.228337332917725,60.451133728027344,4171200
2015-05-11,60.26135058391633,61.00399481756821,60.203589715491326,60.41813278198242,3940400
2015-05-12,60.52539341994596,61.00398700875509,60.18708160403722,60.78944396972656,3850000
2015-05-13,60.962727729457455,60.962727729457455,60.23659027741108,60.32735824584961,3292400
2015-05-14,60.43461706054724,60.59965256590477,59.42792251197917,59.6259651184082,5763000
2015-05-15,59.77449253923351,60.3273473045728,59.444427831634,60.31084060668945,4784800
2015-05-18,60.41811543775286,60.46762294063003,59.92302152259906,60.28608703613281,4982900
2015-05-19,60.79769095959214,60.85545181458076,59.24639492885422,59.27114868164063,8728300
2015-05-20,56.65542018597769,57.472325836479946,56.20158021599666,56.52339172363281,16012500
2015-05-21,56.52335913619979,57.66207563783356,56.317069504315846,56.70489501953125,8765500
2015-05-22,56.82043020728091,57.62908223090137,56.62239387635815,57.38153839111328,4862500
2015-05-26,57.36504078377234,57.72811269423031,57.09274314639133,57.41455459594727,6815900
2015-05-27,57.71162069003708,58.72656270319428,57.62909975621788,58.35524368286133,5265300
2015-05-28,58.165457219824034,58.48726873212106,58.03343505103064,58.132450103759766,2814500
2015-05-29,57.94266147339541,58.36349429334127,57.57958952713128,57.744625091552734,4131300
2015-06-01,57.72808864790963,58.08290705929701,57.51354567241823,57.87661743164063,4165400
2015-06-02,57.64559849970017,58.33048186484439,57.571330928612696,57.88489532470703,4807600
2015-06-03,57.91788264330444,58.652273274581326,57.88487554470701,58.297454833984375,3433100
2015-06-04,57.79410283967003,58.404718374804204,57.59606655984864,57.87661743164063,4554600
2015-06-05,57.80236113962396,57.96739033770374,57.53005729687799,57.58781814575195,4291500
2015-06-08,57.51356857831836,57.71161123247392,56.67190933227539,56.67190933227539,4433000
2015-06-09,56.76267308035786,56.96070942430068,55.92100760154262,56.54813003540039,5228600
2015-06-10,56.72140299998985,57.166989419859874,56.399591634882746,57.07622146606445,4768600
2015-06-11,57.2082680890691,57.88489813573739,56.87820326973908,56.968971252441406,3605600
2015-06-12,56.729646174802994,57.46403672710185,56.71314577500894,56.96068954467773,4350900
2015-06-15,56.82041326149451,57.092717069966426,56.506855306425365,57.026702880859375,4989000
2015-06-16,56.82866964587858,57.43103184115639,56.79566254956117,57.2660026550293,3426000
2015-06-17,57.26602138921809,57.72810829791046,57.04322499005429,57.48881149291992,3380600
2015-06-18,57.56308387274047,58.338728920716605,57.56308387274047,57.88489532470703,4462400
2015-06-19,57.70334207660963,58.16542888548398,57.52180617442024,57.75284957885742,11947400
2015-06-22,58.16543740123503,58.37172708475029,57.810618893770304,58.00040817260742,4052800
2015-06-23,58.528506578434566,58.56151368174082,58.00865886614887,58.25620269775391,3634300
2015-06-24,58.21496268214306,58.57802831578744,57.81063029001455,57.8271369934082,3543900
2015-06-25,58.13242244520208,58.46248715334112,57.45579262647435,57.48055267333984,3398400
2015-06-26,57.34853803299288,57.53832733173852,56.50687880596527,56.6141471862793,9297500
2015-06-29,56.358348672621936,57.01021858593898,55.69821911309671,55.72297286987305,5311200
2015-06-30,56.26757026043157,56.275817314185424,55.02983228757886,55.2608757019043,10150900
2015-07-01,55.656951852724575,55.937509084646265,55.25262585204757,55.48366928100586,5782900
2015-07-02,55.65695499809616,55.92100554546538,54.7987954407424,55.0380859375,6064900
2015-07-06,54.73279278910244,55.12061848958849,54.443988425590376,54.666778564453125,10279900
2015-07-07,54.84006001696712,55.64046516130482,54.32021217369447,55.59095764160156,8437900
2015-07-08,54.94732321937388,55.623959500557504,54.85656154030964,54.8978157043457,4941600
2015-07-09,55.5331890313908,55.714718676826905,55.161863798973314,55.30213928222656,3767900
2015-07-10,55.665203391292174,56.33357990266911,55.46716707226587,55.98701477050781,4157900
2015-07-13,56.440878748894725,56.65542185880804,56.15207434831744,56.35836410522461,4158300
2015-07-14,56.1108057171709,56.44087053930565,55.75598713508204,56.4326171875,4981900
2015-07-15,56.24283358879671,56.66366009463681,56.05304427198551,56.333595275878906,3532800
2015-07-16,56.06954075137107,56.54813439026353,55.566193354512166,56.30059051513672,5654600
2015-07-17,56.05303764963566,56.1933131350096,55.32690017052755,55.72297286987305,6601200
2015-07-20,55.101522281607714,55.59867760928762,54.68722512159562,55.26723861694336,5332000
2015-07-21,55.16781091908868,55.44952995132193,54.8280842160949,55.0103759765625,5375100
2015-07-22,55.18437911210319,55.93840295945747,55.18437911210319,55.880401611328125,4921000
2015-07-23,56.02956151427868,56.47700329607949,55.69812245498095,56.09584426879883,4169300
2015-07-24,56.25327164594276,56.28641617956296,55.5821122247354,55.66497039794922,3629000
2015-07-27,55.54895782470703,55.863821355663966,55.28380792451375,55.54895782470703,3422500
2015-07-28,55.72297007195712,56.3444158348414,55.23410243955796,56.1786994934082,4398000
2015-07-29,56.31127036582706,57.06529424665789,56.16212313234806,56.95757293701172,5205900
2015-07-30,56.65926361823457,57.1729942481501,56.360969229467024,57.05699157714844,3566900
2015-07-31,57.37187224724544,57.83588939187724,57.02386413002659,57.47130584716797,4316400
2015-08-03,57.31387972420943,57.463026986234325,56.60957566752073,57.09844970703125,5576800
2015-08-04,57.26415725525103,57.86902760351141,56.99071959671908,57.47130584716797,3132500
2015-08-05,57.93532123868297,58.175614382856,57.6038822011452,57.95189666748047,3914900
2015-08-06,57.95187367826362,58.08444544768387,57.25585134337548,57.42985534667969,4840900
2015-08-07,57.42159038532398,57.69502171350313,57.13986502198956,57.61216354370117,3310300
2015-08-10,57.98503233351393,58.1507486660965,57.521015223271554,57.64530563354492,5759400
2015-08-11,57.08185741124142,57.70330309911675,57.06528830776729,57.52101135253906,5486000
2015-08-12,57.13157215753797,57.21443664154203,56.4024114786793,57.14814758300781,5001700
2015-08-13,57.29730884122045,59.59251274063789,57.18130612120218,59.00421142578125,8551500
2015-08-14,59.07051070866029,59.89081760531249,58.94622025239778,59.74995803833008,5864600
2015-08-17,59.55107551830214,60.13937672160726,59.16163517993904,60.0565185546875,5238500
2015-08-18,60.62824625622611,60.90168390524714,60.24709361895731,60.50395584106445,10796100
2015-08-19,60.131082645625845,61.75512656776165,59.86593274653576,61.622554779052734,11734100
2015-08-20,61.28283052450228,61.96227756276768,60.636528015136726,60.63652801513672,7023200
2015-08-21,60.106238822316094,60.553680559058726,58.83849039571543,58.921348571777344,8210600
2015-08-24,56.02125157123552,58.0595924428839,53.212317879187104,56.60126495361328,10961200
2015-08-25,58.01816992204062,58.15903575706905,55.432959760039765,55.50753021240234,7464100
2015-08-26,56.924422403637486,57.44644082661633,54.96065807848068,56.96585464477539,6497100
2015-08-27,57.388459058052135,57.711610419807535,56.137279544626985,57.22273635864258,6607900
2015-08-28,57.20616299576016,57.45473754387892,56.42728217063832,56.71728897094727,6282600
2015-08-31,56.75869766992968,57.55414727283469,56.543261426953904,57.3138542175293,6775100
2015-09-01,56.24498305774235,56.7338570189487,55.83897359013503,56.13726806640625,7114300
2015-09-02,56.92443989509515,57.22273442226368,56.41071534849609,57.2061653137207,4452600
2015-09-03,57.347016707302906,57.95189339073361,57.08186675659971,57.2558708190918,3419500
2015-09-04,56.59299666866439,56.75871301009759,55.74782689100478,56.1786994934082,3235700
2015-09-08,56.76698385623577,57.46299986945258,56.46868947295104,57.42985534667969,4103000
2015-09-09,57.87731845635617,57.91875070565606,56.2947064155446,56.43556594848633,4096800
2015-09-10,56.23670527278548,56.86643247715075,56.01298124039558,56.28641891479492,4538100
2015-09-11,56.16212443699406,56.89957290808421,55.99640809446696,56.86642837524414,3415200
2015-09-14,56.841561459530645,57.17300040738616,56.32783709594314,56.46869659423828,2645100
2015-09-15,56.825005960356975,57.88560579005628,56.3527074011417,57.53759765625,5798900
2015-09-16,57.52931233724216,58.21704724102076,57.330451441312725,58.05961227416992,3765500
2015-09-17,58.20874306055831,59.31905626389447,57.893879537598536,58.399322509765625,4367400
2015-09-18,57.94359468717958,58.00159603034304,56.34440757233324,56.5018424987793,8800900
2015-09-21,56.66755260817193,58.026446489143936,56.60955127136233,57.67015075683594,5276100
2015-09-22,57.11501824588397,57.37188051393668,56.369281943195496,56.89958190917969,3926200
2015-09-23,56.8167131017032,57.10671985361621,56.617852232059,56.94929122924805,2391100
2015-09-24,56.59300210274701,56.89957799600327,55.913554922953,56.742149353027344,4180000
2015-09-25,57.2890217555701,57.61217309655164,56.634431358750646,56.91615676879883,3628600
2015-09-28,56.70900133839193,57.16472445397205,55.5572556569767,55.640113830566406,5607500
2015-09-29,55.64011481914255,56.33613107567058,54.86952177988735,55.32524490356445,4355300
2015-09-30,56.10411034219086,57.18128528898141,56.10411034219086,57.10670852661133,4936000
2015-10-01,57.206141508301485,57.87730075430132,56.61784041388518,57.82758712768555,5185200
2015-10-02,57.02387084719868,58.21704890012705,56.47700178738924,58.19219207763672,4389900
2015-10-05,58.70592192646362,59.53451646691244,58.54020554704372,59.46822738647461,4492000
2015-10-06,59.23621875136208,59.48479962884184,58.623060594366144,58.98764419555664,5256800
2015-10-07,59.33563595171543,59.60078586422646,58.90476339283964,59.48478317260742,4679400
2015-10-08,58.71420648875596,60.711115936724994,58.62306058846751,60.62825775146485,3966000
2015-10-09,60.52881690070852,60.86024956751552,60.15594566804129,60.76082229614258,3403500
2015-10-12,60.64482578350257,61.29941611405104,60.57853671471128,61.15855026245117,2789400
2015-10-13,61.04254172108696,61.28283483124334,60.32166871229073,60.462528228759766,4102000
2015-10-14,60.404535845327565,60.66968581284357,59.29421601020351,59.69194412231445,3758200
2015-10-15,60.04822522135794,60.31337512368857,59.41020412027738,60.19737243652344,3016300
2015-10-16,60.5868133733321,60.81881875009357,60.131084010641786,60.30508804321289,4149500
2015-10-19,60.196970360828,61.09530359946082,60.11378583380356,61.07867050170898,3765600
2015-10-20,61.028739226950606,61.06201175456641,60.33834855761555,60.58788299560547,3632100
2015-10-21,60.9123112826239,61.07034791516279,60.33005135120697,60.488094329833984,2982700
2015-10-22,60.50472257458133,61.25333880003115,60.022286648036,61.070343017578125,3810200
2015-10-23,61.36978356497205,61.4945539814794,60.35499348497328,61.17847442626953,3344500
2015-10-26,61.23670899426112,61.90214073900899,60.72099415655896,61.68587875366211,4114400
2015-10-27,61.55277932970456,61.72745537438004,60.85407515100264,61.17847442626953,3387800
2015-10-28,61.34483055930309,61.71082208762507,60.55462850070279,61.56941223144531,3770000
2015-10-29,61.55277971975429,61.64427760270034,60.7293051193268,61.44464874267578,2942000
2015-10-30,61.41970177288954,62.0269145396792,61.36979613449992,61.4113883972168,4418900
2015-11-02,61.46959895799782,61.793998221604845,60.7625750846514,61.3614616394043,3880200
2015-11-03,61.36979260511064,61.64428629264396,60.97053482877848,61.51119613647461,3174200
2015-11-04,61.69420005713141,61.71915287817902,60.73763505841087,60.80418014526367,5475900
2015-11-05,61.02045722202079,61.611030673510434,60.72933035805965,61.20345306396485,3334400
2015-11-06,60.87904420010425,61.20344356188087,60.429874388546935,60.83745193481445,4223300
2015-11-09,60.71267583931728,60.82081318057951,59.448351052795424,59.90583419799805,5622000
2015-11-10,59.8808819902937,61.03707579343323,59.8476094500343,61.00380325317383,3789300
2015-11-11,60.92895067107885,60.92895067107885,59.98070539357784,59.9890251159668,3213700
2015-11-12,59.82265231637329,61.34483760648336,59.72284104888261,60.47977066040039,5641300
2015-11-13,59.98898506386286,60.19693356212712,58.167354188320935,58.300437927246094,6960900
2015-11-16,58.10914053412777,59.647958461144725,58.01764266882698,59.5897331237793,5583600
2015-11-17,61.67755332006894,61.86054909540498,60.38826951826488,60.59621810913086,10214000
2015-11-18,61.78569007660218,62.03523094739591,59.55648072035565,61.12025833129883,9541400
2015-11-19,61.12024442130715,61.644272515408005,60.83743107569886,61.04537963867188,7321800
2015-11-20,61.46959984241883,63.2329996912776,61.41137449544872,63.02505111694336,6589700
2015-11-23,63.03338128626117,64.26443984267841,63.03338128626117,63.77367782592773,5280900
2015-11-24,63.58236410472088,64.83005566818188,63.45759367915729,64.37256622314453,5431700
2015-11-25,64.3808888152264,64.98809518271683,63.890126811744686,64.5555648803711,5265000
2015-11-27,64.7967875913126,64.87996576538397,64.17294176664545,64.33097839355469,2255300
2015-11-30,64.37256862971829,64.43911370531832,63.57404676078093,63.715450286865234,6815000
2015-12-01,63.97328352762038,64.36422140099565,63.5989723969077,64.1562728881836,3477300
2015-12-02,63.9483708305824,64.31436250975298,63.416022758746784,63.46593475341797,7085400
2015-12-03,63.37443312239888,63.64892051961316,62.28477787215781,62.484413146972656,5191700
2015-12-04,62.659060014454326,63.94002387271568,62.45942483279466,63.84852600097656,4374800
2015-12-07,63.59898744399404,63.81525572538997,62.99178119672959,63.590667724609375,3277900
2015-12-08,63.48256628363319,64.45576448343398,63.15816688369959,64.18959045410156,4019600
2015-12-09,63.96498739608812,64.57219372358762,63.10824022276669,63.31618881225586,3039400
2015-12-10,63.1914088896063,63.84020737590289,63.149816639526215,63.35776519775391,2942700
2015-12-11,62.6840291574307,63.32450808038958,62.19326714059465,62.39290237426758,3686500
2015-12-14,62.60084029625923,63.18309376318656,62.19325652332327,62.92523956298828,4430900
2015-12-15,63.32449499179652,63.848529439264944,62.2597993499554,62.3013916015625,4646300
2015-12-16,62.41784448991835,63.49917326284866,61.46127978403193,63.32449722290039,5063200
2015-12-17,63.39935977547199,63.71543931099151,62.101762755238944,62.3013916015625,4419200
2015-12-18,62.18494029466021,62.19325366802976,61.44464391523099,61.46127700805664,6948400
2015-12-21,61.96866869764023,62.46774395484695,61.58604412224555,62.293067932128906,3418500
2015-12-22,62.30972488131432,62.75888829677029,61.81896285911171,62.51767349243164,3428300
2015-12-23,63.307879782542,63.57405376819332,62.75057899166086,63.34947204589844,3258200
2015-12-24,63.07498619675975,63.74873779367435,63.00844110553409,63.44929122924805,1758900
2015-12-28,63.20807081891756,63.68219349413859,63.09993980389847,63.58238220214844,2860300
2015-12-29,63.98991661636795,64.60544243738782,63.90673848046013,64.1562728881836,2661100
2015-12-30,64.03155363297192,64.48903687341362,63.87351062197217,63.93173599243164,2209200
2015-12-31,63.59899351291203,63.98993786217281,63.233001978099885,63.24964141845703,2388200
2016-01-04,62.12672179846082,62.858698539114926,61.96867884180762,62.61747741699219,6534600
2016-01-05,62.75056076049805,63.60730782958394,62.30971081979067,62.75056076049805,5198800
2016-01-06,61.97701033980094,62.17663924408119,61.0537179316332,61.50288772583008,5326500
2016-01-07,60.587924054678254,61.45299132066861,59.68127086055061,59.94744491577149,6401600
2016-01-08,60.44649319733973,60.554630523093856,58.79122423675141,58.95758056640625,5325500
2016-01-11,59.43170129598677,60.79584346553496,59.29861750549004,60.454811096191406,5443300
2016-01-12,60.95389925061863,61.785693741148,60.19696956420282,60.945579528808594,4649500
2016-01-13,61.25335468056844,61.32821949556667,57.842998042781296,58.1424446105957,7755300
2016-01-14,58.10085247319041,58.73301815624043,56.270906862258926,58.15076446533203,8323000
2016-01-15,56.58067081389906,58.76038425092308,56.572317639323536,57.616241455078125,7995100
2016-01-19,59.136198894363424,59.328283694970025,57.44922067986094,58.00876235961914,6642800
2016-01-20,57.51603330664495,58.058868635646974,55.8958613800447,56.84791946411133,9844100
2016-01-21,57.26550643345786,58.40964966588331,56.99826208951419,57.89186096191406,7615500
2016-01-22,58.76039653915353,59.21137248646222,58.61842439970636,58.87731552124024,5722200
2016-01-25,59.0109628689276,59.2949072537422,58.32614233037915,58.37625503540039,5640100
2016-01-26,59.01929293220081,59.03599928633776,58.12569413409095,58.45975112915039,4638400
2016-01-27,58.47644486170104,59.25312458426944,57.64130564911595,58.08393478393555,5342100
2016-01-28,58.36786938391959,58.45973519180659,57.55778346251911,57.816680908203125,5036200
2016-01-29,58.459739135619245,59.9379325931133,58.08392907553263,59.846073150634766,6143600
2016-02-01,58.91074202019016,60.87331860170413,58.91074202019016,60.68124008178711,5385000
2016-02-02,60.38057546445263,60.6561665979953,59.553782949002496,60.02146530151367,5250800
2016-02-03,59.61222667089883,59.61222667089883,54.33414781317188,56.30507659912109,17607500
2016-02-04,56.65583493621654,57.0567045179867,55.36972629630067,56.75605392456055,8986900
2016-02-05,56.85628958287899,57.22374657133182,54.71832847260857,54.985572814941406,7501800
2016-02-08,54.60139250842523,54.609745683542776,52.29640997542656,53.073089599609375,8311000
2016-02-09,52.67223624470536,54.16713638038163,52.530264090603865,53.57418823242188,6025600
2016-02-10,53.824711914765714,54.61809787489336,53.44890187211962,53.49900817871094,4219000
2016-02-11,52.68057071088453,53.42384392613572,52.346513829831125,52.94781494140625,4746300
2016-02-12,52.94782056952601,54.22558238164108,52.94782056952601,54.17547607421875,4260000
2016-02-16,55.87081942872755,56.5305802283276,54.74338266854302,56.31344223022461,7764900
2016-02-17,56.78947067260742,57.02330865003751,56.42200735287042,56.78947067260742,6145300
2016-02-18,57.02330950680884,57.06506901980894,55.90422592040585,56.55563354492188,5887600
2016-02-19,56.60572325808612,57.26548386598443,55.8206905195429,57.223724365234375,4967900
2016-02-22,57.22375312308317,58.35119649387981,57.22375312308317,58.01713943481445,6246600
2016-02-23,59.679057181612336,59.69576353671124,56.655850441076495,56.705963134765625,10980400
2016-02-24,55.1943435671787,57.833386349210336,54.158772801437486,57.3072509765625,12532500
2016-02-25,57.307262910131605,58.15074904280913,56.705961575259465,57.37406921386719,5839600
2016-02-26,57.95866275167465,58.33447284949902,57.4826336543474,57.7081184387207,5287900
2016-02-29,57.49098787041039,58.25096771183235,56.346851077053294,56.39695739746094,6373100
2016-03-01,56.93980345428137,57.7331833204145,55.88752604642264,57.65802383422852,5590400
2016-03-02,57.49932502492873,58.067219860526286,57.18197446476753,57.69975662231445,4286200
2016-03-03,57.28218970521449,58.43468577916047,57.20703024209935,58.40127944946289,4530900
2016-03-04,58.20085884518184,59.27818928806549,58.02548035982038,58.78545379638672,5022600
2016-03-07,58.33447569114799,59.4619124111485,58.31777570955394,59.10280227661133,4779000
2016-03-08,58.72698781075907,60.02980291323257,58.58501567710109,59.286529541015625,5702400
2016-03-09,59.37004451470059,59.84607999023677,58.8773154297589,59.16961288452149,3358300
2016-03-10,59.503675018533926,59.90454468532385,58.32612554926938,59.04434585571289,3961700
2016-03-11,59.59554363172708,60.33881713234852,59.47862463420961,60.23025131225586,3912300
2016-03-14,60.13003508577642,61.04868712526533,60.09662874613583,60.75638961791992,4127400
2016-03-15,60.38058307773918,62.06756191557009,60.3137703944408,61.04869079589844,5604600
2016-03-16,60.69792142578298,62.0007366271912,60.59770242121047,61.61657333374024,5099500
2016-03-17,61.39943173897527,61.99238618338239,61.11548746676364,61.81700134277344,4150000
2016-03-18,61.86712485850574,62.769076889792885,61.775259019859405,62.57699203491211,6499900
2016-03-21,62.34314660018638,62.93609470607399,62.05084913553853,62.81917572021485,5383400
2016-03-22,62.4099610309245,63.136528124752,62.4099610309245,62.84423065185547,5431300
2016-03-23,62.85257553656515,63.06970713258102,62.334786958883655,62.45170593261719,3778000
2016-03-24,62.09261379643218,62.53523666382761,61.65834410717856,62.4433708190918,3677400
2016-03-28,62.52688543930728,62.87764243718332,62.37656010141646,62.627098083496094,2925900
2016-03-29,62.66886414307489,63.445544074671474,62.46007928373827,63.19499969482422,4421400
2016-03-30,63.37874264983429,63.69609339862487,63.20336410142823,63.48730850219727,3170200
2016-03-31,63.47057601878352,63.78792660509924,63.14487225683668,63.26179122924805,3681600
2016-04-01,63.16157208713383,64.0969302358191,62.91938096725266,63.888145446777344,3548300
2016-04-04,64.72328259755946,64.72328259755946,63.51233340727974,63.62089920043945,3847300
2016-04-05,63.178298337613214,63.91321873273973,63.09478567001376,63.36203002929688,4080500
2016-04-06,63.32859901398172,63.80462804259809,63.04464840884607,63.54573059082031,4577800
2016-04-07,63.3619987828387,63.47056456001884,62.543559752111214,62.9277229309082,4450700
2016-04-08,63.15323121974919,63.29520336045798,62.35984512384583,62.66049575805664,3758700
2016-04-11,62.71060660891894,63.53739909860178,62.643800307734274,62.760719299316406,3852100
2016-04-12,62.95279048258674,63.478932255415,62.80246517200816,63.245094299316406,3864100
2016-04-13,63.56246790616062,64.1387162005417,63.16159814232841,64.02179718017578,4192900
2016-04-14,63.89649862238872,64.23055555917675,63.42046955823776,63.888145446777344,3670500
2016-04-15,63.96330450482546,64.68987785983855,63.754519717114285,64.56460571289062,4967200
2016-04-18,64.64004162466186,65.0675061601411,64.44725861070303,64.84120178222656,3613400
2016-04-19,64.82445669631548,65.06752823343274,63.642633175593126,64.04496002197266,4822000
2016-04-20,64.21258171606635,64.38021414368221,63.71805518349532,63.986270904541016,4043900
2016-04-21,64.51433016718765,64.51433016718765,63.49175565362973,63.55881118774414,4000600
2016-04-22,63.58395835137841,63.96113455735084,63.11458238043174,63.74321365356445,2754800
2016-04-25,63.42468401635095,63.860538482666016,63.1983796396318,63.860538482666016,3258300
2016-04-26,63.9862507308399,64.287994121228,63.40791456156703,63.96949005126953,3480500
2016-04-27,64.11199137632839,64.73224535882512,63.84377568476127,64.48917388916016,3245800
2016-04-28,63.94434951672394,64.22932584918665,63.04750283108309,63.18999099731445,3188900
2016-04-29,63.24870631414521,63.810282221020046,62.74580242149953,63.71808242797852,6631900
2016-05-02,63.13972198366604,64.31316821985426,62.87988339469358,63.818641662597656,4256400
2016-05-03,63.60071345824193,63.77672943190404,62.98046578037057,63.45822525024414,3020500
2016-05-04,62.97208485639454,63.77673208146445,62.737396881761775,63.55881118774414,2764700
2016-05-05,63.53367116559858,63.634248078658366,62.87988925686936,62.98047256469727,4079100
2016-05-06,62.955315595269866,63.38278657356494,62.4943168544843,63.315731048583984,3420800
2016-05-09,63.53365545263022,63.98626423899755,63.29896112574239,63.567176818847656,3153800
2016-05-10,63.801859014768965,64.70708281015543,63.64260377906671,64.53106689453125,4664900
2016-05-11,64.14551086932039,64.30476611386274,62.863104559469726,62.97206497192383,4770200
2016-05-12,63.13134686354118,63.55043440416341,62.87151463468129,63.19840240478516,3898100
2016-05-13,62.930177728898,63.95275220646766,62.854738656982335,62.87150573730469,5646900
2016-05-16,62.87988518679048,64.84121799648908,62.87150804108982,64.53947448730469,6820800
2016-05-17,64.00305079307273,64.25450587958736,63.33250815887942,63.75997924804688,9063100
2016-05-18,64.95856297148033,66.62652944305174,64.84121898221005,65.88055419921875,13724600
2016-05-19,65.8889269222216,67.05398947781734,65.570422774318,66.9366455078125,7037500
2016-05-20,67.16296178648967,67.33060062669149,66.64329736878376,66.90312957763672,4900600
2016-05-23,66.71872910161943,67.02047261492204,66.03980939407246,66.10686492919922,5122000
2016-05-24,66.27448781709803,67.0120794128464,66.15714384492821,66.71871948242188,5556000
2016-05-25,66.76901231905491,67.56527587697911,66.76062877993253,67.00370025634766,4137500
2016-05-26,67.00370322191456,67.39764644613466,66.80253664267433,67.18810272216797,3805100
2016-05-27,67.18809458234404,67.63232620017214,67.02883932509766,67.34734344482422,2683500
2016-05-31,67.34735574939678,67.45632258521759,66.85283559988416,67.16295623779297,5581100
2016-06-01,67.16292188705856,67.52333718592094,66.62649070662583,67.28026580810547,4205800
2016-06-02,67.4060343156625,67.6910171508789,66.9031305770801,67.6910171508789,4693900
2016-06-03,67.44791461028315,67.52334725873853,66.68517261493189,67.0623550415039,3685300
2016-06-06,66.34157116722534,66.43377095470974,65.34414059067744,65.75484466552734,6643100
2016-06-07,66.02303587128414,67.17133781791505,65.91407543340988,66.6684341430664,5259700
2016-06-08,66.49241692008414,66.62652157995156,65.79673021239373,66.115234375,4251100
2016-06-09,66.00627977641132,66.26611197428488,65.72968049784212,65.93922424316406,3367000
2016-06-10,65.71291312597813,65.80511287612038,65.3273534411865,65.6374740600586,3883400
2016-06-13,65.62071609152781,65.75482075516014,64.89150159970647,64.95855712890625,4697600
2016-06-14,64.72387145161827,64.79092698318033,63.3744092540771,63.76835250854492,8076700
2016-06-15,64.10363727538775,65.36089998057255,64.06172596064074,64.57301330566406,6237000
2016-06-16,64.42213434113938,65.67939690611905,64.2461183494144,65.5201416015625,5775100
2016-06-17,65.26868292662522,65.98951386503434,65.19324385900387,65.72967529296875,7968600
2016-06-20,66.16555884750623,66.64331850274498,65.805143220237,65.8721923828125,4146600
2016-06-21,65.92245918968962,66.07333093211645,65.4446997377992,65.65424346923828,3765000
2016-06-22,65.8721654440242,66.41698043380325,65.56204480897455,65.67100524902344,3572400
2016-06-23,66.18229544443005,66.316406510295,65.34412046707693,65.85540771484375,3701900
2016-06-24,64.13715973656697,65.41957308911779,64.03658281110576,64.58977508544922,5995300
2016-06-27,63.99463426800767,64.25447276208727,63.15645960465521,63.96949005126953,5755800
2016-06-28,64.53109112147092,65.43632165147386,64.13714785037143,65.40279388427734,4652000
2016-06-29,65.5872101043557,65.96438639049857,64.95019515497926,65.17650604248047,5958800
2016-06-30,65.17644610520367,66.88632272650952,64.97527963580522,66.35826873779297,7606600
2016-07-01,66.50079222206357,67.2467737519529,66.39183178926784,66.71871948242188,4136600
2016-07-05,66.61814304739016,66.71871994150385,66.06494455069725,66.5678482055664,4100800
2016-07-06,66.55108871301901,67.1461921279919,66.50079387029476,67.12942504882812,4372800
2016-07-07,66.97857740892024,67.53176966697205,66.9450496364976,67.45633697509766,3838100
2016-07-08,67.9256887564399,69.08236771573704,67.87540031313851,69.01531219482422,5307200
2016-07-11,69.3002803872447,69.78642321947554,69.3002803872447,69.40086364746094,3479400
2016-07-12,69.66074539858117,70.11336080004064,69.25004131744504,69.51825714111328,5347200
2016-07-13,69.48470756222,69.48470756222,68.13524532426875,68.4369888305664,5405700
2016-07-14,68.90634231591245,69.14103021214322,68.47887142219753,68.83928680419922,3332100
2016-07-15,68.93151778647108,69.35898887399401,68.34479777988547,68.4537582397461,5409100
2016-07-18,68.93356408247259,69.45547151172364,68.66419395627956,68.95881652832031,3728000
2016-07-19,68.81570781048741,69.06824508696472,68.3274725011858,68.53791809082031,5296100
2016-07-20,68.88305239731012,68.89988521878503,67.96550628082836,68.36114501953125,6853500
2016-07-21,67.8392290080476,68.04967457229486,67.06479087296704,67.4688491821289,6020600
2016-07-22,67.7298297527109,67.99078031331516,67.51938409485797,67.8897705078125,3384900
2016-07-25,68.06653494011995,68.33590508907086,67.70456820037741,68.17596435546875,2865500
2016-07-26,68.00758491237617,68.70626568181817,67.97391285360071,68.23486328125,2889200
2016-07-27,68.5042542249427,68.984069969846,67.76348797279265,67.98235321044922,2946600
2016-07-28,67.98235395356163,69.37129631102962,67.9234294376589,69.2534408569336,4343500
2016-07-29,69.00089798493258,69.48071365174111,68.92513423633679,69.26184844970703,3471400
2016-08-01,68.95040154269425,69.48072215863701,68.78204120425114,69.287109375,2912800
2016-08-02,69.49754108812964,69.54805239071,68.43690006827615,69.00089263916016,3768200
2016-08-03,68.94198185749983,69.0429916381836,68.20962883609138,69.0429916381836,3398600
2016-08-04,68.3359066259183,69.10192539516919,67.78032706867364,68.13388061523438,4027700
2016-08-05,68.54634861511542,69.1608526603941,68.54634861511542,68.79046630859375,3706000
2016-08-08,68.79044524956196,68.92512706752831,68.43689825232538,68.70626831054688,2410800
2016-08-09,68.47058868408203,69.02616824288302,68.29381512145201,68.47058868408203,3172300
2016-08-10,68.71470261611366,68.89147616903192,67.8139956051735,68.16754913330078,3785200
2016-08-11,68.66419627746926,69.10192033897127,68.00760697407092,68.69786834716797,4117700
2016-08-12,68.18438188648074,69.1355937908971,68.18438188648074,68.79046630859375,4095000
2016-08-15,69.10192305963471,69.59857807938162,68.44533373038531,68.63894653320312,5315400
2016-08-16,68.68941916716923,69.29550331636729,68.02441052692625,68.58840942382812,6050200
2016-08-17,65.38123349670566,65.7011148995481,63.81551781399263,64.71622467041016,19108700
2016-08-18,64.71622472030897,64.81724091427758,64.27008110262119,64.3374252319336,7807000
2016-08-19,64.24482621849971,65.54959137961747,64.11855758640937,65.50749969482422,6491200
2016-08-22,65.65904335942108,66.14727881293086,64.98561470476677,65.0613784790039,4502700
2016-08-23,65.52434294398512,65.65903121892848,65.0361140030415,65.06978607177734,3252600
2016-08-24,65.69269582161058,65.77687277273816,64.64046787679165,64.7835693359375,5404300
2016-08-25,64.5478816862346,65.41491662465951,64.5478816862346,65.212890625,4935500
2016-08-26,65.179221717376,65.65061788021872,64.51421274634225,64.73307800292969,3827400
2016-08-29,64.74147923609611,65.11185907785239,64.60679098651985,64.96875762939453,4544200
2016-08-30,64.93509662148666,65.16238147576705,64.3374318623969,64.44686126708984,3026100
2016-08-31,64.47211371261204,64.5815495395953,64.20274358989143,64.44686126708984,4638600
2016-09-01,64.55631664448367,64.68257891033225,63.874468297440025,64.34587097167969,3852200
2016-09-02,64.60679581188268,64.88458553066441,64.43844190962753,64.7835693359375,3314900
2016-09-06,64.7246452553759,64.81724182891467,63.60507317334511,63.98387908935547,4779700
2016-09-07,63.95021011281579,63.975462557311474,63.1420997775035,63.50406646728516,5481100
2016-09-08,62.77170001441356,63.184171504800055,62.22454028585835,62.40131378173828,7495400
2016-09-09,61.90468876435455,62.09829515207804,60.41473007202149,60.41473007202149,7632800
2016-09-12,59.93490844603532,61.16391648644068,59.64870549298919,61.02922821044922,6165800
2016-09-13,60.54939497640182,60.692496411589694,59.665521081815776,59.83388137817383,5405700
2016-09-14,59.80862540157249,60.263182119130335,59.67393717245295,59.86754989624024,5596400
2016-09-15,59.62346714712681,60.21271243821345,59.26991997247482,60.02751922607422,3942800
2016-09-16,59.78338511478045,59.91807338574355,59.286736565757046,59.72446060180664,6527100
2016-09-19,59.72447695571766,60.31372866909631,59.68239167623548,60.02751922607422,5222600
2016-09-20,60.35579769488968,60.6840923289849,60.01908986053888,60.0780143737793,4488100
2016-09-21,60.06960059798721,60.70935710564564,59.85915496988952,60.65043258666992,4511800
2016-09-22,60.818783546631074,61.10498650415104,60.40631193396796,60.67568206787109,4210800
2016-09-23,60.76826464740364,61.4332734170795,60.38104557055866,60.90294647216797,6053000
2016-09-26,60.54097281888493,60.67566105032692,59.56450883008401,59.60659408569336,7550300
2016-09-27,59.7749749822534,60.355800519291954,59.539276918262026,60.18744659423828,4821900
2016-09-28,60.50729789347876,60.96186101962037,59.98539707709576,60.406288146972656,8176200
2016-09-29,61.0039679200635,61.93834684216284,60.61674880981445,60.61674880981445,6404500
2016-09-30,60.658834207028136,61.01238767567447,60.086421950993206,60.78510284423828,6714200
2016-10-03,60.65882134832796,60.978702684422544,60.566224795488814,60.76825714111328,5366800
2016-10-04,60.81037824636761,61.492226575820446,60.75987334133114,61.19759750366211,6389100
2016-10-05,61.163905189066455,61.63530122338565,60.78509929952628,60.81877136230469,4503700
2016-10-06,59.33725030568925,60.83562222102232,59.16889636416757,60.68410110473633,6920000
2016-10-07,60.60833771871911,61.34069077817823,59.8423125898525,60.01909255981445,5418500
2016-10-10,60.39786478814644,60.48204171245287,59.68235129811024,59.74127578735352,4335100
2016-10-11,59.68234368177457,59.74968778154069,58.89948618328218,59.00049591064453,4919400
2016-10-12,59.1520376029237,60.42313063565139,59.13520478324101,60.035911560058594,5764100
2016-10-13,59.82546701080544,60.06958464524308,59.2025499153065,59.8507194519043,4403500
2016-10-14,60.2463579865491,60.549400123465375,59.96856829066099,60.06116485595703,5659900
2016-10-17,59.76510672262865,60.12885779940931,59.16449568030711,59.198333740234375,4986800
2016-10-18,59.66357587778275,59.77355115531589,58.85148202821006,59.41825485229492,5955100
2016-10-19,59.40135337385525,59.41826917619688,58.27626212661868,58.868412017822266,6770200
2016-10-20,58.8176335482954,59.31673663687695,58.68228782433999,59.122169494628906,6163800
2016-10-21,58.75842615023672,59.99348588987292,58.69921117826607,59.76508712768555,5725000
2016-10-24,60.11192395583966,60.52643526958877,59.89198628963061,60.04425430297852,4524700
2016-10-25,58.71613754103968,58.86839909052755,57.78560726784701,57.92095947265625,8714200
2016-10-26,56.83816474360768,57.540283294821286,56.67743562210253,56.99043273925781,9071900
2016-10-27,57.31188279553451,57.52336575787966,56.64359586005011,56.81278610229492,5300400
2016-10-28,56.812806578894175,57.24422733072947,56.43213323710108,56.70283126831055,8565100
2016-10-31,56.432116764216055,56.66052199340904,56.15295768584608,56.38136291503906,6272400
2016-11-01,56.20372200846453,56.415205000424194,55.13784592188217,55.51851272583008,6392300
2016-11-02,55.59465320512954,56.90584395946993,55.54389934935932,56.30523300170898,5432300
2016-11-03,56.72820512087222,56.74512737725116,56.186809087842434,56.33061599731445,4572300
2016-11-04,56.457519543682274,56.77897794621136,56.01763759015725,56.04301452636719,4748900
2016-11-07,56.77050273312989,57.244222635403126,56.68591081543104,56.87201690673828,4539700
2016-11-08,56.778966982228965,56.8889358358875,56.37291671942442,56.5167236328125,6790100
2016-11-09,55.40854560835203,57.65872781034242,54.87561077554064,57.38802337646485,7621100
2016-11-10,57.86175597906172,59.62129626706819,57.73486487535892,58.75844192504883,9759600
2016-11-11,58.640019256810334,59.26600727141622,58.504673462224126,58.986854553222656,6572300
2016-11-14,59.249089853564406,59.59591868657976,58.9530148853927,59.22371292114258,9023400
2016-11-15,58.23394303029535,59.08833597030991,57.557201450854585,58.41159439086914,11251900
2016-11-16,56.02607823664647,58.23395478105991,55.08709321647175,56.6943588256836,17592100
2016-11-17,56.69436205215623,57.55721634064013,56.29677941768143,57.4810791015625,9521500
2016-11-18,57.45569355705598,58.85994362014499,57.32880248025484,58.63153839111328,10624600
2016-11-21,58.72459923511782,58.96145916790714,58.225502441590194,58.71614456176758,6062400
2016-11-22,59.37599121327875,60.88174970028559,58.96147973237582,60.5602912902832,10677700
2016-11-23,60.763299983938566,61.220104060025946,60.585655030007246,60.71253967285156,5490800
2016-11-25,60.82251426503976,61.19471996965986,60.56873207438811,61.08475112915039,2710600
2016-11-28,60.77175410818569,61.05937435524802,60.1880653945299,60.2303581237793,5315900
2016-11-29,60.348780277469366,60.64486161362188,59.6804997379008,59.81584548950195,5870400
2016-11-30,59.84970296189197,60.15423906925084,59.587466045980335,59.68051910400391,6377300
2016-12-01,59.50285426294431,60.07808828575071,59.14756436902098,60.06117248535156,7626900
2016-12-02,60.17961438969186,61.59231957244231,60.12886052447577,61.16935348510742,7248600
2016-12-05,61.26239145053192,61.871463498900056,61.237014524174704,61.46541976928711,7497000
2016-12-06,61.397752118915065,61.846095090169634,61.19472377219821,61.29623794555664,6478500
2016-12-07,61.43158198253741,64.68841877612657,61.34698362238156,64.62920379638672,9268200
2016-12-08,63.84248589121369,64.60382594406416,63.41951991229106,63.64791870117188,7711500
2016-12-09,63.5294840555434,63.7748050796901,63.04730313330971,63.182655334472656,5553800
2016-12-12,62.844297040924246,63.41107000400378,62.649729816460486,63.03040313720703,6036500
2016-12-13,63.33492502431899,63.60562297992208,62.91195906531741,63.14881896972656,6357700
2016-12-14,63.19957628469525,63.63946452038648,62.133700202465086,62.22675323486328,6790100
2016-12-15,62.37058453991991,63.01348837120026,62.176017292328126,62.31982421875,6211200
2016-12-16,62.49744446453143,62.73431081032835,61.45695187477397,61.71918869018555,7663200
2016-12-19,61.43159182494791,62.19292555673952,61.38083150993196,61.68536758422852,5056300
2016-12-20,61.79534552786188,63.00502874855489,61.583862492453655,62.82737731933594,5348500
2016-12-21,62.67510621664948,62.869673439466666,62.429791587025264,62.75970458984375,2942800
2016-12-22,62.2183130835077,62.67511077141481,61.65153363008554,61.76150894165039,4008500
2016-12-23,61.8376304270606,61.99835957886869,61.11012836112289,61.160888671875,3591800
2016-12-27,61.40618738335063,61.541539571712455,60.87325266305795,61.10165786743164,3868800
2016-12-28,61.28777188394434,61.30469413844997,60.45030099649013,60.54335403442383,4227400
2016-12-29,60.48413379417702,60.82250786143764,60.26418968236533,60.34878158569336,4009800
2016-12-30,60.594098377824295,60.97477159705284,59.87505756899003,60.16267776489258,3877700
2017-01-03,60.6617891294118,60.83943409304712,59.629750951573605,60.01887893676758,6412200
2017-01-04,60.21345253433339,61.10168390054381,60.10348367489652,60.74638748168945,5863700
2017-01-05,60.43338136533238,60.72945626092316,59.85814737363514,60.120384216308594,4420200
2017-01-06,60.23036195832624,60.39955224794294,59.67205013746519,60.01887893676758,4645500
2017-01-09,60.00195425807228,60.33186720658039,59.976577331871454,60.120384216308594,3563600
2017-01-10,60.01888258879891,60.653331692079874,59.78202262287269,60.23882675170898,4133800
2017-01-11,60.19653600391485,60.37418098422249,59.68897154137844,60.2811279296875,3432200
2017-01-12,60.27265971686185,60.60257270636451,59.89199286865094,60.55181884765625,4310600
2017-01-13,60.39953246635599,61.42310918099202,60.39107134115886,61.03398132324219,6948000
2017-01-17,60.58565766977982,61.93068657412795,60.39109045235893,61.22856140136719,5468500
2017-01-18,60.991693816874175,60.991693816874175,60.11192379258104,60.38262176513672,8788300
2017-01-19,60.306519135369086,61.45698766923071,60.18808912046732,60.568756103515625,6274000
2017-01-20,60.59408815889906,60.847870262252194,60.28109754590344,60.704063415527344,5613900
2017-01-23,60.55957639563027,61.91970038119971,60.55957639563027,61.69868469238281,5361300
2017-01-24,61.72418769810276,62.931297363082535,61.63918116271796,62.90579605102539,5736800
2017-01-25,63.15229200530101,63.54332708602231,62.08969456239095,62.106693267822266,5372700
2017-01-26,62.37872722676476,62.76126625442722,61.94519207522745,62.251220703125,5268800
2017-01-27,62.30222289541056,62.42123330706482,61.81767865208076,62.26821899414063,4183700
2017-01-30,62.13221987700207,62.59976553655936,61.690182014351976,62.540260314941406,3856000
2017-01-31,61.91969481802676,62.5147534670885,61.84319089082888,62.12371826171875,4537500
2017-02-01,61.97922600887807,62.08123127721673,61.477676325737605,61.503177642822266,4006600
2017-02-02,61.82617896225062,61.877181569478765,61.120612629551,61.16311264038086,3538300
2017-02-03,61.30764842459676,62.395747594819895,61.02712103320349,62.30223846435547,6311700
2017-02-06,62.02170821869959,62.22572518233183,61.545666475030245,61.72418212890625,5166800
2017-02-07,61.9281855884147,62.0471959983805,61.29912963779818,61.40963745117188,3749500
2017-02-08,61.72417326709038,61.86018239479076,61.38414071946732,61.588157653808594,4029600
2017-02-09,61.58815119342546,62.642252629043526,61.571152486339045,62.5062370300293,4041000
2017-02-10,62.412745340028415,62.9397962048827,62.149223150392544,62.88029098510742,3661300
2017-02-13,62.97379987066045,63.12681421885996,62.54876073517097,62.82078552246094,3007800
2017-02-14,62.95680197411696,64.51244694694903,62.871795434277765,64.36793518066406,8106600
2017-02-15,64.15538696143582,65.85554294192457,64.05337526779756,65.37950134277344,10410300
2017-02-16,65.3795173439695,65.79605384517123,64.31691959610039,64.87796783447266,4686200
2017-02-17,64.74195260139561,65.23499298095703,64.55493437768067,65.23499298095703,5446200
2017-02-21,65.88104519643444,65.89804390282973,64.99696329552876,65.66852569580078,5294100
2017-02-22,65.73655116697373,65.83855640393229,65.11599120461955,65.2860107421875,3711600
2017-02-23,65.58352482010876,65.63452742925142,64.37641550947194,64.43592071533203,5663400
2017-02-24,64.52942282091784,64.89495012755447,64.10438382929725,64.69093322753906,11147700
2017-02-27,64.77595630647146,64.98847585667062,64.3424210936842,64.96297454833984,4005300
2017-02-28,64.5294507231878,64.54644943654745,63.05030972315578,63.22032928466797,10698500
2017-03-01,69.0943645853871,70.42898728398833,68.51631107025888,69.23887634277344,21443900
2017-03-02,69.1708752257781,69.19637653768211,68.24428648457456,68.34629821777344,8424000
2017-03-03,68.51629367163994,69.59589649227908,68.48228976931622,69.43437957763672,6554000
2017-03-06,69.08584104809717,69.28136185545527,68.87332153320312,68.87332153320312,6611900
2017-03-07,68.8563296419545,69.12835438852414,68.55880358876607,68.7203140258789,4718000
2017-03-08,68.72031312451973,69.46838603196043,68.72031312451973,69.13685607910156,4869200
2017-03-09,69.1623714455986,69.54490408879222,68.91584795876477,69.0008544921875,3806600
2017-03-10,69.33239055243749,69.70642711478152,69.230385297677,69.34939575195312,4091100
2017-03-13,69.34939575195312,69.6979245150237,69.16237747078111,69.34939575195312,4303500
2017-03-14,69.43439622070464,69.85943537325902,69.11986491300462,69.6554183959961,4383400
2017-03-15,69.70639922707367,70.82850197959847,69.68940051994211,70.78599548339844,4786400
2017-03-16,70.8285062678253,71.40655962900718,70.61598674511993,70.74349975585938,4847300
2017-03-17,71.08354471580915,71.1855499537679,70.53949516142158,71.00703430175781,5706500
2017-03-20,71.00703701728273,71.00703701728273,69.8254287381356,70.00394439697266,6068300
2017-03-21,70.40348423936402,70.8115246752399,69.45989681163483,69.63841247558594,5110800
2017-03-22,69.91893786689536,70.49699135123647,69.52790264007382,70.00394439697266,4569100
2017-03-23,70.00393696039833,70.59899557889085,69.80842261054846,70.08894348144531,3407200
2017-03-24,70.14846331692463,70.46299464450136,69.61291628567221,69.88494110107422,3456900
2017-03-27,69.08586632579616,69.75742901684784,68.89035193248255,69.33238983154297,4498100
2017-03-28,69.2983747574786,70.25896731233098,69.25587473714299,70.04644775390625,4351300
2017-03-29,69.92744761324894,70.2334763412741,69.46840452121123,69.88494110107422,3968400
2017-03-30,69.78291129420224,70.17395294532379,69.61289826069142,69.96143341064453,3740800
2017-03-31,69.71492802354166,70.17397111557938,69.54490846042592,69.88494110107422,4557000
2017-04-03,70.64998545255935,70.67548675571605,69.49387881519708,69.74040222167969,5422900
2017-04-04,69.6299262169338,69.77443799121603,69.0773739490259,69.35789489746094,4994700
2017-04-05,69.49389253527987,70.29296811504729,69.34087820054955,69.38338470458984,4083100
2017-04-06,69.59590168376528,70.09744468789485,69.5278938740448,69.680908203125,3471800
2017-04-07,69.62992505250303,70.0464616537087,69.62992505250303,69.825439453125,3243700
2017-04-10,69.7743997665103,70.54796732932877,69.7743997665103,70.06342315673828,2987900
2017-04-11,69.94444020106636,70.34397803241802,69.50240234684529,70.0549545288086,3111700
2017-04-12,69.57890392161472,69.85092870397511,69.10286217387966,69.59590911865234,3713800
2017-04-13,69.39187766439247,69.63840110834607,68.89883726206692,68.90733337402344,3846400
2017-04-17,68.90734078933735,69.68941770746883,68.89884467646655,69.66390991210938,3308100
2017-04-18,69.53639655377339,69.97843434631501,69.40888353179237,69.8169174194336,3036500
2017-04-19,70.12294557396807,70.33546511388178,69.67240518704405,69.69790649414062,3937300
2017-04-20,70.06346136596777,71.03255023964302,69.98695742174353,70.80303192138672,4538900
2017-04-21,70.77753136741318,71.15156146361356,70.53100784629038,70.95604705810547,5233500
2017-04-24,71.70724334750683,72.10846348925187,71.34870869386314,71.85236358642578,4553600
2017-04-25,72.37310099239737,72.82553854526587,71.76700478828185,72.14261627197266,5825200
2017-04-26,72.22797023744748,73.11577492521198,72.05724132217728,72.75724029541016,4407700
2017-04-27,72.94505575787942,73.20969410229895,72.44140078653466,72.79139709472656,6586300
2017-04-28,72.69747990161031,72.8084530381911,71.74991950245885,72.45845031738281,4795000
2017-05-01,72.42434166386121,72.64629456768613,71.90361627521975,72.04873657226562,3842000
2017-05-02,72.35602087368451,72.92796990950002,71.86943629632209,72.88528442382812,4251500
2017-05-03,72.91089381541786,73.41454863919716,72.68040263177397,73.0133285522461,3711800
2017-05-04,73.21821580920927,73.2950483865474,72.56090226611774,72.9023666381836,3429400
2017-05-05,73.1584585087068,73.41455841064453,72.6377268175535,73.41455841064453,3027900
2017-05-08,73.41455841064453,73.56821704922896,72.91090351982898,73.41455841064453,4111000
2017-05-09,73.58527786196727,73.62796334442447,73.0816230360014,73.2864990234375,5666200
2017-05-10,73.30359162558072,73.52553794611643,72.94505042915452,73.46578216552734,5151900
2017-05-11,73.20115282227258,73.26090860487713,71.86091040137754,72.3048095703125,6382000
2017-05-12,72.30481579555392,72.5865244433262,71.95481947099124,72.40725708007812,3569200
2017-05-15,72.72311401367188,73.46579217173485,72.4328669592128,72.72311401367188,7388000
2017-05-16,73.41455015620774,73.58527906304279,72.58650128098806,72.86820983886719,5682600
2017-05-17,72.86823270240964,72.86823270240964,71.42554888929476,71.49384307861328,4973500
2017-05-18,71.49380861721245,72.0828343186012,71.39136738261334,71.74990844726562,4590800
2017-05-19,71.84384798764353,72.49262326621623,71.62189512239888,72.2109146118164,3882900
2017-05-22,72.41576018993679,72.4925862312192,71.69015268863845,71.74990844726562,7376500
2017-05-23,71.8267395665929,71.86942504558264,70.12796301161428,70.29015350341797,9510000
2017-05-24,67.72065932201616,68.5316314410623,66.9267574893866,68.16455841064453,18988900
2017-05-25,68.34383715882258,69.70969476469827,68.2755494888422,69.42798614501953,10284700
2017-05-26,69.36821395791979,69.55601965995697,68.77064976844783,69.0694351196289,4571600
2017-05-30,68.94990079605388,68.98404787135401,67.67795317734539,67.78893280029297,6942300
2017-05-31,67.88285032460551,67.98529158251117,66.67065808073004,67.24260711669922,8678100
2017-06-01,67.2426159118963,68.6596908569336,66.83286385246033,68.6596908569336,6340100
2017-06-02,68.31822592357636,68.92432211998269,68.31822592357636,68.48042297363281,4387700
2017-06-05,68.50602048911102,68.57431465829978,67.78895125130026,67.81455993652344,3426600
2017-06-06,67.31948027191972,67.60118901632045,67.02923312265678,67.18289184570312,7719900
2017-06-07,67.26824024642558,67.37921342073562,66.32921141421575,66.40604400634766,5741200
2017-06-08,66.40603457925404,66.99506048804082,66.20115855080749,66.27798461914062,7231000
2017-06-09,66.3889444282602,67.31089614022163,66.3377270596702,67.14016723632812,5979000
2017-06-12,66.98651527368798,67.55846432274136,66.89261241334897,67.46456146240234,6262700
2017-06-13,67.473103743888,68.13041729118402,67.36213059023552,67.99383544921875,4459000
2017-06-14,68.13040202567188,69.18040360146806,67.71211168020697,68.77064514160156,5195000
2017-06-15,68.37797257165673,68.71089851518168,68.03650822850814,68.62553405761719,6004900
2017-06-16,68.41212769944786,68.59993343590162,67.64383446526949,68.12188720703125,7752900
2017-06-19,68.48896888607396,69.44506146396341,67.92555160591007,69.2145767211914,4477800
2017-06-20,69.14629406850126,69.53043754150228,68.60849190372119,68.68531799316406,4234300
2017-06-21,68.70236865667745,68.9840707236676,67.47309959020835,67.55846405029297,4752000
2017-06-22,67.60968012342853,67.73773006753808,66.84139348455263,66.87553405761719,8240900
2017-06-23,66.90967571737497,66.93529091443212,64.73285289560997,64.93772888183594,13573700
2017-06-26,65.15969099400468,65.68895457692906,65.1340823061717,65.47554016113281,5210800
2017-06-27,65.287763741883,65.82556591282732,64.69873766449633,65.15971374511719,7801700
2017-06-28,65.4157770725359,65.9194384242152,65.32187421905147,65.74870300292969,4368400
2017-06-29,65.81701137108126,65.89384395545852,65.01457751303522,65.39018249511719,3877400
2017-06-30,65.33041677972315,66.5340771531173,65.33041677972315,66.18407440185547,4681300
2017-07-03,66.58530576313684,66.96944915276741,66.57676736186517,66.80725860595703,2287900
2017-07-05,66.79016323341007,66.9182131653152,65.75723840505155,66.0474853515625,3930000
2017-07-06,65.79138076455473,65.98772484776562,65.24504050634567,65.38162231445312,4439700
2017-07-07,65.50116074963532,65.98774539715899,65.43286656786914,65.85969543457031,3904900
2017-07-10,65.98774708153249,66.13286733682116,65.6035971839608,65.6633529663086,4611900
2017-07-11,65.71457313814918,65.83408469607534,64.89505600823914,65.09140014648438,5139100
2017-07-12,65.39018350453668,65.6633537288549,64.90359883894197,65.0657958984375,4379300
2017-07-13,65.31332175398701,65.65478597608045,65.1169777095946,65.32185363769531,4648200
2017-07-14,65.33041935905543,65.47553959745366,64.65602902939817,64.92919921875,4778400
2017-07-17,64.92919287650177,65.44992451672815,64.82675813605752,65.24504852294922,3960600
2017-07-18,65.08286467936047,65.22799144586209,64.775547370015,64.84384155273438,3174100
2017-07-19,65.08284080352422,65.8596721929678,65.05723212262201,65.58650207519531,4233600
2017-07-20,64.84385198290981,64.99751066229864,61.10483280163861,61.94141387939453,23892100
2017-07-21,62.10359675238232,63.26457172816607,62.077988063825394,63.03408050537109,11614600
2017-07-24,63.09416835387414,64.17578450230361,62.716459672048266,63.78948974609375,7749200
2017-07-25,64.11571959448253,65.39477009799228,63.96120294277101,64.9741439819336,6507000
2017-07-26,64.97412445385335,65.52351537276101,64.63933956730824,65.22306823730469,4481600
2017-07-27,65.09431610242977,66.68239974420194,65.077143948882,66.09867095947266,6934800
2017-07-28,66.06430728998471,66.39909211102349,65.41190324546459,65.65226745605469,5000600
2017-07-31,65.72955332481595,66.54505385135074,65.557871071627,66.44204711914062,6833300
2017-08-01,66.33042764535443,66.92274237297417,65.45483794080265,66.81114959716797,3741200
2017-08-02,66.58795503679414,67.08584257062772,66.52786561369395,66.83689880371094,3739000
2017-08-03,67.07725564391208,67.73824583887244,66.83689795456498,66.87982177734375,3833200
2017-08-04,67.35193609601434,67.4463632457132,66.68236652488025,67.2746810913086,2493000
2017-08-07,67.38628997212913,67.67815101435282,67.03433295729427,67.23177337646484,4236500
2017-08-08,67.18883500372188,67.24034489062653,66.21023229284239,66.2789077758789,4411300
2017-08-09,66.0986393888693,67.26609640071696,65.75526852375154,67.2489242553711,3508400
2017-08-10,66.78539456361277,66.94849068170419,65.7724539096912,66.10723876953125,4028600
2017-08-11,65.89263396989469,66.53645202750383,65.81537239736849,66.32184600830078,3089300
2017-08-14,66.78539607931275,67.06867104842924,66.2531707916968,66.71672058105469,3602800
2017-08-15,66.87125180658357,66.87125180658357,63.67791248080967,63.78092575073242,9113400
2017-08-16,64.08995795352881,64.85395501572268,64.04703412112171,64.68226623535156,4900400
2017-08-17,64.61356702584357,64.83675908384052,63.61779866192352,63.62638473510742,6006800
2017-08-18,63.54054662744155,63.68648369642627,62.85381130264097,63.21434783935547,5153600
2017-08-21,63.41180258495121,63.944021435810086,62.95683222476325,63.394630432128906,8139500
2017-08-22,63.59205266441361,65.18013578384566,63.446122153544046,65.08570861816406,7612800
2017-08-23,61.76358551600008,63.01688994060956,60.74206571818614,62.67351913452149,26364300
2017-08-24,62.83664825159912,63.41179743782902,62.08123732016839,62.33018112182617,10580200
2017-08-25,62.34732302040194,63.20574688627188,62.26148194366581,62.96538925170898,6425500
2017-08-28,63.866760659529234,64.57925430474108,63.20577036964367,63.351707458496094,6499800
2017-08-29,63.28301715696634,63.66930533011677,62.90530850819329,63.05123901367188,6833300
2017-08-30,63.09417940503319,63.755163164746186,63.016924369813225,63.446136474609375,6621500
2017-08-31,63.95257506264901,64.23585649716358,63.42893600463867,63.42893600463867,9008900
2017-09-01,63.68651589587076,64.19298320838033,63.28305533207002,64.08139038085938,4817300
2017-09-05,64.61358857816333,65.36042001215544,64.40756859781474,64.96554565429688,8208700
2017-09-06,65.66944095161898,66.54503061596799,65.60076545461942,66.50211334228516,8196700
2017-09-07,67.24034992714552,67.59230034287445,65.66943251860475,66.682373046875,10408600
2017-09-08,66.99999079588814,68.11593798265862,66.63944776548841,67.43778228759766,11616600
2017-09-11,66.90558656448077,67.17169597994896,65.74670861487787,66.52787780761719,7582200
2017-09-12,66.8540747416312,67.64382998783142,66.55362757966982,67.52365112304688,5239100
2017-09-13,67.6695712018536,68.18462433546327,66.71671995751055,66.83689880371094,7471900
2017-09-14,66.87125136661491,67.46355965431587,66.87125136661491,67.35196685791016,5601200
2017-09-15,67.32622567590585,67.62667290481328,66.91417908393393,66.94851684570312,14518200
2017-09-18,66.81113331546636,67.12016644158727,66.36474922251189,66.67378234863281,8341900
2017-09-19,66.74247922739997,67.08585020530224,66.27034331412727,66.519287109375,5989100
2017-09-20,66.296093153534,67.02575229598223,66.27033493031324,66.87982177734375,6672100
2017-09-21,66.95707918155877,67.137347454983,66.51928106081073,66.99141693115234,6188200
2017-09-22,67.02578366567393,67.33481699639981,66.95710813678842,67.15454864501953,5981200
2017-09-25,67.18026784523165,68.26187743048838,67.18026784523165,68.10736083984375,8822400
2017-09-26,68.27905151373416,68.51940920615735,67.76399838007649,68.06444549560547,5260600
2017-09-27,68.29622973074243,68.50225626167213,67.49789493384694,68.01295471191406,5100400
2017-09-28,67.90135033659033,68.40782400100784,67.72966812280008,68.20179748535156,4631700
2017-09-29,68.313380484916,68.80268188140852,68.09877449436216,68.6224136352539,4451600
2017-10-02,68.70827080584694,69.76412885895941,68.54516811908297,69.35208892822266,7335000
2017-10-03,69.43790474533134,70.05597096559272,69.41215307769615,69.83277893066406,3967700
2017-10-04,69.80704436099708,70.16758089470504,69.58385227140158,69.9272232055664,4277500
2017-10-05,69.8585580480853,71.02601546747819,69.7727169391534,70.61397552490234,5202900
2017-10-06,70.51953549086181,70.9401614324652,70.03881357977377,70.27059173583984,4076400
2017-10-09,70.30491535315473,70.74271335498115,69.98729616763292,70.16756439208984,3815400
2017-10-10,70.08173670898253,70.27917711593146,69.54951145702697,69.6181869506836,4070400
2017-10-11,69.67826296778432,70.0130477483955,69.5666702239987,69.71260070800781,4912100
2017-10-12,69.70404054787379,70.24485197087066,69.30916621239191,70.02165985107422,3463000
2017-10-13,70.15041021434844,70.8371454836838,70.02164530470576,70.6740493774414,5530000
2017-10-16,70.59682563834285,70.76851445961056,69.61822227952293,69.70406341552734,4688000
2017-10-17,69.7727158160813,70.11608679553876,68.87137436291927,69.62678527832031,5517700
2017-10-18,69.66970606305097,69.80705051927974,69.2834112720662,69.3177490234375,4062000
2017-10-19,69.25767009439303,69.8757366142542,69.04306402773332,69.7641372680664,3339400
2017-10-20,70.013084538566,70.0817600551003,68.62244134966413,68.70828247070312,6506600
2017-10-23,68.87134709534418,69.70401271309403,68.7769199496476,69.02586364746094,5818100
2017-10-24,68.90509064484935,70.02676391601562,68.80154944690709,70.02676391601562,4930400
2017-10-25,70.00952131973479,70.36328223099352,69.4831982847742,69.88009643554688,4258900
2017-10-26,69.98359360187139,71.16566381181795,69.8541687991618,70.34597778320312,5134000
2017-10-27,69.67298743369355,69.90594684817658,68.52543076667358,69.55219268798828,7317100
2017-10-30,69.2588373165094,69.30198112330963,68.5081851076227,68.51681518554688,7204600
2017-10-31,68.59445916036005,69.20706297424373,68.5513153579488,68.98272705078125,5066600
2017-11-01,68.6980050607235,69.45728732250822,68.52543642203119,68.95684814453125,4605500
2017-11-02,68.33561770033742,68.42190531549996,65.0223786621052,66.13542175292969,11445200
2017-11-03,66.42879772070435,67.39516267672084,66.10955715076972,67.2312240600586,5412000
2017-11-06,67.56772722671855,67.619501129165,66.6703897172478,66.79119110107422,3870900
2017-11-07,67.05003792213917,67.57636097629518,66.62725609567433,66.98101043701172,4611900
2017-11-08,66.86880606271637,67.7488829363916,66.60133294496772,67.37786865234375,4745700
2017-11-09,67.21397703226498,67.56773137612157,66.77393503997294,67.3692855834961,4536400
2017-11-10,67.23984346541779,67.31749442972587,66.67900680840218,66.86019897460938,7451900
2017-11-13,66.86883832650463,67.19670897041847,66.60136507970184,66.89472198486328,6964100
2017-11-14,66.58409028099506,68.3873948831371,66.5582066283267,68.36151123046875,6499200
2017-11-15,68.16306041415238,68.19757414607278,67.53319632654227,67.6194839477539,5200400
2017-11-16,67.90421799547877,68.637623357471,67.49869641329008,68.56859588623047,5529000
2017-11-17,68.60310950609988,69.45730306708884,68.30974604523358,69.21571350097656,6966500
2017-11-20,70.13030549275219,70.66525852765822,69.35376288815378,70.28561401367188,7507100
2017-11-21,68.76703023944343,70.94134914337495,68.59446817276608,69.53494262695312,13081200
2017-11-22,69.750645584292,70.04400898475821,68.63760910998191,68.64623260498047,7001400
2017-11-24,68.96548276909337,68.9827363426899,68.25796776085936,68.37013244628906,2842000
2017-11-27,68.98274604756807,69.69889123476212,68.62899178509339,68.87921142578125,6651100
2017-11-28,68.75840875024075,70.52719302516428,68.75840875024075,70.47542572021484,7636900
2017-11-29,70.53582041816408,72.78779025722287,70.40639557789686,71.87319946289062,10573500
2017-11-30,72.00264517025578,73.06392136565746,71.70065814971817,71.93362426757812,9110000
2017-12-01,71.82142109001029,72.83955300951214,70.85506305307321,72.67562103271484,4935300
2017-12-04,73.2882306285311,76.34262662647502,73.08977832592005,75.96298217773438,13046100
2017-12-05,75.95437189465245,76.40304392060953,74.4444303672319,74.4703140258789,9666000
2017-12-06,72.04574585802123,74.28045505482211,71.07075789466778,71.09664154052734,12291000
2017-12-07,71.10529682212028,72.25284721986678,70.94998830908982,72.1579360961914,10391100
2017-12-08,72.34773286017408,73.96984488775533,72.34773286017408,73.85767364501953,7696300
2017-12-11,73.8404295591157,74.28909483922544,73.5211825252163,73.80591583251953,6775400
2017-12-12,73.79730065093396,73.95260916055517,73.23646400047836,73.33137512207031,7125600
2017-12-13,73.64196781861304,74.02161217959068,73.43489206845224,73.85767364501953,5956700
2017-12-14,74.23732153349319,74.50479466444442,73.66785496496769,73.84042358398438,3908500
2017-12-15,74.18556809647586,75.18643994244874,74.17693801820806,74.79817199707031,7933000
2017-12-18,75.1691787512208,76.00611193939697,75.10015129771546,75.44528198242188,7188500
2017-12-19,75.79905561695479,77.07603750328386,75.26410917203505,76.6705093383789,5659300
2017-12-20,76.98973687428989,78.46516413659981,76.73088721445153,77.81804656982422,6527400
2017-12-21,77.6196110872279,78.54283208568212,77.56784377718316,78.28398895263672,5826400
2017-12-22,78.4392881569128,78.73264498944819,77.8180541788132,78.68087768554688,3620900
2017-12-26,78.77577320696228,79.4487743557658,78.61183466662617,79.28483581542969,2757600
2017-12-27,79.34525318996145,79.72489766000446,79.28485580452927,79.47467803955078,2761200
2017-12-28,79.8456999837665,80.19083075437811,79.52645286895691,80.1218032836914,3563800
2017-12-29,80.59634688785668,80.71714165211993,80.16493513468195,80.1908187866211,3372000
2018-01-02,80.25984283190976,80.63948729619017,78.96560752130424,79.05189514160156,6572600
2018-01-03,79.16405897566959,79.45741581647924,78.66361974777195,79.39701843261719,4572000
2018-01-04,79.5437005366194,80.0872769715655,79.01737767522454,80.01824951171875,3542800
2018-01-05,81.10539379844724,81.79565510220019,80.89831804044921,81.74388122558594,5524200
2018-01-08,81.4332996583849,82.08041744309723,80.82069561212924,80.85520935058594,6191600
2018-01-09,81.38151899560224,81.89921182190638,80.72577123811224,81.57997131347656,4112200
2018-01-10,81.50231772128836,81.82156482802091,80.97599479055667,81.2520980834961,2778000
2018-01-11,81.5713494723221,82.64124896577414,81.11405398652495,82.60673522949219,3172600
2018-01-12,82.8397051803204,88.24960687635647,82.51182796170933,87.02439880371094,14247600
2018-01-16,87.57660397118406,91.11417976084476,86.36001941636167,87.11930847167969,13570400
2018-01-17,87.36951114961805,88.25821831862248,86.76553073819821,87.73189544677734,5296100
2018-01-18,88.02525540628332,88.12016652311976,86.98123970390373,87.45579528808594,5956600
2018-01-19,89.97523168508857,90.89845254787878,88.41352328855713,90.5533218383789,9558300
2018-01-22,92.32211921799669,92.64998979493652,90.89845905367828,92.41703033447266,7084300
2018-01-23,92.67687231437978,93.8115122813886,91.94065549144952,92.77214813232422,6118200
2018-01-24,93.01466056595724,93.23119530172082,91.72411539107866,92.4343490600586,4127500
2018-01-25,94.35719014977283,94.39183650472044,91.90601505419068,92.1398696899414,4864800
2018-01-26,92.36505561737138,93.02332305908205,91.40364086964784,93.02332305908205,4017200
2018-01-29,93.5430086779724,93.87213910736206,92.3997055028996,92.5382843017578,3787300
2018-01-30,91.55954696773934,91.9319869779452,90.6241153223689,91.10049438476562,6360800
2018-01-31,91.52492838469172,91.98398110693712,90.54619346005754,90.71076202392578,7082200
2018-02-01,89.93989549951918,91.0139129148425,89.42887651987367,89.95722198486328,4922900
2018-02-02,89.94853416160082,89.95719740190543,87.60996149618379,87.9131088256836,6247900
2018-02-05,87.80918523991078,89.30760888708174,84.05014447547117,84.51786041259766,8339800
2018-02-06,82.53437823225616,87.41073795831053,82.11862864433213,86.804443359375,9031200
2018-02-07,86.61388650618773,88.62332840880669,86.39735178992227,86.54459381103516,5257300
2018-02-08,86.54460124429174,86.70916975738501,82.18792343613684,82.29186248779297,7673100
2018-02-09,83.31393747053336,85.02023286873249,80.12654473183665,84.16275024414062,9667800
2018-02-12,85.09815694487142,85.74776119635898,84.16272523678144,84.69107055664062,8067600
2018-02-13,83.98085101790716,84.54384278587007,82.17062337003507,83.20132446289062,5541700
2018-02-14,82.36115761296914,84.36194327604386,81.76352617272494,83.9548568725586,8395800
2018-02-15,85.03751478456171,85.04617802356081,82.82020138508435,83.591064453125,5729300
2018-02-16,83.56509533486417,84.59579627240312,82.96745729805684,83.4178466796875,5331500
2018-02-20,83.62573318069354,84.6044679898327,82.65565500475498,82.84620666503906,6648700
2018-02-21,83.14936040800218,84.18872476985523,82.47377291198595,82.57770538330078,4248700
2018-02-22,83.16666088078208,84.17138525653618,82.91548639495946,83.92020416259766,4461200
2018-02-23,84.30130919877529,84.55249029800339,83.68635131091999,84.43988800048828,4358200
2018-02-26,84.81233556489923,84.86430840226097,83.7643080903842,84.45722198486328,4733600
2018-02-27,84.55248890920551,85.23673949073633,82.69895203594118,82.96745300292969,8503300
2018-02-28,75.7005493197906,79.87533900227564,75.13755765264325,77.5973892211914,34109800
2018-03-01,77.58006156013981,77.69265723901864,75.44936064396794,76.18557739257812,15153400
2018-03-02,75.25014497728843,75.64856807685437,73.69109892787152,73.91629028320312,12476800
2018-03-05,73.673788118682,75.37141992454677,73.66513148571566,74.77378845214844,8324600
2018-03-06,74.9210145763291,75.52730916086828,74.73912620096735,75.45802307128906,6359000
2018-03-07,74.91236716575604,75.18953140698262,74.06355456805066,74.58323669433594,6417100
2018-03-08,74.86906666019334,75.18953390117281,74.02024742621414,74.62654876708984,4711800
2018-03-09,75.1375508262089,75.63991298252205,74.68716149827966,75.59660339355469,6370400
2018-03-12,75.5706294154751,76.2721999063396,75.3627579011664,75.94306945800781,5797500
2018-03-13,75.98636372266697,76.2375381723882,74.40132805155324,74.60919952392578,5792000
2018-03-14,75.1289111605832,75.28481647842364,73.84702886555529,74.81710052490234,7045600
2018-03-15,74.96432546670367,75.05093803626885,73.87298858745899,74.08952331542969,4737800
2018-03-16,74.08085502916947,75.64856423827787,74.08085502916947,75.35408020019531,8772400
2018-03-19,75.01630216301518,75.3714157302595,73.88166214459062,74.30606842041016,6767000
2018-03-20,74.65252778938222,74.87771918741997,73.68244966204675,74.25410461425781,4797800
2018-03-21,74.39268328510705,76.20291735551969,74.20213163473555,75.57063293457031,6808700
2018-03-22,74.92102512536867,75.5879492622661,74.1848082810201,74.22811126708984,12067700
2018-03-23,74.43599190539777,74.6005538310111,72.53048203478244,72.55646514892578,7383700
2018-03-26,76.5320490799615,78.2383441124309,75.91709113061509,77.34622192382812,13886800
2018-03-27,77.08637937386598,77.08637937386598,74.06355578577026,74.45331573486328,10944900
2018-03-28,74.56589870065535,75.29345885162688,73.69110312290482,74.3840103149414,7725100
2018-03-29,74.68714934012633,76.22021206152066,74.46195140876344,76.00367736816406,8515600
2018-04-02,75.65726218427228,75.83049399918524,71.95885049344497,73.26671600341797,9611700
2018-04-03,73.6391337627914,74.496616117714,73.05015898734177,74.0115737915039,7352900
2018-04-04,73.03282877693269,76.45407464783473,72.8855867559423,76.27218627929688,7860800
2018-04-05,76.66195578506269,77.12967158340075,76.41943795069082,76.86982727050781,5098000
2018-04-06,76.34150325237108,77.216305633831,75.54465682971315,76.42811584472656,8757100
2018-04-09,76.6186656758272,76.73992462384109,73.68245459098758,73.82969665527344,7343900
2018-04-10,74.39266819225134,75.60526395105289,73.95093551129261,75.475341796875,5633700
2018-04-11,74.79975277452192,76.02100513573932,74.68715710119737,75.05093383789062,4643900
2018-04-12,75.29345709964934,75.61393088118307,75.06825912862253,75.38873291015625,3931300
2018-04-13,75.6572279695883,75.89974579267385,74.28872698718833,74.6871566772461,4826100
2018-04-16,75.1375473002971,75.33676214883687,74.36668423128332,74.53990936279297,5093300
2018-04-17,74.99032560674507,75.29347297312444,74.52260969513821,74.62654876708984,5132200
2018-04-18,74.79111340076761,75.7438651329326,74.53993225724933,74.84308624267578,5119500
2018-04-19,74.74779806904317,74.74779806904317,72.73835586073922,73.51787567138672,5719400
2018-04-20,73.95093625281112,74.10684151776482,72.13204590042811,72.4265365600586,7568700
2018-04-23,72.90291734899769,73.2493742673178,72.2792962176447,73.05882263183594,5084400
2018-04-24,73.74643386798037,74.04235640373174,71.8577264118239,72.16236114501953,5437000
2018-04-25,71.85771108869251,72.03178899059695,70.76974910326346,70.91771697998047,10821900
2018-04-26,71.15272563055187,73.18068870093374,71.05698442874713,72.48439025878906,9228400
2018-04-27,72.37993856641697,73.50270949823121,72.16234616809136,73.11104583740234,3985900
2018-04-30,73.37216924962783,73.44179377976685,71.74457550048828,71.74457550048828,4193700
2018-05-01,71.15271749361511,72.22327506391596,70.63920259756375,72.20586395263672,3967400
2018-05-02,71.94474887075128,74.17289275295619,71.81419211256747,73.07622528076172,6604200
2018-05-03,72.6845639700225,72.7280784638797,70.8132680839505,72.09271240234375,5679100
2018-05-04,71.88382128310305,73.75511723052487,71.5530832292955,73.31123352050781,3242700
2018-05-07,73.4417787987835,73.56363000216344,72.53659368768066,72.98048400878906,4805900
2018-05-08,72.61491827837617,73.3547309298118,72.24065917606524,73.32862091064453,3725700
2018-05-09,73.11976015336242,74.09456996480473,72.47568179606654,73.47660827636719,4222400
2018-05-10,73.81606799788193,74.41662534488998,73.18940061672488,74.04236602783203,5140900
2018-05-11,74.15548379911527,76.36622327667122,74.15548379911527,76.11381530761719,6844500
2018-05-14,76.32270091347492,76.5315877268673,74.90399442818854,75.3565902709961,5065400
2018-05-15,74.59067675970292,75.41753191599346,74.16419748816395,74.58197784423828,4735500
2018-05-16,74.86047769047518,74.96491777383842,74.13806945871734,74.42529296875,3975100
2018-05-17,74.50364860563371,75.00846464981375,74.1642049374009,74.3905029296875,3180900
2018-05-18,74.25124056511685,75.60902187810528,74.17291047572601,75.14772033691406,5824100
2018-05-21,75.58289378950624,76.200862056516,75.36530138687816,76.06159973144531,4311300
2018-05-22,78.3767933795967,78.63790030282333,74.4862397959369,74.63420104980469,10770300
2018-05-23,78.94255556218745,82.80700044885019,78.78588869812285,82.41533660888672,26304800
2018-05-24,81.68417396787987,84.20824677553505,81.00528683928403,83.98194885253906,10167500
2018-05-25,84.16472766144179,84.85232036057327,83.59899280098995,84.1560287475586,7642200
2018-05-29,83.1202883828328,84.20825027266045,83.03325275972506,83.3639907836914,5033600
2018-05-30,83.82528639572523,85.27880854168096,83.5989951014743,84.79139709472656,4928200
2018-05-31,84.77400776227358,85.1482669885331,82.56326798860032,82.6938247680664,7602100
2018-06-01,83.06806528417785,83.85139250375146,82.82436289227564,83.40750885009766,4786000
2018-06-04,83.51196353637518,85.20918830305449,83.4597434833797,84.93936920166016,5010400
2018-06-05,84.53032294092282,85.02643349402321,84.1995781452592,84.8610610961914,3836700
2018-06-06,85.2788183011888,85.85325879746392,84.54770436728303,85.72270202636719,4138000
2018-06-07,85.88808114042843,86.73234080087043,85.88808114042843,86.40159606933594,4242200
2018-06-08,86.26232103263682,87.2980628548348,85.74010066461152,87.22843170166016,3680400
2018-06-11,87.41993265416454,87.8464119374203,87.0369678706079,87.47215270996094,3568300
2018-06-12,88.1249299689905,88.19456113698146,86.91511664682054,87.47215270996094,3401900
2018-06-13,87.55918404956448,87.7593719876085,86.54955872485463,86.56696319580078,4309700
2018-06-14,86.60175431442399,87.0195345434417,85.87064721413233,86.30583190917969,4129900
2018-06-15,85.60956220413202,86.74974435931482,85.44418984010629,86.3232650756836,6197800
2018-06-18,85.67049770618172,86.50605189808724,85.56605094204562,85.80975341796875,3766100
2018-06-19,85.26142315777176,85.94901608328539,84.98290509278854,85.43550109863281,6228100
2018-06-20,85.29623440872349,86.11438408818226,85.0177163579026,85.67919921875,4419700
2018-06-21,85.59215143038959,86.50604225360694,85.18308325735065,86.21881866455078,4388100
2018-06-22,86.47991449042881,86.57565566714644,85.29621143318587,85.4876937866211,5477300
2018-06-25,85.08734295186005,85.71401019258242,83.73826727306084,84.29530334472656,4219200
2018-06-26,84.73916646314427,85.00897885587398,84.3736129038863,84.53897857666016,4443400
2018-06-27,84.66956177979431,85.5051158794167,83.73826648371993,83.82530212402344,3296500
2018-06-28,83.57288542712436,84.19955259676499,82.85918262623211,83.55548095703125,3945100
2018-06-29,84.07771604200971,84.80012452408084,83.18123626708984,83.18123626708984,4212900
2018-07-02,82.99845500106983,83.16382736875245,81.77993609478455,82.57197570800781,6036300
2018-07-03,82.90270756030802,83.72955605567083,82.58937396113208,82.73733520507812,2193100
2018-07-05,83.0506673082231,83.27696526808339,82.51104239522431,83.13770294189453,3182400
2018-07-06,82.90271674773527,83.99938446638572,82.25864500711569,83.6773452758789,3818600
2018-07-09,84.04290300942188,85.0612406887561,83.78179606221376,84.39105224609375,2646000
2018-07-10,85.28752739049004,86.52345744519762,84.98289931518656,86.17530822753906,4547800
2018-07-11,85.73141486931152,86.07956407503215,84.92197078817841,85.82715606689453,3796900
2018-07-12,86.18400312337695,86.22752426370185,85.21789888402253,85.55734252929688,2995100
2018-07-13,86.16658604138016,87.68102720946415,86.05344038964498,86.67140197753906,5197600
2018-07-16,86.74975088938125,86.90641770909508,85.94901231768577,86.71493530273438,2502200
2018-07-17,86.68880558530208,87.43732392723135,86.49732322242816,87.25454711914062,2866300
2018-07-18,87.33286802435899,87.9943506702038,87.23713349336322,87.95083618164062,2922700
2018-07-19,87.90733675511066,88.76030195430967,87.75066994874324,88.24678039550781,2742300
2018-07-20,88.0030604071965,88.1249116055926,87.42861335156434,87.61139678955078,5424700
2018-07-23,87.17623065857813,88.32511837481113,87.15011399015086,88.04660034179688,3626200
2018-07-24,88.56255599831813,88.74621090079076,87.08462309482275,87.45191955566406,3017400
2018-07-25,87.35569778353914,87.50436440443093,85.56293125897307,86.59486389160156,4288700
2018-07-26,86.6648536710789,86.9446995555768,85.68539641136235,86.15763092041016,3063400
2018-07-27,86.5773923445721,86.92720132481904,85.30059523791448,85.70287322998047,3718900
2018-07-30,85.76410572376035,87.04965013590225,85.7466182738225,86.82227325439453,4518400
2018-07-31,86.91846159943123,87.59184511083373,86.54241808154528,86.8747329711914,3239400
2018-08-01,86.56864608487601,86.85723899664927,85.44926267538732,85.66789245605469,2942100
2018-08-02,85.4405278543939,85.60668864655824,84.60099017702292,85.2131576538086,4253500
2018-08-03,85.55421081331573,86.09640842106685,85.24813044248015,85.37930297851562,3546800
2018-08-06,85.28310296388374,85.72910959014663,85.13443631247993,85.48424530029297,3247200
2018-08-07,85.40553739768883,86.5773897738616,85.1606664483509,86.38499450683594,2754800
2018-08-08,86.4112236617571,86.83974279252807,86.15761234111227,86.46369934082031,1816100
2018-08-09,86.9534303621174,87.95912861505842,86.47244221052141,87.3994369506836,4206500
2018-08-10,86.72604005515663,87.11957757402035,85.72908901598171,85.97395324707031,3068300
2018-08-13,85.9739653914922,86.2363237744613,84.86332913729815,84.90705108642578,3399300
2018-08-14,85.22189137486296,86.20135525785783,84.1637239682967,86.05268859863281,3754500
2018-08-15,85.48425888820901,85.65916007389072,84.18122704033838,84.67970275878906,3979200
2018-08-16,85.05573820979708,85.90402289084969,84.96828762528743,85.42303466796875,4325100
2018-08-17,85.41427358717479,85.90400878973239,85.11694031423878,85.68537902832031,2575800
2018-08-20,85.68537550947464,86.69981409130021,85.62415944567526,86.5511474609375,3467000
2018-08-21,86.83099456028465,87.7055135829419,86.41122249370689,87.22452545166016,5599900
2018-08-22,91.79827719377684,96.02220633331616,91.18610977920568,92.27925872802734,24973400
2018-08-23,93.5123318945491,94.1332396832197,92.87392998673198,93.70472717285156,7492700
2018-08-24,93.43362601885256,94.4568185305431,93.2762189715714,93.39865112304688,5107100
2018-08-27,93.9321004173457,94.43931642827891,93.37240205098432,93.54730987548828,3119400
2018-08-28,93.47734724212322,94.7891259086386,93.47734724212322,94.6841812133789,3794600
2018-08-29,94.6666887739862,95.20014593733116,94.11574416504592,95.04273223876952,3297800
2018-08-30,94.70168044711414,94.87658160994268,94.08951303311088,94.34312438964844,2533300
2018-08-31,94.25566592045,95.17391362858552,94.17696240537896,95.10395050048828,4263300
2018-09-04,94.78911185527473,96.39823025043358,94.474284488223,96.13587188720705,3883800
2018-09-05,95.89977431653408,96.87923150591054,94.78038418687976,94.80662536621094,4722900
2018-09-06,94.8328485919181,95.9172503534608,94.69292234033792,95.65489196777344,3621600
2018-09-07,95.31383661755888,96.62561529201156,95.1651699690799,95.83854675292967,3826200
2018-09-10,96.82674811878306,98.72445281356408,96.40697604846548,98.28719329833984,6210600
2018-09-11,98.77692347766524,100.1586651702496,98.03358362372204,99.8525848388672,5757700
2018-09-12,99.9662886846075,100.16743103845864,98.68074437934924,99.99252319335938,5515400
2018-09-13,99.24917015474456,99.43281836392144,97.95488563138824,98.6020278930664,4856500
2018-09-14,99.04804669865516,99.89633139222592,98.0860769107494,99.59899139404295,5294700
2018-09-17,99.4153349423467,99.82636000088011,99.17921771300382,99.46780395507812,4780000
2018-09-18,99.08302162444863,101.19935635036386,99.01305849167834,101.05068969726562,4439400
2018-09-19,101.17312468290945,101.8814830739464,100.98947645827212,101.67160034179688,3587400
2018-09-20,101.4617231118873,102.19632277063212,101.4617231118873,102.056396484375,4663800
2018-09-21,102.26628264055572,102.62483206152169,101.7415657559385,102.17882537841795,9171800
2018-09-24,101.62785799631894,101.951432446746,100.42102410929922,100.57843780517578,5647500
2018-09-25,100.84952780869456,101.4442009778606,100.51721300053278,100.7445831298828,3999100
2018-09-26,101.2518270913112,101.6103831488375,100.36856087315896,100.38605499267578,4293700
2018-09-27,100.21114981281836,100.727119599408,99.31914318332603,100.1324462890625,4419900
2018-09-28,101.99517006909012,102.9309053294652,100.28986032842356,100.41229248046876,5745200
2018-10-01,101.07693460207248,101.120656560513,99.73017418193146,99.75640869140624,4430100
2018-10-02,100.02751032862687,100.36857230548446,98.44463260669534,98.46212005615234,5055600
2018-10-03,98.82064969534308,99.2666562656821,97.54385272116438,97.72750091552734,6153900
2018-10-04,97.7275189915315,97.79748212767248,96.21459786472934,96.87923431396484,5750200
2018-10-05,96.75678741460104,97.16781243671822,94.78911954688756,95.96971893310548,5278500
2018-10-08,95.77735854479614,96.2758343192205,95.12146901676132,96.10968017578124,4187000
2018-10-09,96.27581613863282,97.05414436987814,95.45377262239228,95.47126007080078,3425800
2018-10-10,97.01041280544626,97.16782652456796,92.75150200124664,92.95264434814452,5258200
2018-10-11,93.04010407816548,95.09522301669448,90.78384277296482,91.1511459350586,6025200
2018-10-12,92.48039755763791,93.5997809711856,90.96747653423114,92.13933563232422,4504400
2018-10-15,92.13933186728782,92.62032003566635,91.5096770548836,91.5359115600586,3802200
2018-10-16,91.86826106268477,93.1887804870286,91.15115545728732,92.68156433105467,3637300
2018-10-17,89.52454593789673,90.35533663001291,88.66751406143696,89.58576202392578,5960100
2018-10-18,89.3408791329887,89.52452735295121,87.03214244990616,87.19830322265625,7071800
2018-10-19,87.25951403421494,87.94163785924398,86.53366158571434,87.09335327148438,4686600
2018-10-22,87.35572413930554,87.67929865185634,85.86029707739348,86.0439453125,3770500
2018-10-23,85.10361482991307,86.89638082261251,84.01389669093305,86.2284927368164,6968500
2018-10-24,86.40425648666513,88.50460352599724,84.64664345259565,84.83119201660156,5724500
2018-10-25,85.29694156488777,86.80848954865196,84.15449734105599,86.0790786743164,4534900
2018-10-26,84.68179692119661,84.91907173183102,81.81688578468422,82.41447448730469,6600000
2018-10-29,83.36356970613411,83.96994822449241,80.50744910944744,81.60595703125,4245000
2018-10-30,81.82565813842358,83.50417474667387,81.72019896483184,83.25811004638672,4913000
2018-10-31,84.20724475603737,85.7275830629675,83.52177670837665,83.67996215820312,5792000
2018-11-01,83.74146988735906,85.95605925638073,83.13509127350588,85.63090515136719,4626900
2018-11-02,86.49212560269822,87.09850417350285,84.18965709050372,85.0860366821289,4535500
2018-11-05,84.93663566659401,85.80665208188795,84.09298236922406,85.30573272705078,3309700
2018-11-06,85.05089685711448,85.7627280172654,84.65543659142217,85.69242858886719,2432200
2018-11-07,86.21090487869571,88.46065377964851,85.15633990042079,88.40792083740234,6632600
2018-11-08,87.34458034317694,88.48703151228784,86.98427315291877,87.41488647460938,4918600
2018-11-09,86.95789192906548,87.04577793421926,84.7433027172639,85.0860366821289,5187000
2018-11-12,84.8927018870912,85.82424128506301,83.83813682703239,84.0578384399414,6183400
2018-11-13,83.44263816858533,84.54114581537955,82.40564668182125,84.00507354736328,5196700
2018-11-14,84.95422641770338,85.59575814052639,82.95054858386332,83.40753173828125,4380800
2018-11-15,82.70447854710261,82.99448629526924,80.48109922068129,82.32659149169922,6747700
2018-11-16,81.58840128673046,82.14205373415659,80.85899690648631,81.94871520996094,4090600
2018-11-19,82.00142087563839,82.51992012443824,79.60228322158315,80.27896118164062,5898000
2018-11-20,75.45430929137214,78.75862284956642,74.47883376409872,75.73552703857422,10061000
2018-11-21,76.06070578882155,78.23135222700192,75.76190809025599,77.6601333618164,7344500
2018-11-23,77.35254783433973,77.86225723097371,76.93072445453085,77.16799926757812,3008400
2018-11-26,77.92376285860226,78.63560061078958,76.7198023665116,78.48619842529297,5151100
2018-11-27,78.31043448109253,80.5338134765625,78.31043448109253,80.5338134765625,5608100
2018-11-28,80.88534103858824,82.37930922150174,79.63743757241241,82.33537292480469,6964000
2018-11-29,82.03659222432435,82.21235756172958,80.81505162459675,81.90476989746094,5398800
2018-11-30,81.6850578693894,83.07357368693492,81.25444458082545,82.93296813964844,6881000
2018-12-03,83.91721290335062,84.41813223328556,82.46718114677259,82.8626480102539,5645500
2018-12-04,83.06477787015005,83.57448719063142,79.03105971766793,79.38258361816406,6114000
2018-12-06,78.0731548478433,79.98895300644524,76.87798435064515,79.92743682861328,5954300
2018-12-07,79.4177279145889,81.10503440505566,78.25770386429798,78.5652847290039,4968600
2018-12-10,78.86408739451659,79.33864367275403,76.71980425792931,78.59165954589844,3262700
2018-12-11,79.400146779116,80.92048460743632,78.2137596312789,78.63558959960938,4137000
2018-12-12,79.08378921111009,82.37931334247648,77.04495855002851,80.94686126708984,10837300
2018-12-13,81.55322848196082,83.04719653130783,80.97321309742557,82.8626480102539,7984600
2018-12-14,82.3265974650908,83.44267882797662,81.70264562224762,82.04537963867188,7103900
2018-12-17,81.54442411510928,81.63230338986021,78.91679558293094,79.4880142211914,6047700
2018-12-18,80.29655150322937,81.693850605753,79.75168906504881,80.37564086914062,4574500
2018-12-19,80.63927703672425,82.57264843231191,78.81135811795293,79.38258361816406,5188700
2018-12-20,78.74984559190706,79.92744300273017,76.83404728531636,78.35438537597656,6819300
2018-12-21,78.66195543413326,80.37562507303986,76.93070591419371,77.01858520507812,8070300
2018-12-24,76.51767383240237,77.66890808370648,75.48947194208829,75.54219818115234,3121700
2018-12-26,76.02553907628754,80.01532070253552,75.99917595859759,80.00653076171875,4335100
2018-12-27,78.71469010347387,80.77988383200268,77.62497202925098,80.72715759277344,4700400
2018-12-28,81.05230983743529,81.9135362763031,80.13835046013465,80.7359390258789,3825300
2018-12-31,81.55324959392465,82.29144386923916,80.42837159072445,81.16657257080078,4034100
2019-01-02,80.16472822660232,81.58839043401177,79.778051229646,81.08747100830078,4198200
2019-01-03,80.5426263221865,81.3071837740047,79.66381972119103,80.12079620361328,3798900
2019-01-04,80.80626232116862,82.98570558891073,80.75353607191072,82.49357604980469,4107400
2019-01-07,82.32658865745658,85.06846720027511,82.32658865745658,84.0578384399414,4885000
2019-01-08,84.9454453484709,86.00001053906996,84.02269577812524,85.79788208007812,4663500
2019-01-09,85.57817266308308,86.31637359322822,84.9630108085966,85.27059173583984,5692200
2019-01-10,84.68180634516554,84.83120186125599,83.19662101349746,84.34786224365234,4494000
2019-01-11,84.11935017643727,85.78029374584357,83.83813239497061,85.50786590576172,3682100
2019-01-14,84.66420453552863,85.4111953320831,84.52359899936965,85.16513061523438,2931600
2019-01-15,84.16329919256604,84.16329919256604,82.83630614763975,83.40753173828125,4922000
2019-01-16,83.32842882110944,83.82934823843789,82.47598547649972,82.5726547241211,4579200
2019-01-17,81.40384483246818,81.4829409050627,80.15594119396356,80.8941421508789,6947600
2019-01-18,81.5795972440173,83.5129685834071,81.44777494706787,83.46903228759766,7206500
2019-01-22,82.50630162412766,82.50630162412766,80.15679883145937,80.87224578857422,5950000
2019-01-23,80.51892068313951,81.47284744891772,79.69747906620736,81.11071014404297,4842300
2019-01-24,81.11953050466043,81.41101128284281,80.47474704375404,81.0842056274414,4047200
2019-01-25,81.74668814157523,82.90377034965145,81.74668814157523,82.86843872070312,4750900
2019-01-28,82.21477506689213,82.46208959424548,81.26967641518297,82.27660369873047,3631900
2019-01-29,81.62300833578446,82.61226671868091,81.39335618026179,82.52394104003906,3125500
2019-01-30,82.81540686708229,85.14723940335844,82.6034171901,84.57311248779297,4965900
2019-01-31,84.16682465756053,86.11001655189176,83.83118438165019,84.93527221679688,5400500
2019-02-01,84.97943888848529,85.81854975759754,84.65262643561194,85.77438354492188,5324100
2019-02-04,86.24250832567083,86.56932075041574,85.5977248045367,86.44566345214844,2801400
2019-02-05,86.26899726222844,87.07277636437746,86.10118050964773,86.6488037109375,3667000
2019-02-06,86.48983057525811,86.76364896463653,85.54473157554966,85.84504699707031,2952600
2019-02-07,85.22673793683151,85.80086490264237,84.73210879155037,85.57121276855469,3990200
2019-02-08,85.2002486129542,85.9863586065591,84.7762826611852,85.8273696899414,6217700
2019-02-11,85.84503110724962,86.06584865265252,85.36806440052138,85.57121276855469,3045600
2019-02-12,86.16302453859005,88.2298739037808,85.9068753308085,87.85890197753906,3553200
2019-02-13,88.28286005319822,89.88158381093358,88.22986599386265,89.6166000366211,6576400
2019-02-14,89.03364552126942,90.05823552579335,88.15037525514101,89.6607666015625,3009800
2019-02-15,90.74719979622331,92.30175760057588,90.47338812627032,92.07210540771484,4666100
2019-02-19,91.8777771337755,93.3705061539452,91.68346332099516,92.79637908935548,3342800
2019-02-20,93.32632446289062,93.54714199371652,92.56671161774422,93.32632446289062,3328300
2019-02-21,93.19383175772772,93.93577541999218,92.77869372530138,93.2026596069336,3395400
2019-02-22,93.5294796885431,93.9357831664534,93.09667918319772,93.86511993408205,2734600
2019-02-25,94.50991846697778,94.50991846697778,92.41656551047328,92.75221252441406,4665100
2019-02-26,91.18000714116216,92.81405604745012,90.7471997894911,92.76988983154295,7954700
2019-02-27,96.28530138242296,97.08907388540172,92.92887140423272,95.05755615234376,8874700
2019-02-28,94.9603796918274,94.9603796918274,91.94842511950672,92.82286071777344,8144300
2019-03-01,93.5382988464504,93.71495015942024,91.1976318861139,91.8247528076172,4655200
2019-03-04,92.44306931957524,92.64621770711726,90.36737880240234,91.14466094970705,4015300
2019-03-05,91.37430633175528,91.63929010711,90.4822082149502,90.98567199707033,3460100
2019-03-06,91.20648888230672,91.4538034767545,90.2790524143102,90.39387512207033,2730700
2019-03-07,90.1200483571756,90.14654538229796,88.68915509003826,88.95413208007812,4704800
2019-03-08,88.13270604567575,88.82165577480744,86.56048605072037,87.73523712158203,6181300
2019-03-11,88.17687221678366,88.94531303487854,86.16301708977771,88.68033599853516,4598900
2019-03-12,88.68032070214369,89.42226436250873,87.95603947896136,89.08662414550781,4928400
2019-03-13,89.2986297199882,90.02291112675157,88.86582914174149,89.36045837402344,6268200
2019-03-14,89.19262626293951,89.43994083657476,88.54783606269045,89.04246520996094,5393400
2019-03-15,89.27210210710969,89.34276532717732,87.8235397898013,88.4506607055664,6677500
2019-03-18,88.31817648730207,90.07588885964772,88.31817648730207,89.98755645751953,4471400
2019-03-19,90.5263595253415,92.16924261129738,90.4822000593076,91.37429809570312,5801500
2019-03-20,91.66577881400708,92.19573957778094,90.19955380960552,91.49795532226562,4636000
2019-03-21,91.754097485881,94.23609110131716,91.59510859499476,93.93577575683594,4835300
2019-03-22,93.67079837924456,94.5363993180963,92.6726988365804,92.6991958618164,4106600
2019-03-25,92.53139456834886,94.33326671215605,92.53139456834886,93.65314483642578,3994500
2019-03-26,94.38625311310798,94.70423092085116,93.19383970347938,93.59130859375,4633200
2019-03-27,93.66197949807317,95.42852002409003,93.6178132893958,94.8543930053711,4230100
2019-03-28,95.2871787483108,96.17928346226526,95.14585903236284,95.71998596191406,4099900
2019-03-29,96.0821535082211,97.10675041191314,95.78184480537104,96.69161224365234,5318700
2019-04-01,97.34522270570586,98.2284930397442,93.48532891998394,96.21463775634766,10408000
2019-04-02,96.18811836660886,97.18621118610145,96.15278675280165,97.0802230834961,3722400
2019-04-03,97.64553791496748,99.11176316215509,97.15973653675655,98.86444854736328,4127200
2019-04-04,99.04991924385682,100.1186753723968,98.67011279001063,100.09217834472656,3007800
2019-04-05,100.36598294268184,101.79688298633788,100.36598294268184,101.55840301513672,3776800
2019-04-08,101.57605769638144,102.60948205736798,101.48773203745212,102.27384185791016,4988100
2019-04-09,101.77923537542748,101.805732405108,99.70354486622456,99.93319702148438,3694400
2019-04-10,100.53382902449157,100.5603260562686,98.83795160258306,100.4808349609375,4434900
2019-04-11,100.5779870331916,101.77040053762578,100.12751731327032,101.69090270996094,2540500
2019-04-12,102.08836377087358,103.17478226265708,101.89404326305764,102.6889877319336,3214100
2019-04-15,102.83033009466764,103.71360042375184,102.66251331453776,103.50161743164062,3110800
2019-04-16,103.7842405183112,104.17288153284352,102.95396443774348,103.36910247802734,2687800
2019-04-17,103.78424864894512,104.4290388609499,103.27195031489389,103.4486083984375,3874700
2019-04-18,103.36027518384192,103.40444138908872,100.42781840797996,100.46315002441406,6321400
2019-04-22,100.26881449625972,101.84986871626182,99.85368322762932,100.18932342529295,4674200
2019-04-23,100.22481123433714,101.77710279090093,99.38214138204133,100.71267700195312,4033900
2019-04-24,100.96105365145452,101.8480774954376,100.72156019125926,101.09410858154295,2940200
2019-04-25,100.74817741645592,101.25378077493178,99.90550064069257,100.7659149169922,4164800
2019-04-26,100.6683194993169,101.00539284211658,99.3998753164352,99.77243041992188,4064500
2019-04-29,99.3644231140054,99.79906973612664,98.09597855379536,99.54183197021484,3186900
2019-04-30,98.96525244001612,100.49980670558318,98.637051173375,100.35787963867188,3367100
2019-05-01,100.26918191407697,100.26918191407697,98.19354248046876,98.19354248046876,2953100
2019-05-02,98.10482142284118,99.49744838323562,97.90080975837886,99.44422912597656,3206000
2019-05-03,99.8966208151391,100.34899807161844,99.47971855459768,99.6659927368164,2575200
2019-05-06,98.49513583730592,99.05395846465564,97.66133119582231,98.77011108398438,2730500
2019-05-07,97.57261617216508,97.57261617216508,94.1753134576179,95.01799011230467,4885500
2019-05-08,94.98251509822276,95.54133768517994,94.21080191555863,94.67205810546876,3366500
2019-05-09,93.79390295897652,94.46804300110188,92.8093059130616,94.28176879882812,2919700
2019-05-10,93.74955415900818,95.14218135192692,92.0287257008004,94.59222412109376,3795300
2019-05-13,92.91574350582984,93.15523695532478,91.82470124879738,92.8359146118164,4714900
2019-05-14,93.14639191718356,94.52127505349652,92.78270882965468,93.80278778076172,2961900
2019-05-15,93.50119526999728,95.842937892789,93.2528228861026,95.46151733398438,5104200
2019-05-16,96.03805971038516,97.21780293774336,95.84292016745484,96.32190704345705,2860300
2019-05-17,95.4792405948558,97.60809905283392,95.35505780515707,96.70333099365234,3712900
2019-05-20,95.87841707915142,97.69681891344834,95.87841707915142,96.8630142211914,4452200
2019-05-21,95.57681895652544,99.0894325580535,95.46150829337208,98.54834747314452,6415500
2019-05-22,89.81115321014128,90.9288050116435,84.63093784373181,86.87510681152344,22721500
2019-05-23,86.20984535095091,86.48482056356758,83.57538358022182,84.08985900878906,12687500
2019-05-24,84.64867824474,84.94139771165598,83.72617271617264,84.595458984375,7096200
2019-05-28,84.43580966601033,84.87044949478292,81.31348165728899,81.49089050292969,11747200
2019-05-29,81.41991861954922,83.16735665713756,81.25138192532859,82.69723510742188,9281500
2019-05-30,83.23830668952625,84.02776406482474,82.83914870307171,83.27378845214844,5709600
2019-05-31,82.04969211695744,83.43344692112849,81.86341795235393,82.74156951904297,6530400
2019-06-03,82.5198246411461,84.3204819074837,82.40451398118005,83.23831176757812,8393900
2019-06-04,84.27612761939596,86.08565686510795,84.27612761939596,85.89051055908203,5560500
2019-06-05,86.52029906950116,86.52029906950116,84.52449559319233,85.37603759765625,5136800
2019-06-06,85.42037537088535,85.83727077814628,84.38255261581664,85.36714935302734,4569600
2019-06-07,86.02357650683568,86.59127123310952,85.77520414256779,85.82843017578125,3974600
2019-06-10,86.48482074447556,87.30088101859332,85.27846783166908,85.42926025390625,5789500
2019-06-11,86.2896847025482,86.60014171691147,85.26074048816491,85.46475219726562,3256100
2019-06-12,85.34055331098611,86.07678464021777,85.2784619198132,85.4469985961914,2878600
2019-06-13,85.90825087852473,87.52263387124698,85.80181235716228,87.47828674316406,3617400
2019-06-14,87.80650409349415,88.69352809580127,87.37186422725136,88.37419891357422,4437100
2019-06-17,88.49836395990327,89.36765028527135,88.10807807913706,88.77334594726562,4212700
2019-06-18,89.3144524212564,90.09503113727116,87.9927817339997,88.0903549194336,3960900
2019-06-19,87.98390451845755,88.1080873254773,86.51144156742981,87.57587432861328,5558100
2019-06-20,88.62255282364721,90.32563692845936,88.48062576451886,89.97969818115234,5355300
2019-06-21,90.3078934409302,91.32797219298212,89.39425998414225,89.44747924804688,7188200
2019-06-24,89.3233074749159,89.62489913164765,87.80649735939342,87.8331069946289,4920200
2019-06-25,88.39192609932539,88.8709197800878,87.0170364545006,87.12348175048828,4767800
2019-06-26,87.46942143543629,88.72899366450274,87.00816524869472,88.02824401855469,4399900
2019-06-27,88.07261318095874,88.66691763278037,87.72667436467714,88.13470458984375,3395800
2019-06-28,88.16130995355321,89.74908363802902,88.09034641327978,89.50959014892578,4298900
2019-07-01,90.56516094135291,92.04648959172142,89.97972854353927,90.65386199951172,4072900
2019-07-02,90.69819303935338,91.31910705733507,90.31677249474885,91.08848571777344,2560200
2019-07-03,91.40779708936564,91.92226570390544,91.044114115643,91.49649810791016,1851200
2019-07-05,91.17718094852472,92.57868023411636,91.11508955067976,92.44562530517578,2536400
2019-07-08,92.356920945372,93.29716401239922,92.06420146574688,92.8359146118164,3882900
2019-07-09,92.09080775828276,93.27942313209638,92.09080775828276,93.01331329345705,3719600
2019-07-10,92.8359092493245,92.8359092493245,90.5828681043196,91.43441009521484,4302200
2019-07-11,92.35693359371336,93.25282288623382,91.89567736250665,93.02220153808594,2977700
2019-07-12,93.4923098228362,95.58568653109836,93.45682805876088,95.266357421875,4814200
2019-07-15,95.5502090669961,96.07354988388587,95.124434646386,95.77196502685548,4492200
2019-07-16,95.33733452064916,95.99373033083975,94.414828825742,94.46804809570312,4722400
2019-07-17,94.343860991751,94.65431799814736,93.03106266368972,93.0754165649414,5159100
2019-07-18,92.30368459463928,92.51657515644736,91.66502644412265,92.0287094116211,5147100
2019-07-19,92.41900948236083,92.52544800441984,90.8933275032743,90.91993713378906,4190700
2019-07-22,91.17717825313248,91.59408052667612,90.44094686655342,90.96429443359376,4501200
2019-07-23,91.3566888427093,92.31092182642836,91.2139964918244,91.49937438964844,5064200
2019-07-24,91.36560418041108,92.7389874725221,91.16049242607752,91.67774200439452,5989100
2019-07-25,91.38343781340296,92.27524455415411,90.75916901250986,91.00888061523438,4215100
2019-07-26,91.22291215897278,92.65872155323878,90.59864335923577,92.32875061035156,4785700
2019-07-29,92.4625372895093,93.09571935577414,92.42686419795189,92.71224212646484,3909600
2019-07-30,92.21282909593684,92.9530304099301,91.8293518805864,92.54279327392578,3981400
2019-07-31,92.05228711327356,92.5695366235144,89.92978284847311,90.42919921875,5533400
2019-08-01,90.73241818352318,91.82934349600325,88.47614816124208,88.7258529663086,5469600
2019-08-02,88.6901874558551,89.30553635229766,88.15510471300975,88.4939956665039,3917900
2019-08-05,87.03142902633542,87.09386203891565,85.71155867123649,86.54093933105469,4685100
2019-08-06,86.68360459834007,87.47731198113073,85.52426002313605,87.3257064819336,4167800
2019-08-07,86.50525577510983,88.07483757881454,85.62236898725214,87.73594665527344,3686700
2019-08-08,88.90422240941135,89.6087506005804,88.4315658922343,89.5998306274414,3495800
2019-08-09,89.51064599715146,89.84953011292123,87.55758703629287,87.88755798339844,5370900
2019-08-12,87.10276098838851,87.30787952838132,85.56885233644512,85.6847915649414,2878800
2019-08-13,84.96243519260697,87.74487500049716,84.85542272565299,86.13070678710938,5129600
2019-08-14,84.54327974026594,85.00701624072533,83.41960136845718,83.46418762207031,5746100
2019-08-15,84.11520936666494,84.32924107387278,81.8856925717428,83.27690887451172,4745100
2019-08-16,84.00818867484972,84.70380361828697,83.27690745077535,83.75848388671875,4368300
2019-08-19,84.96242712366107,85.64020216710134,84.40951128638628,84.7662353515625,7212000
2019-08-20,85.4529213945347,88.39588635259885,85.06052425240736,87.2811279296875,9298100
2019-08-21,98.1165788411276,98.31277742115748,95.52142465204383,96.31513214111328,19753500
2019-08-22,96.65402412846588,96.85914269807338,95.36090691520462,96.45783233642578,7264400
2019-08-23,95.50357255224588,96.17242755143911,94.31747485800798,94.87931060791016,5520700
2019-08-26,95.95841777992722,95.95841777992722,94.13021778015316,94.88825225830078,4720200
2019-08-27,95.4946950610126,95.89600548887918,94.51370872315742,94.56721496582033,3722600
2019-08-28,94.17480644624357,96.832393978474,93.92510160508364,96.47566986083984,4187800
2019-08-29,97.53690399017997,100.6493075562031,97.26043927866915,100.40851593017578,5996600
2019-08-30,100.9881945590176,100.9881945590176,99.73966374706482,100.06071472167967,4610100
2019-09-03,99.32055330433133,100.3461259655382,98.67845114166236,99.15110778808594,3893500
2019-09-04,99.49888125872192,99.9180315301041,97.65284151323236,99.8110122680664,4114000
2019-09-05,100.94360113924792,102.78072073830576,100.79198883136888,101.85324096679688,3662500
2019-09-06,102.3170190271713,102.914528077937,101.74625629354512,102.29917907714844,3462600
2019-09-09,102.4596856083566,102.9145089943377,101.70165116768555,102.3705062866211,3782200
2019-09-10,102.0851337281187,103.41392406231516,100.72958347244682,102.8074951171875,4771600
2019-09-11,102.95909162241774,103.15529020568468,100.90794007904952,101.21115112304688,4073700
2019-09-12,101.73733305317027,102.6826461923996,101.54113444602156,101.55896759033205,3471400
2019-09-13,102.08512089152694,102.69154976039978,100.9079362406497,101.09521484375,3476500
2019-09-16,100.46203855481664,101.56787709463492,100.00721517639658,100.44419860839844,2433400
2019-09-17,99.63264431133936,100.66713653177646,98.88352315507206,100.53337097167967,2827300
2019-09-18,100.31042986243136,100.89901880067168,99.48996245175262,100.41744232177734,2246400
2019-09-19,100.45310662558964,100.66713832951176,99.59697300595592,99.76641845703124,2369100
2019-09-20,100.711747975587,100.943619661998,98.94596741651998,98.95488739013672,6226500
2019-09-23,98.26819057950551,99.90019180451462,97.73310107208408,98.49114227294922,5319700
2019-09-24,99.22242243426524,100.07855611094288,97.87579231597483,98.1165771484375,3937700
2019-09-25,98.28603971927453,99.2135197314398,98.06308798954096,98.76761627197266,2908900
2019-09-26,99.06188039337955,99.36509137648284,97.55472503728107,98.74082946777344,3992600
2019-09-27,99.41862979049044,99.73967399414327,97.03750035013954,97.6885223388672,3939600
2019-09-30,97.94713977321058,98.36629004627169,97.17126542920732,98.06307220458984,4024400
2019-10-01,98.17900678600076,99.81993482669124,97.07316826541437,97.6706771850586,3966100
2019-10-02,97.48339810152768,97.48339810152768,94.46017362576193,94.8436508178711,5040700
2019-10-03,94.78123744100772,95.15579471079334,93.27408158370062,94.86150360107422,5002800
2019-10-04,95.3519862867282,96.1278606917242,94.79015042349084,95.79788970947266,4311800
2019-10-07,95.98515891512386,97.17126353622322,95.60168173702202,96.52024841308594,3686800
2019-10-08,95.32522873081018,96.52025338616647,94.95959147923908,94.97742462158205,3261700
2019-10-09,95.59275674962365,96.01190696269748,94.21045372403267,94.7990493774414,3224000
2019-10-10,94.94174471053935,96.76103127635628,94.93282473803588,96.4845733642578,3218500
2019-10-11,98.0006453619884,99.57022718150849,97.56366195001168,98.82110595703124,4498500
2019-10-14,98.5000599570664,99.2045881571174,98.33062128896526,98.69625854492188,2129900
2019-10-15,99.53455852262518,100.77416944314106,99.16891446494624,100.25691986083984,3340700
2019-10-16,100.06962412336696,100.57795364548514,99.63264076672549,100.17664337158205,2900400
2019-10-17,100.64931399026996,101.14872361107338,99.8466865254461,100.41744232177734,2615600
2019-10-18,100.02506283927026,100.8811966268484,99.92696353824029,100.63148498535156,3712300
2019-10-21,101.05955404306734,101.49653750342704,99.34728648888748,99.83777618408205,2827300
2019-10-22,100.1155858593746,101.7466872576785,100.02596625590378,100.79670715332033,3574700
2019-10-23,100.33963960109566,100.61746242675544,99.26419067028432,99.93634796142578,2181200
2019-10-24,100.07974140935724,101.20000359985566,98.99532842945932,99.36277770996094,2084800
2019-10-25,99.11183946835442,100.86841671055063,98.89675102876356,99.99909210205078,2260000
2019-10-28,100.34863026114624,100.81465643157784,99.50619071118746,100.0528793334961,2489300
2019-10-29,99.7212374796426,99.94528987581442,97.87504792319838,98.16183471679688,3034800
2019-10-30,98.4755295324431,99.89154264551678,97.85714942518132,99.730224609375,3064900
2019-10-31,100.68020742489108,101.26274517266836,99.3000503255936,100.0259780883789,3413100
2019-11-01,100.30380315672164,101.24482621909242,98.717514756268,101.22689819335938,2801800
2019-11-04,101.32546469644,101.8452679542275,100.1155829904112,100.93113708496094,2518000
2019-11-05,100.9669881261777,101.04764371719342,99.50616193854378,100.55472564697266,2360400
2019-11-06,101.27170301062807,101.99763072915232,99.8556899469925,100.9759521484375,3229200
2019-11-07,101.67500023780612,102.311315220117,100.48304638670317,100.91322326660156,2656300
2019-11-08,101.03868155716918,102.23064212151804,100.60850472212768,102.16790771484376,2792400
2019-11-11,101.4688785017318,102.60706198242008,101.02077358472188,102.57121276855467,2936700
2019-11-12,102.50848231817096,103.548089047859,102.33820709264796,102.4547119140625,4174600
2019-11-13,101.24482333451964,102.53536764899324,100.32172832418188,101.13727569580078,4252300
2019-11-14,101.73775559208616,102.92075251161484,101.00286366991742,102.65189361572266,2852400
2019-11-15,103.17166532019726,103.69146176072604,101.71980311379956,103.53014373779295,3623200
2019-11-18,103.7273186482869,104.67730567034226,103.08204650878906,103.08204650878906,5506900
2019-11-19,103.17167761212538,103.17167761212538,101.16416267921792,101.63019561767578,7154000
2019-11-20,106.00370216729284,108.638561369071,104.82070541420566,105.60041046142578,16114700
2019-11-21,106.64000806916052,106.6489720821656,104.56976550498965,104.87447357177734,5747800
2019-11-22,104.9371830746623,105.93197631835938,104.63247508021514,105.93197631835938,4473300
2019-11-25,106.48765377245115,106.78340466304095,104.57872925939944,104.85655212402344,4468900
2019-11-26,105.35842052112898,106.05746306197427,104.8117320032806,105.55558776855467,4752300
2019-11-27,105.8065536839064,106.61314407635702,105.48391752692616,106.1650390625,2946000
2019-11-29,106.15606292317396,106.4249286357958,104.93721687768928,105.13438415527344,1596000
2019-12-02,105.394261327805,105.6541629661806,103.92447793926112,103.9603271484375,3324300
2019-12-03,102.88487242389408,103.29712804987815,101.81838073300966,102.66082000732422,5091700
2019-12-04,103.0641313191538,105.2688066990415,102.9476265017851,103.47638702392578,4147400
2019-12-05,103.93345224640905,104.21127509812472,103.02827842826872,103.58393096923828,2651200
2019-12-06,104.12163833628088,105.143316799362,103.9872055200782,104.21125793457033,2463100
2019-12-09,104.25610448074028,106.04852436967232,104.0858224032792,105.63626861572266,2589500
2019-12-10,105.55559451455954,105.62729294321257,104.30089936328557,104.3905258178711,2561600
2019-12-11,103.69145166901194,105.456985737745,103.27023888557754,105.44802856445312,3611200
2019-12-12,105.45698630493474,106.46074355950876,105.035766681698,105.93197631835938,2533200
2019-12-13,105.4570108863922,106.29945032923376,104.69523388517132,106.20086669921876,3118900
2019-12-16,107.07017098717536,108.59372469995816,106.8998889608802,107.61685943603516,3749100
2019-12-17,108.16355503694705,108.85363352394523,106.85508964517676,106.9357452392578,3533900
2019-12-18,107.2404519244447,107.71544195345804,106.89092386414164,106.92677307128906,3309500
2019-12-19,106.944720987373,108.056019265517,106.55935048577344,107.73338317871094,4501900
2019-12-20,107.30319213867188,107.79610337918442,106.91782168788843,107.30319213867188,5996100
2019-12-23,107.57206124578552,108.06497937101062,106.92678909550476,107.17772674560548,3190300
2019-12-24,107.177732247118,107.6616863846703,106.99849301285646,107.33905029296876,1126000
2019-12-26,107.48243134657872,107.8140314024976,107.0791397100196,107.30319213867188,1714200
2019-12-27,107.41970454706345,108.15459629158336,107.2046161148361,107.75130462646484,2419700
2019-12-30,108.0381089286857,108.21734817823028,106.59521040597284,107.59000396728516,2327900
2019-12-31,107.15979608996064,107.39281253198226,106.14708156652216,107.330078125,2651300
2020-01-02,107.58997792523206,107.9574203491211,106.88197143708682,107.9574203491211,2788800
2020-01-03,106.38906510492856,107.3838585352374,105.7975701892936,107.18669128417967,2774200
2020-01-06,106.33530968285064,107.89471304831184,106.021637574502,107.8588638305664,3635400
2020-01-07,107.98432593951448,108.13668681481543,106.8371783933584,107.21358489990234,4191100
2020-01-08,107.67960716328618,109.99183005234448,107.16876785873032,108.91637420654295,4030100
2020-01-09,108.95221683286957,110.12624939363886,108.88948242513848,109.38240051269533,2932400
2020-01-10,109.068727472696,109.3017439299676,108.37864895072843,108.4413833618164,2391100
2020-01-13,108.41450000068016,109.0776933345033,108.1725195269965,108.48619842529295,3817200
2020-01-14,108.30693734666605,109.05079301442518,107.20460328062327,107.60789489746094,3823400
2020-01-15,107.50037602817602,107.71547132972152,106.82821859530904,107.11500549316406,3673700
2020-01-16,107.49141890079432,107.59000253799591,106.5414317457188,106.89095306396484,3781000
2020-01-17,107.32112440040729,109.77673735735476,107.1687703742092,109.66023254394533,5913800
2020-01-21,109.08407109687684,109.6062214800672,108.17481703847923,108.86801147460938,3477800
2020-01-22,109.11105615073384,110.64149591639026,108.66092801996612,109.750244140625,4843500
2020-01-23,109.1380984700492,110.85758481273363,108.9760520253826,110.47047424316406,3365200
2020-01-24,110.35342452544587,110.61449968995817,107.5626312269239,108.23782348632812,3670600
2020-01-27,106.4553083186964,108.80497782979124,106.4553083186964,107.814697265625,3497400
2020-01-28,108.0847647699229,109.5431823890428,107.32855280561569,109.06604766845705,3228600
2020-01-29,109.2911365011462,110.20039745625158,108.3548689509684,108.40888214111328,2566900
2020-01-30,107.60763562665994,108.36385449857234,106.74339039333904,107.7786865234375,3471800
2020-01-31,107.55363664596536,107.7336851843579,104.51076552088658,104.64580535888672,4370300
2020-02-03,105.33000373656724,107.3285741371813,105.07793303169908,105.49205017089844,3979400
2020-02-04,106.95947831544515,108.30986313801908,106.51835452989314,107.44561767578124,4119600
2020-02-05,108.49889750922054,110.1463683575423,107.967749533958,109.94831085205078,3215300
2020-02-06,110.22739835295566,110.61450888860912,109.38115511957103,109.3901596069336,2469100
2020-02-07,109.51617057113916,109.7952478015358,108.74194967222276,109.36312866210938,2068800
2020-02-10,108.8409941403917,109.66922833436658,108.44487914831204,109.1200714111328,2975800
2020-02-11,109.2101178446139,110.90260452281396,109.0750848593637,110.75856018066406,2316300
2020-02-12,111.5417643002064,112.71209344634694,111.28969361852724,112.55905151367188,2727500
2020-02-13,111.84784692322997,112.77510986414076,111.60478073099942,112.32498168945312,2532100
2020-02-14,112.6670976566184,113.03619923467278,112.07292509452516,112.91016387939452,2774700
2020-02-18,112.20794114543648,113.3512704567056,110.56947500582169,110.93858337402344,3430000
2020-02-19,111.33472544745182,112.06393792057314,110.87559955403408,111.12767028808594,3170500
2020-02-20,111.4247142945757,114.0894788687707,110.74052448212986,113.9454345703125,4696000
2020-02-21,113.20724172084952,113.61235435141252,112.00989906655624,112.81112670898438,3861600
2020-02-24,110.11934268488014,112.0098794097527,109.8402654491752,110.65049743652344,5399600
2020-02-25,111.9828707460753,111.9828707460753,106.6983642578125,106.6983642578125,6522600
2020-02-26,108.30084072151972,108.43587367813043,100.79269925547848,101.9990463256836,12739800
2020-02-27,99.11822927746974,101.31485711377016,96.80457058060344,96.8855972290039,8830100
2020-02-28,93.6896670079184,96.48045998973008,92.66337543956448,95.9403076171875,9987300
2020-03-02,96.50748181640684,100.09050525421492,94.60794029277764,99.96446990966795,8794000
2020-03-03,100.20752391254544,101.75596580665731,96.4624613748796,97.73181915283205,8337500
2020-03-04,99.66738804331276,102.22411986331744,98.63209178030117,101.99005126953124,5206700
2020-03-05,99.28027227067024,100.14451756937378,96.2193992116716,96.79556274414062,6619100
2020-03-06,93.58165049631998,95.47219444041636,91.97919519532584,94.80599975585938,7886900
2020-03-09,88.06308838948304,89.86360134520211,83.85889228629787,84.8221664428711,8188200
2020-03-10,88.45021374334033,93.75272473532554,85.5693952797265,93.64469146728516,9289500
2020-03-11,90.32273227985642,93.0054926843351,88.00907345240218,89.26042938232422,6205500
2020-03-12,82.11237358816533,85.4343214233953,80.22183679425625,80.95104217529297,9903400
2020-03-13,84.31799531194635,86.92873268337104,79.56463701376387,86.86571502685547,10007100
2020-03-16,77.01693846958098,78.86245998536113,64.08025141100025,65.349609375,14770800
2020-03-17,66.21384917806571,68.0773793195299,57.84146340139476,66.4299087524414,15323900
2020-03-18,61.67655970373551,63.12597286489619,54.91563311363914,58.53466033935547,11133900
2020-03-19,57.98551442366498,65.90776613115574,54.01538064911764,62.90091323852539,12141200
2020-03-20,65.04352613515985,65.70071634174067,58.99380191333134,59.74101638793945,11541400
2020-03-23,58.71471730348637,62.216713780012654,56.76115933610114,61.03738021850586,9594400
2020-03-24,65.5026632572077,69.85089682560768,64.86348198208815,69.58982849121094,9004100
2020-03-25,72.11955705948256,78.31332001924523,70.50809691492702,75.3694839477539,9907500
2020-03-26,77.4940673389684,81.86931369764285,77.37702961907107,79.32158660888672,10103600
2020-03-27,75.69356842706462,80.77101455494135,75.08139373023633,78.30431365966797,6885800
2020-03-30,78.68239897307596,80.60894683164322,76.90889303121492,79.86173248291016,5717100
2020-03-31,79.28557095277417,80.06879639540229,76.99891915867872,77.46705627441406,5523700
2020-04-01,72.68668706943684,75.5495021942654,71.19226527901226,72.39860534667969,8115400
2020-04-02,71.8854790442972,74.96435457846432,71.34532652629784,74.59525299072266,8246500
2020-04-03,73.93805806931135,75.83759968469798,73.05581061486565,74.0010757446289,6448500
2020-04-06,78.40331773996652,80.45590787002281,75.621529074423,79.9157485961914,9422300
2020-04-07,85.48835504376883,86.58666905508767,81.69827606380609,81.8873291015625,7854900
2020-04-08,82.32844128146382,85.31729211854487,81.55422026326714,84.9391860961914,4715600
2020-04-09,86.82072269900603,88.58522428232665,85.31728940729197,85.80342864990234,6543100
2020-04-13,85.8754729418262,86.2805856475599,83.75987139377106,85.70442199707031,5489700
2020-04-14,88.0810668175841,89.86357718664436,87.16280847912941,89.18838500976562,5655000
2020-04-15,85.42532716594955,86.3345880309592,83.32772815661895,84.93018341064453,7379600
2020-04-16,84.62407818362972,86.49661262589849,82.63451291437265,83.21968078613281,9034700
2020-04-17,86.87474164363248,88.82829636170791,85.83044093429133,87.4148941040039,7136000
2020-04-20,85.74942881793945,88.05408318460331,85.10124306021228,85.64139556884766,5271900
2020-04-21,83.38672939711475,84.84457162279999,82.84343574536301,83.86664581298828,5541500
2020-04-22,84.93511535135231,86.95435776275225,84.35560127655435,85.97642517089844,4770900
2020-04-23,86.25712220695793,87.52481168837288,85.85870373636561,85.93114471435547,4096200
2020-04-24,86.99056470370203,90.24128265305882,86.67364407285011,89.41728210449219,5432100
2020-04-27,89.93342323204709,93.2384688727348,89.92436638193026,92.33297729492188,5336500
2020-04-28,95.48407188106006,96.49822480525704,92.74949070616776,93.7364730834961,5588400
2020-04-29,96.64310586531025,97.61198144415684,95.23959134913788,96.1269760131836,5205500
2020-04-30,94.81402212269282,96.6340621253431,93.69121450245122,94.8502426147461,4814100
2020-05-01,92.81287638912715,94.79590493435764,92.64083079783089,94.58763885498048,3811100
2020-05-04,93.63688164916074,97.23167719014089,93.11169490815432,97.20451354980467,4088100
2020-05-05,98.63521294111504,101.13437201265036,98.58993559195484,99.73991394042967,5237000
2020-05-06,99.86665688606412,100.98946439510904,98.65329470167782,99.25997924804688,4435200
2020-05-07,100.64538018534148,102.43824946134524,100.57293920836004,101.34260559082033,3206700
2020-05-08,103.01776349070737,103.79648672260667,101.5055943646234,103.43429565429688,3951300
2020-05-11,102.41109740590235,103.9051599104685,101.9311879687329,102.67369079589844,3863700
2020-05-12,103.9685444975614,104.17681060375804,100.67255564962883,100.72688293457033,3685200
2020-05-13,101.31544018114104,102.67367738822578,98.52652479125592,99.99342346191406,6643300
2020-05-14,97.11397136423308,99.9843779973671,96.1632024476758,99.95721435546876,6097900
2020-05-15,98.4359831805162,103.37091615315946,98.17338980839224,103.02682495117188,8950400
2020-05-18,106.84798433467635,107.21018227341328,105.44446991270247,105.69801330566406,7729700
2020-05-19,105.03701845853854,107.39129507680086,104.53899534905804,105.82479858398438,7041000
2020-05-20,111.02233750296988,111.09477849672236,104.6023977799872,105.9334716796875,19289700
2020-05-21,107.66294158489914,109.7908452450924,105.94250633959432,109.23849487304688,9727900
2020-05-22,109.5644704744616,110.9589282004115,107.81687161948528,110.6963348388672,6064700
2020-05-26,113.132102192474,113.94703895796208,111.68331036860316,111.90968322753906,7684000
2020-05-27,113.46714007763086,116.31944665356949,111.61088660799822,115.9119644165039,7615500
2020-05-28,116.71785610020144,118.98158499133572,114.7348342892474,116.0115737915039,7994100
2020-05-29,115.9934668754156,118.19380459216768,115.6222120437706,118.03082275390624,7402000
2020-06-01,117.61429805280224,117.84067094256562,116.17456978991616,117.09817504882812,5136200
2020-06-02,118.76427140917248,119.94141315178376,117.913107167335,119.50676727294922,6023200
2020-06-03,119.97760530850576,120.78349206696652,118.92723201394742,120.28546905517578,4585200
2020-06-04,118.93631305426422,119.40715868228892,115.83952689988688,116.51863861083984,7448700
2020-06-05,117.92216301624389,118.972536550993,116.319452889125,118.59223175048828,5550400
2020-06-08,117.82257333537272,118.83673341538989,117.19778186361656,118.4473648071289,4951600
2020-06-09,117.31549068457532,119.00875557253887,116.99857691135888,117.32455444335938,4472600
2020-06-10,117.99460411024218,118.83671845384552,116.78124872415614,117.80445861816406,3708400
2020-06-11,115.20569152695948,116.63636290798736,111.60183216268032,112.22662353515624,5998600
2020-06-12,114.7801051711507,116.25605383810426,111.80103728906302,114.13720703125,4463100
2020-06-15,111.7376521649451,115.8757480318814,111.4569451030615,115.65843200683594,5063000
2020-06-16,119.37998482119264,119.66068494913168,116.44620147968524,119.28944396972656,5023900
2020-06-17,120.69297238297744,123.8531431221166,120.54810422395455,122.8299331665039,7238800
2020-06-18,122.44059351490856,123.18308955293814,120.71110098500824,121.83391571044922,3898100
2020-06-19,124.3149312584832,124.3149312584832,119.8418145197786,121.18193817138672,6684300
2020-06-22,120.35793592276612,122.25947371637258,120.23116765763932,121.98782348632812,3449200
2020-06-23,123.50000441996072,123.78976837723246,121.48981187068232,121.58941650390624,3384200
2020-06-24,120.67485907434884,121.7433324388994,116.78124276419037,119.50676727294922,4150100
2020-06-25,118.9363150977066,119.53392899226763,117.39696848080528,119.31661987304688,4022800
2020-06-26,119.63353897098948,120.28549399127044,116.74501872049274,117.1796646118164,5710700
2020-06-29,118.04893822071708,120.91934500158132,117.08911931303004,120.9012451171875,3328000
2020-06-30,121.60749509780872,123.09250040834635,120.54807184120888,122.34999084472656,4462400
2020-07-01,122.60355559982446,123.40944256120788,122.01499159377218,122.81182861328124,4802300
2020-07-02,124.26965531040706,125.1208056929816,122.34095404254111,122.8842544555664,3522900
2020-07-06,124.43265428742158,125.18421397507768,122.47678911111451,122.92953491210938,3698700
2020-07-07,121.79765856382178,123.83501447014942,121.6437266644593,122.25946807861328,2991700
2020-07-08,122.84802258846436,123.47281389569514,121.71615828310516,122.92046356201172,2753700
2020-07-09,123.44564847830608,123.99799880402767,121.38112912042592,122.79369354248048,3397700
2020-07-10,123.3823029770771,124.6318860346522,122.07840644096012,124.44172668457033,3252200
2020-07-13,125.36530300021256,127.48414992246067,123.05629677210412,123.6448745727539,4227000
2020-07-14,123.22834048273006,126.92274762753638,122.965754015224,126.8231430053711,4360700
2020-07-15,128.83338486552393,128.88771216819202,125.97202718018607,127.87356567382812,3496200
2020-07-16,127.873525343669,131.24195521381634,127.52943411301462,129.25892639160156,4124800
2020-07-17,130.65338756665645,130.96126523652407,128.4802130756634,130.7439422607422,3898800
2020-07-20,129.78410613549005,131.03368890176634,129.39473758245566,130.48133850097656,2769000
2020-07-21,130.84495023426214,132.6356047472804,130.44500512297844,131.7993621826172,2628300
2020-07-22,131.94473587717889,135.5714801203974,131.94473587717889,135.0170135498047,4613000
2020-07-23,135.7078586755489,136.02598665360006,132.16290301273008,133.1627655029297,3664800
2020-07-24,133.42634515483056,134.1807842573215,132.1628902409338,133.64450073242188,3740100
2020-07-27,133.82626967594132,135.82598028808147,133.82626967594132,135.54420471191406,2791100
2020-07-28,135.70784808032963,136.14414537397064,134.00808197969738,134.26260375976562,3571600
2020-07-29,134.56255386872613,136.17141840576073,134.5262015385201,135.17156982421875,2732600
2020-07-30,134.40799363207233,136.25318246016838,133.52630077888705,135.61691284179688,2574600
2020-07-31,135.86237889221758,136.27140849938368,133.26275031536483,135.35336303710938,3928300
2020-08-03,136.25325932214977,137.5712639739801,135.889680440735,136.58958435058594,3136700
2020-08-04,136.11689272960032,137.01676900014942,135.23519956027795,136.04417419433594,2381400
2020-08-05,136.28961454575915,136.7622781492131,135.17159639936932,136.58047485351562,3039700
2020-08-06,136.57137106964322,138.38020819867842,136.01690438272786,137.42579650878906,2449900
2020-08-07,138.1166239230596,140.08906766793206,137.88938366854003,138.87106323242188,2904700
2020-08-10,139.28006805476153,140.62534010752665,139.0891940420375,139.7254638671875,3065300
2020-08-11,140.94343602138557,141.27066240982643,138.95280998084033,139.8617706298828,3723000
2020-08-12,141.91603358185955,143.59760249645356,140.48895867518272,142.37051391601562,3791200
2020-08-13,142.12507906404983,142.84315183082788,141.0161460295536,141.52516174316406,2272300
2020-08-14,141.40703319451276,141.87059819266096,139.89815499242007,140.28900146484375,3404900
2020-08-17,142.94316640182015,144.27025523520442,141.6615422507288,143.9884796142578,5159600
2020-08-18,145.25197818361454,145.9791497956396,142.70688447634942,143.53404235839844,5741400
2020-08-19,146.34269005859227,148.0606254305814,142.03421083646722,143.8703155517578,9727100
2020-08-20,142.32508377055476,144.67020429960698,142.25236524217627,144.14300537109375,4288500
2020-08-21,144.60656017349356,147.32435776742895,144.04300895541178,146.99713134765625,4568800
2020-08-24,148.7877767713927,150.56933194728924,148.16967629327806,150.55116271972656,4872700
2020-08-25,151.2419862431245,152.18729936801913,149.40588155229418,150.8147735595703,3490900
2020-08-26,152.39639392076057,154.97783965134127,151.8237440925607,154.8778533935547,5319000
2020-08-27,155.15961869506236,155.7231838693059,150.2875878469329,151.16928100585938,4425000
2020-08-28,150.96019188340898,151.69644781743042,149.15135513133166,150.44207763671875,3291400
2020-08-31,150.67839537422904,151.2237633864904,148.77865726971876,149.69671630859375,3421300
2020-09-01,149.44225951267106,152.37819923037668,149.16956847856875,152.33274841308594,4284400
2020-09-02,152.5781633533239,155.2777780903923,151.43287771654758,154.96873474121094,4262700
2020-09-03,154.2506461355341,154.95963445524615,145.76095552898354,146.8153533935547,5734400
2020-09-04,148.09697160082254,148.31512717869634,139.47094276996734,142.15237426757812,6303800
2020-09-08,139.92544174798033,142.57960588474188,138.062069147924,139.74365234375,4892800
2020-09-09,141.69785400952748,146.51534750890775,140.97978130592088,145.0064697265625,4382600
2020-09-10,145.5155529983632,148.09699872935838,142.7614024702868,143.91578674316406,4129200
2020-09-11,145.7518787482523,147.7879421882944,144.92472104091422,147.15167236328125,4870800
2020-09-14,148.31515538782844,150.70572710592828,148.16063369189348,150.15126037597656,3583300
2020-09-15,152.19641806921803,154.41428492449432,151.45106346030195,153.64166259765625,3998100
2020-09-16,154.85960677701246,156.08670908568598,150.98743976927688,151.53282165527344,3814700
2020-09-17,148.26058112199368,150.81475848346474,147.17891566408622,148.8695831298828,3717800
2020-09-18,146.66992866406645,148.93324625624598,144.07938459915786,145.52464294433594,5484700
2020-09-21,143.57036615986658,145.0883291433059,141.07072377577077,145.07015991210938,3929500
2020-09-22,145.461026772689,147.06079312919394,145.10653253978444,146.8426513671875,3526300
2020-09-23,147.6516099775458,148.07882270769372,143.39766577746337,144.1702880859375,3245500
2020-09-24,144.31571065986674,146.20635079556487,142.53414138230696,144.08847045898438,3888600
2020-09-25,143.52489517916234,145.61550765335727,142.34325731385405,145.02468872070312,2828600
2020-09-28,146.8789877132812,148.25152754147948,145.89730828219746,147.78794860839844,2815700
2020-09-29,148.59695549281668,149.0423514211374,147.4425848916852,147.48802185058594,2212000
2020-09-30,148.1424720900705,152.36005092243263,147.6879915526623,150.76028442382812,4198600
2020-10-01,152.10551045490055,152.9599359019422,150.31485641026453,151.95098876953125,2677200
2020-10-02,149.4968112244922,152.21460950657476,149.1150492830352,151.33291625976562,2026600
2020-10-05,152.80542724908494,153.58713422798047,151.80556464713362,153.19627380371094,2437400
2020-10-06,153.14171631532056,153.596196729016,149.45133757525613,149.96945190429688,2765600
2020-10-07,152.45090878425216,154.35063355618266,151.4692294410933,153.13262939453125,2587400
2020-10-08,154.0597459044145,155.98673804841843,152.923545089386,155.31410217285156,3105700
2020-10-09,155.7686217571353,159.06815419384168,155.7686217571353,157.45928955078125,4593700
2020-10-12,158.92268361045006,158.92268361045006,156.6775495979978,157.00477600097656,3377900
2020-10-13,157.12301381269174,159.9226156207166,156.913956646503,159.36814880371094,2987800
2020-10-14,159.1772287278054,159.8862171218289,155.62320214173852,157.80470275878906,3474800
2020-10-15,155.94132209999822,160.3406893104812,155.44139085570654,160.1134490966797,3631600
2020-10-16,160.69518117216276,164.22195367779494,160.64064574077946,161.5223388671875,3879100
2020-10-19,162.00407998102634,163.5311413417692,158.9045341847599,159.18630981445312,4073200
2020-10-20,160.07101230680945,163.50957869025004,159.1680426117663,161.52122497558594,3603800
2020-10-21,161.47561134229733,163.81967776553589,158.99475157784462,159.15892028808594,3431800
2020-10-22,159.56026999379378,159.84301432588674,155.70215149065274,156.19467163085938,3266800
2020-10-23,156.3862123856822,157.03378540643428,154.34313551013045,157.0064239501953,2963100
2020-10-26,155.02718737660976,156.17641019888367,151.27851508054025,153.3489532470703,4380800
2020-10-27,154.1880688423604,154.55289750449757,150.50323533509675,150.62181091308594,4425700
2020-10-28,147.1102909869917,150.01073064269727,145.40469524463415,147.22886657714844,4947700
2020-10-29,147.99502704888263,149.62766831593436,146.51745260475727,146.61778259277344,3697800
2020-10-30,145.8151416138873,146.57217444200683,142.075598460707,144.2007598876953,3948900
2020-11-02,145.83335738929105,148.40544530925536,144.23720768383436,146.14346313476562,2978900
2020-11-03,148.09534207806396,150.92281315123168,147.11941767259572,150.17489624023438,2908200
2020-11-04,150.86807213913556,156.36794681837333,150.7221351129388,153.4310302734375,5006500
2020-11-05,156.34972287835126,158.3015856429373,153.59522027577077,154.37049865722656,4088100
2020-11-06,154.50732266281628,154.60765265342468,152.71964236129767,153.70469665527344,2672900
2020-11-09,154.59851047566357,155.28257468130806,139.48524527864257,139.95953369140625,10765200
2020-11-10,141.9205440372347,143.5075642878489,139.55823143797303,142.0208740234375,5925100
2020-11-11,143.78119143286773,145.58711725017173,143.1974571324602,144.1095428466797,4551700
2020-11-12,145.27699213046117,145.93369487076535,142.8690867217864,144.09127807617188,3893900
2020-11-13,144.50175856987238,145.91549446031095,143.8906627033888,145.23143005371094,4036000
2020-11-16,145.08549641771967,147.75790115961146,144.7115378956145,147.66668701171875,5005400
2020-11-17,145.75126159537643,147.30180411842218,142.79609964802867,145.8059844970703,5642100
2020-11-18,137.15029267585243,140.74391178557784,133.82118615577988,133.8394317626953,18087800
2020-11-19,135.52678277344805,137.95293357347566,134.9886556619795,136.447998046875,9393700
2020-11-20,136.20174988793588,137.68845393027638,135.80042998075277,136.74899291992188,6005800
2020-11-23,137.06823218850715,140.58888340094472,136.91317929602718,140.1602020263672,6978500
2020-11-24,140.8716194248474,142.2853549012408,140.19668498176088,141.3367919921875,7190200
2020-11-25,141.6742908123002,142.7049522331442,140.47033086044792,141.26385498046875,5228300
2020-11-27,142.00261211111666,143.5349092692355,140.51590810004595,141.07228088378906,2081300
2020-11-30,140.88076345189478,142.1576778659287,138.08065367046734,142.12120056152344,7292400
2020-12-01,142.12118456537456,142.99677894578335,139.29371364455235,139.91392517089844,6103700
2020-12-02,139.00184177079893,139.5490987051991,137.21416176409278,138.46371459960938,5133100
2020-12-03,138.62791052783936,139.68591936247984,138.05329208340115,138.6096649169922,4870100
2020-12-04,138.40901631673177,139.00186650338273,136.6578132993107,136.8128662109375,4709100
2020-12-07,136.91317374118168,139.16602634857642,136.18350245763335,138.62789916992188,7306800
2020-12-08,139.2389768890006,139.5764440731698,137.2323915563409,137.94381713867188,6737300
2020-12-09,145.4776734087522,146.8275563874185,143.39811906526063,146.0522918701172,11093300
2020-12-10,145.46855024632657,147.2562303870588,144.1095375716488,146.13436889648438,6647400
2020-12-11,145.72393788745978,146.03404368892328,143.6352538163693,143.94537353515625,5292600
2020-12-14,144.8118621217377,148.1592152396246,144.44701946202798,146.01580810546875,4654000
2020-12-15,146.96436166783553,149.84654167465354,146.79106317177386,148.970947265625,4764700
2020-12-16,149.69148832073762,151.5795122447932,148.27776673585214,148.8523712158203,4443500
2020-12-17,150.16577533092988,150.86808515242456,148.742923996084,149.1624755859375,4471500
2020-12-18,148.7976483050921,150.7860022045901,147.65754127384758,148.8523712158203,11916900
2020-12-21,147.77612568896933,151.27853135808064,147.0920614293465,149.88304138183594,5153100
2020-12-22,149.6003157152701,151.27855023479938,149.23547304755198,150.13844299316406,3274200
2020-12-23,150.49412156604427,151.06873993829387,148.03149326933695,148.15005493164062,3613700
2020-12-24,148.15007011141148,148.8523799808632,147.8490940846837,148.46018981933594,1044600
2020-12-28,148.89798709500386,149.4269984588964,147.40216713815434,147.7943572998047,2635000
2020-12-29,148.62433801809652,148.94357352844654,145.45940003707406,146.42620849609375,3326100
2020-12-30,146.4809797497729,147.475149895663,146.09789148038058,146.44448852539062,3227000
2020-12-31,146.4900788793155,146.71810029504712,145.25875766743565,146.39886474609375,2335300
2021-01-04,146.63600151317564,147.19237426956968,143.31601058312705,146.28028869628906,7243400
2021-01-05,145.42297446482178,147.83088062356055,145.1311003038469,146.77285766601562,3911900
2021-01-06,144.44699682820635,150.63093628873142,144.10952959851244,148.7338104248047,4937000
2021-01-07,149.08038424413286,150.34818263493688,148.47840442530816,149.31753540039062,4144100
2021-01-08,149.34490395508217,151.6342338437809,148.7064328892507,150.53973388671875,4971200
2021-01-11,150.4120606426329,152.68314519672555,149.85568779223726,151.69810485839844,3005200
2021-01-12,151.67070436761512,155.27345352805463,150.64005713011824,154.1333465576172,4036900
2021-01-13,155.17310351868875,156.59595460727428,154.34310241124066,154.89947509765625,3291800
2021-01-14,155.37381627197465,157.40776363941646,155.02721922630923,155.41029357910156,4090900
2021-01-15,153.6773129595719,156.8878443598469,153.23038599019785,156.27674865722656,3727200
2021-01-19,158.2537964979997,159.08671459770832,156.1852440202851,156.29507446289062,4683100
2021-01-20,156.73442358247416,159.30638885627772,155.27910039221072,157.78700256347656,3899800
2021-01-21,158.88535516059463,160.23999584361306,157.66801650197726,157.74124145507812,5322600
2021-01-22,157.32936446947946,159.37045942456214,156.54221367565543,157.79615783691406,3612300
2021-01-25,158.26291368052557,160.31315585043995,156.91743527340557,159.35211181640625,4764100
2021-01-26,159.52602590552013,160.08435384698473,158.345306929625,158.9860076904297,2496200
2021-01-27,156.5513550022944,157.30190027098774,152.89019127106343,153.50344848632812,4762700
2021-01-28,154.58349042109887,159.01349533696322,153.54920716211777,157.74124145507812,3816600
2021-01-29,157.01811073639357,157.24693339442788,152.39589025085505,152.71624755859375,4400500
2021-02-01,152.96340770137442,153.94277564871766,148.40526302043122,149.53106689453125,3898500
2021-02-02,149.99786625749132,153.57664280200615,149.59513605616982,152.54237365722656,3181900
2021-02-03,152.1762017026966,155.80075842315716,152.03891370678824,155.48956298828125,2996500
2021-02-04,156.08456016539574,158.47347003588357,155.42554958276247,158.37278747558594,2679800
2021-02-05,159.88299650279592,160.35895164798316,158.51922209576384,160.20335388183594,2562700
2021-02-08,161.07288046561197,164.0292799776846,160.64269264722938,163.99266052246094,3421800
2021-02-09,163.68145608625943,164.2580937617297,162.35428721426484,162.72039794921875,2723800
2021-02-10,163.8370419231859,163.8370419231859,160.30401911971273,162.22613525390625,2837900
2021-02-11,161.99731520274483,162.59224860497417,160.06605115763293,160.8440399169922,2783900
2021-02-12,160.88068505319328,162.6197321729138,160.5511797712616,162.15293884277344,2035500
2021-02-16,161.33832014005424,162.2810685871536,159.19652896194208,159.31552124023438,2947700
2021-02-17,159.12330517010307,162.4366532720498,158.8029478156837,162.12545776367188,2244100
2021-02-18,161.05459255841146,162.96754718335023,160.4962645519781,162.15293884277344,2758700
2021-02-19,162.4732748134946,163.9285978888048,161.80511639918876,162.500732421875,2842000
2021-02-22,161.29253813851298,161.53967055317528,157.6130653888742,157.80528259277344,3767700
2021-02-23,156.28589983413454,156.43234971003218,151.0229778777874,154.30886840820312,5149500
2021-02-24,154.3729702505416,155.24249383316229,146.54723007449314,148.5608673095703,9972300
2021-02-25,149.64090014754257,149.65004802783622,144.57018121896652,145.09190368652344,6639300
2021-02-26,146.75773064867946,148.661537281102,145.65023654797267,146.21771240234375,6030400
2021-03-01,147.1421631976183,149.65006534500466,147.1421631976183,148.2222137451172,3361100
2021-03-02,148.67069982070984,150.83078698526825,148.64324220996713,149.23818969726562,4330900
2021-03-03,148.45103639668372,149.03682202623187,144.82647821207067,144.8813934326172,5238500
2021-03-04,143.85627685464786,144.87225036722572,138.06248346845848,140.74429321289062,7792700
2021-03-05,141.82430991897638,145.61361335922103,138.27299103057575,145.14682006835938,5143100
2021-03-08,146.20859806951012,151.29761409778789,145.79670592201035,149.1192169189453,4613400
2021-03-09,151.70031546361702,154.8855238151486,151.02299518464292,151.92913818359375,4585200
2021-03-10,152.85358003187443,155.9655634999233,152.35932909188296,154.18991088867188,3394900
2021-03-11,156.34999625542983,158.46431597297135,155.9289563016374,156.28591918945312,4989600
2021-03-12,155.67266407975958,157.27442301206597,154.8946612975761,157.0181427001953,3638700
2021-03-15,157.94260321857192,160.45965331706643,157.94260321857192,159.4436798095703,3745200
2021-03-16,159.27893738098945,161.5671647897707,159.23317003956748,160.47796630859375,3737200
2021-03-17,160.0019832063984,161.01795655744792,159.1507694625017,159.663330078125,3119900
2021-03-18,158.2629227639859,161.66780538156164,157.71374274196603,160.056884765625,3888100
2021-03-19,159.4803058374035,165.25578970306074,159.4803058374035,164.28558349609375,8525100
2021-03-22,164.34047676702346,168.0474075446404,163.2329686808726,166.4822540283203,4700200
2021-03-23,165.89645674243113,168.23045106501877,164.6974280345032,165.1184539794922,3324400
2021-03-24,165.77745550477542,168.55078534883495,165.34726773670548,165.37472534179688,3555400
2021-03-25,164.48692528295246,170.3996963702731,164.3130177863436,169.48440551757812,4543300
2021-03-26,170.09767335433372,175.59858111431305,169.64002786168888,175.37890625,4795200
2021-03-29,175.73586939990616,176.5687875494785,171.8824882017765,172.64218139648438,3970900
2021-03-30,171.05870393710453,174.83885956241912,170.88479644350946,173.92356872558594,3547600
2021-03-31,174.81141996887652,175.90060444531508,173.14558377038588,174.0700225830078,3564200
2021-04-01,175.00360469954336,175.6260097292166,173.62152056779345,175.1134490966797,3192200
2021-04-05,175.6076856515137,178.1796504507488,175.0493577296484,177.31927490234375,3507200
2021-04-06,176.5504524160329,178.4542590698816,176.18434166062087,177.74948120117188,2917700
2021-04-07,177.1087912591806,178.25290489780582,176.35824600845163,177.26438903808594,3276300
2021-04-08,177.81352116226145,178.58236196793857,176.91652625607765,177.75860595703125,2684300
2021-04-09,178.84784162975657,181.8408468729376,177.84102998934242,181.69439697265625,3168500
2021-04-12,181.37404137133865,183.95515435120225,181.37404137133865,183.65310668945312,3647900
2021-04-13,183.70803813802084,184.17483145762628,182.1611943207028,182.8018951416016,2964500
2021-04-14,184.01924451806784,186.88409563579657,183.7171968348125,184.44943237304688,3371900
2021-04-15,183.6531208465596,187.69871907670907,183.61651535423653,187.24107360839844,3656300
2021-04-16,189.07163208538816,191.2774723553527,187.88175122177347,190.60931396484372,6359800
2021-04-19,188.55902061980424,189.73059152730576,186.2524982516632,186.7284393310547,3828800
2021-04-20,186.7376796047992,187.2701159290181,183.99288217669508,186.1409912109375,3006200
2021-04-21,187.08648995457412,188.12380982345533,186.5540537175065,187.18746948242188,2716600
2021-04-22,187.1599367039429,188.05038874789832,182.90046068238752,184.79151916503903,3713000
2021-04-23,185.24137702896124,185.33318172167597,183.14835890341712,184.451904296875,3634000
2021-04-26,184.3600572740848,184.45184793132023,182.0375421339071,182.85455322265625,3017000
2021-04-27,183.6624134335685,184.63548137337983,182.3863928622975,182.7260589599609,3453900
2021-04-28,183.35947541341423,183.45126608293955,179.6507849804006,179.98126220703125,4939200
2021-04-29,181.128727515388,183.07486315304607,180.779886596402,182.1660614013672,3860200
2021-04-30,181.57855851530888,182.00082638211265,179.25604322560986,180.1556701660156,4255500
2021-05-03,182.4506612371829,183.67159061339723,181.64282489624665,182.8637542724609,4629500
2021-05-04,182.40474447206327,184.04795562583263,180.6422040554949,183.87353515625,4150100
2021-05-05,185.0118287045916,186.44390587915436,182.49654329831128,183.5981292724609,3715300
2021-05-06,184.791518858556,189.16114926760488,183.99285747573384,189.05099487304688,4525200
2021-05-07,189.16113998610615,192.08035736548683,187.91267221514667,191.30923461914065,3694800
2021-05-10,192.3557586724408,197.56995295767112,191.41022940370212,193.9806060791016,4476900
2021-05-11,190.9512162831906,192.46590915083317,184.7180663827941,188.50018310546875,4449200
2021-05-12,186.53570294562545,187.24255968967952,178.82458685432556,179.50389099121094,5406600
2021-05-13,181.60608119187245,186.12259324092145,181.39494727698263,183.9102325439453,4494000
2021-05-14,185.16789547717477,185.6360656541243,181.04611252056853,182.59751892089844,3743000
2021-05-17,181.4316603737456,182.4047281618537,176.37353724526602,178.2095184326172,5798800
2021-05-18,178.0901762372325,179.92615743555447,175.99715879173942,176.94268798828125,5691500
2021-05-19,173.9959264414018,175.93288710402993,171.09508688639676,175.07916259765625,6797900
2021-05-20,176.0338758019732,178.9071909176604,175.68504889230724,177.54856872558594,4397700
2021-05-21,178.41149592215802,179.80683168340315,175.6391601206655,176.6856689453125,4032700
2021-05-24,177.39255748605734,177.64959380431705,174.8864323718821,175.02413940429688,3396200
2021-05-25,175.4922635235291,177.47512660619591,174.9781910222655,177.1905517578125,4089300
2021-05-26,176.79584279873254,178.3197108711775,176.7315907273261,177.7230224609375,3565600
2021-05-27,178.40233685148425,179.57736400851155,177.6954939885761,177.87908935546875,5126500
2021-05-28,180.84414975463997,181.61525850348687,178.71440482076747,178.85211181640625,3619400
2021-06-01,179.00821214718874,180.01800766483657,175.83195770684702,176.11654663085938,4105600
2021-06-02,176.52963159867596,177.33745396827678,174.47332718779757,175.12510681152344,3997700
2021-06-03,174.4182492548411,175.18018328774042,173.0228993387226,174.6936492919922,3469200
2021-06-04,174.76704322158884,175.69420862290508,172.84843235026662,174.33558654785156,4210500
2021-06-07,174.37232034173078,175.43719285247914,173.0779501695673,174.64772033691406,2913500
2021-06-08,175.48307563375496,176.88760004452806,174.64770087749997,175.70338439941406,3604600
2021-06-09,176.25423671552736,176.7132321236407,174.7487323372127,174.96905517578125,3638900
2021-06-10,175.21692224407306,175.93295404036783,171.98560429423046,173.29832458496094,3905800
2021-06-11,174.30807956703913,175.9696405020845,173.77564327718912,175.16180419921875,3127800
2021-06-14,174.52840806455347,174.87724905423025,172.77505626561313,174.10614013671875,3257700
2021-06-15,173.93164731551255,174.09687886880153,171.43471223360467,172.4720458984375,4472600
2021-06-16,172.5822413096401,172.76583663720777,169.44271498372814,170.9298553466797,4175800
2021-06-17,171.20522059012086,172.72908811372324,169.3325262171732,171.517333984375,4260900
2021-06-18,169.58044940960713,172.49047878518428,169.3601405656701,171.55413818359375,9316900
2021-06-21,172.55471602893476,174.91394488549122,172.2976797490164,173.3900909423828,4539400
2021-06-22,174.34480618746096,176.87845568204827,174.023517820888,175.9971923828125,3995700
2021-06-23,175.47392706213378,176.41028155349622,175.19854104181596,175.46475219726562,2835900
2021-06-24,176.87844387790605,177.25482343206232,175.27196012996865,176.02471923828125,2767800
2021-06-25,176.36435412339543,177.04367222753154,175.51980443057573,176.86007690429688,4149500
2021-06-28,176.7958112625359,178.24623813220322,175.68505044946667,177.36497497558594,2510600
2021-06-29,177.20890072676778,179.78846610034526,177.20890072676778,178.27377319335938,2628800
2021-06-30,178.2095344578688,179.24685439695295,177.95249818912,178.06265258789062,2715900
2021-07-01,178.54917098227574,180.01796153934154,177.95248269764426,179.76092529296875,2456300
2021-07-02,180.284154186164,180.40349743383837,179.20093211701467,179.65992736816406,2553000
2021-07-06,179.7425948885713,180.27503121405152,176.9702588515631,178.77870178222656,2588300
2021-07-07,177.78722897438013,180.34843046509212,177.43838808136252,179.8159942626953,3647100
2021-07-08,177.5302128110714,178.22788066855966,175.4830975655714,176.9886016845703,3993600
2021-07-09,178.25544415907822,180.6146872034201,178.25544415907822,179.31114196777344,2436300
2021-07-12,178.91636706069613,180.31171673161447,178.37475595417874,179.53143310546875,2405600
2021-07-13,179.86192341822974,180.06388250662465,177.8515354140889,178.3472442626953,3191900
2021-07-14,179.1642279430567,179.375361863953,176.80499932932318,176.9335174560547,2943300
2021-07-15,175.81360384575086,179.8619326720321,175.81360384575086,179.6967010498047,3188000
2021-07-16,180.78905218746613,182.5515922751183,179.76090730485825,180.05465698242188,4920700
2021-07-19,176.23583361935266,177.78723999349734,174.45492959240374,177.08038330078125,5214000
2021-07-20,176.6932585168725,180.1316340420262,176.22313855296488,178.9332733154297,2882400
2021-07-21,179.3480336705425,180.15000692058612,178.76728666009276,179.87347412109375,2112900
2021-07-22,180.77686880267564,181.56041600260667,179.56006807794876,181.38526916503903,3244100
2021-07-23,182.51909194856503,185.6716927579673,182.15958520887247,185.1370391845703,3358100
2021-07-26,180.9612485333875,182.436156106889,178.68436752714118,182.27944946289065,3422200
2021-07-27,182.2241343582124,182.26101478483844,176.51811909195908,178.3801727294922,4106100
2021-07-28,178.52762220322165,180.11314257819936,176.98819531725934,177.3477020263672,2152500
2021-07-29,178.14050080856927,179.12684823731527,176.95136730258534,178.4815673828125,2532800
2021-07-30,177.5413077286258,180.0302016739177,177.37537396386796,177.624267578125,2841600
2021-08-02,178.6567014819925,179.03464845475307,175.92814095136632,176.029541015625,3051700
2021-08-03,176.60105753317185,179.39415171645683,176.49965747089126,178.78575134277344,2335100
2021-08-04,177.9653485738788,179.08996239988434,174.9694540841901,175.0524139404297,3162200
2021-08-05,176.03877246219912,177.52289315810953,175.13539892818108,175.7714385986328,2335500
2021-08-06,176.73933921390054,177.5413267087412,174.9786857124591,175.29209899902344,2855000
2021-08-09,174.91413495963877,175.2920819208411,173.15346756397287,173.291748046875,2296200
2021-08-10,173.4300409271543,175.93737548949517,172.72024039074412,174.89572143554688,2548300
2021-08-11,176.33374966087507,179.4863651283286,176.0664298568339,179.31121826171875,3367300
2021-08-12,179.0714985548851,179.67989888520364,175.8728043504707,176.9882049560547,2753600
2021-08-13,176.92370466004033,177.31087880935246,174.9233705288144,175.61473083496094,2400900
2021-08-16,175.0892792963669,178.73044024193402,174.3518255953732,178.3524932861328,3485800
2021-08-17,172.7755409285519,173.16271507361836,167.84384590490976,168.009765625,8256400
2021-08-18,174.45325667395366,187.7919031047476,173.7618963436738,184.1138610839844,16992700
2021-08-19,183.21048271822917,187.42317830512707,182.9431629198018,186.750244140625,5378300
2021-08-20,186.897723042984,192.55765845807943,186.722576193803,191.9308319091797,4915700
2021-08-23,192.48391650882897,193.1107571392276,189.644728624018,189.9489288330078,4195200
2021-08-24,190.0410985545706,190.30841831442305,186.98989773445868,187.4876708984375,4110400
2021-08-25,187.5061109479548,190.65871182580196,187.19269769439464,190.0595245361328,2628800
2021-08-26,189.2390999242425,190.79696709429857,188.09606010962813,189.57095336914065,3250400
2021-08-27,189.312892456106,191.30401360677047,188.74137241065608,189.80145263671875,3128100
2021-08-30,192.1520528059849,193.03700010019335,188.870398457782,188.96258544921875,3986100
2021-08-31,190.23468715788684,190.43748729543128,187.4323797225392,187.94859313964844,4877800
2021-09-01,188.5570076274381,189.00868736824475,185.79156634441264,187.52456665039065,2835000
2021-09-02,187.83793855411045,190.47432569474975,187.77340485832983,190.03184509277344,2655800
2021-09-03,188.87962261571613,190.65873038138616,188.18826233664575,189.87518310546875,2260900
2021-09-07,189.617061958048,191.03666283316056,188.88883537513377,189.1100616455078,2591900
2021-09-08,188.3726151088088,188.4371347467244,185.7454407180072,188.1329345703125,3344800
2021-09-09,188.48325966715024,188.71371310597,186.65807237011117,187.1374053955078,2566100
2021-09-10,188.76896976116723,190.42823689503163,188.19744988507537,188.35415649414065,2505600
2021-09-13,189.63548185190336,191.0366423657799,188.7413215962478,189.93968200683597,3159000
2021-09-14,190.4006474684098,191.1934079167993,187.97627261905623,188.20672607421875,2488600
2021-09-15,188.20667434733517,190.08718190144796,185.7269936007822,189.5340881347656,2956600
2021-09-16,189.58018056891285,192.9632346541366,189.58018056891285,192.1796875,3365500
2021-09-17,191.1472945689769,195.40606947721824,191.1472945689769,192.6867218017578,5835200
2021-09-20,190.37298560772203,192.16130658978796,187.1558504548269,189.22071838378903,3640400
2021-09-21,190.5020238725813,191.9492640769184,189.3036632415358,190.14251708984372,2681200
2021-09-22,191.7833276352916,193.83896808213905,190.56652689783303,192.55764770507807,3169000
2021-09-23,193.58087866357127,195.10186565533783,191.54366418012933,191.71881103515625,3128800
2021-09-24,191.80175983429933,192.47467981452183,190.71401248724248,191.6173858642578,2275800
2021-09-27,191.39618003702435,195.65495476333845,191.2763397568562,194.16162109375,2886100
2021-09-28,192.751232405357,193.0830858691852,188.68603098990167,189.3681640625,4030200
2021-09-29,190.04111616070236,192.059890418398,189.81987580857103,190.9076232910156,2678300
2021-09-30,190.75088917914653,191.23946334732295,186.4552483201117,186.9991149902344,3828600
2021-10-01,187.8010907842109,189.34974502882392,186.0496504773044,187.7734375,3016400
2021-10-04,186.98069905678207,188.59387313121013,185.81921878686805,188.52012634277344,5195600
2021-10-05,189.77376726805383,191.5067813913144,188.1974738395645,188.2988739013672,3482800
2021-10-06,187.03598713444765,189.14694830561604,186.1234006075389,188.04998779296875,3079600
2021-10-07,189.8198478673435,193.22134217720256,189.5433009843269,191.64503479003903,3001100
2021-10-08,189.5156514243193,191.5159852144,188.4647845008262,190.0410919189453,3042000
2021-10-11,191.838635320054,195.1848233018018,191.5897417012583,192.52078247070312,3267900
2021-10-12,193.4426236526364,195.17562396111117,193.331996436438,193.3965301513672,2793600
2021-10-13,194.16161711237663,196.92705811239563,194.13396382763727,195.5351104736328,3275600
2021-10-14,197.58152304032265,199.62795035128715,196.75189642917883,199.52655029296875,3177100
2021-10-15,201.65598527251876,202.7898263932556,200.3931048459682,202.02471923828125,2930500
2021-10-18,201.3240859668909,205.29711442483327,201.20425976280185,204.4029541015625,2786000
2021-10-19,205.24485138169723,207.02114044185817,204.93028916529587,206.2255096435547,2976300
2021-10-20,207.2339218330349,208.436621524154,206.02197570955684,208.16831970214844,2293700
2021-10-21,208.07580898088668,210.6199753824714,207.7057399433692,210.3979339599609,2883100
2021-10-22,210.4534127680703,212.65527736891408,210.4534127680703,211.64686584472656,2207500
2021-10-25,211.4433334353822,214.80162307086977,211.03626460279253,214.4685821533203,3018500
2021-10-26,215.66203708631096,216.1801195964284,213.2473914385432,213.7747344970703,2801000
2021-10-27,214.28356683979857,217.3735833034493,214.28356683979857,214.4223480224609,2801700
2021-10-28,215.5232942618804,217.11454181473275,213.9412790250966,214.41310119628903,2421700
2021-10-29,213.5064555700834,217.1700616103975,213.2474142872693,216.3189239501953,3316300
2021-11-01,217.41059666441225,218.2432273453867,212.97912730970305,214.4038543701172,3861500
2021-11-02,214.93120879509905,216.61497722781252,213.97828973818463,215.5880584716797,2167300
2021-11-03,215.4585334779638,217.11454846090135,214.7091630174343,216.76300048828125,2629100
2021-11-04,217.4106085740046,221.0464472945705,217.3551017411245,219.98252868652344,2508800
2021-11-05,221.1112172962661,221.36101216387712,217.4568715492269,217.91018676757807,2356500
2021-11-08,218.84461497069725,220.26009579691225,215.7083515946356,217.21633911132807,2797200
2021-11-09,217.46610974244405,219.5107007726536,215.59729975623748,216.40219116210935,2307500
2021-11-10,215.20871993386595,218.13220182443297,213.99677382596823,215.1439666748047,2402900
2021-11-11,216.7814702956049,217.1607716189996,213.9875092764025,214.93116760253903,1921300
2021-11-12,216.8832858370857,219.00189093598428,214.69068103184495,218.6318359375,2462900
2021-11-15,218.42826442799847,219.39966216353343,216.7907423980572,217.33657836914065,2219900
2021-11-16,222.591446075623,228.25336847193591,221.4720066019389,226.4585723876953,5223200
2021-11-17,231.30633998098264,236.1171240840796,226.89336417463787,227.33743286132807,6823900
2021-11-18,228.00356971506116,231.28786015256568,226.8748838281813,228.8639678955078,3468600
2021-11-19,229.224750421158,231.972451017787,227.35594077019093,230.84376525878903,3685000
2021-11-22,231.5283826974161,237.19957937463343,231.14908135469648,233.4619598388672,4460500
2021-11-23,232.34251535405733,233.7579958260428,229.992637076934,233.0548858642578,2550600
2021-11-24,230.75125095935823,234.44260997483977,230.36268908141645,233.7209930419922,1952500
2021-11-26,230.9363076732046,233.23993993794903,228.6511823907139,229.15077209472656,1891000
2021-11-29,231.5746443194059,233.59148170898493,229.78910889616148,229.97413635253903,3209100
2021-11-30,229.2155041014009,231.69491717590088,226.2087620734461,226.28277587890625,6235900
2021-12-01,229.7151240073816,233.48048333290828,226.8656556470602,226.97666931152344,4018600
2021-12-02,228.5216650786578,232.84212085459657,227.43923952644408,231.648681640625,3706700
2021-12-03,233.61925965706408,234.84971284040196,228.57718682861668,230.075927734375,3972000
2021-12-06,233.59150744281428,235.29378281572508,231.6764370607709,232.37954711914065,3008500
2021-12-07,234.5351406405829,238.2635139973995,233.50822195926477,237.6806640625,3405400
2021-12-08,237.38460939271928,239.2719262737577,235.4973066283718,237.52337646484372,3820700
2021-12-09,236.6259842874836,241.29800181423025,235.78409310143795,238.8278350830078,3812700
2021-12-10,239.0683698476256,241.90859134067944,238.43001314115085,241.81607055664065,2547700
2021-12-13,243.17606089898845,243.60162265472616,237.10706973001896,237.98594665527344,3915300
2021-12-14,236.7647365327925,237.5973812344573,231.75966424119625,233.563720703125,5100500
2021-12-15,230.9178143012073,239.00362917534144,230.59400563758732,238.26351928710935,4939300
2021-12-16,239.8270167950588,240.0767975186332,234.155833977952,234.2853546142578,4457200
2021-12-17,233.45273757373363,234.33162871850823,228.92874708148247,229.52084350585935,10173200
2021-12-20,226.8656628024273,227.5317730435995,224.1642219873144,227.2357177734375,3900900
2021-12-21,229.16923658526736,229.8168396771601,225.34835716806705,228.49386596679688,2963800
2021-12-22,228.6141458656174,231.24157225647448,227.70750151431665,231.01028442382807,1771900
2021-12-23,231.5099054560074,232.86987922580693,230.3997124153369,231.37112426757807,2060300
2021-12-27,232.3425518705046,234.7849513155082,232.3425518705046,234.7109375,1590200
2021-12-28,234.9884510274994,235.8118351928101,233.89677917275284,235.0069580078125,1531500
2021-12-29,235.92289046937,239.1886884114203,235.87664418546183,238.29129028320312,1617500
2021-12-30,239.01287382988585,239.84550445712063,236.8942691831437,237.1995849609375,1488100
2021-12-31,236.97751446194928,240.32655785713345,236.69998034818545,239.1331329345703,1774200
2022-01-03,239.7992776460295,240.72442913658767,234.12809449156669,236.3854522705078,5302100
2022-01-04,236.5057217402864,241.30724602200416,236.46872189275004,240.3636016845703,3638200
2022-01-05,239.34593453137268,240.0213052843852,235.65458911387896,235.68234252929688,3808600
2022-01-06,238.35602968411217,239.105400089108,235.9136163393989,238.4947967529297,3616300
2022-01-07,236.5612132223767,238.115474935198,231.94471671123088,232.2962646484375,4945500
2022-01-10,229.3357995671904,229.53008758912668,222.5636980815146,229.15077209472656,6292400
2022-01-11,229.3542691240673,231.24157162193947,226.3660201704604,230.82525634765625,3415000
2022-01-12,232.3887865284121,235.6453234665924,231.23234725799065,231.95396423339844,2825500
2022-01-13,234.13732019216548,234.75716994195025,231.3711123983287,231.9354553222656,2243400
2022-01-14,228.789953324427,230.0851596902923,223.3963187496261,225.18185424804688,3258500
2022-01-18,222.0259523025061,222.39724166188063,217.44992248373669,221.2926788330078,4612500
2022-01-19,222.425104407092,223.8452526827399,217.4499398989472,217.84906005859372,4146800
2022-01-20,219.30635210051452,220.5315717197481,207.30468950482023,207.85232543945312,5946600
2022-01-21,206.8869842637172,213.34727769738515,205.5967837942468,208.8640594482422,5724400
2022-01-24,204.6964289027514,216.001939001216,204.3901204788536,215.66778564453125,4911600
2022-01-25,211.16600608931907,215.28722623252165,208.39067633909235,213.49578857421875,4099200
2022-01-26,215.86273596999712,218.1275519671796,209.5324033160917,211.72296142578125,4349200
2022-01-27,214.09911618360272,216.42889853428056,207.87087338373928,209.70870971679688,3425800
2022-01-28,211.6208249481141,218.2574650213272,208.362826157462,218.1182403564453,3215500
2022-01-31,217.19004727949783,220.5501348567276,215.95553660046363,220.30880737304688,4485900
2022-02-01,221.32979596836384,222.28584303310305,217.03222971994327,221.2369842529297,2723800
2022-02-02,221.47831226202672,223.4275424131389,219.47339224886684,221.94241333007807,2442900
2022-02-03,219.0557237470257,222.2951545910348,217.02295862071213,217.30142211914065,2512000
2022-02-04,217.33851467251696,217.33851467251696,209.00326383304133,212.62326049804688,3456700
2022-02-07,213.96919754255245,214.3961626679008,208.40926068287357,210.72048950195312,2990100
2022-02-08,210.88751780697805,215.91837157335212,209.64373037139737,215.1201171875,2572400
2022-02-09,217.6819824806329,219.5012508492742,216.1225954299846,216.88372802734372,2115100
2022-02-10,214.12698989589745,216.1411871783041,209.5787901482836,211.0731964111328,3053800
2022-02-11,211.1845918203579,213.22663405311116,208.62274440110545,209.690185546875,2192800
2022-02-14,207.70382082133835,210.7204781247338,207.1004808627139,209.727294921875,2025700
2022-02-15,211.91787598761195,213.54223009800583,210.68336516412333,211.72296142578125,1843600
2022-02-16,210.25637161562227,211.78789961897445,207.4624738586424,210.711181640625,2461300
2022-02-17,209.70873390047407,210.90612277068297,207.22115859343128,207.72238159179688,2482200
2022-02-18,206.9427130125096,209.5138375114813,204.59436217836452,206.70138549804688,4241500
2022-02-22,202.6172524188385,205.5503747759903,195.6278909716628,199.1829071044922,7641100
2022-02-23,206.06088362642305,211.3980461527831,198.7559370138857,199.64700317382807,8936900
2022-02-24,194.6347329654062,198.8766099025648,191.43243802079996,198.087646484375,5749300
2022-02-25,198.88588224139048,203.9167362857424,195.1173837103873,203.4433441162109,4613300
2022-02-28,201.66122865986443,205.41117392159856,200.32462923133087,205.1884002685547,5440400
2022-03-01,205.48540676769468,208.3257032225106,204.41796574390835,205.59678649902344,3953200
2022-03-02,204.7614287031721,213.4958013968882,204.30660448704947,212.24273681640625,4513700
2022-03-03,212.66970624263328,214.154835586526,208.9012071743162,210.0336151123047,3180700
2022-03-04,208.4556625936981,210.41416990386733,205.8288485317868,207.98228454589844,3144400
2022-03-07,207.9451681941237,211.61156458855345,206.1351764716325,206.30224609375,4022700
2022-03-08,206.3022207516835,213.13378967176,206.1351511500888,207.2304229736328,3725900
2022-03-09,211.6115391715122,213.7464071204673,209.39313642153184,209.66232299804688,3428500
2022-03-10,206.98912396906857,208.2793246685344,203.35984938280907,208.0751190185547,3318700
2022-03-11,207.82444801809004,211.22167116037264,206.051592741352,206.25579833984372,2616300
2022-03-14,207.8987048460533,211.36090891744945,205.20692438957917,210.2470550537109,3607700
2022-03-15,211.44446537224644,215.6677882424504,211.1752788010748,214.4796905517578,3413600
2022-03-16,216.39180578369195,217.59845743781372,210.50699246339587,214.72103881835935,3497400
2022-03-17,213.4865323188411,217.5799079246547,211.92715922895596,217.55206298828125,3323900
2022-03-18,215.0180731931245,219.29708668232783,213.42156398479412,218.74945068359372,9149800
2022-03-21,219.5198290841361,221.2555627353546,209.4859651667474,211.2588348388672,4349200
2022-03-22,211.305243065586,213.36585325721143,209.1796660793424,212.06637573242188,3248800
2022-03-23,210.7018969122778,211.58368615921836,204.04668891644369,205.0584259033203,3728100
2022-03-24,204.9749011396638,206.02377419686292,202.3109652589456,203.43408203125,3399200
2022-03-25,204.88206948101072,205.0955661864628,196.2126642543003,197.6328125,6831700
2022-03-28,196.2034114005916,198.54247105502083,192.52772397282035,198.43109130859372,6579600
2022-03-29,202.12531618153383,205.44828192494865,200.9929083072825,203.8053741455078,4993600
2022-03-30,200.25962201775684,201.55909941537968,193.9292762986079,194.44908142089844,7090900
2022-03-31,191.99859688566968,193.7528981678542,187.4875344224468,187.6731719970703,7318500
2022-04-01,189.4460887325188,189.5017786025295,186.93993127609667,187.86813354492188,4827200
2022-04-04,187.079187951098,189.59460840802672,185.42698888812265,189.46466064453125,5426100
2022-04-05,188.6199769588141,193.19600704685172,187.1905376267809,190.1607818603516,4707100
2022-04-06,186.75424257857452,188.28578440121225,182.52164365644637,186.2437286376953,6356100
2022-04-07,184.81437390084704,189.5389205507452,183.3663804741253,188.09092712402344,4411600
2022-04-08,186.59648282734435,192.80615766817863,186.1416586610721,191.822265625,5065500
2022-04-11,189.96584459261348,193.4837243088145,188.7499021115248,189.9008636474609,3576200
2022-04-12,194.00352471645428,195.47008580127857,188.79631013019647,189.48318481445312,4354700
2022-04-13,189.00979621943003,191.9986080838783,188.62922996315007,190.7548065185547,2803400
2022-04-14,191.42313502754888,192.41631817620683,186.5964864381687,186.8285369873047,4001400
2022-04-18,186.21593995504057,187.4968636548212,183.16216063526176,184.2667236328125,3800400
2022-04-19,184.68611577929963,189.66276810322967,184.24809438017147,189.2247467041016,3392900
2022-04-20,191.83419428246077,195.7670574210497,191.22842738759587,194.5368804931641,3906100
2022-04-21,196.1025830444496,196.50333234315048,190.3803620071,191.07933044433597,3797600
2022-04-22,190.23121565699896,190.40828990876815,182.7569245727244,183.65159606933597,4216300
2022-04-25,183.64229103722772,187.0812176638608,181.42422687792563,186.74571228027344,3895900
2022-04-26,185.37573594873143,190.4642177526846,184.7513259071756,186.00946044921875,3959100
2022-04-27,185.6925809043797,189.61612927237348,185.4316338731239,185.9908142089844,3028100
2022-04-28,187.9013432689625,193.055069209198,186.41953365226885,191.1818389892578,3250400
2022-04-29,189.644118096638,191.21911500159817,183.6702645476597,184.27603149414065,4217600
2022-05-02,184.63948448655472,190.7251681026584,184.26670703518764,189.3179168701172,3697800
2022-05-03,188.69345497880505,190.9860626939156,186.5872359381722,187.91061401367188,3002600
2022-05-04,187.07188091986825,193.80994589805704,184.76062961065335,193.0643768310547,4452400
2022-05-05,190.0355203819091,190.6878880045657,180.3524793083021,182.58917236328125,4262900
2022-05-06,180.95826214497836,182.15116710884263,176.7551371723431,179.2061767578125,3910700
2022-05-09,176.68987658218754,184.96566642922696,175.44105653822007,182.72897338867188,3998300
2022-05-10,184.6301718821404,185.496885864522,177.30498254686202,179.05706787109375,3638700
2022-05-11,179.71876319066104,181.90887000685447,174.55572253324567,174.99374389648438,4598000
2022-05-12,174.9937236328214,181.58265801761704,174.49045844711955,178.65631103515625,4292900
2022-05-13,178.2555790391076,183.9777995758023,177.39817953758066,180.79981994628903,2911900
2022-05-16,179.4671150756623,182.86875525705847,176.60599788823308,181.48013305664065,4405300
2022-05-17,185.3850472029748,185.89762684630105,175.08691048369272,180.8277740478516,8210000
2022-05-18,174.74209808590277,178.4326574545183,167.5287391575193,171.3125,7847600
2022-05-19,170.25005703508467,178.7588369472239,170.25005703508467,175.07760620117188,5132100
2022-05-20,176.07475182932257,176.38229956000973,167.02545101951586,172.12326049804688,5722600
2022-05-23,173.8101531777606,174.11770099976894,169.04784760766057,173.57716369628906,3546700
2022-05-24,172.39356509885758,175.02169315300148,169.97979759645366,172.0580596923828,4486500
2022-05-25,170.17549614842085,176.96946210088106,169.85861969591744,175.72064208984375,3986300
2022-05-26,177.6032201420658,183.64230322694905,177.3329443931689,182.2257232666016,3337900
2022-05-27,183.3347220599554,186.0746800057979,182.5425523173248,186.04672241210935,2779200
2022-05-31,184.15488909833783,185.2266350089119,181.1632979437938,182.01138305664065,4733900
2022-06-01,183.0272142891253,183.72618272511215,178.60041419454183,178.6749725341797,3290200
2022-06-02,179.45780051515754,182.86876964377788,178.7029169353338,182.78489685058597,3359200
2022-06-03,180.77185996889943,184.48104812071512,180.1008491990521,182.15115356445312,2262700
2022-06-06,182.66372094058408,185.25456237546496,180.986194128653,183.3813323974609,2691600
2022-06-07,177.398174660771,182.850119311996,176.14934038888782,182.3375396728516,3269700
2022-06-08,180.7066370586065,181.46153492766865,178.35811331224485,179.3553009033203,2775700
2022-06-09,179.03841377570131,185.21729854886573,178.84269638038836,181.06076049804688,2999500
2022-06-10,176.41961875304918,179.1595770281904,173.48394307802022,173.65170288085938,3564600
2022-06-13,169.9238832837462,171.94623019255317,167.85493563646833,168.9266815185547,3899300
2022-06-14,168.52593815910694,170.4178114394184,164.42531512480593,165.83258056640625,4037200
2022-06-15,167.19322065714118,168.703001936252,164.30416006087077,166.8297576904297,4164200
2022-06-16,162.62664621491606,163.02738126797783,158.88017164414268,159.93328857421875,5536300
2022-06-17,159.3088773538731,163.35357101500878,158.56330822882938,160.73477172851562,8499000
2022-06-21,164.10844972670725,164.41599751492708,159.72825080037953,160.65089416503906,4753300
2022-06-22,159.6816386823395,163.4374273056619,158.5446490810782,161.78787231445312,4434100
2022-06-23,162.64529653937095,164.4346539992506,161.78789697862956,164.33213806152344,3611500
2022-06-24,165.66482233627545,170.4923713951166,165.07769856060764,170.399169921875,5346100
2022-06-27,170.54829768669734,172.71044686574749,169.73749885482812,171.68528747558594,2829200
2022-06-28,171.92758399601146,172.98070094042308,162.6918923054733,162.83168029785156,4980300
2022-06-29,163.0646353530291,165.31997121758286,162.3097519123967,164.1177520751953,2802600
2022-06-30,160.33399614163062,164.09911320587238,159.14109142557575,162.78504943847656,4415400
2022-07-01,163.8661587775286,166.43835745450323,162.75712660452953,165.29205322265625,3095500
2022-07-05,163.13920634348534,167.69647915433757,162.60798360220082,167.64056396484375,3226300
2022-07-06,168.47934195895124,170.5016888226791,165.36660609794424,166.87637329101562,2177600
2022-07-07,167.63123661408483,169.69086950688398,166.662006807239,169.215576171875,2935600
2022-07-08,168.59117539898116,170.51102058381997,167.2118817134653,169.27151489257812,2024700
2022-07-11,168.8893931573759,170.54827689885764,167.43554126893557,167.85491943359375,2285100
2022-07-12,169.60700000289737,172.78496519700002,167.8456003830835,168.68435668945312,3184700
2022-07-13,166.60611134466123,171.26590066509834,165.46912161283072,169.96115112304688,2935400
2022-07-14,167.20256693872938,170.501691582314,166.53155612638187,170.23143005371094,3261900
2022-07-15,173.07388193585055,173.4746169469483,171.44295585519836,172.4121856689453,2901400
2022-07-18,173.91264973993677,176.21458669802243,172.58927133910393,173.1484375,2965800
2022-07-19,174.8636418593563,177.6660246699982,173.2234458940847,176.93496704101562,2683900
2022-07-20,176.56945554233184,179.4280859367057,176.19455929119684,179.04380798339844,2427300
2022-07-21,179.2405851842961,181.62120571291717,177.5347748493119,181.41500854492188,3266100
2022-07-22,182.5959801016263,186.62616414825504,182.05237062200075,183.30828857421875,3329500
2022-07-25,183.4207635993409,183.56136040177427,181.04951007230704,182.5772399902344,2492200
2022-07-26,176.37259103228212,178.9875397793463,175.83836326439777,176.76625061035156,3647200
2022-07-27,176.85999636682303,178.91258688136702,172.17372187749876,178.00344848632812,3713900
2022-07-28,175.7259054902096,179.69048924221457,172.21120003241757,178.82821655273438,6034600
2022-07-29,177.90031092127282,180.41216093425413,176.8787067386273,179.51239013671875,4507100
2022-08-01,179.53115287408755,183.00836003917027,179.27809008346603,181.91177368164065,3349500
2022-08-02,181.1432146647368,181.2650480473008,176.08203084944458,176.15701293945312,3401800
2022-08-03,177.731641183479,183.6832008801144,177.731641183479,183.1583404541016,3292700
2022-08-04,183.47697364228512,186.56054959252063,183.15831047883955,184.7891387939453,3534100
2022-08-05,183.59882401909152,186.7292513087717,183.0739636712855,186.5886688232422,2409700
2022-08-08,187.4509611812589,191.49052710649528,187.24476397984964,189.17550659179688,3040800
2022-08-09,188.1539001527989,188.1539001527989,181.56500008607853,182.9521331787109,3914500
2022-08-10,186.76676973033872,189.0068081510325,186.13881072468692,188.79122924804688,4094400
2022-08-11,187.54467861581256,191.47176395114136,187.51656211780912,189.49415588378903,3337200
2022-08-12,190.5907539665678,193.6368318214956,189.07239158779385,193.51498413085935,3014100
2022-08-15,193.0744570107221,195.90497004506904,192.04347117992236,194.9864501953125,4075500
2022-08-16,193.69305515315455,203.74979384191127,193.54309097237223,200.6849670410156,5892200
2022-08-17,198.7073905940928,207.3113973370519,198.22939578112928,201.8565673828125,8082100
2022-08-18,201.6128908187374,204.40590625991595,201.1067794936896,202.88755798339844,3011800
2022-08-19,201.97839379010023,202.2970569651428,196.682910299911,198.09815979003903,3347300
2022-08-22,196.08307511992115,199.24161909253812,195.398868846431,196.8141326904297,4136600
2022-08-23,196.82349331318343,198.0981603181237,194.2741593033029,194.4522399902344,2533900
2022-08-24,193.8336235978499,197.338960987598,192.86825249369957,195.33323669433597,2634300
2022-08-25,195.50199331353235,197.92011263650647,194.9021507583168,197.72329711914065,2634700
2022-08-26,198.4449364230244,199.28847424573425,188.3319643601199,188.3788299560547,3720500
2022-08-29,187.56345378885467,190.83447867398223,186.58871494504217,188.453857421875,3273800
2022-08-30,189.7565870581115,190.5438775497329,184.0861934360506,184.84536743164065,3906900
2022-08-31,184.732929218558,185.04221072139777,181.82743357997805,181.95864868164065,5145100
2022-09-01,181.63059669381911,183.65507044169985,180.5246429231307,183.47698974609372,3462200
2022-09-02,185.0141021389796,186.5418321247964,182.0992389760273,183.24269104003903,3165900
2022-09-06,183.8612560228508,184.4610984693664,179.2499645337549,180.8526763916016,3128800
2022-09-07,181.5556275546082,189.2692302973525,181.4337798582264,188.6693878173828,4086500
2022-09-08,188.06019640875195,191.6780010187791,186.2606686552521,191.55616760253903,3564200
2022-09-09,191.18121576091607,193.5712181819392,190.56263850835344,192.74642944335935,3176400
2022-09-12,193.074444706479,196.27985367427647,192.6058174135021,193.4493408203125,3218700
2022-09-13,188.63189626852483,190.15962617195297,180.8433111535078,181.48065185546875,4441400
2022-09-14,182.3429093038868,182.97086825242133,178.2752272365231,180.3184356689453,3963700
2022-09-15,181.19011585270488,182.2867023194285,178.08779026231892,179.05316162109375,3309700
2022-09-16,177.1411576028244,180.95579151215816,176.90684390229157,179.77484130859375,10187800
2022-09-19,178.93129894023886,183.6081907594654,178.70635266282616,182.8583984375,3351900
2022-09-20,180.53400195147924,181.99611704558524,176.84121601815534,178.46267700195312,3650200
2022-09-21,179.86856276966571,182.5865958281187,176.50382164454092,176.5413055419922,2925700
2022-09-22,176.20389447912794,177.87220680402262,174.8073797414109,176.3163604736328,2864500
2022-09-23,175.03232846860257,177.29111589884013,173.91699300299263,176.32574462890625,3382500
2022-09-26,176.26015348562217,178.0784302724131,174.0388639581378,174.34815979003906,2938700
2022-09-27,176.14763978420382,178.88442162389902,174.52619325720502,175.8945770263672,3866500
2022-09-28,180.37469639183817,183.20521009610025,178.2096399361122,182.32418823242188,5384900
2022-09-29,179.95291807306,180.3559307645021,176.96307303143897,178.50955200195312,3622800
2022-09-30,177.54415064722215,179.09999687884252,174.29189000114664,176.0258026123047,6049000
2022-10-03,179.5873851981166,183.5144849321021,179.04377572096283,181.75244140625,4346500
2022-10-04,184.61109034743063,187.1323082012541,184.0112478109405,185.0328521728516,4139100
2022-10-05,183.0646169923615,187.7508910587065,181.82743377418709,186.5418243408203,3196100
2022-10-06,185.99819140186236,189.5972459990953,185.8763580164193,187.43218994140625,3304900
2022-10-07,185.595203167515,186.05444887571025,183.08335281716984,184.8360290527344,3466800
2022-10-10,183.6550798981073,184.60171642320367,180.6183834212995,182.67095947265625,2449700
2022-10-11,182.7084343359191,185.9232111068593,181.79929612868085,184.1049346923828,2766000
2022-10-12,185.37960316046315,185.93259430948612,181.6212169145145,181.70556640625,2353900
2022-10-13,177.9190705872087,182.69906122274887,173.8420067115259,181.0401306152344,4851100
2022-10-14,182.61471655363917,184.60170639749208,176.88808931809487,177.10366821289062,4142800
2022-10-17,180.187228348502,182.97087614122063,180.0372641539579,181.91177368164065,3504800
2022-10-18,184.88961948097904,187.1230054310098,181.45945580854723,182.06256103515625,3804300
2022-10-19,176.48383497256418,177.60523712898765,169.83082636428293,173.3363800048828,5362300
2022-10-20,172.81805602680998,174.71217972195168,167.23932993136103,168.021484375,4095600
2022-10-21,167.87075411952375,172.13961183731084,166.32529585501766,171.85690307617188,3583600
2022-10-24,172.99711937677318,177.642911527073,172.99711937677318,176.7947998046875,3704900
2022-10-25,178.95278957024308,183.8341845132711,178.00101842617747,182.6750946044922,3245700
2022-10-26,183.03315742380383,184.3336087264737,180.25321988735465,182.39236450195312,2567200
2022-10-27,183.9849363669716,185.1534444490672,181.43115436135503,182.4960174560547,2457600
2022-10-28,182.34528679391053,188.2255740871745,181.7327631584132,187.27378845214844,3292200
2022-10-31,185.63409304646183,186.5575948130397,183.1557004503176,183.7116851806641,3550200
2022-11-01,186.58583106159625,188.22552990499904,181.19557256948391,182.39236450195312,3260100
2022-11-02,182.05312795803405,183.45722433655737,174.8347025259004,175.00433349609375,4539400
2022-11-03,170.42451017622153,172.31863413377528,168.4078757529443,169.45388793945312,4187500
2022-11-04,172.24322292677215,177.02095795039602,168.02148691647022,171.6495361328125,4623400
2022-11-07,172.98771783742035,176.97386632668113,170.60355192205853,175.8053436279297,2715300
2022-11-08,177.21886294314857,179.05644800321653,175.0702997376595,177.50157165527344,2880800
2022-11-09,176.5120850595989,180.24380814446013,175.5697323429246,175.8712921142578,3007200
2022-11-10,184.05091175617935,192.93730559121585,184.04149340525677,192.54151916503903,4837200
2022-11-11,193.26712717181036,199.08144206800247,192.7205608368164,196.9705810546875,4272500
2022-11-14,196.41456730204573,198.336974871606,192.45668881887505,192.8619079589844,4165000
2022-11-15,194.8314050456003,199.07199185433163,192.07031875880088,196.8009185791016,5127800
2022-11-16,199.86358742153183,208.6557401340684,199.4018437856477,202.7283477783203,8173100
2022-11-17,200.24994321885188,200.71170120559557,193.53096405210675,196.38629150390625,3507800
2022-11-18,199.60915488107443,199.62799158199024,194.51102334695423,197.82809448242188,2912500
2022-11-21,198.0165849860924,198.65737794447475,196.22610616047496,198.1485137939453,2326400
2022-11-22,199.44894276715803,203.1052758364935,198.90239085601505,202.10638427734372,2845700
2022-11-23,202.8225516293308,203.2654585137996,197.91290250113192,198.85525512695312,2593800
2022-11-25,199.17569879874756,199.61860578824167,197.9035167005557,198.8081817626953,975700
2022-11-28,198.2615923507816,199.27933503526205,196.49939732869245,196.98941040039065,2202300
2022-11-29,196.0093487019034,196.6218721649328,194.7088974601461,195.5099029541016,1980900
2022-11-30,194.22833434772997,200.69287506980723,191.5332047900321,200.29708862304688,4701600
2022-12-01,202.4079255959403,204.22667374357712,200.44784467727823,203.0581512451172,2735100
2022-12-02,200.1557047529368,204.1135975374299,199.30759308720877,202.45504760742188,3242300
2022-12-05,198.751635427318,199.4112795212044,193.55926222015177,194.29429626464844,3308400
2022-12-06,193.38021372121105,193.85139009515572,187.5281968299868,190.27044677734372,3627500
2022-12-07,191.07142715908063,197.8846474932673,190.6002508118337,194.96334838867188,3999300
2022-12-08,193.1823076002803,194.51102838648092,190.7887380183078,191.8253173828125,3150200
2022-12-09,189.41290364003444,192.81479765868613,188.6590185606597,190.13851928710935,3226900
2022-12-12,190.62848828292937,193.2765109890039,189.45054761229716,193.25765991210935,2719800
2022-12-13,204.21723735798537,205.27266766392623,196.8763025845417,199.0437164306641,4168600
2022-12-14,198.78932880201333,204.1419004125281,197.950635349243,199.8824615478516,3727700
2022-12-15,196.58421344737272,197.63022560534037,193.6440773835338,196.0282287597656,3373900
2022-12-16,194.46392582353263,195.4062786305125,191.59917961714544,194.2566070556641,9543500
2022-12-19,193.51211510709592,194.06809969856025,190.34580974773547,191.4577789306641,2442400
2022-12-20,189.5919687609575,190.47778272459232,186.2937338456485,189.28099060058597,2372200
2022-12-21,191.2316286257232,191.88185429658623,188.72498134413985,190.7604522705078,2345400
2022-12-22,187.07588317379415,188.6872984205888,184.01323655264872,187.6695556640625,2414800
2022-12-23,186.98164049142983,190.65682503186977,185.6623523256284,190.2421875,1469200
2022-12-27,190.063134391878,192.2305486604904,189.70503573434763,190.0819854736328,2076600
2022-12-28,190.3175477565103,191.76876451247688,188.12186435379203,188.52706909179688,1419900
2022-12-29,190.05369917249567,191.41068945782675,189.695614898817,190.6002655029297,1270900
2022-12-30,188.4988163471568,188.94172328274104,185.84138911281292,187.75436401367188,2154600
2023-01-03,189.87467866837665,190.6379821671468,185.77543806788677,187.5659027099609,2602000
2023-01-04,189.81811380980616,190.68509102214875,186.124092633105,189.78042602539065,2507400
2023-01-05,187.81089214241396,189.8275263039785,186.0958033615147,189.19615173339844,1942300
2023-01-06,189.15847370596404,190.1573653742915,183.2404992664113,189.3846435546875,3121400
2023-01-09,190.7510323451177,192.36246179348183,187.8485842954533,187.9428253173828,2748500
2023-01-10,188.3951777819612,190.0442952496386,187.09472626326055,189.78985595703125,2200800
2023-01-11,190.5060470025201,196.68787911864263,190.4966142717816,196.56536865234372,2781000
2023-01-12,198.1390838623047,199.3735780422029,194.68065099837955,198.1390838623047,2690200
2023-01-13,195.83031021753928,201.24883818529676,195.83031021753928,199.92955017089844,3875900
2023-01-17,199.9390017529537,202.58701095143655,197.18733316617025,197.4417724609375,2943800
2023-01-18,198.5725846850677,201.83311734567408,196.11304328309,196.4805603027344,3575000
2023-01-19,195.54761601435305,195.91513301551748,189.59195404943648,190.47776794433597,3508800
2023-01-20,189.75213883040487,193.17288370719584,187.21720778566583,192.7393951416016,3517600
2023-01-23,191.78761246708495,194.98218732732892,190.15733205413105,193.28594970703125,3473500
2023-01-24,191.9125176099977,195.67290913501984,191.9125176099977,195.5118865966797,2862500
2023-01-25,193.7216750941607,195.3982115182945,191.18316729294355,195.22772216796875,2283400
2023-01-26,193.56070117481715,197.74733156003515,190.99377783712524,191.15480041503903,3426100
2023-01-27,190.8137760577576,192.6797645286203,189.85710756152287,191.7988739013672,2907900
2023-01-30,191.3063262487865,193.75957515409408,190.5296139264354,191.2494964599609,2786300
2023-01-31,192.5187222960473,197.3305080858443,191.80832110676303,197.25473022460935,3415800
2023-02-01,196.5064567731795,203.7809583634702,193.59854082780896,202.2843780517578,3363900
2023-02-02,204.6429383969706,211.51961781210048,204.57662733779412,209.8620147705078,4156800
2023-02-03,205.67537819409148,206.8593803284991,203.47787774826944,204.5671539306641,3047900
2023-02-06,202.93796523156152,205.39121417797327,202.75799459516472,204.4724273681641,2380600
2023-02-07,201.64974592685945,204.1882537038215,199.3101568431928,203.39259338378903,2552300
2023-02-08,202.90008060147252,202.90008060147252,199.9258678696684,201.5266265869141,2421100
2023-02-09,203.43051177314348,203.8756977253696,196.98007055249195,197.6241607666016,2386700
2023-02-10,196.50647614153183,197.8988493797708,195.4361335677438,197.75677490234372,1836300
2023-02-13,198.2493180087098,202.9853264921804,196.4780410077492,202.83377075195312,2364000
2023-02-14,200.83517627464488,203.7620260731691,199.9921673356578,202.4738311767578,2316600
2023-02-15,201.13829461268983,204.12197430267483,200.11531500245604,203.67678833007807,1849900
2023-02-16,199.1017811421352,204.66186457766224,198.5524024584756,202.7106170654297,2479000
2023-02-17,201.9813001841081,202.42648614921907,197.8704337306763,201.5171661376953,3462000
2023-02-21,194.4320698389077,195.97599856604,190.59590059928533,191.1926422119141,3942900
2023-02-22,190.5864481850188,193.6459054327881,189.4971576280362,191.9314727783203,2667400
2023-02-23,191.86517280965637,192.99234513793544,188.61627793699392,191.53366088867188,2332200
2023-02-24,189.24141441911192,191.89358197353795,187.9816489225812,190.8990173339844,2163500
2023-02-27,193.5417266185084,195.58768577536583,192.6987176770001,193.45648193359372,2764800
2023-02-28,193.21021334358343,197.2831838525049,192.56612307634344,194.8867645263672,4391400
2023-03-01,194.5931097467564,194.7825471865725,181.171264069027,184.05075073242188,9814300
2023-03-02,182.48788255188995,185.13056892914813,181.89114085731677,184.79905700683597,4096900
2023-03-03,185.4431418640532,189.96129787848488,184.7611555051521,189.18458557128903,3483200
2023-03-06,189.72446398446604,192.9544245791825,189.4971304205613,190.9274139404297,3160900
2023-03-07,191.7988774347977,191.7988774347977,186.84500213756357,186.98709106445312,3320200
2023-03-08,187.7543144845699,191.41051347580915,187.2522987602649,190.5201416015625,2670400
2023-03-09,191.41998356683104,193.27650521440447,188.05741472055576,188.54049682617188,2440300
2023-03-10,188.606795683178,191.04111096134943,185.73677572184369,186.2766876220703,2986800
2023-03-13,185.40525725739343,190.75694082990145,184.44857433528776,187.11968994140625,3116300
2023-03-14,188.8720144930908,189.5255859830739,183.58664168964265,186.43771362304688,3909000
2023-03-15,185.49997742990416,189.8665778443396,184.3349233859707,188.1047821044922,3794100
2023-03-16,187.13864694127844,189.5161180068562,186.0683043944993,189.1277618408203,3153900
2023-03-17,189.2414209729117,190.67170478758,185.45261417913227,186.93972778320312,7271200
2023-03-20,186.60819631523904,187.44173841213276,185.09268231097383,186.3998107910156,2405100
2023-03-21,188.01953201054303,188.27528050902643,184.87481552000813,186.3998107910156,2940400
2023-03-22,186.49451871388283,187.06284544376965,181.25649512695423,181.45541381835935,3275700
2023-03-23,182.5447179520368,182.9046592332428,178.14023570351108,179.67469787597656,3346400
2023-03-24,178.7843437508834,180.2240945659852,177.54351167762013,179.4568634033203,2692400
2023-03-27,180.034647452197,181.80591013798156,178.9264086619644,180.4703521728516,2488400
2023-03-28,180.4040267226277,182.2794818814542,179.60836637823644,180.11038208007812,1872300
2023-03-29,180.8681732571972,181.85327118177523,179.96833447545032,181.805908203125,2436300
2023-03-30,183.83288406863608,184.89374521142705,182.1468664153508,182.47837829589844,2157000
2023-03-31,183.842375614288,189.65819350991063,183.425604551222,189.41192626953125,3151600
2023-04-03,190.45383850469105,193.44698466831667,190.3591125605191,193.21966552734372,3471100
2023-04-04,192.75553747468396,193.49435361194668,190.15073291421524,192.2819366455078,2500100
2023-04-05,192.29138930547708,192.6134488300061,188.1615898009064,188.90040588378903,2417800
2023-04-06,187.6595936255448,188.9477884981426,185.1779298303206,188.0858459472656,2403300
2023-04-10,187.167025960775,190.5485278684217,185.85041642731423,189.2319183349609,2387500
2023-04-11,190.3780675574257,192.2251079106927,190.160200768544,190.70957946777344,2459000
2023-04-12,192.66082075975928,193.90166713230747,188.88149521184732,189.2224884033203,2665400
2023-04-13,189.2224779784904,191.183177881576,185.87885730474505,190.8327178955078,2778700
2023-04-14,190.8800612058336,193.1154574513629,190.48223828753797,191.5052032470703,2028300
2023-04-17,191.80834160781487,194.2047607195518,191.72309692474536,194.1763458251953,2420000
2023-04-18,195.3887569426012,197.614686621148,194.88674121989067,197.1126708984375,2685200
2023-04-19,196.2317647121129,198.01250844471085,195.36980773915104,197.8041229248047,2488700
2023-04-20,197.47259586214423,201.15720970097007,197.44418096890823,198.6850128173828,2948800
2023-04-21,200.18159380635268,201.280351192205,198.9218138739246,199.89743041992188,2864000
2023-04-24,199.1965104469628,200.83516525919845,198.99759174051616,199.89743041992188,2758700
2023-04-25,200.8493887468134,201.0873732289188,195.88978574855236,195.9849853515625,2723700
2023-04-26,195.6137306236893,195.823158130493,190.48278575783985,191.14913940429688,3409000
2023-04-27,190.9872926115433,194.9854286161257,190.9872926115433,194.6998443603516,2498900
2023-04-28,194.76652237542197,197.88887788168756,194.5190091969091,197.84127807617188,2451900
2023-05-01,197.8412691883927,198.8788780850826,197.1844296678798,198.2125244140625,2282100
2023-05-02,198.47904989091344,198.47904989091344,193.47186182305623,196.07064819335935,2201800
2023-05-03,196.46094807697767,200.2115857199209,195.29005400389957,195.4423675537109,2386600
2023-05-04,195.375739833368,196.6989329334068,191.59654520817543,193.05300903320312,2375800
2023-05-05,194.24294463075896,196.5942325659483,193.53850530762568,195.91835021972656,2495600
2023-05-08,195.7184111100705,196.21340829163336,193.2719240716212,194.24290466308597,1586500
2023-05-09,194.29054776977645,197.2225039694521,193.4718805249416,197.16539001464844,2249900
2023-05-10,197.9555099035753,198.72657738174405,192.27243871765268,194.4999847412109,2715600
2023-05-11,194.195314748734,194.61416971245504,192.13912557705876,193.52896118164065,3015600
2023-05-12,193.54806476762693,194.67134477259592,191.58706004680204,193.49093627929688,2261700
2023-05-15,192.7198364956903,193.1958054742054,189.7688375441488,191.86309814453125,2971500
2023-05-16,187.02725119002824,190.35903403269117,184.28566523135964,189.64508056640625,4683500
2023-05-17,189.78785581922207,197.46047302350368,189.1976589651757,197.2415313720703,3755900
2023-05-18,197.52710995651287,199.2025153949449,195.6232341978959,199.1073303222656,2275300
2023-05-19,198.32676638285463,198.5076369332593,195.09018287962,196.35626220703125,2768400
2023-05-22,196.7655827748028,198.35531750047704,193.1577441261876,193.38619995117188,3537000
2023-05-23,193.0815763814581,199.66898526059265,192.71032116151363,196.7179718017578,6507500
2023-05-24,196.81316606864425,198.87886962362992,192.3866605258778,193.84312438964844,2829800
2023-05-25,193.24336790266855,194.20481982416695,191.24429276937047,191.3775634765625,3030400
2023-05-26,192.34855858492887,196.84170637415457,191.5489342814443,196.59420776367188,3072700
2023-05-30,197.05113600833187,197.4699909886485,193.98589495283545,195.8136138916016,2534100
2023-05-31,194.3095880553221,194.3095880553221,189.91163895914016,191.4633026123047,3894600
2023-06-01,191.3014431462644,194.8997671779719,187.98868885880404,194.11917114257807,2764800
2023-06-02,195.62322448667317,200.19252898560612,195.62322448667317,199.72607421875,2834600
2023-06-05,198.28870101852308,198.5742853419178,196.3562679166573,196.8417510986328,2345700
2023-06-06,196.61324931255731,198.47905400518164,195.7469968547794,197.20346069335935,2804900
2023-06-07,198.00306533970615,201.66803173428636,198.00306533970615,201.0587921142578,3334600
2023-06-08,201.66804167868852,203.5147889278201,200.15444944026248,200.3448486328125,2409700
2023-06-09,201.1063754475832,201.325331601026,198.73605960949,199.06922912597656,2092700
2023-06-12,200.09735656490895,203.5719388389885,199.14541860358645,203.10548400878903,2465100
2023-06-13,204.6666570721519,207.02745909591303,203.80039006076893,206.9037170410156,3056100
2023-06-14,206.3706194812189,207.78901224000663,203.47673453676973,204.53338623046875,3080300
2023-06-15,205.42821986607248,209.04558711059943,205.4186911899625,208.40777587890625,3187000
2023-06-16,208.79807259907915,208.94087201102525,206.4277563302345,206.64669799804688,6874300
2023-06-20,205.45675032437453,206.332531413622,204.1145144539916,205.1045379638672,3058300
2023-06-21,205.2758755134853,205.43770320345337,203.58142731803312,203.9526824951172,3364400
2023-06-22,203.5148061086908,205.01886979921213,201.44910251882231,204.4953155517578,2780900
2023-06-23,203.63856115439805,205.9993631642516,202.85797960152124,204.87608337402344,3997300
2023-06-26,205.58049934750585,208.5029409208668,205.1997155017559,207.484375,2498900
2023-06-27,208.4648827404422,213.22457216715785,208.4648827404422,212.8152313232422,4223500
2023-06-28,211.56821376992545,213.3768901022222,210.90186009620663,211.8252410888672,3372600
2023-06-29,212.50107753802357,213.05320322199117,211.15885623821492,212.1107940673828,3058200
2023-06-30,213.32930966255637,215.60444088076844,212.83429783995769,214.85240173339844,3633300
2023-07-03,213.8242875659358,215.18556632325928,212.7486076106065,213.7957305908203,1498400
2023-07-05,213.6243864098995,216.0423022709606,213.34831628623496,214.6524810791016,2876400
2023-07-06,212.0917704017129,212.8152379880799,210.6448207035591,210.7780914306641,3011500
2023-07-07,210.4258776488114,213.1388919736845,210.12125054578885,211.27310180664065,2345400
2023-07-10,212.3964041659472,218.1461178812025,212.1679483397922,218.1080322265625,2536100
2023-07-11,220.15466809375104,220.15466809375104,217.86049441564904,218.4030914306641,2219700
2023-07-12,220.61160171201365,223.77204241747864,219.99284790572904,220.9542999267578,2256000
2023-07-13,221.392197612276,222.0490225418593,217.4606895572385,218.5078125,1882800
2023-07-14,218.8981289005915,219.7643959219964,217.5083076265369,217.7462921142578,1535900
2023-07-17,217.71774500880605,219.04093823950925,216.3279091463177,217.0133056640625,1951500
2023-07-18,216.8038570336904,220.01188311312376,215.66153445714784,218.86004638671875,1858100
2023-07-19,218.56494474890707,221.0685315153888,218.4507023251382,219.79293823242188,1649600
2023-07-20,220.25937772786267,220.25937772786267,217.4416353857926,219.88812255859372,1959700
2023-07-21,221.27797291125592,223.7244604076478,220.58306227695,222.54405212402344,3348400
2023-07-24,222.94384841588385,224.47646898249732,222.3536515788814,222.7534637451172,2019000
2023-07-25,222.25610394861795,224.1785307437837,221.1179453258497,223.7481384277344,1547800
2023-07-26,223.51860707967504,224.9150070423282,222.68651422858727,223.87249755859372,1720100
2023-07-27,225.7949357448388,226.87571081230337,224.18811906958055,224.6663360595703,1972800
2023-07-28,226.63660976255832,226.8661445851183,224.2359510537701,224.8480682373047,1767300
2023-07-31,224.83850620109536,225.66104002386797,222.5908804661865,224.0637969970703,2614800
2023-08-01,222.79172477416463,224.7332845088125,221.99788285105868,222.22743225097656,2029300
2023-08-02,219.750276850562,221.84486970531637,219.29119260380176,219.49205017089844,2298100
2023-08-03,218.89903961499363,219.214664578642,216.6801203775596,216.84271240234372,2436000
2023-08-04,214.24120267053436,216.3549281003953,212.73003529327184,213.3995361328125,2549600
2023-08-07,214.4324857554908,215.2358867600009,212.91175929823427,213.5717010498047,1902500
2023-08-08,210.4154692386658,211.7449118469128,207.94786789358403,211.28582763671875,2152100
2023-08-09,210.97018665537723,211.5249200561494,208.9808024369601,210.07113647460935,2061300
2023-08-10,211.8214471965165,213.52389861368587,209.65991152822923,211.23802185058597,1815500
2023-08-11,211.3910555314133,215.3889428120493,210.97022221892,213.9447326660156,2356300
2023-08-14,214.59507499087,216.60359207012496,213.9064413976411,216.04885864257807,2927400
2023-08-15,213.79167310286272,216.88095058005487,213.53343185797576,214.08816528320312,2079000
2023-08-16,214.9967868686359,216.9766122024757,212.43355082017436,212.4718017578125,1403500
2023-08-17,213.50474327106645,214.11686040584124,208.2347975418964,208.64605712890625,1791100
2023-08-18,207.9861331432624,210.3676443380706,207.1540256830066,209.79379272460935,2250500
2023-08-21,209.09555350679105,211.0084211143007,206.82881006197903,208.1104278564453,2804800
2023-08-22,212.38571113972932,217.38785638904665,211.5918692453138,215.9053955078125,4083500
2023-08-23,216.1158114532848,217.58871324464755,215.04459555645224,217.29222106933597,2390700
2023-08-24,216.9096740357587,218.96601602107668,213.24654442887464,213.256103515625,1994800
2023-08-25,214.05951275533477,216.3071387192237,212.08926085202413,213.3517608642578,1805000
2023-08-28,214.23164296065096,215.75236941903805,211.754467970534,213.0169677734375,1726100
2023-08-29,213.03609293840648,216.8140039387632,212.9691355600244,216.54620361328125,1800600
2023-08-30,217.5887440938528,220.7928039653724,217.2826781959293,220.2763214111328,2839600
2023-08-31,220.79277902856276,221.7300801955484,220.29542929762144,220.4388885498047,3433100
2023-09-01,222.17960443543035,223.77684734421103,221.87353857328085,222.3804473876953,2562000
2023-09-05,223.3655467357424,223.46119595485197,219.92239375812443,220.3910369873047,2569200
2023-09-06,220.20936961407327,221.11797899609448,218.8129695514328,219.6068115234375,2123900
2023-09-07,220.1232578946313,224.1594101503568,220.1232578946313,223.4325256347656,2576600
2023-09-08,222.59087504794985,223.08822480157272,220.6301824792276,221.21360778808597,2166300
2023-09-11,222.55262745204595,223.44210405754984,221.2997012602805,221.80661010742188,1657900
2023-09-12,221.6822680628296,223.66209341858183,220.34326632030957,220.4006500244141,2192600
2023-09-13,219.5111386784993,220.87884674154608,218.20082890831253,218.8512115478516,2769400
2023-09-14,220.0754764695131,221.15623700109123,218.54517618161603,220.8119201660156,2621700
2023-09-15,218.4112564350612,218.4112564350612,210.0424594097552,210.43460083007807,9188500
2023-09-18,210.50153062877757,212.1370389964632,207.74701095891845,208.2347869873047,3447200
2023-09-19,207.00097703242184,208.49302613979805,204.87770725158845,208.0243682861328,3449600
2023-09-20,208.8182283457521,209.68858675236663,205.040317120609,205.54722595214844,2490000
2023-09-21,203.7299752663996,204.3707842139036,201.02326563815197,201.43453979492188,2959600
2023-09-22,200.41116974496535,202.0275455061862,200.1146775462135,201.31979370117188,2940100
2023-09-25,201.20500899747893,203.58653482951004,200.86069218554695,203.24221801757807,3971600
2023-09-26,201.7118964206757,202.4866201108032,199.091276969064,199.4547119140625,2782400
2023-09-27,199.9712236789938,201.09980880067795,197.28364645780636,197.94358825683597,2860000
2023-09-28,197.81925009692563,201.22415287289303,197.3123412338757,198.7278594970703,2379000
2023-09-29,199.69384189536845,201.2145829969979,198.268764622239,198.7852325439453,2304800
2023-10-02,198.34528455064,199.3973531781033,195.9255077352427,196.7767333984375,2264900
2023-10-03,195.96374774807137,196.0785151498264,190.0529930533114,191.4398193359375,3532500
2023-10-04,191.6024043993811,192.38667260628324,189.8234367666237,190.89463806152344,2569500
2023-10-05,190.18692580602675,191.3346438022937,188.92442579431483,191.0955352783203,2233600
2023-10-06,189.38347429387537,193.23790180458855,188.9530819508424,190.8468170166016,2250800
2023-10-09,189.0104838445077,192.21454360643648,187.90103148754565,191.99456787109372,1649600
2023-10-10,192.49190028329667,194.9308098855942,191.54503996988117,193.9169921875,2209700
2023-10-11,194.9116887048758,195.2368873734632,192.18586041771772,194.4334716796875,2178900
2023-10-12,194.44304015257632,194.63432403872335,188.1975271384135,188.3218536376953,2488500
2023-10-13,188.43662960454108,189.32610621392527,186.2846531178089,187.22195434570312,2220300
2023-10-16,188.80004719293632,190.56945575651577,187.6810212742812,189.61302185058597,2139900
2023-10-17,188.8765555637203,190.20599805223796,188.38877954644465,189.51736450195312,1698900
2023-10-18,187.81491930689904,187.81491930689904,184.9647503858852,185.03170776367188,2694700
2023-10-19,185.11777641512364,185.39513581299389,181.55028220570583,182.1623992919922,2944200
2023-10-20,181.90416091014663,183.40575450408733,180.46951009852327,182.20065307617188,2776100
2023-10-23,182.11459444585344,183.24317951736217,179.74262770928496,180.17303466796875,2322100
2023-10-24,181.0196379758509,182.0009200676912,178.00841168056007,179.17250061035156,2107500
2023-10-25,178.50869678062747,180.16342688743947,177.6524713504539,179.0281982421875,2406200
2023-10-26,179.8555587618714,181.35635703492892,177.49853508022366,177.7198028564453,2855500
2023-10-27,177.84488117773034,178.4124881682151,174.949110791241,176.6519317626953,2371400
2023-10-30,177.787139806115,181.2312863187404,176.8154582885751,180.5963287353516,2683200
2023-10-31,181.3178964904592,183.8288521727568,180.64446319400372,183.3382110595703,3181200
2023-11-01,183.92502700302347,184.9063237942297,181.53914302651052,184.0308532714844,3070100
2023-11-02,186.3782706775862,189.197089776126,186.07042176879247,186.9458923339844,2220100
2023-11-03,187.49425287809103,189.73583507259227,186.52258595796567,187.5423583984375,2755300
2023-11-06,187.16716229818596,188.36972693042853,185.94535252149916,186.8592987060547,1920400
2023-11-07,186.888166059462,187.79249704542656,186.0800461195661,187.19602966308597,2150300
2023-11-08,187.4461223244114,189.3990858157605,185.56050948850145,187.2921905517578,3077500
2023-11-09,185.0025262632952,187.49423639287585,183.1650041777273,183.2612152099609,3271000
2023-11-10,183.6844983157061,187.44612345915183,181.87585135517395,187.2152404785156,2381500
2023-11-13,185.6759652341426,187.05169202353864,184.810124636036,186.4840850830078,3155700
2023-11-14,195.72941245341175,197.01855818867455,191.6599379346076,194.5653381347656,4237600
2023-11-15,194.75777601515165,198.43280639495,194.74814610175488,197.07632446289065,2848500
2023-11-16,196.19118488406573,197.88440517400352,193.22807873616085,194.6038055419922,2705700
2023-11-17,195.57548021351764,196.42209039222945,194.57495292210308,195.9699249267578,2216300
2023-11-20,195.77750810184668,197.22058555714284,195.38306340759408,196.6818389892578,3159700
2023-11-21,190.02444388641536,194.08430297824663,189.1585886032836,190.5439453125,5880600
2023-11-22,190.9576432174985,192.12171752945665,189.24519240175067,190.9480133056641,3232400
2023-11-24,190.4862378865593,191.84273431585973,188.7834022557299,191.51564025878903,1322200
2023-11-27,190.85179548762977,193.3146451623749,190.3419093290181,192.23715209960935,2345700
2023-11-28,191.96777932323047,193.38199641973085,190.46698110157533,192.45843505859372,2651100
2023-11-29,193.43974228582948,194.016964497746,192.0832458662481,192.3333740234375,2119000
2023-11-30,192.5835052701509,192.6219955594092,188.86999974265632,191.2847442626953,3812100
2023-12-01,191.64067951624185,196.6048693920573,190.98649146177797,196.1815643310547,2965600
2023-12-04,196.01804380268572,200.84754769161296,195.9891834246036,199.67384338378903,3429700
2023-12-05,197.90364449544245,199.0099979825547,196.1142279015072,198.1056671142578,2552100
2023-12-06,199.14469697119247,201.7999543127673,199.14469697119247,200.7801818847656,2595400
2023-12-07,201.03992804793413,201.23233543583456,199.52949995944357,200.39535522460935,3069300
2023-12-08,200.16447456801848,200.54930405627775,198.3558126725597,199.94320678710935,2210400
2023-12-11,200.31838151978084,201.2323275864649,198.48085947556064,198.5097198486328,3390100
2023-12-12,198.96190480395757,200.9341136760944,198.0287135036744,200.7801818847656,3552100
2023-12-13,200.8475343833908,207.3798588653109,198.25961300203835,207.27403259277344,5170100
2023-12-14,212.05542507759563,217.3659543496704,211.6898407493778,216.9811248779297,7636600
2023-12-15,216.76947721408865,218.38571688307013,215.27829427299145,217.0292205810547,9581200
2023-12-18,217.60647152581404,218.38573103670143,215.02816539376428,215.5572967529297,3132400
2023-12-19,216.1056625505448,217.74114738715616,215.99020637260944,216.8656768798828,3101100
2023-12-20,214.03724846081676,216.2018646882757,212.8443138016084,213.5850830078125,3727300
2023-12-21,215.2975333927672,215.92287577630336,213.7967351598697,215.066650390625,2640200
2023-12-22,215.53804863513147,216.5385905877017,213.5658544650575,214.5375213623047,2368800
2023-12-26,214.44131584105315,215.2109601290448,214.18157245415424,214.36436462402344,1656400
2023-12-27,214.07574723060927,214.88386713107775,213.30610293884428,214.43170166015625,1449300
2023-12-28,214.93195515790975,214.94157038936703,213.54659848143925,214.44129943847656,1543400
2023-12-29,214.4797985577092,215.4803258209569,212.55569524552703,214.10459899902344,2631400
2024-01-02,211.89185796157088,214.15268501943677,210.16979211304684,210.35256958007807,3277800
2024-01-03,208.15910935033688,208.66899554687467,204.0800197780345,204.21470642089844,3285400
2024-01-04,203.8587168138814,205.23445815872344,203.0794574100422,203.20452880859372,2487000
2024-01-05,202.627310159787,206.1965281758039,202.43490276921645,204.44558715820312,2577900
2024-01-08,205.0516956028282,209.16927564123503,204.57066976021295,208.89990234375,2462700
2024-01-09,207.21630705365908,209.2750970247656,207.1585863026527,208.7748260498047,2025000
2024-01-10,209.48674011201604,212.19010281361204,209.3905290781846,211.8533935546875,2311300
2024-01-11,211.76683807638176,212.4787616949657,209.86197961769213,211.80532836914065,1864800
2024-01-12,211.9014830379384,212.67112726444404,209.8042175674466,210.60272216796875,1603900
2024-01-16,210.7470420923012,212.22860992420232,209.43865119907727,212.06504821777344,2594400
2024-01-17,210.6700763977149,212.6134249350513,208.26494715636807,209.7753753662109,2824000
2024-01-18,210.6893160016756,211.8630202149685,207.6396139654123,209.9485321044922,3121900
2024-01-19,210.28522307920957,213.1521324995187,208.6304932898319,211.66094970703125,2851900
2024-01-22,209.5444690240081,212.0073189167178,208.06291593158667,211.5166778564453,2540800
2024-01-23,211.5166768287999,211.5166768287999,206.75958371840227,207.3687286376953,2375900
2024-01-24,208.0358814806892,208.17124537702935,203.4334794980066,203.5785217285156,3514800
2024-01-25,204.5647531521633,205.6766698200127,202.61163285600972,205.057861328125,2892100
2024-01-26,205.28991991916683,205.9570610673321,203.80090230445344,204.96116638183597,1912600
2024-01-29,204.76779467232683,205.6573309705768,202.8630217580274,204.8258056640625,2194700
2024-01-30,203.88791416558163,209.2058045903787,203.1434201286717,207.4170684814453,2742500
2024-01-31,207.9875367100424,209.4088650164312,205.6670085280305,205.79269409179688,3429300
2024-02-01,205.96675545693435,213.2570940268534,205.3382685822569,212.93801879882807,3265400
2024-02-02,210.3370731504961,213.62450533067675,205.47362158370177,212.22251892089844,3304900
2024-02-05,210.13404155960507,211.1009308054026,207.7651658581129,210.79151916503903,2303700
2024-02-06,210.58844557201076,212.63824571018003,209.0607590479492,210.89784240722656,2147500
2024-02-07,212.05816280904395,214.987836131102,211.63272916760616,214.3496856689453,3303000
2024-02-08,214.6494046205904,216.18675492364056,211.99045929308303,213.09271240234372,1909700
2024-02-09,213.49880097027625,214.94913476401868,211.91310327926016,214.9007873535156,1359100
2024-02-12,218.87471201576653,223.2934029137387,218.40094573157396,222.2491607666016,3258400
2024-02-13,217.4823757235052,220.26702127725397,216.24475875596303,217.9658203125,3388600
2024-02-14,218.5169683011473,219.6482269418368,215.4906002579616,219.41616821289065,2002100
2024-02-15,220.20902363932777,221.04054897296,218.89405368738744,220.7698211669922,1925100
2024-02-16,219.74489781857275,221.35960090342044,217.90779961013791,219.33880615234372,2388400
2024-02-20,215.6066321647612,218.93271868372304,214.4270261377962,218.04318237304688,2580100
2024-02-21,218.23657926455076,220.5474439835548,217.57908690223155,220.2476959228516,1700000
2024-02-22,220.76014955356305,223.6317969085541,220.0929936440029,222.87762451171875,2115700
2024-02-23,223.78649365070416,225.3721912866423,223.5061022852188,224.8597412109375,2112600
2024-02-26,225.26583720530735,226.4744486812726,223.332058843763,223.6608123779297,2928000
2024-02-27,224.7340554796513,231.5603058009769,222.4038636601618,227.59605407714844,5076700
2024-02-28,230.119628393539,233.4457295846704,229.49115631825725,230.8931427001953,3288600
2024-02-29,231.05750899275048,233.39737904266147,230.65141730675515,232.7012176513672,3107400
2024-03-01,232.31447103497064,236.97486928344813,231.8213481031981,236.58811950683597,2712300
2024-03-04,236.13369330671196,237.168257130133,234.01620349320305,234.0838928222656,2321500
2024-03-05,233.75513116876817,234.9830846020878,232.15976986638583,232.8462677001953,2514600
2024-03-06,233.33935997544347,234.44161301457945,231.91803174687905,233.1363067626953,2367600
2024-03-07,234.11288929886632,236.06599488184256,233.42639146773016,233.71646118164065,1792900
2024-03-08,233.610088743627,235.91128964789235,233.5133939269465,233.93882751464844,1502900
2024-03-11,233.32972440213703,234.14190784350208,231.0091813150892,232.9816436767578,2058900
2024-03-12,233.68745123474903,236.37540200891107,233.1266537328188,235.20545959472656,2095300
2024-03-13,236.1530413877923,240.3203317945409,236.1530413877923,239.21807861328125,2238000
2024-03-14,238.49290483770463,239.59515798744067,234.46097845436597,236.53012084960935,2492700
2024-03-15,236.14332545991343,239.0633347310009,235.54385892712563,236.62677001953125,5692800
2024-03-18,237.5646622166899,238.17380710492424,234.9637280315366,235.4181671142578,2480900
2024-03-19,236.40439220193576,239.9818790309673,236.37538670833047,239.80784606933597,2408400
2024-03-20,240.3106422388982,244.0621771647292,239.22773102466192,243.61741638183597,1882600
2024-03-21,244.58432500247693,252.68684734324336,244.5746466671518,252.3581085205078,3418500
2024-03-22,252.4837802378479,253.79873537976923,249.815156617092,249.94085693359372,2493200
2024-03-25,250.15359279645725,250.869081413069,245.3288100340136,245.58987426757807,2024600
2024-03-26,245.07740164872985,246.5954099895654,242.95991198384093,243.09527587890625,3048900
2024-03-27,244.0138269792317,244.97105261536663,242.92125219641437,244.94204711914065,2351900
2024-03-28,244.439259298046,246.83714041254373,242.6698502698552,246.29568481445312,2631200
2024-04-01,244.9613689187163,246.8661417001221,240.29129261356067,241.026123046875,2363000
2024-04-02,238.12545749005656,238.84096076875667,235.41816493289323,236.3560485839844,2819700
2024-04-03,233.0783205888208,236.05634125364807,232.5272013873572,232.7302398681641,3144500
2024-04-04,235.49552560309684,237.22626549201888,229.93591283502704,230.12928771972656,2343600
2024-04-05,230.11961903270557,232.4691525991049,229.95524964668053,231.3959197998047,1680700
2024-04-08,230.37103068119535,234.6833632892999,230.09063928626009,234.5576629638672,2389200
2024-04-09,235.71791050796412,236.70414161849007,232.90427416142225,236.2980499267578,2126100
2024-04-10,230.2549966387494,231.3669133324936,227.2866544261088,229.3074493408203,2955100
2024-04-11,231.0865170868105,232.33379765399795,225.4688932370268,227.64439392089844,2494600
2024-04-12,225.6429242351109,226.17471623722565,223.10001571263936,224.36663818359372,2117400
2024-04-15,226.98693516046632,227.073966413394,221.5820273142145,222.3942108154297,1933100
2024-04-16,221.3499521014495,222.2395032073638,219.7932745499978,220.78916931152344,2201000
2024-04-17,222.61658421290844,223.2450563182867,219.7159164892076,221.2822723388672,1982300
2024-04-18,222.25882650787227,224.59869671540756,220.0156511264698,221.21458435058597,1993100
2024-04-19,221.89141024052455,224.42465525102827,221.31127081277089,222.6165771484375,2112200
2024-04-22,224.05723611670496,225.32385864166827,221.9590882675855,223.57379150390625,1872800
2024-04-23,224.64244488362144,227.53755782795417,223.6612242828046,226.90606689453125,2189900
2024-04-24,225.5848067309991,225.7499617895269,222.31082005060904,223.72921752929688,1485100
2024-04-25,221.2810344580433,224.07897567628208,218.2790546109397,223.4086456298828,1996800
2024-04-26,223.4183392603463,226.59518371853423,223.17546156100028,223.32118225097656,2001200
2024-04-29,223.45720497561405,225.24479620354452,223.2920499102225,224.3607177734375,1527300
2024-04-30,223.44749772664196,224.69103044110733,221.2033100126314,221.4947662353516,2435200
2024-05-01,220.8924267032417,224.40930621158776,219.04656193863423,221.0381622314453,1713900
2024-05-02,223.573777857118,223.6709200395032,219.9306124759191,223.03944396972656,1672800
2024-05-03,226.9449373009072,231.36529974703487,225.37107966564707,225.51681518554688,1834700
2024-05-06,228.1398782854314,228.2564548353464,224.60357963858775,225.0990447998047,1714000
2024-05-07,225.83740127792464,228.13987707095777,224.6327225802628,224.8658905029297,1912500
2024-05-08,223.0394592953239,226.371734344072,222.47598123209116,225.45852661132807,1689200
2024-05-09,225.4682406278833,230.20921833601076,225.4682406278833,229.40286254882807,1652700
2024-05-10,229.05313668348336,230.57840113883483,227.75130076776176,228.33421325683597,1336700
2024-05-13,229.56802889807747,230.13150699961324,225.08936305097828,226.3426055908203,1983700
2024-05-14,226.2260156038742,228.4507689128305,223.31148307345796,224.98248291015625,2763200
2024-05-15,228.38275254013212,230.55894199159167,228.1398748487492,229.3542633056641,2103600
2024-05-16,227.6832755682923,228.28560753087103,225.11848760546576,225.64309692382807,1847300
2024-05-17,226.04140277577108,226.4105816017846,223.5931915528768,224.52584838867188,1968800
2024-05-20,223.6515080748069,224.49671772817592,221.7376306104485,222.64112854003903,2684400
2024-05-21,225.1962214913581,225.1962214913581,215.1022241960953,218.4539337158203,5397700
2024-05-22,217.77387690120716,219.0076850142109,213.9364119872465,214.8302001953125,2769800
2024-05-23,215.4422294627592,215.5296767009741,210.64297856763125,211.2841644287109,2636600
2024-05-24,211.53677869668556,212.0516782634037,208.6319559064189,209.078857421875,2632200
2024-05-28,208.6610956133341,210.6235516475593,207.87417421012668,209.2342834472656,3072400
2024-05-29,207.5438678037138,208.50565405861184,206.7180776508878,208.16563415527344,2359800
2024-05-30,209.1759960473125,210.5749740251453,207.34955092913307,209.3217315673828,2778100
2024-05-31,210.332095842216,215.11192737299723,209.8754845636992,214.98562622070312,4598400
2024-06-03,213.43120515843847,214.72331627187268,209.8463280163074,210.55552673339844,2480500
2024-06-04,209.1662824149553,212.10995901227997,208.9816929873873,210.3612365722656,2291200
2024-06-05,210.6138267817928,213.3923483547391,209.61317181059232,213.2174835205078,1727900
2024-06-06,212.98432453622164,213.92669126895436,211.7796605411172,212.2265472412109,2033900
2024-06-07,210.12807455244317,212.01280796727315,208.6319543708188,210.49725341796875,1602400
2024-06-10,210.28351860338748,212.16825200708263,209.9434987034303,211.8865203857422,1851500
2024-06-11,211.6339297463248,212.3042746355289,208.8845521353997,212.12940979003903,1910100
2024-06-12,215.5005432536007,220.52325255501813,215.5005432536007,218.609375,3609500
2024-06-13,219.53231331284323,220.92156674665665,217.0161037077745,220.3969573974609,2116600
2024-06-14,218.40536662985824,219.3185892626497,215.11194521794715,216.98696899414065,1936600
2024-06-17,216.02515803396264,220.75641123565055,215.29652488015464,220.3095245361328,1700800
2024-06-18,221.02841882041213,222.6702744594857,220.48437513922104,221.2810211181641,2072900
2024-06-20,220.33866803771377,221.86393239340964,218.68710252535183,221.04786682128903,2377800
2024-06-21,221.1935735847406,223.54464278459727,220.09577645239727,222.07765197753903,3627300
2024-06-24,222.24281608619307,223.4572046452881,221.2615954671128,221.88336181640625,3463000
2024-06-25,220.33867739640945,220.5912648963906,210.7984331427635,211.0607452392578,3892000
2024-06-26,210.2932219256715,212.9162979666229,209.72001932107537,212.547119140625,2601200
2024-06-27,213.2952082271125,214.0432757258481,211.86708610410773,213.5380859375,2654600
2024-06-28,213.89755955924647,215.24795915822588,212.1488369214112,214.17930603027344,12630400
2024-07-01,213.1883492982456,214.21814845638727,207.39813794662533,207.47586059570312,2569200
2024-07-02,206.630641577316,208.7291085357428,205.7659975283455,207.6118621826172,2173700
2024-07-03,209.68118785820985,210.81785377015484,206.98038888984573,207.2232666015625,1423500
2024-07-05,206.63063774001216,208.7193800639025,206.47519245173865,207.79644775390625,1907400
2024-07-08,208.87481974391093,212.08080831409825,208.67079595552013,210.96356201171875,2947500
2024-07-09,209.81718667469315,211.0024310253937,209.0788438103544,210.16693115234372,2571700
2024-07-10,211.37163664483305,214.61647953935775,210.71100151488423,214.45132446289065,2007000
2024-07-11,219.18255100507997,223.4280484345984,217.17151654431123,223.20460510253903,3006900
2024-07-12,224.5355763284868,231.2778638017629,223.77779907361904,227.4112548828125,3180600
2024-07-15,227.33354601129255,228.39248931313875,224.0595590880833,225.55567932128903,2074600
2024-07-16,226.18714315541496,234.14380385913168,225.4876542195158,234.10494995117188,2356500
2024-07-17,232.6282617861061,238.6322063338865,230.9669865932319,236.1159820556641,3958800
2024-07-18,235.05705219337776,239.93404091487488,231.13215479847284,232.5505523681641,2606700
2024-07-19,232.57969670822845,234.16326417248405,231.0738667166621,231.7247772216797,2739300
2024-07-22,232.6282807088135,234.5227239881553,229.8303394132009,233.4249267578125,2308500
2024-07-23,234.22153553612148,235.08617955634668,230.7532496838756,231.52073669433597,2211000
2024-07-24,230.86669684447745,233.40486456491095,225.94653067336333,226.1613006591797,2756800
2024-07-25,226.30774027978003,233.00460739312305,225.5462735867916,229.1875915527344,2142600
2024-07-26,230.63239767342267,236.75331246191055,230.4566849014477,233.19009399414065,1942500
2024-07-29,232.60437377258776,235.24992652381323,231.6867228920431,234.09799194335935,2082300
2024-07-30,234.47870737798425,236.61663541993445,232.6336488438013,235.6599273681641,1782500
2024-07-31,236.8704437909985,243.06945783484483,235.5037393053444,239.6721954345703,3054700
2024-08-01,240.96081424469568,242.3665759358255,233.336524826848,235.62088012695312,2022800
2024-08-02,232.6043761255933,234.8008752102373,229.60736800226135,234.7032470703125,2258800
2024-08-05,230.71048360137863,235.2596804453664,227.20585116019572,231.3840789794922,3058000
2024-08-06,230.06618460951944,238.4031269345004,230.06618460951944,234.92776489257807,2319500
2024-08-07,235.95279338057276,237.55379645055973,225.6048517951315,226.08319091796875,3355400
2024-08-08,226.6689224313157,231.17906198874604,225.5072162068961,230.71047973632807,2084300
2024-08-09,230.17355226859627,232.0967102179148,228.7287483169732,230.2223663330078,1675500
2024-08-12,229.1680503273901,229.1680503273901,223.92574442207177,225.5755615234375,2592300
2024-08-13,223.35954374384903,231.1595461453529,222.2173660615452,230.5738220214844,2860800
2024-08-14,230.2223751372864,233.95153444475585,230.1930896767117,231.9893341064453,2098500
2024-08-15,236.51900486276855,237.1633147940646,232.594589249193,234.35179138183597,3029400
2024-08-16,234.7129822033974,236.40185651282383,233.4536627323076,235.41586303710935,1725700
2024-08-19,236.49947257494944,237.7490352062726,234.43964411463435,237.4268951416016,2708600
2024-08-20,234.2932167435638,240.0236335697091,232.97531144099665,234.6153717041016,3910400
2024-08-21,235.7575491565076,236.92901226008053,234.14678925109,236.6068572998047,2676500
2024-08-22,237.22187927885503,237.53427738105327,233.99058775104425,234.5958404541016,1979900
2024-08-23,235.90399382792967,245.25620053145136,235.11325654719548,244.1237945556641,2685400
2024-08-26,245.89073936684343,247.17934433204456,244.1725795519596,244.5435485839844,2790500
2024-08-27,243.91875854628304,243.98708632050057,241.7417882905553,242.6594390869141,1772500
2024-08-28,242.57156135120664,244.4751906674429,241.04865789821764,243.0206298828125,1372000
2024-08-29,244.0554289091132,244.7875951958405,240.53126791982712,240.90223693847656,1612900
2024-08-30,241.9565720363713,243.13779203820476,239.5648167793109,242.5911102294922,2586900
2024-09-03,241.32202950935823,243.50877173587875,237.82715362674156,239.6234130859375,2460200
2024-09-04,239.03764970659824,239.99434281633248,236.3432831360164,239.61361694335935,2094700
2024-09-05,240.4922537359658,240.4922537359658,235.8454282925788,238.30551147460935,2083100
2024-09-06,239.02789796551025,241.57583729174937,237.35855224309364,238.0126190185547,1889700
2024-09-09,239.4183908377433,239.89674487107655,236.57758189130428,238.91075134277344,1823000
2024-09-10,238.65694790607208,242.47397877137712,236.84117473736663,241.4977569580078,2112900
2024-09-11,239.2329152009289,241.94681065041857,234.29323520863423,241.4977569580078,1841500
2024-09-12,242.6789677604216,246.20312896819527,241.63441820583137,246.05670166015625,2222400
2024-09-13,246.97433722761204,251.28923542366755,246.60336820892323,249.3367919921875,2118100
2024-09-16,250.93779184394143,251.99212802970072,248.17509736770475,250.53756713867188,1591300
2024-09-17,250.2935062964509,253.31976985785207,249.91276551760947,250.6156463623047,1343500
2024-09-18,251.01591240629347,255.74082227183965,249.4734801980937,250.52780151367188,1625200
2024-09-19,254.686498929436,256.0434316289611,253.3783356072381,254.7938690185547,2261300
2024-09-20,253.11477948861136,255.3307921827729,251.81641764216448,253.954345703125,4470300
2024-09-23,254.59860158065936,256.2191331403745,252.1385336783986,256.0531921386719,2131000
2024-09-24,259.0209113800506,261.715293022117,257.18563946169354,259.71405029296875,3414100
2024-09-25,259.8213985631282,260.2607102433186,257.6444432467796,258.6694641113281,1815500
2024-09-26,259.8116460490673,260.38761325156696,253.12452174139227,259.2942199707031,2254500
2024-09-27,261.38338382278283,262.3205483978315,259.42116849484296,260.78790283203125,1852300
2024-09-30,262.0471982161645,264.8196644218589,260.7195509311518,264.40966796875,2032800
2024-10-01,263.5896970439112,267.6410121594431,261.8422514196859,266.1571655273437,2552400
2024-10-02,265.3175147428868,266.41087820727347,264.31200765061106,265.3955993652344,2244200
2024-10-03,265.0247023321996,265.82518155831167,262.2326925203887,263.7848815917969,1634600
2024-10-04,263.57991602423533,264.0289697616478,256.9025617266528,261.3931884765625,2245600
2024-10-07,258.8451959554925,263.4920211068983,257.3222923800094,262.15460205078125,2302100
2024-10-08,264.0484576185069,267.7385744734772,263.3943759674015,266.7720947265625,1947900
2024-10-09,271.4872789785241,271.4872789785241,266.78188291815286,270.5891418457031,2431000
2024-10-10,266.332820509838,268.5097759089273,264.54631805387965,266.7135314941406,1714400
2024-10-11,267.4945233648187,270.14984763821315,267.4945233648187,269.2029113769531,1303600
2024-10-14,269.1345524972198,274.708769847927,268.95883974804434,274.0547180175781,1760300
2024-10-15,275.21645673354493,280.18542200801653,274.6795168805462,275.1285705566406,2369100
2024-10-16,274.40616832687886,277.6374599383143,274.1328274283622,277.2957763671875,1754900
2024-10-17,277.24698008215694,278.45748553219863,274.32808655062314,274.6209411621094,1574200
2024-10-18,275.09928450160845,275.6655098150458,272.4537318309491,274.943115234375,2031100
2024-10-21,273.908292571776,275.9779077603756,269.1150698725317,270.2572326660156,2438300
2024-10-22,265.55184455239527,266.91857891232496,261.7934144383641,265.7471008300781,3102500
2024-10-23,265.34512595201033,267.25681637538736,263.9529969461077,264.805908203125,2109400
2024-10-24,265.38432817380544,267.03133115679066,264.4921940784442,266.0313415527344,2025900
2024-10-25,265.1588755560847,265.85492515505416,261.03155424395766,262.38446044921875,1788000
2024-10-28,264.8941984125656,265.8647485891885,262.34524762965134,262.7079772949219,2140300
2024-10-29,258.03164668571594,259.8649213703789,255.4042501596304,257.80615234375,2311100
2024-10-30,257.374800861076,260.2276619303743,255.10035060455877,256.2572021484375,2356300
2024-10-31,256.26695804573484,258.3649498473168,255.8355958046304,256.6885070800781,2950700
2024-11-01,260.33545322942444,261.53149761026555,256.4336265798067,256.7963562011719,2262400
2024-11-04,257.2571617781924,262.31584048081004,257.22775207310866,259.7767028808594,1741700
2024-11-05,258.8747400641534,263.982424666667,258.8747400641534,263.8941955566406,1562500
2024-11-06,260.92370447002656,260.92370447002656,252.1984764764669,256.59051513671875,4439300
2024-11-07,257.6296848426536,261.8942712617403,257.3453711031641,261.0707397460937,1972500
2024-11-08,263.6981239062652,266.5607679087807,262.64912802390285,265.7764892578125,2102400
2024-11-11,268.168583761802,270.87436610822294,266.94312964455827,269.1195373535156,2252100
2024-11-12,270.33519882728376,271.3351586924247,264.1491083663513,264.6000671386719,2634600
2024-11-13,267.3647040683569,268.913665055578,265.5020196169362,266.9725646972656,1819900
2024-11-14,267.30586612123875,268.02154211462823,264.51182467871337,265.0412292480469,2324000
2024-11-15,264.60007549849865,266.6098384181379,263.1883498099822,264.1098937988281,2264000
2024-11-18,263.1589394538722,268.24702787733366,262.0805337336009,266.433349609375,2600600
2024-11-19,257.9237692509011,259.7864534812265,253.3846825214636,254.1689910888672,4214000
2024-11-20,254.20822389202837,258.482623978465,253.86512062826043,257.864990234375,2864200
2024-11-21,258.8747378406395,260.47273485123713,257.1100958186394,260.011962890625,1844800
2024-11-22,260.88448692791525,261.6687955896298,257.75715524375124,259.4825744628906,2410900
2024-11-25,263.6589125129262,270.20773228128513,263.2177370535437,269.91363525390625,3691700
2024-11-26,269.2371839873891,269.3842325020697,265.64905063761057,269.080322265625,2422300
2024-11-27,269.74697378820633,270.96264470477473,267.20783626406967,267.8254699707031,2263800
2024-11-29,267.3548838451738,268.78623589365645,266.5902016202006,267.08038330078125,1526400
2024-12-02,268.07054405946803,268.4234604878808,264.15890405299143,266.70782470703125,2202700
2024-12-03,267.5607568858161,270.02144834973814,264.63926356982256,269.0018920898437,2459100
2024-12-04,267.07057085441005,268.7371704354453,264.9529826352897,266.9234924316406,2081000
2024-12-05,266.29608798747114,267.4725059965781,264.247132280503,264.7667236328125,1959800
2024-12-06,266.5509920394188,271.49200153100463,265.80590635744204,268.06072998046875,1745700
2024-12-09,268.61955304632005,275.129179933489,267.3548759705432,268.7666015625,2647000
2024-12-10,267.1293942818123,267.570539801832,263.31576680498205,264.805908203125,2214700
2024-12-11,266.031392176076,267.9823356448247,261.99229984135303,262.63934326171875,3297100
2024-12-12,263.0511031911286,263.11973580653006,257.88456915082867,258.32574462890625,2391600
2024-12-13,257.96300811933475,259.55119192891,256.9238253817531,257.237548828125,1999300
2024-12-16,257.61009210039265,258.82576311867024,254.84548991881755,254.99253845214844,1964600
2024-12-17,253.3651127895461,254.86506755514907,251.2867472234365,252.68865966796875,2402100
2024-12-18,252.3553391430729,254.54156023293515,244.7379115550843,244.90457153320312,3084400
2024-12-19,244.1104683391053,245.7084653484964,239.3459019731565,239.71844482421875,4159000
2024-12-20,239.738042900994,244.31635283075832,239.2086532831343,242.8556060791016,5693100
2024-12-23,241.4144643139127,243.05166924126763,240.41448955235307,242.5124664306641,2079000
2024-12-24,243.1104992660984,245.3065185546875,242.3458170500774,245.3065185546875,992100
2024-12-26,243.36539316764495,245.22807747074685,242.95364237303792,244.53201293945312,1435200
2024-12-27,243.47323788973355,245.1692622544109,242.4438534060504,243.4634246826172,1581100
2024-12-30,243.0320635844929,243.06147328766767,239.72824394849184,241.88504028320312,1622800
2024-12-31,242.39483482577435,243.326177003142,240.96349777318648,241.95367431640625,1397900
2025-01-02,243.394819343017,244.96339176780063,240.4243195129724,242.1301422119141,2741000
2025-01-03,243.24773085429925,243.8849759581455,241.09093464247624,243.6006622314453,1889200
2025-01-06,243.85557419370264,247.73780450951236,242.43403543224596,244.8359375,2573400
2025-01-07,245.21828627677036,246.71824098568464,241.2968329286739,241.7281951904297,1803500
2025-01-08,240.6203768057941,242.3850337820706,238.1890799491227,242.0419006347656,2364900
2025-01-10,242.14973771993675,245.09082765175785,239.6988294434192,243.0320587158203,2537800
2025-01-13,243.20853286820545,246.2280536721126,241.89484961690857,243.7771453857422,2689700
2025-01-14,245.10064025361388,247.41429840050955,244.3849791835228,246.25747680664065,2055100
2025-01-15,252.7670830596281,254.64939395765748,251.0220373988261,251.67889404296875,2880600
2025-01-16,251.7573102407742,254.4337131049357,250.88480236852783,253.6984405517578,1882300
2025-01-17,254.8552339176688,256.87477991290694,253.31608628167248,255.9336395263672,2758500
2025-01-21,257.83556111071283,261.60015278540146,257.5316508656065,259.1590576171875,2804400
2025-01-22,258.5190104029986,258.5190104029986,253.7828616058064,254.03887939453125,2074100
2025-01-23,253.84194621572823,257.4851515847255,253.84194621572823,257.30792236328125,2614300
2025-01-24,256.8943490648747,258.9424312758357,255.3976967176618,258.1744079589844,2021600
2025-01-27,259.0900995314835,265.05705632653184,258.9620906484127,264.29888916015625,2178700
2025-01-28,262.1622411023677,262.8515059624403,259.56275882339133,260.3504943847656,1459100
2025-01-29,261.12833436675163,262.5068338293655,257.3965147098257,257.71160888671875,2092400
2025-01-30,259.6021449245851,262.4674709625542,258.42058669335466,259.94677734375,1630400
2025-01-31,258.25317624653013,260.1239992635342,255.6241559188553,256.0475769042969,1735100
2025-02-03,252.10899102311316,254.7084431139422,248.50517990140943,252.5619201660156,1862000
2025-02-04,252.02036935509085,254.26537809454948,251.20311063064517,253.28073120117188,1976300
2025-02-05,254.93489492531157,255.4567565034641,250.95691362165687,254.50164794921875,1693300
2025-02-06,256.116477744627,256.6088011696552,251.78405263870496,253.0050201416016,2397400
2025-02-07,252.8770113701735,253.39887299900383,247.49099189570023,248.07192993164065,2163600
2025-02-10,251.4000384814567,252.91637298023804,248.68240358649047,252.5028381347656,1980600
2025-02-11,252.06960092772107,253.96996219169608,251.67574818607912,253.0837860107422,1549900
2025-02-12,246.90019170431825,247.1463534109028,242.72528375181747,246.41770935058597,2634000
2025-02-13,247.7765397666868,249.42089824992323,246.29956944975987,248.7808837890625,1832100
2025-02-14,250.59262443967324,252.48315962165896,247.39252216293872,247.9242248535156,1805900
2025-02-18,246.62448868200696,247.5008237454062,244.57642150613196,246.86080932617188,1989400
2025-02-19,243.4539255753593,245.05890469539045,241.3566230466823,242.8926696777344,2513300
2025-02-20,242.4003523227545,242.8926757436955,240.36214117280824,242.6366729736328,2025700
2025-02-21,243.58194310726643,243.9364165750424,235.0844359648583,235.49798583984372,3165000
2025-02-24,235.17305179540048,235.78354306360893,232.30772583472728,233.4400787353516,4871400
2025-02-25,234.3459495277103,240.687077624736,234.3459495277103,238.6685485839844,4380900
2025-02-26,248.06207211762757,249.06641610505076,237.36882181875333,243.27670288085935,4664300
2025-02-27,243.286532930126,244.6354942370781,241.16953329730197,241.7307891845703,2702100
2025-02-28,244.35981607962947,245.87618069894168,240.54923743578703,244.82260131835935,3011000
2025-03-03,244.8619755555192,245.8466224220436,240.0569090635529,242.38067626953125,2740900
2025-03-04,240.8544548732825,240.91353127748823,235.4093592593908,236.16754150390625,2791800
2025-03-05,234.34594253825077,239.2691766251888,234.14901617967683,239.22979736328125,3175800
2025-03-06,238.10730565037173,241.5437135003599,236.35462045563415,239.76150512695312,2596500
2025-03-07,238.3436083602578,239.31841412708047,234.70041810800427,238.9344024658203,2570600
2025-03-10,238.77685947837836,242.83359966455683,237.3688217043572,238.65870666503903,2497500
2025-03-11,238.1073059155358,238.31407333807957,228.03435793081803,229.0977783203125,3294600
2025-03-12,229.4325415899878,231.145832401921,222.9240257507677,224.82440185546875,2825500
2025-03-13,224.23362203339968,224.85395435422748,216.7896942815399,219.2414703369141,3193600
2025-03-14,220.8956699305459,221.30921980311984,217.62665021302476,220.994140625,2672300
2025-03-17,221.5455362520037,223.15051538914184,219.9700953177377,222.3824920654297,2821300
2025-03-18,221.41752816999428,222.1166340310793,219.1528524773795,219.52700805664065,1811800
2025-03-19,220.36396132609983,222.421869574064,219.005143906622,222.04769897460935,1944100
2025-03-20,222.07724690422623,226.0355315009574,220.5707384055671,222.78619384765625,1924200
2025-03-21,220.89565891866,223.70190830100407,217.6069422212904,223.5837554931641,6353400
2025-03-24,224.87364044153756,229.55071273009185,224.87364044153756,229.31439208984372,2485100
2025-03-25,228.74330114669388,229.57040087248924,224.56840823104972,227.14817810058597,2476800
2025-03-26,227.25649612424533,229.98397210728288,227.1186461661416,228.4873046875,1790500
2025-03-27,229.16670939797768,230.2892061869928,227.315568543472,228.6054534912109,2425000
2025-03-28,228.9205446729537,229.05839462682252,223.94807522526185,224.91302490234372,2118300
2025-03-31,223.25883661291036,231.37231720239444,223.25883661291036,229.6491851806641,3465700
2025-04-01,228.831923768332,230.90952923950155,226.94140360408824,230.41720581054688,2212800
2025-04-02,228.57591884677663,232.4849680379153,228.57591884677663,231.66770935058597,2534400
2025-04-03,219.3694815470897,222.69759295744797,217.2229584649314,219.1036376953125,4475000
2025-04-04,217.26231883683084,226.3013846241652,215.6770368263641,219.86178588867188,4829800
2025-04-07,214.70224201799888,222.18554883222413,208.4497287037516,213.6092834472656,4478000
2025-04-08,216.64202161351872,220.44275936198463,204.39301140785585,208.43991088867188,3294400
2025-04-09,205.5942692003619,220.86613672588163,203.2212666407846,219.77317810058597,4106200
2025-04-10,217.56757315742405,219.97009883504447,210.08425113678013,217.8038787841797,3482500
2025-04-11,215.98230256725603,217.77435210456096,210.5470474964877,216.96694946289065,2904000
2025-04-14,219.49747536112324,222.13633674824808,217.114631772279,220.69874572753903,2766100
2025-04-15,220.5609042702813,221.57508936920544,215.4407434260536,217.12448120117188,2805200
2025-04-16,215.9822913609005,217.9515850499918,210.02517494649544,211.11813354492188,1916400
2025-04-17,213.6880530759588,217.3017050346496,212.4670856332292,215.6376495361328,2166900
2025-04-21,214.32807463586576,214.8203980530542,207.1795440271165,209.50331115722656,2769700
2025-04-22,211.50214256469383,217.16386184993036,211.27567800014955,215.7065887451172,2224000
2025-04-23,219.87382662042305,223.36797114168613,214.94439769093924,215.54820251464844,2382500
2025-04-24,215.5481972078672,220.67559158692995,214.09312685055244,219.7946319580078,2243200
2025-04-25,219.95301287020465,220.08168218563577,216.5380425428213,218.6662139892578,1493700
2025-04-28,218.26037094003388,221.2694868687711,217.07256241826408,218.9037628173828,2046700
2025-04-29,217.08245825460975,221.60604785484185,217.08245825460975,221.0022430419922,1603900
2025-04-30,219.6758425117089,221.72482470411356,215.9738394799594,221.28929138183597,3455500
2025-05-01,221.22000407566415,223.24917001941589,218.9433622931328,220.0618896484375,2067800
2025-05-02,222.23955206277284,225.41693959852304,221.6654413168424,224.88243103027344,2318800
2025-05-05,223.7144038586538,224.80323716545448,221.81390717171496,222.9027404785156,1878300
2025-05-06,220.88345045710687,222.39790897742853,219.70555002203832,220.744873046875,2175700
2025-05-07,220.68549745640456,222.7740668248843,219.44819368606835,221.23980712890625,2924000
2025-05-08,222.28903325536288,224.3281072673573,220.1806629886869,222.19993591308597,2405700
2025-05-09,221.40806234991575,222.8928267651501,219.1314356629336,220.0024871826172,2053800
2025-05-12,228.6537301046772,231.38569131271385,227.9311489528924,230.4156494140625,3496600
2025-05-13,232.7516646549044,232.9595383147163,227.24814041147928,228.42605590820312,2963100
2025-05-14,227.16896059338,228.82199653338935,225.723783218005,226.1890106201172,2291000
2025-05-15,224.88242081096925,230.2869548258049,224.6646541550362,230.0889892578125,2489200
2025-05-16,230.23748781165645,231.9103097942428,229.5445856287019,231.85092163085935,1818200
2025-05-19,228.0202209769241,233.60293457186216,227.62428984120552,232.0488739013672,3387000
2025-05-20,234.5927810916385,235.12728964338837,227.81235078649743,228.90118408203125,3459500
2025-05-21,230.33645752664145,230.77199085275117,222.8928341170153,225.0605926513672,4541600
2025-05-22,223.78369180023589,225.13977178338104,220.70527967864743,221.47735595703125,3116700
2025-05-23,218.66620646637327,220.705280496523,218.0227994961328,218.8245849609375,2958400
2025-05-27,221.03193335321484,223.52634181173727,219.74513449979744,223.5164337158203,3418200
2025-05-28,222.71466812576173,224.45678631462008,222.0811692294673,222.2395477294922,2214500
2025-05-29,223.24917529515864,223.70450970394705,219.40859486817385,222.64537048339844,2739400
2025-05-30,221.6357494557853,223.97177953678468,220.15098495778915,223.437255859375,4127300
2025-06-02,221.8139172714741,223.59563771654476,219.08195599156977,223.2294006347656,3890400
2025-06-03,223.6055205477512,226.9907967914472,222.9423275712976,226.47607421875,2456200
2025-06-04,226.34739103044373,227.76287433710684,225.53572764582012,226.0702362060547,2301100
2025-06-05,226.5948437512176,227.47580336265017,224.7339341929446,225.27835083007807,1985100
2025-06-06,226.48595561850476,226.8027126020454,222.48699687603187,222.9819183349609,2216900
2025-06-09,223.39766611865812,223.39766611865812,220.86367048893248,221.3387908935547,2523400
2025-06-10,221.7743246987516,223.63521924742133,219.88372096491187,222.6057891845703,2174400
2025-06-11,224.3380146708868,224.3380146708868,218.4187578191866,219.3492126464844,2378000
2025-06-12,219.349208570098,222.05147565377175,217.51799303093213,221.2299041748047,2485900
2025-06-13,219.00275744298744,220.98244338597488,214.1327318356949,215.0631866455078,2425900
2025-06-16,216.14212533119343,216.38958608949056,212.62817954261303,213.88528442382807,2392500
2025-06-17,212.86573037041973,213.5883114980865,208.9756397055407,209.76751708984372,2518600
2025-06-18,210.4010227701997,211.51955017803675,208.27286639098585,208.6885986328125,2528400
2025-06-20,209.5101708354216,210.7672605576644,208.19367784659727,210.58909606933597,6148400
2025-06-23,210.62866957814973,216.5677271341577,209.6388266521484,216.3499755859375,2639500
2025-06-24,216.77560936833345,218.1712915741112,215.49871858896128,217.7456512451172,2210000
2025-06-25,217.27053494604976,219.35910424603875,215.973843053869,218.45834350585935,2082900
2025-06-26,219.0027570210744,220.5469096370209,217.81494847833125,218.9829559326172,2254700
2025-06-27,219.1710219995236,222.93242819292263,219.02255160002028,221.35858154296875,3256700
2025-06-30,221.79412169673023,222.55628990943697,217.41900247484523,219.616455078125,2735300
2025-07-01,217.2903399070763,229.81184783387965,216.914194733308,226.3177032470703,3974500
2025-07-02,226.8027224904885,227.06007622298253,223.2689758698401,224.6349639892578,2174300
2025-07-03,224.67455014558428,226.20880974965965,221.76440943546297,225.9910430908203,1777900
2025-07-07,225.4268410885031,225.9514566488608,220.388528944536,222.70477294921875,2740500
2025-07-08,221.77432326718295,224.5260855504432,221.13091626622463,221.39817810058597,2672000
2025-07-09,221.9227897549193,223.3679671296412,219.85402158277108,223.2788848876953,2339400
2025-07-10,222.4770937096084,228.02022021394876,222.21973998263292,225.59510803222656,2417100
2025-07-11,223.28878494907485,224.40731236826824,221.17052154084848,221.853515625,1840100
2025-07-14,221.0022411477065,221.90298675931493,217.5674848800225,220.1410675048828,2767000
2025-07-15,220.74488548261763,220.79438065416124,212.7271661181404,212.82614135742188,2947200
2025-07-16,213.3111605851541,214.4494739620679,210.4010198292397,214.3999938964844,3604400
2025-07-17,214.1525329424849,216.80530485648828,213.65761145669572,216.35987854003903,2474000
2025-07-18,217.08246088355327,217.61698454929945,215.3502356736893,216.9339904785156,2399100
2025-07-21,217.79514734299133,220.4776284356683,217.3893081006349,218.6662139892578,2904400
2025-07-22,220.3885259019385,224.93191650331144,219.2502125554748,224.5260772705078,2880000
2025-07-23,225.5709356975688,227.8696465213145,224.66539951333,227.4915008544922,2337000
2025-07-24,226.94418937830872,228.3572400527795,224.4066624920133,224.4564208984375,2083500
2025-07-25,225.39183338586676,226.2177743766616,223.98872826231877,225.69036865234372,2053500
2025-07-28,225.6406078403729,230.71566176401956,224.3967235634138,228.86476135253903,3302200
2025-07-29,229.2030946607928,229.7105939804539,227.03375258196496,228.9145050048828,1852900
2025-07-30,229.1234862479681,229.9991856471657,224.4166323455501,226.31727600097656,2047400
2025-07-31,224.79475262085975,227.20292585912907,221.88904087328797,222.4761657714844,2778400
2025-08-01,222.4164528008551,227.0337505978544,220.675014825071,225.2923126220703,3400900
2025-08-04,225.30227263156615,233.4024463520009,225.1729038091772,232.6660614013672,3871300
2025-08-05,233.2432306650676,237.1241435809718,232.98450819871883,236.2982177734375,3107000
2025-08-06,236.39772132721671,238.5372114365056,235.4125746781698,237.1241455078125,2448700
2025-08-07,238.82577937131435,240.07960924672545,235.4523658450599,237.392822265625,1948300
2025-08-08,237.93019569772764,240.95531564346368,237.13410670649145,239.97015380859372,2746100
2025-08-11,240.36819319880468,241.9802623124027,236.6464860922524,238.676513671875,2689500
2025-08-12,240.7562938151966,244.15955940047095,239.7611863861409,243.6719512939453,2973200
2025-08-13,246.2890817117037,257.2352631211128,245.5228447614876,255.07586669921875,6030300
2025-08-14,250.77701520588832,252.53835958914604,250.33918069618363,251.8119354248047,3635000
2025-08-15,252.92644417367947,252.92644417367947,248.2096296661198,250.82676696777344,3026800
2025-08-18,250.4685253959188,251.76216803132547,249.2445475657429,249.66249084472656,2977000
2025-08-19,253.51356535959093,257.1158646092398,253.51356535959093,255.1057281494141,4702600
2025-08-20,264.10149383781066,266.21111663454843,255.19530096529857,255.8819274902344,5226000
2025-08-21,254.82708933256947,257.4044442196373,253.0757209610355,254.39920043945312,2697300
2025-08-22,256.0909069109114,264.2010265097799,253.39415905534787,262.439697265625,3796400
2025-08-25,260.7778497092329,261.3649594465633,257.4840465576096,257.6034545898437,2336700
2025-08-26,257.2054001635971,257.49398980067383,254.88681338035312,257.0660705566406,2865300
2025-08-27,257.5736007179088,259.3648122932655,256.81730936154025,257.4044494628906,2148700
2025-08-28,257.93185018966983,258.1706662477893,254.43901349833385,256.27996826171875,1779100
2025-08-29,256.50883465481496,257.54375489867164,254.707707796544,256.79742431640625,2177600
2025-09-02,255.19531639249945,257.7427890219878,254.35941459883924,257.4740905761719,1783700
2025-09-03,256.1904244319795,260.11115020345545,255.74261393342653,259.40460205078125,2002400
2025-09-04,261.75306061380746,263.4148729758288,260.1907346977856,263.27557373046875,2258700
2025-09-05,266.0618541540947,269.355657137855,263.93234016181884,268.6491394042969,4488200
2025-09-08,267.89284743908894,271.8832377235116,267.36544174601767,271.6842041015625,4464800
2025-09-09,270.9478441975084,270.9478441975084,266.29074881023064,267.7137451171875,3120500
2025-09-10,267.09679578575816,267.6839055403346,263.78307095257816,265.2458801269531,1918300
2025-09-11,266.52957324257324,272.07232897502627,265.9026506960805,271.0672607421875,2253400
2025-09-12,268.7387013564676,271.2662826493932,268.2112956504898,270.5000305175781,2906300
2025-09-15,270.15175763072966,271.31601623830926,267.7833972497,270.7587585449219,2648100
2025-09-16,271.59465411731287,271.9329869875308,268.0918870183498,269.1964416503906,1940700
2025-09-17,271.26628138946114,273.63464184358435,265.5543443035559,266.6390380859375,2854600
2025-09-18,267.7535558780199,269.24621698064914,266.1812691770204,266.2608947753906,2301700
2025-09-19,266.2210832328816,266.3206000471802,263.81290994723423,263.9024963378906,4079000
2025-09-22,263.7034583226877,264.1114559967376,259.0861454567976,259.11602783203125,3435300
2025-09-23,258.2900720291543,259.50410426114314,255.9913763849549,258.5388488769531,2972900
2025-09-24,257.02630889320386,258.2403411833766,255.08583724006684,256.07098388671875,3156000
2025-09-25,253.67278427527376,256.17049845869667,252.9264537026509,254.27980041503903,2877900
2025-09-26,254.3594080337764,256.42923328784667,252.95630292848625,255.8620147705078,1923600
2025-09-29,255.87196892198187,256.0709721796998,249.50327249378844,252.0806121826172,3282100
2025-09-30,251.573105472176,252.3592488403768,248.40867115173484,250.0804443359375,3114400
2025-10-01,249.88141782635984,250.03067786151465,245.2541745269565,246.7766876220703,3106500
2025-10-02,245.42334666942975,247.78174638452825,245.1447178079048,246.1199188232422,1951900
2025-10-03,245.3536784066025,246.51795224389235,244.32871899811312,245.14471435546875,2023600
2025-10-06,244.9158348729638,245.28403494586243,239.35318800479928,240.48760986328125,3307700
2025-10-07,239.93035614751943,240.1592266078121,236.7858129839921,238.71632385253903,2597400
2025-10-08,238.2386693077353,238.2386693077353,236.0792880443718,236.4275665283203,1995600
2025-10-09,236.43752314932905,236.79576241893028,233.33277775140715,233.5218505859375,2284800
2025-10-10,234.1985381396485,234.9747207150664,230.4768309103399,231.08384704589844,2158600
2025-10-13,231.8600242300308,234.82544003085735,231.50178495861903,233.3327789306641,3072000
2025-10-14,232.77552748897605,240.5572748560737,232.08890093492224,239.57211303710935,3130200
2025-10-15,240.3283907189196,244.87603897689704,239.343244077926,240.34829711914065,2569500
2025-10-16,241.15432267495245,242.01011564278025,239.26362469642157,241.91061401367188,2258700
2025-10-17,242.02007679537377,244.02023719779925,242.02007679537377,243.50277709960935,2549600
2025-10-20,243.7814035375104,244.89593413671815,241.07471022878727,241.0846710205078,2110500
2025-10-21,240.696578644626,245.7915235863597,239.82087928871536,244.0699920654297,2056200
2025-10-22,244.27999877929688,246.13999938964844,242.5200042724609,243.52999877929688,2508200
2025-10-23,242.1100006103516,244.77999877929688,239.9900054931641,243.8699951171875,2234800
2025-10-24,245.33999633789065,246.02999877929688,242.7100067138672,242.7100067138672,1804000
2025-10-27,243.4499969482422,244.47000122070312,241.7400054931641,243.6499938964844,1939300
2025-10-28,242.25999450683597,246.6300048828125,242.08999633789065,244.07000732421875,1612900
2025-10-29,242.5,243.57000732421875,236.8699951171875,238.4900054931641,3121400
2025-10-30,238.07000732421875,243.32000732421875,237.00999450683597,239.82000732421875,2076700
2025-10-31,238.0800018310547,239.33999633789065,236.4499969482422,238.1300048828125,2404700
2025-11-03,236.41000366210935,237.32000732421875,232.97999572753903,235.63999938964844,2333700
2025-11-04,235.5200042724609,238.00999450683597,233.47000122070312,237.75999450683597,2632600
2025-11-05,236.5500030517578,238.1300048828125,231.6199951171875,234.3500061035156,2749600
2025-11-06,233.0800018310547,234.97000122070312,231.1199951171875,231.3500061035156,3272700
2025-11-07,231.83999633789065,234.17999267578125,231.1199951171875,233.16000366210935,3053800
2025-11-10,232.6100006103516,234.1100006103516,229.17999267578125,233.02999877929688,2588000
2025-11-11,233.75,236.8600006103516,233.67999267578125,235.33999633789065,1968100
2025-11-12,234.38999938964844,236.7100067138672,232.8800048828125,234.6999969482422,2587500
2025-11-13,234.4499969482422,236.6499938964844,230.91000366210935,231.47000122070312,3109000
2025-11-14,230.2700042724609,232.13999938964844,226.97000122070312,227.8500061035156,2691900
2025-11-17,227.1999969482422,228.7700042724609,224.9600067138672,225.0,4411500
2025-11-18,219.0500030517578,223.72000122070312,218.8000030517578,219.57000732421875,6260400
2025-11-19,230.00999450683597,232.97000122070312,224.25999450683597,228.41000366210935,7728900
2025-11-20,228.0800018310547,230.4499969482422,225.77999877929688,228.42999267578125,4769200
2025-11-21,230.5399932861328,236.55999755859372,228.9600067138672,234.2899932861328,6090000
2025-11-24,234.0,234.4600067138672,228.72999572753903,228.75999450683597,4212600
2025-11-25,230.72000122070312,238.91000366210935,230.2899932861328,238.1000061035156,3330300
2025-11-26,237.5,243.0500030517578,236.6499938964844,241.6100006103516,2303300
2025-11-28,241.3958740234375,241.94341802596966,239.7233925508674,240.50985379772817,1289900
2025-12-01,245.2884063720703,248.32477306653388,240.1813373940147,240.91803437268445,4083100
2025-12-02,242.08279418945312,246.11468982883284,241.51535053725894,245.20875475910842,3886100
2025-12-03,245.83595275878906,246.88126132798197,242.09275370648444,242.09275370648444,3275600
2025-12-04,245.0693817138672,247.05048997013088,243.90461456107627,245.497467099743,4092800
2025-12-05,247.35910034179688,247.5681529322601,244.56166618619838,245.04946569099093,2642100
2025-12-08,243.72543334960938,246.99076747245186,243.72543334960938,246.00518822802206,3935000
2025-12-09,241.5850372314453,244.88023601770877,239.81299670475036,242.71993976191925,2865500
2025-12-10,245.0992431640625,247.32923365091565,241.29633018382242,241.72440037353175,4778900
2025-12-11,246.97085571289062,250.7638190729551,246.4033968464529,247.51839974439153,2832100
2025-12-12,246.1843719482422,249.60899430875202,244.83045183340266,248.03605658779378,2046900
2025-12-15,247.667724609375,248.32477745136612,242.7697233328898,246.63238104458125,3108400
2025-12-16,245.3680419921875,249.84792264093275,244.93995660887896,249.09132604441564,2692000
2025-12-17,246.8513946533203,248.4940115410777,243.98426607338357,244.90015099407046,2030600
2025-12-18,246.60250854492188,252.90419408635213,246.3536262815281,249.63886000587146,2553400
2025-12-19,239.36500549316406,246.02509722031635,239.25549669082793,245.9354880616285,5458200
2025-12-22,240.98773193359375,241.6646844172135,238.55863854541798,239.50438813427178,1776600
2025-12-23,241.06735229492188,241.1270967977296,238.46902087850836,240.42026449156504,1863800
2025-12-24,241.91355895996094,242.88917317483555,240.2609770925229,240.66914764843852,787900
2025-12-26,243.39691162109375,243.61592923518396,241.21670049301213,241.64477070837222,1179700
2025-12-29,242.73985290527344,244.2630111542288,241.54522106950404,244.0141288888365,1597100
2025-12-30,242.09274291992188,242.55069295888813,239.9623113972198,241.55516392602607,1371400
2025-12-31,240.081787109375,242.301812616855,239.95236347309782,241.32619841029367,1615200
2026-01-02,245.78616333007812,246.12463955691194,238.89710421710885,240.42026242842866,2595000
2026-01-05,243.65573120117188,246.7219624503918,242.85930493543452,243.9842576054348,2835800
2026-01-06,245.38796997070312,247.18987518656215,238.94689556657138,240.4103245387972,2573200
2026-01-07,246.01513671875,255.65185073875278,245.99523707473685,250.75386477156295,2423300
2026-01-08,255.06448364257812,256.6673011751282,242.81948875613298,244.03403538499276,3163400
2026-01-09,266.01531982421875,266.85156061468604,257.97145813891206,258.7877992847742,4092100
2026-01-12,269.67889404296875,270.3160168724654,262.43141298712544,265.2985416727036,3269500
2026-01-13,273.0238342285156,273.51163372723425,269.14127711972446,271.9188115972628,2946600
2026-01-14,273.7207336425781,276.8566441791673,270.98302866313514,270.98302866313514,3207600
2026-01-15,275.7715148925781,276.966131537023,272.2174688535545,273.9198150410416,2620700
2026-01-16,276.30908203125,277.1951174890774,272.8446603014813,275.0846007155088,2915700
2026-01-20,267.1999816894531,274.00939650987664,266.57279354869377,270.9830101771114,3956200
2026-01-21,277.1099853515625,278.3299865722656,267.010009765625,267.44000244140625,4022100
2026-01-22,274.95001220703125,281.3599853515625,274.8800048828125,277.3699951171875,2883500
2026-01-23,276.7300109863281,277.2900085449219,273.9800109863281,275.0,2204000
2026-01-26,277.9100036621094,279.5,275.6199951171875,278.8299865722656,2021900
2026-01-27,273.94000244140625,277.010009765625,272.32000732421875,277.010009765625,2492900
2026-01-28,269.4200134277344,274.0,268.05999755859375,273.7200012207031,2952400
2026-01-29,266.6400146484375,270.9800109863281,265.7099914550781,268.7099914550781,3264700
2026-01-30,267.05999755859375,267.55999755859375,262.6700134277344,266.05999755859375,3199300
2026-02-02,269.05999755859375,270.3299865722656,262.69000244140625,266.6600036621094,2763400
2026-02-03,274.8500061035156,280.510009765625,267.6099853515625,267.94000244140625,3450200
2026-02-04,275.8500061035156,280.1700134277344,273.2900085449219,276.32000732421875,2774000
2026-02-05,274.8900146484375,277.0799865722656,272.239990234375,275.6400146484375,2683500
2026-02-06,278.3800048828125,279.6700134277344,275.0199890136719,276.5799865722656,2211800
2026-02-09,276.8900146484375,279.0,274.45001220703125,278.3299865722656,2471100
2026-02-10,284.6700134277344,285.7300109863281,277.3800048828125,279.0,2820200
2026-02-11,287.0400085449219,287.3399963378906,280.7799987792969,282.3900146484375,2945200
2026-02-12,285.5299987792969,293.05999755859375,285.07000732421875,289.3900146484375,3659400
2026-02-13,287.3900146484375,289.8699951171875,282.1499938964844,285.4200134277344,2241800
2026-02-17,281.1600036621094,289.8599853515625,278.25,287.0299987792969,2305000
2026-02-18,282.1300048828125,283.8699951171875,278.0,280.4200134277344,2018700
2026-02-19,278.17999267578125,282.1099853515625,276.7300109863281,281.44000244140625,1997000
2026-02-20,280.3599853515625,283.80999755859375,276.8699951171875,277.6700134277344,2810000
2026-02-23,274.3599853515625,281.9800109863281,272.3399963378906,280.760009765625,3058100
2026-02-24,278.5899963378906,281.1700134277344,277.0899963378906,278.1099853515625,3284700
2026-02-25,263.0199890136719,274.19000244140625,262.55999755859375,266.25,5565700
2026-02-26,264.3900146484375,266.1499938964844,261.94000244140625,263.3399963378906,3428200
2026-02-27,264.57000732421875,265.5,260.1000061035156,261.69000244140625,3252500
2026-03-02,257.1700134277344,261.45001220703125,256.19000244140625,260.0,3023800
2026-03-03,257.70001220703125,258.9800109863281,251.3000030517578,253.47999572753906,2758300
2026-03-04,258.6199951171875,258.9100036621094,255.49000549316406,258.010009765625,2174900
2026-03-05,254.7100067138672,257.0199890136719,252.6300048828125,256.3999938964844,2270400
2026-03-06,251.88999938964844,252.97999572753906,248.11000061035156,250.55999755859375,3126800
2026-03-09,250.22000122070312,251.4499969482422,243.58999633789062,250.1199951171875,2896300
2026-03-10,251.11000061035156,254.61000061035156,247.32000732421875,248.9199981689453,2092000
2026-03-11,246.8800048828125,251.36000061035156,246.25999450683594,250.07000732421875,1895800
2026-03-12,239.4499969482422,245.8699951171875,238.82000732421875,244.24000549316406,3008800
2026-03-13,237.58999633789062,241.82000732421875,236.99000549316406,240.85000610351562,2755000
2026-03-16,242.11000061035156,243.9499969482422,239.38999938964844,240.7100067138672,2315300
2026-03-17,239.7100067138672,244.0,239.52000427246094,242.44000244140625,1969000
2026-03-18,231.08999633789062,238.77999877929688,230.35000610351562,237.0800018310547,2742800
2026-03-19,229.7100067138672,230.77000427246094,226.1699981689453,230.4600067138672,4129000
2026-03-20,224.6300048828125,229.85890197753906,224.14999389648438,229.23500061035156,3639717
