Date,Open,High,Low,Close,Volume
2006-05-25,3.662179363468832,4.184698551027246,3.6530918622444175,4.180154800415039,395343000
2006-05-26,4.207417026291636,4.247400819872444,4.008404988616749,4.082921028137207,103044000
2006-05-30,4.086556617451096,4.087465281055571,3.893905633875213,3.9984097480773926,49898000
2006-05-31,4.0302138902156734,4.121995385526957,4.0302138902156734,4.083828926086426,30002000
2006-06-01,4.082923440918815,4.370990737547452,4.080197015513185,4.317375659942627,62344000
2006-06-02,4.407336853341088,4.425511421328058,4.251944145391936,4.270118713378906,37253000
2006-06-05,4.275570795462893,4.475491461128175,4.271027045489626,4.466403961181641,37188000
2006-06-06,4.541830747319923,4.600898224290532,4.343727750188676,4.389163970947266,49045000
2006-06-07,4.3918891887609846,4.3982502665856815,4.248309955980799,4.325551986694336,25013000
2006-06-08,4.325552379344482,4.336456775665283,4.134719160648933,4.336456775665283,34439000
2006-06-09,4.434599544804944,4.434599544804944,4.332821863120383,4.341908931732178,13372000
2006-06-12,4.361901342811363,4.3846192314163375,4.207417273728217,4.26648473739624,14546000
2006-06-13,4.1983296748921735,4.302833779993977,4.11654432450374,4.134718894958496,16716000
2006-06-14,4.080194495226907,4.130174885840186,4.038392942462372,4.100186824798584,15971000
2006-06-15,4.12563341836334,4.191061990782802,4.10109775787056,4.1756134033203125,16500000
2006-06-16,4.134719056523306,4.180155267777654,4.089282411953001,4.091099739074707,12280000
2006-06-19,4.130176414121045,4.130176414121045,4.007497700838524,4.0293073654174805,11509000
2006-06-20,4.065652611018106,4.089279580504618,3.9502441856962687,4.000224113464356,23792000
2006-06-21,4.000228041400332,4.169251645501676,3.998410713752471,4.116545677185059,18063000
2006-06-22,4.216502750745785,4.266483126767043,4.169248797650086,4.234677314758301,13038000
2006-06-23,4.270119391581381,4.355540264671418,4.259214562394061,4.26648473739624,11612000
2006-06-26,4.266483051794622,4.316462993621826,4.21922909952929,4.316462993621826,8565000
2006-06-27,4.316464534139867,4.36462716678142,4.293746213086471,4.299198627471924,9826000
2006-06-28,4.257396471497799,4.307376424104355,4.225591086504161,4.267392635345459,8756000
2006-06-29,4.266485611964321,4.370080643847447,4.266485611964321,4.361902236938477,14470000
2006-06-30,4.330096406403066,4.361902236938477,4.234679781428911,4.361902236938477,25964000
2006-07-03,4.352813966886611,4.36190146924477,4.253762704415265,4.298290252685547,7029000
2006-07-05,4.307376983405572,4.347361210672182,4.24467486865986,4.325551986694336,13266000
2006-07-06,4.29374628547705,4.302833787377993,4.251944730027781,4.252853393554688,8097000
2006-07-07,4.248309236592562,4.257396303382256,4.157435968800495,4.191059112548828,8380000
2006-07-10,4.1983298746906055,4.231953026624203,4.191060132825924,4.2246832847595215,4978000
2006-07-11,4.224682948119935,4.224682948119935,4.116544192387349,4.211960792541504,8079000
2006-07-12,4.21650326044688,4.21650326044688,4.13835258241444,4.139261245727539,7672000
2006-07-13,4.105638597626752,4.105638597626752,4.025670158462906,4.063837051391602,16625000
2006-07-14,4.054750276893657,4.060202691144629,3.98932173919792,3.993865489959717,9663000
2006-07-17,3.990230959313024,4.013857946591158,3.975691474826164,3.997501134872437,6458000
2006-07-18,3.997499591021526,4.007495320252356,3.968420199962405,3.989320755004883,12483000
2006-07-19,3.990230541445884,4.130175123227472,3.98023480940144,4.114726543426514,15840000
2006-07-20,4.125630429399372,4.1601622351921765,4.098368796743039,4.139261245727539,8829000
2006-07-21,4.139262191751143,4.139262191751143,4.068381670655513,4.114726543426514,8510000
2006-07-24,4.130175888727536,4.137445631557057,4.088374325812765,4.089282989501953,5017000
2006-07-25,4.107455704485855,4.216503097529487,4.103820618058072,4.187423706054688,6900000
2006-07-26,4.192877821479505,4.34827057132159,4.161981090903675,4.241949558258057,10338000
2006-07-27,4.2619416597407245,4.286477312630881,4.227409839630127,4.227409839630127,6009000
2006-07-28,4.2264978494908245,4.252850809019692,4.2037795418607375,4.207414627075195,4339000
2006-07-31,4.207415276461764,4.217411004041861,4.1674310661941405,4.168339729309082,4616000
2006-08-01,4.172886115331494,4.172886115331494,4.062020912246226,4.089282989501953,7390000
2006-08-02,4.360993292404473,4.548191893969384,4.299199823269756,4.545465469360352,53372000
2006-08-03,4.464589144612311,4.565458197487312,4.420969813650521,4.542739868164063,21689000
2006-08-04,4.570908435378101,4.679955844178769,4.542737703110703,4.548190116882324,14216000
2006-08-07,4.589082958880184,4.661781230706931,4.566364640605355,4.643606662750244,6918000
2006-08-08,4.643606214830243,4.78627675452045,4.639062464950388,4.777189254760742,14073000
2006-08-09,4.816265012571314,4.952574048161411,4.72539174442344,4.802633762359619,15043000
2006-08-10,4.743566793477711,4.898959508493544,4.73447972572892,4.867154121398926,8725000
2006-08-11,4.861703094288323,4.948032645765932,4.838984768461794,4.878060340881348,9078000
2006-08-14,4.884420666578445,4.956210287792791,4.863520104697336,4.92803955078125,6314000
2006-08-15,4.970747674490562,4.991648660870458,4.930763894720302,4.951664447784424,8553000
2006-08-16,4.966204854068271,5.03708578889059,4.921676887329,4.931673049926758,15344000
2006-08-17,4.92531096295418,4.928945615286869,4.833529058502121,4.858065128326416,10216000
2006-08-18,4.825351848039898,4.875331796472201,4.767193063209551,4.857157230377197,9343000
2006-08-21,4.843527901614895,5.047991941304933,4.798091689081535,4.930766105651856,12487000
2006-08-22,4.925313938359626,5.04344887685247,4.925313938359626,5.0189127922058105,9761000
2006-08-23,5.041630796985954,5.066166446762782,4.956210354554337,4.961662769317627,10439000
2006-08-24,4.988923407323412,5.0752529292981405,4.981653666871823,5.057078361511231,5420000
2006-08-25,5.066166119210969,5.075253621000891,4.991650511123722,4.998011589050293,8016000
2006-08-28,4.984379243278968,5.038902937373512,4.977109504062856,4.9998273849487305,3748000
2006-08-29,5.020729559662912,5.057078697652841,5.01255072195984,5.029816627502441,3211000
2006-08-30,5.0416291434118445,5.068891208286775,5.013458848576207,5.020728588104248,5801000
2006-08-31,5.020729336143689,5.104332436461759,5.020729336143689,5.07979679107666,7023000
2006-09-01,5.086156248910575,5.225191672931039,5.086156248910575,5.138862609863281,20559000
2006-09-05,5.170670001921201,5.201566726715936,5.11160254276248,5.166126251220703,4618000
2006-09-06,5.170670890125876,5.35059928894043,5.1406828236567845,5.35059928894043,15694000
2006-09-07,5.316977350705187,5.531437616520504,5.316068686864357,5.463283061981201,26549000
2006-09-08,5.543249594933277,5.565967917996457,5.387856854490848,5.42965841293335,15176000
2006-09-11,5.429656349340042,5.633211649321589,5.416025534009045,5.622306823730469,17064000
2006-09-12,5.542338567980933,5.647751299387116,5.542338567980933,5.643207550048828,16992000
2006-09-13,5.634123598205862,5.661385678082021,5.534163649730756,5.575056552886963,12355000
2006-09-14,5.529617422765543,5.74771223090278,5.515986605585932,5.705910682678223,13010000
2006-09-15,5.705909838820138,5.924913711254191,5.705909838820138,5.904013156890869,19314000
2006-09-18,5.973986488961639,6.138466708626791,5.843129417326355,5.917645454406738,23656000
2006-09-19,5.90673995034834,6.011243603016736,5.843128748735494,5.892200469970703,17263000
2006-09-20,5.915828330807409,6.061224889481263,5.861304187988789,6.04759407043457,13476000
2006-09-21,6.136647807927001,6.324754975937645,6.089394283416613,6.27477502822876,29063000
2006-09-22,6.270231474554397,6.315667673897437,5.914009453127853,5.991251468658447,29874000
2006-09-25,5.929458745437253,5.970351633104169,5.652296032724108,5.852216720581055,35677000
2006-09-26,5.761345406120896,6.118475795419821,5.70318659786187,5.997614860534668,39969000
2006-09-27,6.088486823899124,6.170272608791613,5.947634009157553,6.164820194244385,19633000
2006-09-28,6.147553368480644,6.262053190231699,6.147553368480644,6.238426208496094,13395000
2006-09-29,6.222068229575421,6.401996548936944,6.139373809064502,6.392909049987793,20056000
2006-10-02,6.3929100300824375,6.3929100300824375,6.330207924320495,6.35746955871582,17393000
2006-10-03,6.215707910292478,6.442890211887193,6.215707910292478,6.332025051116943,16733000
2006-10-04,6.361104703359613,6.398362501807152,6.247513547942477,6.326572895050049,13679000
2006-10-05,6.349321156771993,6.633211507968131,6.279258300115902,6.60500431060791,25756000
2006-10-06,6.58771563891954,6.90163328068572,6.552229726910754,6.837939739227295,35410000
2006-10-09,6.542222380396812,6.663239751167321,6.455781091362968,6.624114036560059,37084000
2006-10-10,6.473979744817936,6.665060003020226,6.414836247929668,6.543132781982422,26764000
2006-10-11,6.455777334297019,6.460326964519869,6.212832894343525,6.323841094970703,35483000
2006-10-12,6.287447156972592,6.443950847733101,6.252871083061705,6.406644821166992,15117000
2006-10-13,6.460328707046356,6.52402224571628,6.352959834535857,6.377527236938477,11321000
2006-10-16,6.369337792908756,6.524931619606541,6.355689333409429,6.487625598907471,8802000
2006-10-17,6.469426224965569,6.47852505153465,6.302913490148184,6.323841094970703,9865000
2006-10-18,6.333851882972693,6.476707099361232,6.327482572513612,6.410284042358398,8562000
2006-10-19,6.410284057830623,6.633210792189991,6.346590519209345,6.581346035003662,13414000
2006-10-20,6.624113680556298,6.628662879305533,6.4603303770321086,6.480348587036133,5264000
2006-10-23,6.492178658303294,6.516746071925874,6.351143056079073,6.392088890075684,7389000
2006-10-24,6.382988853262329,6.505826340438551,6.362061235761171,6.47852897644043,8512000
2006-10-25,6.48307698982635,6.48307698982635,6.414834247694677,6.437581539154053,11349000
2006-10-26,6.446680593827482,6.733300882466012,6.359329487564372,6.569517612457275,21152000
2006-10-27,6.460330205670755,6.642311600995339,6.278349244223008,6.609554767608643,26741000
2006-10-30,6.607733480355708,6.696904259931015,6.528571803081491,6.600454330444336,17471000
2006-10-31,6.615013978234087,6.938030497437048,6.545860955292653,6.742400646209717,35930000
2006-11-01,7.438479654362691,7.9616752852727215,7.438479654362691,7.740568161010742,141283000
2006-11-02,7.626823194004942,8.014442372916571,7.506715769461651,7.970767498016357,62536000
2006-11-03,7.976234524903079,8.166405382834224,7.89525313302294,8.144567489624023,42476000
2006-11-06,8.189151345735457,8.838823790076827,8.188241072102805,8.762392044067383,97749000
2006-11-07,8.711433714237796,8.750558975908781,8.407524807905272,8.416624069213867,71623000
2006-11-08,8.371133299232103,8.371133299232103,8.011720954621772,8.04720687866211,64172000
2006-11-09,8.307439863700715,8.402979553942856,8.025368690490723,8.025368690490723,62982000
2006-11-10,8.065406156320176,8.234648535016433,7.985334166707044,8.116360664367676,27782000
2006-11-13,8.526726377909512,8.91616555017417,8.488510506017235,8.785139083862305,114166000
2006-11-14,8.807884839818389,8.847920380230011,8.588597471528297,8.662300109863281,38524000
2006-11-15,8.663207268414093,9.067205396678332,8.644099342645184,8.671396255493164,56606000
2006-11-16,8.757841605506531,8.84428288250592,8.544014096880273,8.600427627563477,35647000
2006-11-17,8.493965959592108,8.6786767968696,8.376588440388602,8.624992370605469,28516000
2006-11-20,8.5512897365761,8.754199096108668,8.527632178109432,8.752379417419434,22904000
2006-11-21,8.825175241703139,9.174578852273015,8.780589191395082,9.153651237487791,59494000
2006-11-22,9.25829225195857,9.456651235545436,9.173670632539334,9.3956880569458,42648000
2006-11-24,9.271937958462429,9.631351097693514,9.14455172602903,9.597684860229492,21600000
2006-11-27,9.64499839813371,9.881573162534307,9.00715446472168,9.00715446472168,73643000
2006-11-28,8.871580107271562,9.19004743258277,8.68959915041672,9.167299270629885,61511000
2006-11-29,9.315613059693748,9.342909983560189,8.812435742497536,9.026263236999512,48996000
2006-11-30,9.032633554601198,9.282857264723566,8.782409844478831,9.25829029083252,41254000
2006-12-01,9.301053522963327,9.321981132889947,9.016253370027384,9.20551300048828,35210000
2006-12-04,9.190046962601183,9.234632142893632,9.030813308088836,9.106335639953612,20276000
2006-12-05,9.099055963337396,9.303785069613928,9.008065056602584,9.030813217163086,21264000
2006-12-06,9.20733643153915,9.28103822605428,8.962571742798495,9.019895553588867,30071000
2006-12-07,9.035367852717618,9.1836826442395,8.97349438368636,9.069944381713867,21763000
2006-12-08,9.069935583323923,9.171844523398926,9.001691997805718,9.10815143585205,15976000
2006-12-11,9.108156099466177,9.302875686634744,9.002606880520798,9.017165184020996,30088000
2006-12-12,8.981677592791808,9.017163505201363,8.57767932241738,8.712345123291016,46602000
2006-12-13,8.824263564015586,8.885227587019603,8.646832267856206,8.714164733886719,18912000
2006-12-14,8.714164796616354,8.778768178315852,8.625903850741736,8.698697090148926,24111000
2006-12-15,8.764207762776113,8.765118035997386,8.675946838198417,8.752379417419434,14585000
2006-12-18,8.735096044572616,8.735096044572616,8.421178299973688,8.453024864196777,26059000
2006-12-19,8.412076099246997,8.873398152075138,8.234644807468019,8.862479209899902,31954000
2006-12-20,8.862481343946445,9.04901194374612,8.757842396303449,8.872490882873535,28211000
2006-12-21,8.717800392290174,8.766935173671483,8.54309827245981,8.708701133728027,31084000
2006-12-22,8.707794823392533,8.82608263527003,8.660479698641534,8.766939163208008,13194000
2006-12-26,8.780591042243778,8.803339208982464,8.587691100619647,8.656844139099121,10227000
2006-12-27,8.635003589353278,9.052650777535934,8.598607401523426,9.04173183441162,19987000
2006-12-28,9.07994833616065,9.07994833616065,8.877038902316778,9.004426002502441,22386000
2006-12-29,8.989864714137251,9.064476749460232,8.940729916839027,8.961657524108887,10887000
2007-01-03,9.058111370012677,9.069940588658444,8.701428147404613,8.772400856018066,26289000
2007-01-04,8.816986673148982,9.267390800261008,8.67140188641748,9.202787399291992,27024000
2007-01-05,9.189138690377336,9.299237556417845,9.00806710917276,9.195508003234863,29632000
2007-01-08,9.008974512773726,9.303784225514155,9.008064239332452,9.197324752807615,16006000
2007-01-09,9.199143975533604,9.622250157290583,9.15364939630451,9.62134075164795,36952000
2007-01-10,9.618611407860548,9.69875072530433,9.380012948236194,9.538471221923828,35099000
2007-01-11,9.580355391625607,9.838077861659992,9.42918215643177,9.607675552368164,37671000
2007-01-12,9.630451291661668,9.767053961202338,9.54848986363588,9.584917068481444,18233000
2007-01-16,9.58946622374494,9.787083915718735,9.52845113929015,9.65321445465088,18028000
2007-01-17,9.744282070511176,10.037521676985175,9.632268226721056,9.930061340332031,45903000
2007-01-18,10.012940909686725,10.016583370908542,9.270736023398769,9.333572387695312,42787000
2007-01-19,9.334476969169888,9.594020823987965,9.288942761475385,9.564879417419434,30029000
2007-01-22,9.652305195358691,9.835352219645092,9.51661361149969,9.799835205078123,21033000
2007-01-23,9.900010293832825,9.939168897484556,9.746104683623384,9.872689247131348,21414000
2007-01-24,9.91731153487545,10.297975339028936,9.899097506938888,10.14680290222168,31643000
2007-01-25,10.222390827575277,10.225122237311702,9.741550678398,9.823512077331545,21785000
2007-01-26,9.943721731633216,10.006558918899792,9.698748587826252,9.88270664215088,17501000
2007-01-29,9.92641900355339,10.108555833227433,9.899098826499392,9.993809700012209,12105000
2007-01-30,9.984700279691587,10.164104787897012,9.94827309623,10.085785865783691,11493000
2007-01-31,10.113107611642258,10.215104262318931,10.085787436913364,10.158641815185549,13665000
2007-02-01,10.212375246734847,10.288872976303423,10.16410961824466,10.192340850830078,16003000
2007-02-02,10.244250660658878,10.263375747635214,10.072132694309929,10.1049165725708,11290000
2007-02-05,10.06302404367018,10.104004753344071,10.007472627299409,10.04025650024414,9910000
2007-02-06,10.084876526086564,10.157730899081658,10.008378826496871,10.06757354736328,10621000
2007-02-07,10.06302079019489,10.256995160211618,10.047539039369184,10.190515518188477,21132000
2007-02-08,10.199625288458188,10.511989193425686,10.113110365020802,10.449151992797852,37535000
2007-02-09,10.748764296729648,10.752406755367105,9.073111734512825,9.434651374816896,282063000
2007-02-12,9.286212250097655,9.357245419178334,8.980223948936453,9.29623031616211,82177000
2007-02-13,9.471080227835431,9.565791116963078,9.367263190516985,9.533917427062988,73214000
2007-02-14,9.49020362515973,9.910027852128962,9.480186428765354,9.837173461914062,49005000
2007-02-15,9.835353474109974,9.908207873522477,9.752481008545516,9.838995933532717,34999000
2007-02-16,9.83626024074741,9.937345836833703,9.657766763590462,9.86449146270752,20471000
2007-02-20,9.86449248815617,9.880885288558872,9.702391792846898,9.818958282470703,19803000
2007-02-21,9.803475644412256,9.949184381726624,9.62224990299428,9.77069091796875,20648000
2007-02-22,9.826243767277868,9.926418321925585,9.57216361949384,9.644107818603516,21767000
2007-02-23,9.64411113016277,9.705126237961148,9.445582313417374,9.522990226745604,30432000
2007-02-26,9.545753432518817,9.653213760570434,9.42554363290125,9.47654151916504,11669000
2007-02-27,9.26617835311214,9.644110892766191,9.10589797239347,9.380013465881348,51236000
2007-02-28,9.380011639500736,9.77160376060474,9.289854268585882,9.760676383972168,35401000
2007-03-01,9.586737671497874,9.826246310585322,9.317175702895486,9.67962646484375,38166000
2007-03-02,9.59857170607408,9.789814631285404,9.36270563429504,9.385472297668455,18023000
2007-03-05,9.211538502198492,9.489296497046023,9.188771823617897,9.19241428375244,29906000
2007-03-06,9.359972664682727,9.535733828927675,9.329010039524006,9.470165252685549,31967000
2007-03-07,9.470167089850229,9.480184283978328,9.052164186930986,9.081306457519531,51432000
2007-03-08,9.216089870070808,9.416439895298604,9.041239665338804,9.358156204223633,63268000
2007-03-09,9.443757841203425,9.493845552775696,9.175106991212951,9.32172679901123,34646000
2007-03-12,9.289852695621418,9.425544253501204,9.233390250115969,9.402776718139648,20854000
2007-03-13,9.33538985220457,9.564881296621191,9.261624403877,9.458331108093262,46278000
2007-03-14,9.44466389929971,9.671422883598217,9.320810824848431,9.607675552368164,35349000
2007-03-15,9.607680500002656,9.666874356843095,9.51934437066957,9.585824012756348,19609000
2007-03-16,9.593106645016151,9.646836796631764,9.53846544485942,9.586731910705566,15751000
2007-03-19,9.609502005289572,9.79619146410227,9.609502005289572,9.734265327453612,23120000
2007-03-20,9.744281990053624,9.827154429674042,9.689641641846428,9.788905143737791,16206000
2007-03-21,9.767962748610264,10.228767736093856,9.722428531925171,10.081236839294434,38077000
2007-03-22,10.108557566160068,10.108557566160068,9.926420705261895,9.9783296585083,13239000
2007-03-23,9.9719521701909,10.017486372856968,9.928240065165326,10.00473690032959,6348000
2007-03-26,9.899098866044657,9.949186581254384,9.795280976934848,9.879063606262209,17044000
2007-03-27,9.86813539168502,9.86813539168502,9.70239137645892,9.767049789428713,14708000
2007-03-28,9.70785741671527,9.828978306405077,9.635003020486078,9.715143203735352,14781000
2007-03-29,9.780707533753167,9.806206474427963,9.6304452987106,9.76158332824707,7855000
2007-03-30,9.77615926029318,9.835354005824083,9.638646421981669,9.675073623657228,7578000
2007-04-02,9.753385339577996,9.818953906488856,9.646836092663216,9.740635871887209,17479000
2007-04-03,9.90365170588026,9.962845563824589,9.84536802830076,9.88361644744873,15394000
2007-04-04,9.930126625845482,9.935598745583484,9.689374230048738,9.776920318603516,19401000
2007-04-05,9.807928490315696,9.87997141251851,9.794249058137709,9.84987735748291,5559000
2007-04-09,9.885443625011394,9.921008931431276,9.776010775656784,9.879971504211426,6124000
2007-04-10,9.931042964895983,10.15902833339474,9.827993654867722,10.032268524169922,26531000
2007-04-11,10.032263973156642,10.077860330416035,9.940157209437434,10.01402473449707,11034000
2007-04-12,9.99122976578269,10.05141788118448,9.92648183925106,10.01494026184082,7762000
2007-04-13,10.026791058213618,10.127104253798692,9.929213052454667,9.97663402557373,7612000
2007-04-16,10.031350867516762,10.047765485252322,9.89729525702736,9.97663402557373,12008000
2007-04-17,9.987578791344504,10.103396050520256,9.93286281144075,9.999434471130373,9546000
2007-04-18,10.000349875005526,10.03500374853744,9.946545313947311,9.959312438964844,8459000
2007-04-19,9.924653777597875,10.046853705832332,9.867200878074742,9.970250129699709,6797000
2007-04-20,10.058710400963118,10.111603501260328,9.966604500077256,10.040472030639648,11008000
2007-04-23,10.031352347309406,10.08606919732409,9.985755117246306,10.03499984741211,13499000
2007-04-24,10.031355063520794,10.037738625276427,9.81613684467932,9.858086585998535,11928000
2007-04-25,9.87176481695076,9.992141045822365,9.81704882366096,9.971166610717772,10207000
2007-04-26,9.98392966571049,10.076947860035665,9.852610117749856,9.900031089782717,9821000
2007-04-27,9.876321020953108,10.456315208290276,9.84531466497008,10.40524673461914,43062000
2007-04-30,10.418926738285451,10.758168574545712,10.165407236049418,10.184557914733888,38711000
2007-05-01,10.140789624352138,10.540219760676449,10.123462686724242,10.473648071289062,34290000
2007-05-02,11.460363262966162,11.868912802094735,11.335427265496136,11.522375106811523,160434000
2007-05-03,11.582565039853376,12.32488527338768,11.536055497313592,12.294791221618652,84794000
2007-05-04,12.384157748018666,12.397837175045696,12.041268459609654,12.280196189880373,44950000
2007-05-07,12.247369387375986,12.65227059322168,12.119697318867363,12.230042457580566,44291000
2007-05-08,12.356803991336209,12.510921761913188,12.174415917047927,12.498154640197754,32483000
2007-05-09,12.491768341480428,12.978745219308086,12.432492556463997,12.726137161254885,41856000
2007-05-10,12.809122892831503,13.062643249961353,12.58478601146999,12.659564971923828,49973000
2007-05-11,12.685101476998044,12.974187181389215,12.32944497894437,12.660479545593262,59698000
2007-05-14,12.661391857549388,12.729787275753733,12.273816661464869,12.343124389648438,39195000
2007-05-15,12.277465041759902,12.622178193307198,12.220012125089578,12.35133171081543,23010000
2007-05-16,12.351331041192148,12.472619559037293,12.177150289749164,12.419727325439451,21332000
2007-05-17,12.428841888465485,12.584784216008506,12.329441015191144,12.410603523254396,15159000
2007-05-18,12.450727679224732,12.611229803334757,12.301169790984664,12.589343070983888,24626000
2007-05-21,12.516392716118313,12.88299258082144,12.479915104659868,12.722491264343262,27556000
2007-05-22,12.85107744856967,12.854724949564613,12.606677488007731,12.651362419128418,16378000
2007-05-23,12.856544872273084,13.091826010297227,12.710634439576936,12.779029846191406,43780000
2007-05-24,12.849249221141829,12.91490856464899,12.546485001674606,12.674156188964844,29119000
2007-05-25,12.715193616763694,12.782677579891166,12.608496857328578,12.682363510131836,14528000
2007-05-29,12.945007299919595,13.31343186602152,12.860197247603136,13.13742733001709,58825000
2007-05-30,13.103682251989088,13.465722289490078,12.996073172802587,13.41738986968994,46089000
2007-05-31,13.545971846950891,13.980967924434731,13.497638562921702,13.63807773590088,54012000
2007-06-01,13.77122403222852,13.882480623074056,13.648111760392355,13.779431343078612,31536000
2007-06-04,13.680936270560778,13.835966282041973,13.648106170910811,13.793105125427246,14693000
2007-06-05,13.76575098206882,13.76575098206882,13.36996853552485,13.606161117553713,37777000
2007-06-06,13.533206490614482,13.533206490614482,13.297013898277886,13.407358169555664,22644000
2007-06-07,13.4073571786956,13.604336955861584,12.59390644071745,12.713370323181152,62604000
2007-06-08,12.681454648892412,13.418302795071869,12.327621012527164,13.09365177154541,66562000
2007-06-11,13.14654236311774,13.343521265912509,12.7735581160636,12.913084983825684,47441000
2007-06-12,12.92220262472178,13.336223355064458,12.83100818682879,13.251413345336914,50805000
2007-06-13,13.373615085411029,13.815906169068036,13.278773135401364,13.706473350524902,51915000
2007-06-14,13.68823756746587,13.924430177322984,13.504937192167434,13.705564498901367,30468000
2007-06-15,13.879741163509848,14.43055356734726,13.876092794491472,14.376749038696287,47955000
2007-06-18,14.537250859262883,15.030611253597591,14.429641797931934,15.012372016906738,61167000
2007-06-19,14.978631430228663,15.248567295892926,14.728759423127697,15.071650505065918,54075000
2007-06-20,15.14642871802477,15.448282384417322,14.844576791021794,14.90658950805664,59046000
2007-06-21,14.80992228474972,15.03881898490546,14.425083228387011,15.018756866455078,57840000
2007-06-22,15.06618056081103,15.35982608795166,14.974986092454271,15.35982608795166,46219000
2007-06-25,15.411802018294445,15.411802018294445,14.650332144576844,14.76888370513916,38693000
2007-06-26,14.910234776029208,15.0807679829578,14.591966537884606,14.757027626037598,44164000
2007-06-27,14.75976818917632,15.003256676316106,14.390432237827556,14.867377281188965,32075000
2007-06-28,14.87649120141631,15.11359603697382,14.704135127943887,15.026962280273438,19710000
2007-06-29,15.160226650797508,15.260632109267432,14.945726454485538,15.140146255493164,25935000
2007-07-02,15.106373515701357,15.28801631277895,15.060735619305245,15.168442726135254,27866000
2007-07-03,15.241464718302955,15.286190345163424,14.779601676270511,14.806073188781738,13224000
2007-07-05,14.8562776631796,14.96489880914316,14.661857807219793,14.76043701171875,17590000
2007-07-06,14.78690750833382,14.863580024202728,14.563277596075034,14.777779579162598,19056000
2007-07-09,14.786906834179076,15.003233348653586,14.613479669781556,14.715709686279297,19613000
2007-07-10,14.62716636250693,14.672805992772076,14.303132822006864,14.453740119934082,24125000
2007-07-11,14.512165308551308,14.590663250886324,14.2009094811117,14.271193504333496,30506000
2007-07-12,14.420890161612366,15.381126715525957,14.358821788058789,15.322710037231444,58223000
2007-07-13,15.316312319831788,15.936995717443011,15.15475166007014,15.445012092590332,63705000
2007-07-16,15.334566784705425,15.774523148252282,15.334566784705425,15.490652084350586,28161000
2007-07-17,15.662250092598557,15.732533207671311,15.337302542958112,15.447748184204102,19898000
2007-07-18,15.317225829446851,15.479698772804982,15.20312933859338,15.410327911376951,21465000
2007-07-19,15.598366832932903,15.745322535922702,15.277069889599565,15.282546997070312,38193000
2007-07-20,15.24329367935937,15.417633124099073,14.8462365906726,15.086296081542969,37079000
2007-07-23,15.106370781146712,15.42584122101143,15.099069136878876,15.298053741455078,16295000
2007-07-24,15.108200958865252,15.108200958865252,14.358815117191272,14.492079734802246,34124000
2007-07-25,14.604351264698778,14.950291570653231,14.406279743707405,14.704756736755373,36035000
2007-07-26,14.449182050072862,14.677375071546516,13.89421680291029,14.487518310546877,36319000
2007-07-27,14.473823243331536,14.595221367588556,13.87413165597656,14.05942440032959,24598000
2007-07-30,14.281226535043244,15.063472235169534,14.15708987110791,15.023309707641602,32945000
2007-07-31,15.375643918309182,15.564588393363254,14.604352194773508,14.677373886108398,35926000
2007-08-01,13.766429796444754,13.915211759059275,12.68753293503869,13.691582679748535,128976000
2007-08-02,13.417746760647436,13.49076844303429,12.714912850052198,13.017952919006348,56492000
2007-08-03,12.833572747646295,12.838135840922298,11.698997296658591,11.981043815612791,69662000
2007-08-06,12.0586339651895,12.640069064010875,11.26908534884577,12.56157112121582,86900000
2007-08-07,12.424651324736534,13.237017745361015,12.322420448807977,13.168560028076172,70508000
2007-08-08,13.31186717806552,13.691580683282323,13.14391710775613,13.510851860046388,47432000
2007-08-09,13.013389596899763,13.373021792112194,12.870084777531366,12.895642280578612,38111000
2007-08-10,12.714914436843245,12.77424423475411,12.186419008839774,12.63276481628418,43183000
2007-08-13,13.006991080467795,13.064495421912897,12.415515491426136,12.467543601989746,36105000
2007-08-14,12.299602280956684,12.453860439886595,11.993823645211393,12.187331199645996,37510000
2007-08-15,12.227493433495198,12.386315563974025,11.77384599350004,11.778409957885742,33143000
2007-08-16,11.336630528470778,12.747775884901785,10.953266143798828,11.86603832244873,72229000
2007-08-17,12.393616434576316,12.696656491532666,11.911673001709088,12.504974365234377,50876000
2007-08-20,12.739558534253527,12.875561714735538,12.441994668847876,12.587125778198242,28936000
2007-08-21,12.687529550237054,13.01977882711133,12.596252879015449,12.793411254882812,21066000
2007-08-22,12.984178184085096,13.27809026974648,12.90020317811228,13.21876049041748,26579000
2007-08-23,13.314606199490422,13.326472682189635,12.642805894613474,12.987833976745604,28979000
2007-08-24,12.984183693875172,12.984183693875172,12.611772677637838,12.76329231262207,21411000
2007-08-27,12.635501450684462,12.861868137672804,12.491283501295532,12.619071006774902,17320000
2007-08-28,12.452948120180862,12.550615044869325,11.87516397137147,12.05954360961914,43370000
2007-08-29,12.179116723816644,12.331549475073045,11.866948704341617,12.178203582763672,32859000
2007-08-30,11.957311013926738,12.272216660433902,11.888852432046283,12.091487884521484,21816000
2007-08-31,12.386315415689952,12.727692635561317,12.318770832759428,12.504063606262209,26836000
2007-09-04,12.620896022280563,12.769677930838746,12.427388488207695,12.618158340454102,18774000
2007-09-05,12.48215732901873,12.48215732901873,12.257615151402634,12.373537063598633,18708000
2007-09-06,12.588042256733605,12.594431634538022,12.236624736515802,12.301431655883787,14021000
2007-09-07,11.9664436752317,12.051331869050424,11.824051951854628,11.885207176208496,24775000
2007-09-10,11.93175413419227,12.044938353737574,11.558430927063302,11.839564323425291,26566000
2007-09-11,11.870603137686867,12.27769964904185,11.870603137686867,12.06411075592041,21414000
2007-09-12,12.094230960229416,12.537838279840344,11.967355687376692,12.489460945129396,20314000
2007-09-13,12.660146915206717,12.99422161100703,12.327897631002902,12.733168601989746,30850000
2007-09-14,12.57617307016248,12.68661875175764,12.392705694922316,12.582562446594238,17735000
2007-09-17,12.545137839673377,12.619071795180751,12.322421091157718,12.47941780090332,13905000
2007-09-18,12.612683283273208,13.594826145085197,12.395443625021214,13.309128761291504,51943000
2007-09-19,13.601219901831042,13.874138621304018,13.408624544909731,13.64594554901123,46679000
2007-09-20,13.691585774554992,13.82850128410551,13.519984816880994,13.646860122680664,19478000
2007-09-21,13.773729420970412,13.865006097363926,13.364807612641258,13.377586364746094,20380000
2007-09-24,13.463386742492244,13.47434008288562,12.673839186510474,12.98509407043457,51088000
2007-09-25,12.811667735411682,13.125661171042392,12.703960613963815,13.05172634124756,39858000
2007-09-26,13.049901399834736,13.179515206669066,12.778808174801528,13.038948059082031,27927000
2007-09-27,13.167650208542517,13.688843176930394,12.923027601971643,13.509027481079102,41029000
2007-09-28,13.401320893463142,13.89513009190079,13.25618975904724,13.5062894821167,45856000
2007-10-01,13.48438473655975,14.137017058941725,13.48438473655975,13.999188423156738,37139000
2007-10-02,14.124232427773352,14.16987119709071,13.840360483891612,13.963584899902344,19175000
2007-10-03,13.8741348468355,14.63629953576545,13.854966717544407,14.325044631958008,52716000
2007-10-04,14.393505593045305,14.913786365092813,14.390767039535266,14.74583625793457,32499000
2007-10-05,14.996845646543544,15.048872931182794,14.561453145785634,14.828895568847656,20242000
2007-10-08,14.87818174228167,14.959419084619212,14.489341227936125,14.819765090942385,18732000
2007-10-09,14.9010026875638,15.015099180604947,14.787818465066374,14.849885940551758,21574000
2007-10-10,14.830716132118129,15.265197116135823,14.78690451831953,15.044305801391602,35650000
2007-10-11,15.0890346351136,15.455055371533115,14.440966455479394,14.772302627563477,41314000
2007-10-12,14.84441456462789,15.05617803294694,14.755875550817445,14.897354125976562,17367000
2007-10-15,14.89735379845296,14.93751634495068,14.266629113743628,14.413585662841797,25584000
2007-10-16,14.274839673808165,14.330518641265044,14.0712919302943,14.202731132507324,22804000
2007-10-17,14.4357122138528,14.471344263325635,13.828133229318183,14.125984191894531,25717000
2007-10-18,14.001730389160524,14.20364742028628,13.796159011351952,14.044672012329102,18625000
2007-10-19,14.001727699924045,14.076647020496122,13.737682469267744,13.850975036621094,17249000
2007-10-22,13.703873463332656,14.04101163279548,13.280852955760114,13.393232345581056,55353000
2007-10-23,13.64631290990056,13.923150014230954,13.453532709484485,13.552206993103027,44903000
2007-10-24,13.522061374649446,13.522061374649446,13.078939216852325,13.458105087280272,33190000
2007-10-25,13.431609751147953,13.932290911354263,13.188578299201698,13.830875396728516,83902000
2007-10-26,14.06933754058718,14.589206129991217,14.06933754058718,14.347087860107422,28525000
2007-10-29,14.536211154576792,14.760056784136902,14.336121382286484,14.37632179260254,16100000
2007-10-30,14.44119428656779,14.465863299708614,14.041014656754786,14.358052253723145,30701000
2007-10-31,16.21732961036595,17.79612149543065,15.906687664332567,17.351171493530273,202782000
2007-11-01,16.99943068413564,18.140582184262904,16.934560351010138,17.311899185180664,96031000
2007-11-02,17.519294216236773,17.907597756648446,17.105410247998066,17.363059997558594,49532000
2007-11-05,16.95831421566323,17.410571478239117,16.656808793061032,16.987550735473633,41508000
2007-11-06,17.58416167076581,18.54715073905025,17.297273707985454,18.218236923217773,77781000
2007-11-07,18.181699756178052,18.45396873782023,17.74405975543735,18.225555419921875,51340000
2007-11-08,18.27488238971047,18.36167877049554,16.697003059569738,17.490966796875,46869000
2007-11-09,16.902584882452967,18.227382773004624,16.81121921023298,17.633506774902344,43357000
2007-11-12,17.43522516763554,17.945956763361103,16.46858062045448,16.61750602722168,42963000
2007-11-13,16.758215112034136,17.563143526020774,16.758215112034136,17.250675201416016,30036000
2007-11-14,17.745878142237693,17.745878142237693,16.996683146123658,17.064292907714844,21584000
2007-11-15,16.902570319292085,17.219607830864863,16.63761027240776,16.8916072845459,20744000
2007-11-16,16.99394103181296,17.084391759339827,16.40006710915385,16.890697479248047,25890000
2007-11-19,16.70796339076168,17.083473916262243,16.308697008699436,16.619338989257812,24432000
2007-11-20,16.765530802904472,17.113633026395146,16.041917884648146,16.639446258544922,23650000
2007-11-21,16.380878590521938,16.811207844929925,16.125968380522558,16.529802322387695,24148000
2007-11-23,16.774666410401696,16.794766187002725,16.380882266220933,16.546253204345703,6567000
2007-11-26,16.78836477355222,17.22052201791287,16.548073718701172,16.556297302246094,25251000
2007-11-27,16.855979827385564,17.139213447809734,16.40006832463684,16.798419952392578,30418000
2007-11-28,17.056980761395113,18.099457306262728,16.993938509673097,17.871044158935547,53001000
2007-11-29,17.81621986152383,18.546227854518825,17.72485428293404,18.066560745239254,38497000
2007-11-30,18.698822982447798,18.860539614325788,17.986174717846723,18.332448959350582,32381000
2007-12-03,18.27305961664446,18.683289261329843,18.003531917592763,18.444826126098636,27006000
2007-12-04,18.2730541103854,18.35710929493667,17.771458970232597,17.88840675354004,27743000
2007-12-05,18.273050108537834,18.50146323489456,17.94778899407324,18.27944564819336,28582000
2007-12-06,18.36350476625706,19.03321195206975,18.18168669685718,18.823070526123047,39270000
2007-12-07,18.877898406713808,19.34660108729194,18.68420407321473,19.150165557861328,35354000
2007-12-10,19.27807564728557,19.95691974848438,19.277162496312314,19.68556404113769,32820000
2007-12-11,20.039143372291964,20.756360537504,19.64718561873727,19.871944427490234,87330000
2007-12-12,20.501455229417708,20.580029777591307,19.385886246160805,19.54303359985352,43313000
2007-12-13,19.460804415999892,20.546225460496963,19.328326081196916,20.392730712890625,47987000
2007-12-14,20.13051197477676,20.391816020884324,19.47450892159305,19.78606414794922,36783000
2007-12-17,19.78697331840761,19.78697331840761,18.458522050367137,18.723482131958008,41145000
2007-12-18,19.04966112936124,19.06793460350317,18.136008334117577,18.43477249145508,37059000
2007-12-19,18.25203801101565,19.46080040376438,18.044639518371547,19.40049934387207,44661000
2007-12-20,19.694699080072976,19.826266000363866,18.56633734041537,18.8897705078125,41105000
2007-12-21,19.16568938692048,19.401412963867188,18.5983126163152,19.401412963867188,50920000
2007-12-24,19.36943476067901,19.54759672913765,19.157467048391094,19.38039779663086,10526000
2007-12-26,19.0862135346776,19.25524062026912,18.91262069280992,19.139205932617188,12477000
2007-12-27,19.09534438772545,19.73124773897384,19.008547993552646,19.189451217651367,20166000
2007-12-28,19.29178406466477,19.5037518942651,19.05057971369145,19.18671417236328,9901000
2007-12-31,19.19858422534281,19.863722219758746,19.19858422534281,19.661806106567383,13115000
2008-01-02,19.90849838809718,20.12685999074808,19.42426170280849,19.614301681518555,20156000
2008-01-03,19.60332854487062,19.64809732465174,18.741755207769614,19.38039779663086,28994000
2008-01-04,18.71343739293124,19.11361707742791,18.130526447245423,18.38178062438965,38427000
2008-01-07,18.429286078289007,18.45486823944236,17.125503782217294,18.31964874267578,43861000
2008-01-08,18.3561938254704,18.976564714865525,17.906677964022435,18.090320587158203,33315000
2008-01-09,18.012609272760812,18.306113433217483,17.34056468916822,17.974206924438477,38939000
2008-01-10,17.45302372847392,18.177185090185453,16.926360602870005,17.920255661010742,49088000
2008-01-11,17.326853844838194,17.327767688385556,16.11534494565914,16.382333755493164,114625000
2008-01-14,16.50850778305397,16.631944631103817,15.867551411582678,16.29546546936035,61119000
2008-01-15,15.886753940582276,16.59171427633555,15.776117863882972,16.001047134399414,48097000
2008-01-16,15.836461043120712,16.446329218763662,15.508211749007645,16.049503326416016,46756000
2008-01-17,15.935214952882678,16.429876266529757,15.935214952882678,16.172945022583008,43309000
2008-01-18,16.328379746703934,16.43535868719753,15.85291972670509,15.966299057006836,38220000
2008-01-22,14.996174868035869,16.9080720744351,14.70450026815586,16.656625747680664,52866000
2008-01-23,16.348498567569415,17.85442692940668,15.58319139770818,17.60938262939453,59780000
2008-01-24,17.742872041420362,17.746529157714846,16.908988487141215,17.535314559936523,31668000
2008-01-25,17.693498162673556,17.92117067572449,17.144890558972456,17.68618392944336,31981000
2008-01-28,17.40913939468648,17.721844694941975,16.850474230755296,17.281129837036133,33537000
2008-01-29,17.282040455799617,17.59474744168589,16.869672255262177,17.50605583190918,33954000
2008-01-30,17.377135697292147,18.077525043488635,17.189694936993213,17.281129837036133,37193000
2008-01-31,18.837341353976743,19.97387259817349,18.25033148566832,18.92694854736328,110865000
2008-02-01,19.262516284778265,19.87330015790264,19.170167542017023,19.69683074951172,45387000
2008-02-04,19.658427774315804,20.32132859457041,19.59533771311354,19.74986267089844,35336000
2008-02-05,19.545042750127177,19.74894308573494,18.824538625383504,18.90682983398437,39437000
2008-02-06,19.01837959076533,19.01837959076533,18.18175463398597,18.739505767822266,49293000
2008-02-07,18.470692435479148,18.753225190493648,17.84436629716463,18.36737060546875,38501000
2008-02-08,18.5612087066652,18.8894597264173,18.25307444131136,18.799854278564453,29215000
2008-02-11,18.9342631259358,19.19485140360807,18.539264927713152,18.845571517944336,22626000
2008-02-12,19.09061662495569,19.620023024190505,18.469777084333145,18.652645111083984,29338000
2008-02-13,18.87208970173468,18.929693214476607,18.535610545167845,18.722137451171875,21069000
2008-02-14,18.653563448178986,18.7898010939574,18.02358009284775,18.49081039428711,26902000
2008-02-15,18.34086591308659,18.923303503483066,18.088507275231382,18.835527420043945,29219000
2008-02-19,19.0192988346708,19.150963746519416,18.415831022082525,18.67093276977539,18023000
2008-02-20,18.33262588226774,19.146394532314453,18.226562519831543,19.038501739501957,23530000
2008-02-21,18.85837236784629,19.24239747491417,18.445088587015444,18.696533203125,22454000
2008-02-22,18.75322134792706,18.78705272221483,18.104035311443123,18.6050968170166,49754000
2008-02-25,18.41034843280933,18.469781383726453,17.357935779015374,18.145187377929688,71620000
2008-02-26,18.14976153584613,18.37743410539461,17.638642302571327,17.910202026367188,30785000
2008-02-27,17.73830213382086,17.94128694394771,17.258271100998797,17.48137092590332,32077000
2008-02-28,17.303979467453054,18.026312897976226,17.121111502846723,17.802297592163086,29401000
2008-02-29,17.614869180556667,17.719104882327596,17.33782289656952,17.372568130493164,20681000
2008-03-03,17.21712425839273,17.912026989676978,16.97939423895532,17.24089813232422,28706000
2008-03-04,17.189696706158024,17.68527185750398,16.916307565115194,17.59840965270996,35603000
2008-03-05,17.62402010287479,17.81054713315745,17.360688337763015,17.46401023864746,22551000
2008-03-06,17.37256835393579,17.482290605625888,17.283876709145968,17.371654510498047,24381000
2008-03-07,17.15128435426917,17.697148474626985,17.041563922102423,17.6020565032959,46011000
2008-03-10,17.566405706254947,17.917515090954637,17.365250323422956,17.509716033935547,33419000
2008-03-11,17.820591575254877,18.011689428352444,16.785552613928616,17.906539916992188,62841000
2008-03-12,17.829738119808813,18.97267005056579,17.756590545999394,18.643505096435547,38828000
2008-03-13,18.19455356350573,19.46732214262624,17.965967285174706,19.17564582824707,56327000
2008-03-14,19.47555186446874,19.694996244936466,18.652641541627467,19.07781219482422,43383000
2008-03-17,18.460637104711637,18.904093509642863,17.649611654812738,18.425891876220703,43204000
2008-03-18,18.74408429347133,19.69866164609949,18.332628086999943,19.2241153717041,45757000
2008-03-19,19.70506250562788,20.115603134572098,18.95164053382308,19.054048538208008,94190000
2008-03-20,18.890378386703315,20.34053079239895,18.503609923103788,20.150346755981445,58150000
2008-03-24,20.32589240166584,21.061940531366567,19.63556257615536,19.79557228088379,55200000
2008-03-25,19.947355393069785,21.02994015225048,19.71053926850912,20.57093811035156,43698000
2008-03-26,20.508768787421836,20.79678809339622,20.21617852153222,20.37618827819824,19641000
2008-03-27,20.566375892432944,20.709927776914576,20.120174438224264,20.179607391357425,19559000
2008-03-28,20.339614392515056,20.35607228898716,19.704142868259403,19.89615631103516,17260000
2008-03-31,19.932724030232823,20.38898277282715,19.637390581854884,20.38898277282715,18218000
2008-04-01,20.73186414001194,21.37282035981768,20.52705169557539,20.99336624145508,39142000
2008-04-02,20.972335442912364,21.02993893756547,20.420984718704062,20.458473205566406,21940000
2008-04-03,20.29846322200406,21.14423179626465,20.29846322200406,21.14423179626465,25037000
2008-04-04,21.21007121759841,21.290533014818436,20.598373558168348,20.716323852539062,19508000
2008-04-07,20.94688659594108,21.301888017570928,20.60835571572888,20.70076560974121,19722000
2008-04-08,20.61384784456609,21.300061134057408,20.612017202525397,21.17837142944336,23586000
2008-04-09,21.22686610586052,21.610229442006453,20.752005566041305,20.929506301879883,22073000
2008-04-10,21.15458846817708,21.26072210292796,20.68064403390249,20.94506454467773,19732000
2008-04-11,20.65502011821493,21.13353841604171,20.618421239497696,20.915781021118164,16114000
2008-04-14,20.8169691832668,21.043876327207307,20.316490097396432,20.778539657592773,23535000
2008-04-15,20.87003174477375,20.99812607099243,20.115198219622197,20.55711936950684,25930000
2008-04-16,20.730041973770604,21.21405212626533,20.41529899271357,21.08687400817871,23099000
2008-04-17,21.043866123815643,21.20764308111922,20.810554462908787,21.08961296081543,10528000
2008-04-18,21.446445957489896,21.887452537808304,21.22685798804352,21.38331413269043,28231000
2008-04-21,21.471158104647284,21.816095433485376,21.137201139130752,21.59284782409668,17696000
2008-04-22,21.658725820583506,21.865504640163827,21.408029035845587,21.46658515930176,11480000
2008-04-23,21.384244823624485,21.7081377172308,21.1811254922059,21.404373168945312,14534000
2008-04-24,21.466581238728907,22.074108325436768,21.1820307109156,21.917652130126957,16895000
2008-04-25,22.410809442476676,22.439173049281937,21.66238053952013,21.72002220153809,20232000
2008-04-28,21.895695216699323,22.18756484985352,21.553502992293605,22.18756484985352,27719000
2008-04-29,23.88571256149753,25.50151502949159,23.60573602282165,25.06782913208008,131290000
2008-04-30,25.25264827294336,25.88945339529322,25.16115282274364,25.45027732849121,43698000
2008-05-01,25.57196027570656,27.23351097373736,25.30937053155733,26.89406394958496,54672000
2008-05-02,27.272856326179696,27.30213437736856,25.787890043910863,26.07975959777832,44699000
2008-05-05,25.81259963014099,26.89956125594084,25.80344990997532,26.60677719116211,21558000
2008-05-06,26.619590236524527,27.57937385525562,26.44666521265073,27.08438491821289,36255000
2008-05-07,27.08712302990357,27.534534347116274,26.6259880065918,26.6259880065918,28805000
2008-05-08,26.904137007414,26.904137007414,26.25909656889368,26.845579147338867,22814000
2008-05-09,26.675404798987365,27.0285756946205,26.1081342459862,26.245376586914062,18315000
2008-05-12,26.21883266028949,26.806231309372336,25.829063039184152,26.55736351013184,23204000
2008-05-13,26.703766567933894,26.780622133930198,26.22341579019516,26.423789978027344,12926000
2008-05-14,26.716575748153065,27.00935985304281,26.12185607182348,26.209692001342773,24036000
2008-05-15,26.31856172390376,26.41280225169225,26.00747828250305,26.238046646118164,16355000
2008-05-16,26.35059280772846,26.42378883099484,25.67352915623174,25.92971611022949,19805000
2008-05-19,25.93977712124148,26.159365164302084,25.43655474070225,25.618629455566406,19982000
2008-05-20,25.4566836302642,25.539943814815583,24.997377452258927,25.40361595153809,19104000
2008-05-21,25.38075397396828,26.1721867987496,25.27004457906917,25.4951229095459,28607000
2008-05-22,25.28009307037652,25.84736340680808,24.91045351417213,25.24349594116211,21482000
2008-05-23,24.916865439996474,25.20690444908721,24.744854868512665,24.9982967376709,12553000
2008-05-27,25.07057629438971,25.56465076654935,24.962613772949183,25.50517845153809,14332000
2008-05-28,25.810769411021912,26.24903106689453,25.464003213174674,26.24903106689453,31363000
2008-05-29,26.95903724643045,29.00029245211198,26.94714243407746,28.271991729736328,130014000
2008-05-30,28.454061213260445,29.30587860218223,27.869405851152308,28.239961624145508,60183000
2008-06-02,28.29578520482028,29.2784423828125,27.683682196351583,29.2784423828125,50620000
2008-06-03,28.71756783628971,28.72854819825061,27.663545579967103,28.12559509277344,93913000
2008-06-04,28.13017645782049,28.3268893676144,26.948974079634763,27.210649490356445,66160000
2008-06-05,27.40370620478048,28.012147903442383,27.031321407751445,28.012147903442383,45959000
2008-06-06,27.657145455532955,27.66995471648671,26.97367714658026,27.05785179138184,29383000
2008-06-09,27.18319634736813,27.3442282854728,25.29016404294142,26.66167449951172,55137000
2008-06-10,26.09806969668401,27.028575302569216,25.926973561057487,26.17218017578125,26190000
2008-06-11,26.29935522935304,26.352422912305915,25.35878556426221,25.546350479125977,23577000
2008-06-12,25.81992125093926,26.504305727631134,25.78972874203684,26.021211624145508,31296000
2008-06-13,26.185902359860386,26.874859059571847,26.185902359860386,26.7586612701416,21436000
2008-06-16,26.715653253903582,27.35703408953997,26.442083104972543,26.942562103271484,17072000
2008-06-17,27.433896736180696,27.433896736180696,26.56377967437491,26.735790252685547,15706000
2008-06-18,26.625076904256503,26.973673742077853,26.1163643247223,26.816301345825195,18943000
2008-06-19,26.77055657500161,27.24724604332586,26.40366026808137,26.77147102355957,24155000
2008-06-20,26.533587530085857,26.942571219281444,25.89403711996228,25.985530853271484,26934000
2008-06-23,26.124596448654398,26.46221465111512,25.618628986878036,25.849197387695312,18468000
2008-06-24,25.730252987422897,25.96173583858132,25.17945311584484,25.652482986450195,33647000
2008-06-25,26.634238622062316,27.005709055297825,26.304855524873982,26.514379501342773,38692000
2008-06-26,26.12277791844104,26.162120158439173,24.52161297134881,25.227954864501957,47652000
2008-06-27,25.16207108292057,25.432897935759783,24.43285595148919,24.861053466796875,39815000
2008-06-30,24.978160030837746,25.2983932097214,24.282798850290387,24.293777465820312,27996000
2008-07-01,24.01747532650536,24.775054309920456,23.651495099127747,24.095245361328125,42526000
2008-07-02,24.415473414229112,24.646956315888648,22.96527653272234,23.376089096069336,40692000
2008-07-03,23.61763379417444,23.770430468759965,22.919525619659897,23.215970993041992,15778000
2008-07-07,23.495021766450375,23.707288922526025,22.26441185544233,22.516939163208008,40381000
2008-07-08,22.68713210026037,24.245295106298705,21.72277438919633,24.177587509155277,66434000
2008-07-09,24.025614873301382,24.250820952447203,22.85472835067037,23.001203536987305,34122000
2008-07-10,23.06986061227748,23.620058308150963,22.431777121145068,23.17971611022949,38299000
2008-07-11,23.407670505893456,23.89195389060875,23.184296130476696,23.55963897705078,53063000
2008-07-14,24.076883999030084,24.11075702303477,23.182469585251223,23.573375701904297,30862000
2008-07-15,23.344509114661,23.710697143705744,22.21848027055258,22.92064666748047,47649000
2008-07-16,23.14950462962318,24.82756233215332,22.96183323484447,24.82756233215332,69679000
2008-07-17,25.170871642660323,26.636540311327856,24.992353361205968,26.182466506958008,178722000
2008-07-18,26.12570075501877,26.38020147663693,25.541630050133836,25.7119083404541,44996000
2008-07-21,26.01219248088104,26.05888204647733,24.418358188917537,24.525468826293945,47389000
2008-07-22,23.710694677189075,25.16354681905559,23.301478746065865,25.07016944885254,58522000
2008-07-23,25.15072928802237,25.31459934603098,24.54468875446265,24.80925941467285,33621000
2008-07-24,24.729606139861392,25.069245975554644,23.527593572485365,23.66308212280273,36463000
2008-07-25,23.71709511221689,24.299334087454,23.344498976306323,24.12722587585449,35026000
2008-07-28,24.250822668904696,24.66919351893414,23.12479393959799,23.225496292114254,33925000
2008-07-29,23.34725657895224,24.12540725912826,23.34725657895224,23.99449348449707,33567000
2008-07-30,24.533701031124487,24.90080570482856,23.90751900890684,24.7845401763916,39491000
2008-07-31,22.58374848210521,23.45252967820452,21.740598609106826,22.351219177246094,160568000
2008-08-01,22.014322761527392,22.21389398729458,20.64294676997983,21.721370697021484,111075000
2008-08-04,21.329561712321517,21.971307171522124,20.97527518041263,21.14005851745605,41515000
2008-08-05,21.313079013903323,21.70673179626465,21.101604403248075,21.70673179626465,37083000
2008-08-06,21.51356650998456,21.59138069964797,20.78302041224289,21.23892593383789,45159000
2008-08-07,20.774779623905324,20.999068992434573,20.598093032836918,20.598093032836918,34699000
2008-08-08,20.593513584784404,21.52271576035477,20.231902249399838,21.25082015991211,37477000
2008-08-11,21.29110700875517,22.003343267753973,21.23984086109938,21.52729797363281,33941000
2008-08-12,21.33047668057035,21.45131884207576,20.94414879872614,21.14005851745605,23156000
2008-08-13,20.946891648658976,21.710394099071834,20.86449912202657,21.37624740600586,23760000
2008-08-14,21.241663633247637,21.75615836459337,21.147371320376767,21.59412002563477,18220000
2008-08-15,21.68842277948133,21.971303323743506,21.586805445733106,21.875179290771484,21072000
2008-08-18,22.021650592094577,22.419879905135566,21.64172936818272,21.77996635437012,26162000
2008-08-19,21.879751918515318,22.23770168821213,21.34877892077488,21.84038734436035,23806000
2008-08-20,21.93193082456918,22.336568331179777,21.83946844345476,22.27523231506348,18713000
2008-08-21,22.11869219080511,22.221226232659912,21.751589205067265,22.086650848388672,15150000
2008-08-22,22.29811598172872,22.40064823390336,21.9941790957865,22.12142944335937,14534000
2008-08-25,21.97496131470807,22.231293773108412,21.440326690673828,21.440326690673828,12574000
2008-08-26,21.52271533953482,21.75432965305544,21.19955361115821,21.67376708984375,15516000
2008-08-27,21.583130783305347,21.720450996863622,21.2682090850448,21.69390296936035,17120000
2008-08-28,21.742424448012983,22.19832801818848,21.657285314064858,22.19832801818848,19125000
2008-08-29,22.062845581894575,22.28255835393011,21.93742513835797,22.204742431640625,13108000
2008-09-02,22.50959165907101,22.703671338377188,21.66278200937194,21.89805793762207,19330000
2008-09-03,21.879741959769905,21.97312102907829,20.492804878439724,21.02194595336914,37675000
2008-09-04,20.672239815967597,20.784843698834216,19.655151984003812,19.77691078186035,38979000
2008-09-05,19.49403743062257,20.295074448123163,19.0353852779347,20.272186279296875,54677000
2008-09-08,21.0887836105738,21.147374730527023,19.353051147766447,20.08634376525879,43685000
2008-09-09,20.234649088551617,20.35091285950066,18.89806098368517,18.922779083251957,42655000
2008-09-10,18.968554421631637,19.819942548343157,18.83123415031861,19.528823852539062,32759000
2008-09-11,19.041797309098737,20.671336421041044,18.785466530361667,20.653026580810547,39959000
2008-09-12,20.231909801039425,20.67225043774395,20.05339323231476,20.49007225036621,20259000
2008-09-15,19.505022127790596,19.938039458059887,19.232211501281995,19.386926651000977,38490000
2008-09-16,18.959396444691244,19.96458457981433,18.48518296624293,19.665225982666016,36421000
2008-09-17,19.226716158203644,19.4995249848273,17.27950926158848,17.943225860595703,75806000
2008-09-18,18.172088256105614,19.60296827662665,16.667970671547792,19.09030532836914,69888000
2008-09-19,20.2529629897805,21.87975525129349,19.682625331009863,20.614574432373047,81860000
2008-09-22,20.598104752622888,20.620991186456763,18.52730941772461,18.52730941772461,47090000
2008-09-23,18.74243199826993,19.02805911951528,18.034774208496327,18.126319885253903,35176000
2008-09-24,18.31124652571373,18.56208391661166,17.67499289314675,17.792173385620117,30168000
2008-09-25,17.960620487995403,18.12632047318196,17.25753926080646,17.42690086364746,44080000
2008-09-26,16.753114297555562,17.027756574671404,16.321011984813925,16.942617416381836,48386000
2008-09-29,16.477558145212587,16.592906954120902,13.78698955540533,15.382654190063477,94509000
2008-09-30,15.41927106460263,16.646916725980837,15.36159667059446,16.234039306640625,45565000
2008-10-01,16.224886757542947,16.224886757542947,14.953298016403185,15.685675621032717,39524000
2008-10-02,15.288364002077095,15.54377975640693,14.426905067014122,14.659435272216797,37716000
2008-10-03,14.835207517425829,15.731453712189287,14.66584587097168,14.66584587097168,41917000
2008-10-06,13.83825447251482,15.645393510282886,13.548965761784704,15.32589340209961,54245000
2008-10-07,15.537371599028855,15.699409983691384,14.215431449315702,14.528522491455078,46915000
2008-10-08,13.856845753873287,15.974500991554068,13.731307527199702,14.985773086547852,78642000
2008-10-09,15.58505768482918,15.772906682081397,14.201389610366736,14.26736545562744,46233000
2008-10-10,13.446325701005597,14.801587881212107,12.828714907631696,13.901744842529297,71283000
2008-10-13,14.702625484946047,16.310795959514593,14.354417361524716,15.90760898590088,43379000
2008-10-14,16.851429913322328,16.888084217120575,15.14154649036766,15.950671195983888,42357000
2008-10-15,15.621711639234473,15.739002999083777,13.74505337719345,14.070352554321287,51063000
2008-10-16,14.271032646198169,14.47812465264712,13.169595015210536,14.357168197631836,56496000
2008-10-17,13.725811058588446,15.325735615712675,13.699237028753853,14.363581657409668,39666000
2008-10-20,14.685217315045636,14.825418525385048,13.515972044016127,13.757884979248049,39522000
2008-10-21,13.735889689462772,14.372744418458469,13.329952596426304,13.724893569946287,35590000
2008-10-22,13.285056747911732,13.733145928610169,12.366887013980898,12.9139404296875,40966000
2008-10-23,12.920349500931897,13.176923565632617,11.96369328836864,12.462181091308594,50130000
2008-10-24,11.08859766417852,12.687606169540928,10.99788029121906,11.969198226928713,53071000
2008-10-27,11.695207587607566,12.339392500005395,11.545845446883916,11.577917098999023,32187000
2008-10-28,12.000346431432378,12.553813940556289,11.316759789289836,12.463096618652344,42837000
2008-10-29,12.438354718399196,13.223654719519123,12.137796217298988,12.437438011169434,50699000
2008-10-30,12.693098000074553,13.127441637006852,12.551981869426264,12.834213256835938,38696000
2008-10-31,12.959750842954266,13.626844610421784,12.694929917280772,13.545289993286133,32040000
2008-11-03,13.65708394075875,13.69831916671465,13.02389522525067,13.18517017364502,31438000
2008-11-04,14.569757682479093,15.758247560587655,14.259119675898512,15.59972095489502,118329000
2008-11-05,15.382548748051766,15.48609387104542,14.1299156250385,14.282943725585938,70599000
2008-11-06,13.997047429462128,14.264618541551288,12.6958488098815,13.131109237670898,92732000
2008-11-07,13.197083220825125,13.901745407662458,13.011982617640198,13.537043571472168,30609000
2008-11-10,13.790872406584969,14.074936395072674,12.858957470015904,13.089874267578123,25290000
2008-11-11,12.62712195570458,13.533379423219465,12.589552681956814,12.966166496276855,31529000
2008-11-12,12.711426224943985,13.361109675744892,12.505250930786133,12.505250930786133,46689000
2008-11-13,12.650032034941107,13.634177386425844,11.737360155496324,13.469237327575684,44355000
2008-11-14,13.236488393150522,13.855016076002448,12.973499932740513,13.16593074798584,36794000
2008-11-17,12.957002035414376,13.338197587330576,12.370546197383598,12.438355445861816,37110000
2008-11-18,12.407202037768592,13.07612845327466,12.364134264837787,12.95700454711914,38762000
2008-11-19,12.66652506691173,13.31070997765966,11.81524816827638,11.87022876739502,54451000
2008-11-20,11.467954350081222,11.94811407063714,11.026279730040836,11.095921516418455,56997000
2008-11-21,11.362577196774046,11.670466800287151,10.359188921679914,11.595327377319336,71536000
2008-11-24,11.759347376970526,12.40169950863933,11.206795837709178,12.047077178955078,52097000
2008-11-25,12.3705503028564,12.816806877275615,11.94445343038052,12.742583274841309,42357000
2008-11-26,12.50066541783626,13.49855585140796,12.43652125472324,13.338196754455566,30087000
2008-11-28,13.2676411200206,13.635092211888772,13.068796019802091,13.314373970031738,11336000
2008-12-01,12.917600905127598,12.974414042469428,11.91879358188621,12.003096580505373,38445000
2008-12-02,12.131382851487642,12.387956903664742,11.735525218082293,12.276164054870604,24865000
2008-12-03,11.96461362033572,12.696766764965224,11.82258161501294,12.63995361328125,31614000
2008-12-04,12.334810724830977,12.882779768807666,12.08098502626038,12.212020874023438,28070000
2008-12-05,11.987515913448917,12.859868974958635,11.697953544560267,12.839709281921388,39852000
2008-12-08,13.189756573740596,13.882507038993424,12.929516467738337,13.497645378112791,46684000
2008-12-09,13.286888020416262,13.781710022083177,13.03764404126036,13.12286376953125,25477000
2008-12-10,12.990910344930883,13.302465080437004,12.66102932292346,13.286887168884276,24045000
2008-12-11,13.0468090761654,13.401431652171084,12.61796375966389,12.678442001342772,27578000
2008-12-12,12.104808756984443,12.798475663355866,12.104808756984443,12.719670295715332,18186000
2008-12-15,12.637203494426254,12.957005076124268,12.370549100465814,12.763657569885254,16824000
2008-12-16,12.86628735012841,13.584695002972738,12.860788853076778,13.570950508117676,26863000
2008-12-17,13.493054405595355,13.913652495267256,13.387675051020905,13.624090194702148,23218000
2008-12-18,13.663499952922315,14.478123413394204,13.608519353581851,13.636009216308594,37306000
2008-12-19,13.813778540857326,14.06485500431874,13.467402956260576,13.959476470947266,28099000
2008-12-22,14.018119997671905,14.018119997671905,13.049551899989693,13.30521011352539,19529000
2008-12-23,13.251147760895844,13.285967785624566,12.841544722354074,12.97716236114502,15014000
2008-12-24,12.957004812954416,13.10270187793951,12.829634032583938,13.03306007385254,3133000
2008-12-26,13.082546487067052,13.082546487067052,12.756329621631302,12.9139404296875,7057000
2008-12-29,12.830549786824818,12.99640655035854,12.46309865045502,12.76823902130127,17811000
2008-12-30,12.769150814578913,12.819548732977076,12.37787504721869,12.745326042175291,18063000
2008-12-31,12.781064924471329,13.27863598158394,12.60329537157039,13.097201347351074,19307000
2009-01-02,13.204414366342812,13.809196570314704,13.078876136259318,13.724893569946287,22311000
2009-01-05,13.703816260109395,14.371825846147956,13.656166706349984,14.043777465820312,24719000
2009-01-06,14.318683297885729,15.119561519352374,14.229798491035618,14.846492767333984,43357000
2009-01-07,14.50071479838078,14.730928914843185,13.676164216998998,13.947650909423828,39537000
2009-01-08,13.845840732781207,14.029277772888102,13.607373017990644,14.012768745422363,22841000
2009-01-09,14.078806342492634,14.09256357355895,13.509233534473198,13.761459350585938,20036000
2009-01-12,13.549591013420052,13.906376376014158,13.380828744880567,13.57802391052246,20687000
2009-01-13,13.42576859606349,13.87794133400715,13.345056827721194,13.79814624786377,19307000
2009-01-14,13.534915988678064,13.620214678504162,12.755307411234895,13.326714515686035,48442000
2009-01-15,13.209312243884298,13.27626677523572,11.791342345793517,11.950932502746582,80426000
2009-01-16,11.918830092433312,12.015135062144852,11.020905055538115,11.760156631469728,71298000
2009-01-20,11.57397222746062,11.68495114092063,10.736581188888282,10.931024551391602,55609000
2009-01-21,11.097950751450654,12.14170797393658,11.097950751450654,12.116026878356934,53002000
2009-01-22,11.743648352044458,12.060994419382489,11.504263122385334,11.817940711975098,22486000
2009-01-23,11.179583351349873,11.698710756300764,11.019075582213375,11.506101608276367,34383000
2009-01-26,11.413462201969253,11.80143129256807,11.149312550027211,11.292393684387209,23856000
2009-01-27,11.557461486880316,11.87664272132058,11.507015973246247,11.626250267028809,21768000
2009-01-28,12.158218466893716,12.386598308194424,12.045405319040368,12.259109497070312,27342000
2009-01-29,11.99496140699625,12.11878175619882,11.785843236454108,11.839957237243652,17777000
2009-01-30,12.139872750784788,12.799329293577657,12.118777691796856,12.453550338745115,37337000
2009-02-02,12.25452137475803,12.70944586595686,11.948181607320569,12.563612937927246,19962000
2009-02-03,12.658086238662673,12.992859861707467,12.528763175222425,12.813091278076172,28901000
2009-02-04,12.977262366132084,13.159781799134413,12.748882592334835,12.85435962677002,29432000
2009-02-05,13.500062360354423,14.710747757598671,13.366153270943885,14.660303115844728,94885000
2009-02-06,14.726342488010411,15.09963692103797,14.360385013307566,14.904276847839355,64285000
2009-02-09,14.880426866069188,14.973979182487396,14.44567983818733,14.860247611999512,33238000
2009-02-10,14.812555982679928,15.204194510981326,14.413580496989248,14.488789558410645,27107000
2009-02-11,14.67406259646406,15.04185430755627,14.375060554599417,15.040020942687988,27056000
2009-02-12,14.786873415209088,14.872172096622371,14.23014202983064,14.840070724487305,39540000
2009-02-13,14.995075151999448,15.48943801280975,14.845573732201974,14.849242210388184,44516000
2009-02-17,14.491538484404169,14.625447551900493,14.001760813109188,14.224637031555176,46498000
2009-02-18,14.403487551121302,14.720832733266905,14.09714692715989,14.58692455291748,31373000
2009-02-19,14.743766957112404,14.85841521727846,14.14576124022208,14.175110816955566,29852000
2009-02-20,13.88252774835833,14.618111001885111,13.797229942600882,14.492456436157228,33074000
2009-02-23,14.720835114693749,14.89601763282073,13.869686938788426,13.994424819946287,29356000
2009-02-24,14.032944804352288,14.83548161271029,13.88894611753649,14.791458129882812,45905000
2009-02-25,14.652047087663728,15.221619874646002,14.43925960814364,14.910693168640137,52819000
2009-02-26,15.08771395346653,15.08771395346653,14.216386348479585,14.28058910369873,46944000
2009-02-27,13.976079787017516,14.907023864997363,13.919214004748689,14.494290351867676,45445000
2009-03-02,14.195282339662077,14.55573597359443,13.675237725914975,13.815567016601562,41411000
2009-03-03,14.014602889270114,14.213632273238774,13.555093172530889,13.85042667388916,37274000
2009-03-04,14.133832982383773,14.289754637745414,13.427600374007405,13.801812171936035,39553000
2009-03-05,13.553260696197444,14.137507500413378,13.315708759678143,13.475299835205078,38804000
2009-03-06,13.574354986900364,13.600953643752993,12.7635626036707,13.06439971923828,37595000
2009-03-09,12.863535206726183,13.390917934651076,12.80025001412056,13.06439971923828,22719000
2009-03-10,13.21665138469426,13.669741710910277,13.162537391521171,13.618378639221191,39087000
2009-03-11,13.778881072752034,13.778881072752034,13.09924628252941,13.559674263000488,24505000
2009-03-12,13.566103106785125,14.487874582657575,13.33864076795033,14.406245231628418,33673000
2009-03-13,14.491538955615765,14.696071916175628,14.170523506165123,14.51997184753418,29335000
2009-03-16,14.674976397042238,14.841903525810894,14.062295929536075,14.096232414245604,22055000
2009-03-17,14.068716357562034,14.901521270203396,13.98800458828708,14.893267631530762,29737000
2009-03-18,14.67314508416342,14.78229064174468,14.453937286618602,14.652050018310549,28081000
2009-03-19,14.993240318202387,15.159250767634738,14.05954525072556,14.13383674621582,33658000
2009-03-20,14.244819098856569,14.398906584475537,14.018274343772628,14.264997482299805,24708000
2009-03-23,14.53739488159927,14.944625589564732,14.281499791499822,14.940038681030272,23535000
2009-03-24,14.687815953264806,15.371120265328848,14.593346085990708,14.939125061035156,31564000
2009-03-25,14.842816253244475,15.133563593554916,14.65754418062919,15.090455055236816,31788000
2009-03-26,15.31242202663244,15.72148800270296,15.127150737884811,15.581158638000488,36507000
2009-03-27,15.169335469447788,15.581153095305622,15.094127311825408,15.36011028289795,18360000
2009-03-30,15.073032438804317,15.334430268980071,14.864831906334484,14.954715728759766,22330000
2009-03-31,15.041851172338854,15.44174505391145,14.954719125619896,15.361031532287598,31897000
2009-04-01,14.985904653963226,15.018922710496447,14.41358001142946,14.6823148727417,50889000
2009-04-02,14.950132956264648,15.368370999780272,14.868504497747344,15.19410514831543,39610000
2009-04-03,15.133572698910813,15.963626861572266,15.041853726614391,15.963626861572266,36303000
2009-04-06,15.738917491675876,16.275472411529933,15.43349427179162,15.732497215270996,43605000
2009-04-07,15.553635834325096,15.682041277190285,15.20327091217041,15.20327091217041,26152000
2009-04-08,15.418093790299146,15.418093790299146,15.037115939177127,15.361176490783691,17512000
2009-04-09,15.687074290901748,15.845891544095632,15.403407016710712,15.83212184906006,27688000
2009-04-13,15.615466633535537,16.214014004477082,15.510812419778633,16.16260528564453,26997000
2009-04-14,16.06529192308505,16.06529192308505,15.23907726009339,15.248257637023926,33818000
2009-04-15,15.3483199011254,15.34923741347322,14.778231308109827,15.189502716064451,34967000
2009-04-16,14.78007179496917,14.997641342520694,14.49548618317758,14.844332695007324,39334000
2009-04-17,14.890235956445766,15.14544458489669,14.473456655990372,14.969185829162598,40526000
2009-04-20,14.66623715964362,14.841578365398084,13.940086364746094,13.940086364746094,36136000
2009-04-21,13.814314366574058,15.089439392089844,13.709660178027963,15.089439392089844,45720000
2009-04-22,14.792005667304378,15.147277374552408,14.647876530765702,14.758955955505373,31615000
2009-04-23,14.890232586739687,15.181245159121175,14.578107595035156,15.170228004455566,32295000
2009-04-24,15.46766299095665,15.890867310928687,15.11238960404778,15.889949798583984,39012000
2009-04-27,15.4373683615418,15.789887478427149,15.18032306271012,15.197766304016112,32183000
2009-04-28,15.089449789198508,15.676062755870824,14.936141076554602,15.380460739135742,25515000
2009-04-29,15.641175048415144,16.359981536865234,15.438292658151806,16.359981536865234,45922000
2009-04-30,16.60600011223591,17.329397168701085,16.556426439785135,16.84101104736328,69872000
2009-05-01,16.112113962665358,16.15709659131802,15.022427731080626,15.872511863708496,109205000
2009-05-04,16.225939246100154,16.452690810813497,15.759587444998822,16.431575775146484,43896000
2009-05-05,16.163525166173862,16.83734893798828,16.107525374396857,16.83734893798828,43759000
2009-05-06,16.939237366303924,17.016350403444715,16.512359623872,16.839174270629883,32739000
2009-05-07,16.98239946343794,17.143969274322792,16.54725848751376,16.59591293334961,28138000
2009-05-08,16.7813567482651,16.990663528442383,16.647326307519137,16.990663528442383,21538000
2009-05-11,16.67119038358788,16.954857681285844,16.455455804934317,16.614273071289062,20229000
2009-05-12,16.752896167600397,16.795124524004404,16.26359213792531,16.359066009521484,20480000
2009-05-13,15.973491849177494,16.18096349032466,15.65218562140828,15.676054954528809,37406000
2009-05-14,15.606278934815876,15.957878686756088,15.534674467450795,15.913813591003418,26907000
2009-05-15,15.859658034067088,15.966149023822306,15.610875555090448,15.893625259399414,19498000
2009-05-18,16.034078944760022,16.06529187603686,15.721953133947364,15.91840934753418,26282000
2009-05-19,15.821100591619093,15.821100591619093,15.280389811690664,15.3060941696167,32262000
2009-05-20,15.508974694978347,16.20207834621904,15.437370198406931,15.572318077087402,58524000
2009-05-21,15.493369070041345,15.865164724475523,15.42268033913767,15.761429786682127,20220000
2009-05-22,15.454809267549177,15.761428239575825,15.366680804893216,15.455728530883787,22554000
2009-05-26,15.330888113542198,15.612718668718056,15.1720708279762,15.47868824005127,22916000
2009-05-27,15.514487954959082,15.8009095296567,15.299672649425158,15.36577033996582,19871000
2009-05-28,15.491526256768283,15.8385366830528,15.423593591636104,15.79998016357422,16548000
2009-05-29,15.762346349070397,16.187387466430664,15.616381333826467,16.187387466430664,15013000
2009-06-01,16.29479973552046,16.43250191830104,15.763267523989608,15.94870662689209,23514000
2009-06-02,15.892707159304768,15.98267241385682,15.441042359544127,15.45848560333252,23958000
2009-06-03,15.407072031173929,15.481430794527,14.894818297799045,15.377694129943848,24355000
2009-06-04,15.399740005744436,15.777046226300095,15.17115319155909,15.45941162109375,46802000
2009-06-05,15.672390474112245,15.724716727351913,15.251020905459464,15.393312454223633,29600000
2009-06-08,15.267540111296784,15.447470645989387,15.105968584547467,15.236327171325684,15603000
2009-06-09,15.241827678529736,15.590673158432534,15.092190899411166,15.439201354980469,27552000
2009-06-10,15.599862446217209,16.14608191466036,15.540190852713504,15.936775207519531,58821000
2009-06-11,16.05795109947963,16.09742515122869,15.52641891481408,15.601696968078612,48560000
2009-06-12,15.51540255445459,15.601697766750116,15.220719918132705,15.336389541625977,25408000
2009-06-15,15.170222113381325,15.4584802851567,15.06097862757969,15.282219886779783,17311000
2009-06-16,15.397897120980272,15.443797262604782,14.930625834860573,15.015084266662598,26840000
2009-06-17,14.951739522593217,15.319863387648274,14.950820259139938,15.079343795776367,25635000
2009-06-18,14.982948797133645,15.161963512756556,14.88196815739765,14.99947452545166,15875000
2009-06-19,15.025174951200038,15.025174951200038,14.703868861002372,14.81219482421875,32146000
2009-06-22,14.793844408736772,14.982955344901937,14.392671585083008,14.392671585083008,20448000
2009-06-23,14.412861200337218,14.766296944490652,14.276076565681755,14.700201034545898,21099000
2009-06-24,14.807611443208245,14.926037105071847,14.665319948018196,14.7855806350708,17093000
2009-06-25,14.825053546439472,15.260192615755486,14.61299171339158,15.08117961883545,36044000
2009-06-26,15.05914630663199,15.506221771240234,14.993050388667198,15.506221771240234,20758000
2009-06-29,15.559461272921014,15.559461272921014,15.194091794756794,15.436448097229004,14673000
2009-06-30,15.514479521412136,15.514479521412136,15.195010150594472,15.359335899353027,11261000
2009-07-01,15.374942450246014,15.537431442896478,15.183996565726506,15.224388122558594,14436000
2009-07-02,14.920521960147084,15.435528206473563,14.920521960147084,15.264778137207031,18844000
2009-07-06,15.147275707872074,15.364845219789345,15.144521419610374,15.313436508178713,14977000
2009-07-07,15.321706269433635,15.349245662490596,14.76171526422606,14.780076026916504,23854000
2009-07-08,14.785581186422233,15.104430145658172,14.696451293022518,14.766284942626951,24466000
2009-07-09,14.87012251655884,14.972117477280245,14.644997856794856,14.959253311157228,14411000
2009-07-10,14.756179594116702,14.922495361064485,14.570567580814014,14.753422737121582,13306000
2009-07-13,14.753422485813228,15.209183692932127,14.74699040380449,15.209183692932127,15275000
2009-07-14,15.189890124143066,15.273507204994278,15.021735841555149,15.24686050415039,7923000
2009-07-15,15.37090633794513,15.868015156785605,15.317611191395748,15.838611602783203,21320000
2009-07-16,15.757749644572744,16.6095447637564,15.756831276533791,16.38074493408203,28441000
2009-07-17,16.451491799662573,16.654563228917375,16.382577417177952,16.525001525878906,17015000
2009-07-20,16.587503504822447,17.037751283471575,16.54891098830498,16.670202255249023,30597000
2009-07-21,16.728998592272973,16.815372514294932,16.486416215086056,16.62608528137207,14494000
2009-07-22,16.448743731751946,16.77402483837922,16.355937718544723,16.67570686340332,12907000
2009-07-23,16.77770062705036,17.143410939575368,16.618735310388118,17.079090118408203,15084000
2009-07-24,16.919202046527353,17.375881511009748,16.895310460511165,17.04233169555664,20194000
2009-07-27,17.26929195283969,17.73424020536648,17.21507845625517,17.378637313842773,25343000
2009-07-28,17.361183653190114,17.361183653190114,17.051523585680435,17.177410125732422,15162000
2009-07-29,17.047848245867225,17.336375328478294,16.94217807395211,17.325347900390625,18070000
2009-07-30,18.92693907771254,19.22924862420226,17.815103975715786,17.83623695373535,68013000
2009-07-31,17.85461817450742,18.18265610536549,17.68462718750774,17.828889846801758,30839000
2009-08-03,18.02919339119666,18.45646914442374,17.964872611589968,18.43809127807617,17599000
2009-08-04,18.24146751980256,18.66323167488397,18.14866149399723,18.66231155395508,15904000
2009-08-05,18.66230321483262,18.745001894357102,18.37745318125412,18.651277542114254,12489000
2009-08-06,18.630148383000428,18.782681626518503,18.43259056201683,18.513452529907227,16211000
2009-08-07,18.72938586697231,18.92878217042999,18.65955132998508,18.77624893188477,11739000
2009-08-10,18.817598620404404,18.827705928089834,18.470264418149043,18.59247398376465,7848000
2009-08-11,18.56032057019572,18.786363660236667,18.51070238122771,18.62464141845703,13147000
2009-08-12,18.487723405007696,18.88100054109035,18.40502470430939,18.77441024780273,11993000
2009-08-13,18.797387905745317,19.01516038439557,18.69722967105319,18.74225425720215,14863000
2009-08-14,18.733976626061423,18.94991051382752,18.52079784207651,18.61727905273437,11572000
2009-08-17,18.009912060936223,18.369190356510416,18.004398345947266,18.004398345947266,12904000
2009-08-18,18.08801360769125,18.3011924554871,18.08801360769125,18.209304809570312,6730000
2009-08-19,18.09536115079859,18.21389546493297,17.950178392170933,18.129358291625977,9424000
2009-08-20,18.047584348293004,18.67057974744069,18.03472018304069,18.654958724975582,10720000
2009-08-21,18.83965402600893,19.11899046048173,18.58328906682919,19.043643951416016,15445000
2009-08-24,19.117151317715425,19.27611664080858,18.66782216688463,18.76614189147949,11758000
2009-08-25,19.010562778634284,19.39740963038665,18.95451252100314,19.198013305664062,14856000
2009-08-26,19.12633903850506,19.12633903850506,18.76338383880707,18.99218368530273,12916000
2009-08-27,18.97472638901021,19.01056202806264,18.653120500529816,18.98391532897949,8973000
2009-08-28,19.094177430171506,19.1263378379883,18.681602336846176,18.705493927001957,10355000
2009-08-31,18.568585165042727,18.67333697816876,18.340703658745163,18.619123458862305,14093000
2009-09-01,18.532746277096084,19.03720725342153,18.43902015686035,18.43902015686035,16628000
2009-09-02,18.377447212973053,18.609922158572115,18.29015496965101,18.41879653930664,8922000
2009-09-03,18.60258615266277,18.81944025419149,18.482213303268956,18.68987846374512,15115000
2009-09-04,18.69446537345118,19.01147759227192,18.657711374994246,18.933372497558597,8491000
2009-09-08,19.121739085625304,19.23292294110134,18.92877667310443,19.062013626098636,9941000
2009-09-09,19.238441825211687,19.45162065678595,19.04364087194456,19.32481575012207,18796000
2009-09-10,19.295408165100284,19.490209077668595,19.22833050064332,19.44334602355957,9053000
2009-09-11,19.56096395361191,19.56096395361191,19.15022735585159,19.186983108520508,11868000
2009-09-14,19.06203036105144,19.156673162019885,18.958196862720385,19.111648559570312,13928000
2009-09-15,19.20076328166287,19.814569553929687,19.147468147881742,19.6666316986084,22633000
2009-09-16,19.75209288563633,20.340171003453257,19.673069406586645,20.193151473999023,19989000
2009-09-17,20.200502915370656,20.354874655696094,20.0589970932992,20.233583450317383,13215000
2009-09-18,20.38059906519856,20.54323959350586,19.99007707208421,20.54323959350586,53832000
2009-09-21,20.482596325996926,20.75090704684648,20.3732509266697,20.45594787597656,13176000
2009-09-22,20.65442333251048,20.67463794517965,20.388867748009535,20.636045455932617,11804000
2009-09-23,20.749975981534703,20.749975981534703,20.137088295264345,20.15913963317871,14097000
2009-09-24,20.17844808512435,20.19131400227879,19.680419140529075,19.750253677368164,15567000
2009-09-25,19.69604058901277,19.69604058901277,18.75052096935352,18.809328079223636,41696000
2009-09-28,18.870891303679688,19.257736317979436,18.76613951000121,19.125417709350582,19454000
2009-09-29,19.24578909981853,19.560044457617032,18.91499435531709,18.996774673461918,22336000
2009-09-30,19.1658450765118,19.16676344438722,18.478529094449875,18.575010299682617,24555000
2009-10-01,18.56766690086086,18.73857627893056,18.300274528317228,18.323246002197266,18071000
2009-10-02,18.11649912793538,18.37745941618837,18.09720287967372,18.348974227905277,18824000
2009-10-05,18.42431644714765,18.53366181813294,18.17989562998175,18.4261531829834,20026000
2009-10-06,18.647611796317808,18.73122888625148,18.36919194918173,18.446378707885746,18787000
2009-10-07,18.494190094490065,19.448693463600023,18.466604417263103,19.39352035522461,32571000
2009-10-08,19.39259379603985,19.81191241448858,19.310752343047888,19.399030685424805,23425000
2009-10-09,19.402714519880043,19.75490543345401,19.33282777003558,19.71720314025879,13852000
2009-10-12,20.09790131847211,20.230317111716147,19.705249212436964,19.86249351501465,13797000
2009-10-13,19.845944833189627,20.071236053714475,19.691457670908203,19.98755645751953,11629000
2009-10-14,20.321364885845867,20.40964154227564,19.91124000450152,20.18251037597656,18604000
2009-10-15,20.000433821111077,20.8951654791724,19.94709881176058,20.723207473754883,24368000
2009-10-16,20.579758098229625,20.77378572236744,20.39584709633838,20.58619499206543,13005000
2009-10-19,20.59815170227435,20.79126028981132,20.402285949047624,20.745281219482425,9325000
2009-10-20,20.88964143776037,20.88964143776037,20.512622018001924,20.69009780883789,8454000
2009-10-21,20.537453584933267,21.348505511689503,20.537453584933267,20.751710891723636,14613000
2009-10-22,20.82803776624122,21.10206700909807,20.553089468332097,21.083675384521484,11034000
2009-10-23,21.26850687132179,21.356785264881104,20.90803910285037,21.14620590209961,15651000
2009-10-26,21.209649996898133,21.27769688359746,20.299285888671875,20.299285888671875,18327000
2009-10-27,20.327795250177328,20.52366093706423,20.154916459785905,20.28089714050293,19653000
2009-10-28,20.405041962308424,21.048733069930343,20.1871048832275,20.276302337646484,30073000
2009-10-29,20.550323815888277,21.039529293451867,20.4758400408563,20.958608627319336,17535000
2009-10-30,20.75263077158222,20.8188378005746,20.0464072616771,20.14020347595215,25534000
2009-11-02,20.322276350178477,20.74159513487972,20.093305405055904,20.47400283813477,22586000
2009-11-03,20.688256402956053,20.795845436732787,19.271216115842247,20.15675163269043,57844000
2009-11-04,20.24043200959531,21.0386100050422,20.24043200959531,20.688257217407227,34795000
2009-11-05,20.965965488367267,21.173785876080323,20.647798892376823,21.172866821289062,18812000
2009-11-06,20.943906155005024,21.810133259290577,20.899768702426776,21.784385681152344,24834000
2009-11-09,21.931505377154743,22.33886941478002,21.609659040658524,22.27082252502441,27818000
2009-11-10,22.19634042360031,22.20737434415739,21.835872709912252,21.947139739990234,19921000
2009-11-11,21.98025214457767,22.3296860790226,21.73932811939492,21.8763427734375,17284000
2009-11-12,21.83863166701548,22.22116897641336,21.666673688766632,21.783456802368164,13814000
2009-11-13,21.848741405885363,21.93150192951502,21.392639471236915,21.583908081054688,14936000
2009-11-16,21.74115599425104,21.770581534371274,21.05056696361734,21.22344398498535,26591000
2009-11-17,21.126895340840147,21.283220640520828,21.07080141255208,21.241840362548828,18894000
2009-11-18,21.15447217846663,21.327350920189804,20.7737748326539,20.899755477905277,20717000
2009-11-19,20.760910136283417,21.697942897559383,20.49423859276881,21.15816116333008,43957000
2009-11-20,21.125975772578723,21.309886750491728,21.006431970709563,21.25655174255371,18119000
2009-11-23,21.47080584313903,21.728281503207743,21.40643517420046,21.71908569335937,13152000
2009-11-24,21.779784932777066,21.897488888188487,21.519550255218768,21.853349685668945,10483000
2009-11-25,21.92782577957532,22.12277237826025,21.850581331557944,22.054723739624023,11677000
2009-11-27,21.565520485571277,21.922310209186016,21.563682375857827,21.66391372680664,6481000
2009-11-30,21.788974670752424,22.14852333068848,21.70897304621322,22.14852333068848,13921000
2009-12-01,22.248748936974263,22.43449970668694,22.14851760695736,22.344383239746094,13805000
2009-12-02,22.27450054867925,22.70301512580992,22.245075008766012,22.291973114013672,13979000
2009-12-03,22.42163428949001,22.507153761086556,21.64736552400485,21.716331481933597,12077000
2009-12-04,22.069442887896457,22.36002387188905,21.65656094109231,22.191743850708008,14319000
2009-12-07,22.02345694370512,22.29840511538282,21.84414131729174,21.971960067749023,7632000
2009-12-08,21.88552595878637,22.04369108292444,21.765064883014837,21.941619873046875,6940000
2009-12-09,21.87173547427467,22.369217794104863,21.83495398460763,22.339792251586918,9223000
2009-12-10,22.50071551032726,22.57244213679388,22.250595757450416,22.448301315307617,9749000
2009-12-11,22.60553567470383,22.62116837159753,22.40047425991376,22.431737899780277,8449000
2009-12-14,22.71312956960854,22.78301456248965,22.28921206115361,22.757266998291016,12555000
2009-12-15,22.6938198643229,22.95589429904835,22.50347028894656,22.57979393005371,15150000
2009-12-16,22.56692913683564,22.775668660630533,22.53014588380424,22.6579647064209,13842000
2009-12-17,22.57060605888524,22.887853708838637,22.529225778115496,22.7821044921875,12834000
2009-12-18,22.920025247175545,23.514981548743457,22.88416282511827,23.434059143066406,25076000
2009-12-21,23.54073492800733,23.586712223659905,23.33015561654629,23.481882095336918,9225000
2009-12-22,23.52510902006489,23.7384473114998,23.447866299180333,23.50579833984375,8462000
2009-12-23,23.540739359493443,23.687868837984137,23.34119393001338,23.47820854187012,8198000
2009-12-24,23.410159257024944,23.623497505293155,23.402803310025835,23.487401962280277,2752000
2009-12-28,23.531539452603862,23.674071877427263,23.26486622304811,23.63085174560547,7095000
2009-12-29,23.69706622911894,23.81660828063985,23.63821338144688,23.75775718688965,6106000
2009-12-30,23.760509223706084,23.789934762058053,23.614298832808014,23.722806930541992,4156000
2009-12-31,23.782585008285587,23.782585008285587,23.430392249379683,23.53890037536621,9898000
2010-01-04,23.723730155081324,23.743040832449037,23.547175140016314,23.61798095703125,9321000
2010-01-05,23.709938833754315,23.720972755561835,23.269469445865266,23.548095703125,12906000
2010-01-06,23.57661316647081,23.57661316647081,23.23249569510603,23.51404571533203,10785000
2010-01-07,23.315301254920374,23.37602775522801,23.092636835476068,23.36038589477539,11273000
2010-01-08,23.216858053452903,23.455164412206678,23.15889206874378,23.368675231933597,8635000
2010-01-11,23.42295808932552,23.49564458182887,22.8074113570097,22.98406982421875,11171000
2010-01-12,22.964743114035304,23.27297709107772,22.869974113230988,22.97118377685547,8595000
2010-01-13,23.16900786791584,23.57661237006475,22.971186483729024,23.568330764770508,8585000
2010-01-14,23.577535582654438,24.091870909501985,23.41651896846,23.966737747192383,12433000
2010-01-15,24.08910532142668,24.46358513628634,23.973173383522752,24.166393280029297,19419000
2010-01-19,24.152602207049085,24.83163616649867,24.07899434671131,24.3596248626709,14633000
2010-01-20,24.19952367426348,24.488433994099125,24.12499447800785,24.234487533569336,10211000
2010-01-21,24.24920043322712,24.56663560286659,23.564647488615936,23.78547096252441,14131000
2010-01-22,23.6824317165543,24.013667963744528,23.10184869027027,23.16901588439941,13251000
2010-01-25,23.31531406639782,23.39168246912157,22.86354607138083,23.2279052734375,10811000
2010-01-26,23.18833183125371,23.29046286382483,22.823053162935995,22.87457847595215,11194000
2010-01-27,22.97302376088828,23.59408965546142,22.85064941745641,23.584888458251957,10066000
2010-01-28,23.58213534744698,23.7339525167731,22.618792686178438,22.951868057250977,16120000
2010-01-29,23.10920474481367,23.47540479046109,22.918745341295253,22.99327278137207,15042000
2010-02-01,23.106449096445704,23.60146074695866,23.102767211912383,23.3171501159668,9329000
2010-02-02,23.572930456898668,23.582129899930184,23.16900611381154,23.238014221191406,13404000
2010-02-03,23.22788973517854,23.370503893820192,22.73195524611989,22.779800415039062,17961000
2010-02-04,21.56159802574612,21.6710893194758,20.324065614695044,20.436317443847656,108380000
2010-02-05,20.739034054903534,20.739034054903534,19.979951613778336,20.310266494750977,58136000
2010-02-08,20.33418877580972,21.020582914277696,20.257820388363516,20.83104133605957,28165000
2010-02-09,21.03346446984336,21.038064192833552,20.518207747459616,20.55961227416992,16486000
2010-02-10,20.3985984161258,20.96537878179734,20.3985984161258,20.877050399780277,18326000
2010-02-11,20.87704866609906,21.09695264157215,20.68566788853,21.070268630981445,12221000
2010-02-12,20.955249243694364,20.955249243694364,20.670019114910986,20.746387481689453,14838000
2010-02-16,20.84943996009669,20.993895101582687,20.656220042494265,20.72982788085937,17568000
2010-02-17,20.75743561056792,20.79884014107566,20.55777497241823,20.68658828735352,12500000
2010-02-18,20.637830948448265,20.637830948448265,20.390323269734598,20.42620849609375,17281000
2010-02-19,20.418827685339995,20.60008757349988,20.20536448645993,20.484155654907227,17620000
2010-02-22,20.50348233614464,20.881642302876205,20.50348233614464,20.632295608520508,10856000
2010-02-23,20.53844837770567,20.58169208591834,20.184210085979068,20.428035736083984,16517000
2010-02-24,20.428029854676726,20.528321674222667,20.15016002112513,20.403186798095703,15190000
2010-02-25,20.20076547162761,20.53200154198179,19.91369444464717,20.37926483154297,19896000
2010-02-26,20.51636670852427,20.715107716816384,20.339708229481225,20.64426040649414,10947000
2010-03-01,20.788707966615497,21.425415688291498,20.737182668844483,21.41437530517578,24265000
2010-03-02,21.372980522662008,21.487073308184133,21.07670817071728,21.32881546020508,13247000
2010-03-03,21.33065128750656,21.57539650459782,21.25428291760162,21.36009407043457,13620000
2010-03-04,21.321453344952744,21.480630772679508,21.14571445898407,21.438304901123047,10161000
2010-03-05,21.499029316559444,22.063970313265592,21.41162055635733,22.040048599243164,32910000
2010-03-08,21.998644038520208,22.733802832100107,21.93423739902499,22.59854888916016,29561000
2010-03-09,22.54701334744867,23.17636074601485,22.511129912496557,22.6785888671875,21849000
2010-03-10,22.735641111134576,23.0484748518621,22.641791690896014,22.965665817260746,19561000
2010-03-11,22.82306407142477,23.04848742361356,22.647325114127515,23.01996421813965,11508000
2010-03-12,23.100000006246344,23.165326231167192,22.867214784222224,22.99970817565918,8736000
2010-03-15,23.092641422246757,23.092641422246757,22.62983144442615,23.00983238220215,11262000
2010-03-16,23.02548204933184,23.12209204380954,22.7190888483169,22.94175338745117,9672000
2010-03-17,22.973034268662,23.09448731946081,22.708045634650965,22.878263473510746,11144000
2010-03-18,22.89482602809538,22.89482602809538,22.507464731118876,22.66204071044922,7593000
2010-03-19,22.483537673950195,22.82581422905192,22.316998241286885,22.483537673950195,9801000
2010-03-22,22.339085221051068,22.840539296032716,22.289400838850632,22.73380851745605,8089000
2010-03-23,22.732873996951405,23.062269072851464,22.48536657728392,22.596698760986328,11016000
2010-03-24,22.5608304249632,22.715406400354254,22.445818037097297,22.512985229492188,7700000
2010-03-25,22.674918778493744,23.029157101757285,22.64271545410156,22.64271545410156,13145000
2010-03-26,22.74944303789125,22.88745750603328,22.54886112168393,22.656513214111328,10836000
2010-03-29,22.719997885532266,22.932539758211075,22.69055335130879,22.81936836242676,7287000
2010-03-30,22.931622258622568,23.35486685607708,22.92886172360276,23.22421264648437,12046000
2010-03-31,23.20489202991957,23.396272756429347,23.13312513495303,23.37051010131836,9333000
2010-04-01,23.513131102725232,23.544414834921486,23.192015683333693,23.364994049072266,11188000
2010-04-05,23.419284093865336,23.57938291285965,23.266549044856884,23.51589584350586,7457000
2010-04-06,23.448718186413892,24.014578730745267,23.44411670969988,23.80755615234375,13992000
2010-04-07,23.835178269370505,23.89501988209325,23.46784569484998,23.53689384460449,7831000
2010-04-08,23.389588189462422,23.687872555889555,23.389588189462422,23.649206161499023,6402000
2010-04-09,23.821365297410225,23.935524230061265,23.643682499202303,23.83333396911621,4966000
2010-04-12,23.78085347517278,24.028504502580866,23.778091339332395,23.89685440063477,6537000
2010-04-13,23.816762451077523,23.98615883732608,23.67958806036806,23.798349380493164,7131000
2010-04-14,23.85083047296164,24.325877624409756,23.753244335985453,24.224607467651367,11661000
2010-04-15,24.35992924547113,24.365453516764905,24.143581854087884,24.178565979003903,6282000
2010-04-16,24.031266102555342,24.278915368474337,23.77625055590397,23.89040946960449,11495000
2010-04-19,23.828734338049586,24.07730557489741,23.450354965224,23.687877655029297,9559000
2010-04-20,23.839777326803247,24.2015855506762,23.67590346097433,24.06441116333008,7375000
2010-04-21,24.244858355223645,24.244858355223645,23.824130344303107,23.99076461791992,5035000
2010-04-22,23.825970112309804,24.16844694512225,23.20086156727332,24.08374786376953,8638000
2010-04-23,24.268788834925363,24.63427927884023,24.120567676433307,24.601137161254883,10379000
2010-04-26,24.6876801289295,24.78526799888392,24.459364022495247,24.468568801879883,7095000
2010-04-27,24.469494167162317,24.469494167162317,23.461400352264096,23.462322235107425,10947000
2010-04-28,23.617907650037456,23.687875922965965,23.069211768811325,23.2920036315918,17995000
2010-04-29,23.358284990394843,23.79282359513781,23.180603962859013,23.511110305786133,14089000
2010-04-30,23.67959486998686,23.697086062895057,22.646645194307705,22.83537483215332,16675000
2010-05-03,23.125370952630497,23.143784026979,22.513151156265877,23.08394241333008,16928000
2010-05-04,23.32607156392337,23.7007687086719,22.86023092128056,23.130897521972656,29370000
2010-05-05,22.83168994962497,22.92283344260764,21.727851905077056,21.90553474426269,25627000
2010-05-06,21.67261628145353,21.910139001266288,19.425351713705457,21.202173233032227,34273000
2010-05-07,21.02263906221391,21.54095658312575,20.44172132237937,20.538387298583984,29304000
2010-05-10,21.54188351068686,21.737977660891183,21.02080544534712,21.20309066772461,29826000
2010-05-11,20.936101975802973,20.943468257607684,20.368072972323464,20.55219841003418,29271000
2010-05-12,20.71422940185161,21.7471787358791,20.676483135573687,21.41575050354004,29123000
2010-05-13,21.423122742238025,22.08781964514945,21.226106703835185,21.3872184753418,22049000
2010-05-14,19.821221873897283,20.25576060337653,19.24766671319809,19.558841705322266,101983000
2010-05-17,19.815693080162387,19.94734319789172,19.1666472707981,19.40785217285156,34138000
2010-05-18,19.603953784645157,19.758619407858045,18.005735320908308,18.67135238647461,70828000
2010-05-19,18.693447768478848,19.632493569732517,18.04900415837122,18.63821029663086,91584000
2010-05-20,18.105162386605397,19.332365901661014,18.105162386605397,18.91900062561035,51156000
2010-05-21,18.63268217351388,20.009026830192727,18.61334897456256,19.687726974487305,43426000
2010-05-24,19.82950138648147,19.930771515098986,19.31855010986328,19.31855010986328,17858000
2010-05-25,18.78735197623628,19.209922067433038,18.763416381869806,19.045129776000977,22472000
2010-05-26,19.361820806908348,19.60486771280415,18.87296485900879,18.87296485900879,21772000
2010-05-27,19.356300854300382,19.451126605978004,18.94661961152414,19.130746841430664,19644000
2010-05-28,19.091163115661036,19.171258075926023,18.51852971713131,18.57560920715332,25471000
2010-06-01,18.504720075447985,18.753291358847843,18.389640972685207,18.44856071472168,22633000
2010-06-02,18.535101024676205,18.586656240595552,18.37767323949851,18.506561279296875,20431000
2010-06-03,18.53326260000369,18.74684976987506,18.527738324619012,18.59678649902344,19643000
2010-06-04,18.366618968477265,18.49274481950835,18.09042816653472,18.1060791015625,33167000
2010-06-07,18.163154605742765,18.918992932157792,18.16131259662556,18.419090270996094,26819000
2010-06-08,18.51576453352448,18.627161357857428,17.984559771213338,18.18617820739746,33612000
2010-06-09,18.22852849524132,18.4697352408806,17.83818038989988,17.994688034057617,26857000
2010-06-10,18.250622872673077,18.992652635648888,18.22852753240878,18.884017944335938,45764000
2010-06-11,18.780900692253248,18.91347268559284,18.55626686327817,18.86191749572754,19569000
2010-06-14,19.04235784151064,19.08562837286644,18.69896275014593,18.79654884338379,12166000
2010-06-15,18.91440548524472,19.309357837897394,18.67780282696121,19.2937068939209,18280000
2010-06-16,19.070898447155308,19.468610874697983,18.98988340790652,19.390357971191406,15745000
2010-06-17,19.531229103156964,19.993385854588315,19.435483187519157,19.70154571533203,22337000
2010-06-18,19.83779417172493,19.926173775031923,19.553318647023467,19.72547721862793,13863000
2010-06-21,19.86080232710597,21.2187354412272,19.583691432368845,20.561403274536133,53737000
2010-06-22,20.561407616448054,20.89651816913428,20.307313882369144,20.340456008911133,22197000
2010-06-23,20.41595122834762,20.46198216079216,19.835951646128372,20.240110397338867,13795000
2010-06-24,20.04677810781188,20.345984458840807,19.64262108253211,19.783477783203125,12283000
2010-06-25,19.763222634502007,20.10569953918457,19.44192269956078,20.10569953918457,18498000
2010-06-28,20.069791610146936,20.169221512381576,19.43731846560781,19.473222732543945,12425000
2010-06-29,19.333279273465443,19.333279273465443,18.518519436224807,18.687915802001957,17984000
2010-06-30,18.71830607300709,18.933733451916414,18.360179983216334,18.369384765625,27037000
2010-07-01,18.38504451762801,18.83833705571521,17.939123804302493,18.675262451171875,17029000
2010-07-02,18.874262042419254,18.87702625612281,18.490990544898285,18.68170547485352,8444000
2010-07-06,18.79411451670084,18.97930109455416,18.247768246803403,18.42926979064941,16346000
2010-07-07,18.47902617290269,19.12395477294922,18.47902617290269,19.12395477294922,12675000
2010-07-08,19.180148920756352,19.347829377664144,19.04102791454721,19.31742477416992,9491000
2010-07-09,19.419690560529745,19.85639953613281,19.214235447148923,19.85639953613281,11867000
2010-07-12,19.62698543649681,19.886798699316586,19.467595906880245,19.68595123291016,7162000
2010-07-13,19.937475301659934,19.98169921729533,19.42153371958624,19.77440071105957,16830000
2010-07-14,19.80848987142106,19.899701914897264,19.5449915365577,19.6398868560791,8180000
2010-07-15,19.72188783617913,19.72188783617913,19.22160891524106,19.514589309692383,8167000
2010-07-16,19.019836721942827,19.05484717817662,18.17037582397461,18.17037582397461,28878000
2010-07-19,18.210907963059555,18.37858835738984,17.880151268227788,18.04230499267578,23196000
2010-07-20,17.7815732786577,18.922174525016697,17.7815732786577,18.914804458618164,17403000
2010-07-21,19.069585603317787,19.151584178420357,18.54535143151636,18.564699172973636,11656000
2010-07-22,18.881633688159457,19.28333213914145,18.748963720296526,19.20041275024414,9643000
2010-07-23,19.18199287570353,19.64910478469224,19.13500473612304,19.618701934814453,9821000
2010-07-26,19.684115787337294,19.99736654525678,19.476817233230484,19.60856819152832,9821000
2010-07-27,19.76703467349268,19.860088376186276,19.56802876985665,19.737552642822266,7514000
2010-07-28,19.59935278130733,19.799279489730942,19.35612297058105,19.35612297058105,8818000
2010-07-29,19.358885944896368,19.50814124447727,18.841102642768703,19.197654724121094,14649000
2010-07-30,18.93415530350105,19.38560445421767,18.93415530350105,19.35151481628418,7863000
2010-08-02,19.11565384813792,19.174619657053007,18.53521976527509,18.65867805480957,29181000
2010-08-03,18.29475603670049,18.850314002416503,18.242239470550714,18.51034545898437,31650000
2010-08-04,18.66512544716456,18.923095343994483,18.42742235428654,18.914804458618164,17868000
2010-08-05,18.789502483848675,18.92309503957972,18.5250833438517,18.57667732238769,18692000
2010-08-06,18.426506388817725,19.163565941455,18.426506388817725,19.110130310058597,18455000
2010-08-09,19.310976713268648,19.81494244866728,19.17830670453255,19.798358917236328,19632000
2010-08-10,19.693320449289697,20.03052465790409,19.50444890825469,19.932865142822266,16622000
2010-08-11,19.580005572503747,19.77716807158433,19.316505432128903,19.316505432128903,16610000
2010-08-12,19.18198996680179,19.654630234016665,19.07143192928113,19.51643180847168,11462000
2010-08-13,19.60949204839275,19.6242321877663,19.3837665306684,19.40679931640625,8246000
2010-08-16,19.27320484948954,19.56342105859647,19.16540925337064,19.388370513916016,6006000
2010-08-17,19.462993655568287,19.807569765320917,19.404950424579887,19.7191219329834,7613000
2010-08-18,19.808490443632856,19.821388939316417,19.549597953635505,19.611326217651367,5574000
2010-08-19,19.60027394687306,19.7126753908118,19.21884569281801,19.24556350708008,8567000
2010-08-20,19.18843611330489,19.38375692148861,18.86965879126913,19.013383865356445,7899000
2010-08-23,19.193963949617142,19.213311690323685,18.85768053451201,18.90466690063477,6293000
2010-08-24,18.763705160082868,18.91203960301761,18.628270968840244,18.657752990722656,15151000
2010-08-25,18.557328178982303,19.13223548031726,18.52416112593912,18.989429473876957,8058000
2010-08-26,19.07142795869039,19.180144335414795,18.69092064015496,18.71855926513672,6801000
2010-08-27,18.814384191250944,19.03642463684082,18.564705110333044,19.03642463684082,5447000
2010-08-30,19.13131744659528,19.13131744659528,18.640251994741128,18.675262451171875,4973000
2010-08-31,18.610776299353866,18.64947180268632,18.155640210906867,18.275413513183597,18184000
2010-09-01,18.517717718725663,18.6992175060942,18.38044009693097,18.52600860595703,13209000
2010-09-02,18.66973280949085,18.862289428710938,18.52969099286232,18.862289428710938,8231000
2010-09-03,19.02536569443756,19.11657774998673,18.930470362355656,19.069589614868164,6988000
2010-09-07,18.85492227002197,18.97285214656846,18.427426687202008,18.474414825439453,10815000
2010-09-08,18.38228609264632,18.58313543150404,17.90319641022119,17.910568237304688,21383000
2010-09-09,18.151022030583217,18.157471276759104,17.615732840696843,17.68759536743164,21207000
2010-09-10,17.756697273218116,18.26803116885595,17.731821104743243,18.2551326751709,14930000
2010-09-13,18.11971034669742,18.122474562479617,17.597319253379116,17.784347534179688,39157000
2010-09-14,17.814744253782234,18.541669419869063,17.803687395554597,18.403470993041992,22223000
2010-09-15,18.8097863264907,19.627001442698287,18.807942929951235,19.36442375183105,45712000
2010-09-16,19.41231880868328,19.65923360238449,19.18659515218497,19.37454414367676,21782000
2010-09-17,19.48602282808991,19.748600304819927,19.34413940080891,19.68595123291016,18033000
2010-09-20,19.716365582150157,20.150310516357425,19.48787760053344,20.150310516357425,17232000
2010-09-21,20.118974126937484,20.21755622626016,19.779926495444627,19.991830825805664,17864000
2010-09-22,19.923654610797424,20.25901723103132,19.727412975669857,20.17978286743164,13085000
2010-09-23,20.003815399800708,20.56213937735785,20.003815399800708,20.216642379760746,18314000
2010-09-24,20.38892121023276,20.54554652847659,20.23229589198893,20.41379737854004,11947000
2010-09-27,20.36129180929417,20.683756052618108,20.3437856987444,20.487512588500977,9131000
2010-09-28,20.51054084396747,20.582405151624307,20.301400683870543,20.545551300048828,9990000
2010-09-29,20.48658508647253,20.648738853190505,20.411958329374595,20.51146125793457,11578000
2010-09-30,20.620181424999817,20.84959016692096,20.52344093573924,20.63768577575684,12062000
2010-10-01,20.729813696218887,20.821946552993037,20.517909355740013,20.709545135498047,9572000
2010-10-04,20.783266197956912,20.928834776645708,20.177033000071688,20.51239585876465,14600000
2010-10-05,20.823783978914463,21.00528544160012,20.662552830137685,20.812728881835938,12251000
2010-10-06,20.81734901333774,20.81734901333774,20.42947141413987,20.573198318481445,8055000
2010-10-07,20.71332195643713,20.74374699089117,20.352842800100262,20.362062454223636,5982000
2010-10-08,20.38511602887356,20.56397349689942,20.21824429018213,20.521564483642575,8618000
2010-10-11,20.49574420276096,20.67275698474028,20.384188677135995,20.546449661254883,4560000
2010-10-12,20.43397759565844,20.528017032429556,20.28277910484184,20.47915267944336,6982000
2010-10-13,20.55937113631889,21.33472821141281,20.54277645121759,21.28678703308105,18800000
2010-10-14,21.280324804490675,21.60577006341655,21.1365013279042,21.4499626159668,19475000
2010-10-15,21.544002304221813,21.72470266526817,21.299687538142244,21.545846939086918,10996000
2010-10-18,21.65646899625982,21.83532639572493,21.59377781775256,21.707176208496094,8128000
2010-10-19,21.53754746380164,22.17829866775249,21.43521155879828,21.85469627380371,15936000
2010-10-20,21.86299724914665,22.27418379729313,21.65094863184304,22.17461395263672,9217000
2010-10-21,22.167234349530684,22.702883532441945,22.167234349530684,22.42076873779297,11449000
2010-10-22,22.49544411619325,22.60884429585651,22.22808114142987,22.370059967041016,6182000
2010-10-25,22.504661490298144,22.910317497525316,22.429061378186447,22.601465225219727,9933000
2010-10-26,22.587639390478657,22.67522348159679,22.373747951059407,22.451190948486328,9054000
2010-10-27,22.36545510694192,22.700120045193305,22.36545510694192,22.65771102905273,9034000
2010-10-28,22.579340360473577,22.579340360473577,21.888805233124916,22.08241271972656,13105000
2010-10-29,22.12205533401852,22.4484237165848,22.06212845921665,22.1321964263916,8065000
2010-11-01,22.367297571074488,22.398644053132347,21.96348609083196,22.03355407714844,8713000
2010-11-02,22.81812783392249,22.89096189017973,22.41984851598105,22.67799186706543,18490000
2010-11-03,22.74437664879795,23.233007990666916,22.7259373320927,23.217334747314453,15721000
2010-11-04,23.27909802891845,23.50773951347279,23.16846391802472,23.49944305419922,11751000
2010-11-05,23.646956464337887,23.68383333278613,23.386045278455487,23.628517150878903,10195000
2010-11-08,23.509578812944827,23.590709303542784,23.163849712754462,23.303062438964844,8045000
2010-11-09,23.336262217600645,23.398953424123704,23.10946357629152,23.188751220703125,6244000
2010-11-10,23.23392311605473,23.4173895195531,23.131587222157385,23.37774658203125,5776000
2010-11-11,23.23945617675781,23.497599516780248,23.178607852542576,23.23945617675781,4812000
2010-11-12,23.05045759281756,23.140807761716477,22.367295663722803,22.41892433166504,11052000
2010-11-15,22.38665608604573,22.817205056062186,22.10177521999068,22.39679718017578,8058000
2010-11-16,22.191206838900275,22.191206838900275,21.45549471877544,21.486841201782227,14991000
2010-11-17,21.54953319457377,22.03908589487228,21.47301162535359,21.626054763793945,10875000
2010-11-18,21.948732873254556,22.45856949673769,21.822427273476247,22.35623359680176,10571000
2010-11-19,22.516652455891325,22.586720439890108,22.28800919053325,22.484384536743164,9330000
2010-11-22,22.359001431550283,22.51019993965396,22.21886545690648,22.44105339050293,6292000
2010-11-23,22.266805443607662,22.34424844914874,21.70995084404605,21.725624084472656,11405000
2010-11-24,21.80398584583617,22.20595438486594,21.80398584583617,21.92291641235352,9015000
2010-11-26,21.844548470826165,21.844548470826165,21.481301488128786,21.679519653320312,7351000
2010-11-29,21.656476885415355,21.76342349233769,21.205645713016928,21.71732521057129,8736000
2010-11-30,21.555056280969254,21.9948247954948,21.48222400593339,21.85284423828125,15648000
2010-12-01,22.303684346369685,23.048616140538986,22.18751982746069,22.881744384765625,14105000
2010-12-02,22.87344685706909,22.973939895629883,22.61345883897266,22.973939895629883,10802000
2010-12-03,22.86330738460107,22.992379085345515,22.604240786342555,22.96380043029785,7642000
2010-12-06,22.795077917782645,23.38051288125466,22.795077917782645,23.33994674682617,7605000
2010-12-07,23.46441092939044,23.570434341580658,22.72685423461064,22.751747131347656,8389000
2010-12-08,22.74344780248512,23.11775736902508,22.69642808774305,23.107614517211918,8361000
2010-12-09,23.09379654780348,23.430306209909112,22.753599373553858,23.16109848022461,7740000
2010-12-10,23.189669252358616,23.487457275390625,23.07903690017204,23.487457275390625,8104000
2010-12-13,23.470864294912403,24.036938538541172,23.28370861053913,23.91063117980957,13835000
2010-12-14,23.92907640914545,23.97056399408941,23.389739563344087,23.4284610748291,7172000
2010-12-15,23.50681877098,23.601779645704024,22.85500509010097,22.976701736450195,12579000
2010-12-16,23.04861191298722,23.4183107899384,20.12604785208166,20.604537963867188,90628000
2010-12-17,20.66815636283483,20.764038699536915,19.82181177263259,20.398948669433597,63476000
2010-12-20,20.402629705250536,20.733608828713248,20.37589393544325,20.609146118164062,27406000
2010-12-21,20.725315979307798,20.835950114607552,20.145413043016788,20.262500762939453,32115000
2010-12-22,20.24589888887953,20.41830275093614,19.860526791437312,20.04307174682617,24424000
2010-12-23,20.032932798860724,20.14172228165617,19.982225568299683,20.126049041748047,12985000
2010-12-27,20.1260424822566,20.760339859645647,20.055974523787345,20.71147727966309,14670000
2010-12-28,20.74467421713024,20.90509237500591,20.567661380589797,20.699499130249023,9294000
2010-12-29,20.6884419238831,20.84793868469521,20.62390606886552,20.78616714477539,6478000
2010-12-30,20.74375876592189,20.83595360102003,20.60915490455848,20.62574958801269,7649000
2010-12-31,20.60822394264572,20.806442131041123,20.56397030157159,20.66169548034668,3826000
2011-01-03,20.87650813786641,20.880197406643905,20.221007020778988,20.361141204833984,19272000
2011-01-04,20.39618141915643,20.623903274536133,20.363913496019617,20.623903274536133,13638000
2011-01-05,20.623894942999037,21.37343541215848,20.622971746660983,21.231454849243164,27856000
2011-01-06,21.365227435645,21.46301631050522,21.04325826021587,21.321866989135746,15872000
2011-01-07,21.323715046084068,21.539589983709767,21.12997959367805,21.319101333618164,13989000
2011-01-10,21.343088207700443,21.416891769895184,21.136437177785734,21.236995697021484,10565000
2011-01-11,21.329249286370096,21.40305284405516,21.070013916083,21.163190841674805,8972000
2011-01-12,21.27389670955175,21.479625701904297,21.19363535724048,21.479625701904297,10265000
2011-01-13,21.48055027672613,21.542360305786133,21.33755508751098,21.542360305786133,7222000
2011-01-14,21.558965576600887,21.85602569580078,21.522986709888333,21.85602569580078,10951000
2011-01-18,21.79236761096439,22.0469910470953,21.79236761096439,21.922447204589844,6672000
2011-01-19,21.838491756150077,21.90952742999764,21.70379847584267,21.713024139404297,12053000
2011-01-20,21.56357716348333,22.03407553904743,21.036802757120096,21.689043045043945,29098000
2011-01-21,21.86433584180898,21.86433584180898,21.524838964255533,21.544212341308597,7896000
2011-01-24,21.545130106025788,22.122643146978334,21.53775027612196,22.0488395690918,10130000
2011-01-25,22.047909084118693,22.319137964766675,21.69641886526091,22.28315734863281,13369000
2011-01-26,22.47320719354766,22.47320719354766,21.957504285117977,22.157695770263672,6900000
2011-01-27,22.1945962749194,22.255484253184683,21.953812237181545,22.05898094177246,5775000
2011-01-28,22.063590737743745,22.189056585897657,21.64014284036856,21.667818069458008,6191000
2011-01-31,21.58756013125684,21.82465425029005,21.471319927732075,21.81911849975586,6239000
2011-02-01,21.24715404647996,22.314539237380767,21.24715404647996,21.970430374145508,9623000
2011-02-02,21.99902252692477,22.358814740159826,21.972267564865223,22.08481788635254,10310000
2011-02-03,22.048831714728323,22.87635599456849,21.86893566768952,22.638338088989254,18662000
2011-02-04,22.6761696922776,23.01105453143412,22.510111210687,22.809017181396484,7830000
2011-02-07,22.81177695989984,23.19002039193851,22.81177695989984,23.061786651611328,6289000
2011-02-08,23.24722333266094,23.24722333266094,22.912340275881785,23.02765846252441,5801000
2011-02-09,22.92895045908864,23.21217125139063,22.83300562372333,22.92526054382324,6012000
2011-02-10,22.83022987713261,23.34039699874155,22.83022987713261,23.26013565063477,7186000
2011-02-11,23.13283291706681,23.510152694944598,23.10331007667735,23.385610580444336,5565000
2011-02-14,23.297964607130726,23.869019813055164,23.297964607130726,23.521221160888672,11144000
2011-02-15,23.54427945992866,23.66882329157125,23.433573245263386,23.62638664245605,6887000
2011-02-16,23.695584755474982,23.87824875370116,23.412363970201135,23.467716217041016,8418000
2011-02-17,23.096847221444968,23.432654060610112,22.93540247166163,23.231538772583008,14951000
2011-02-18,23.24814850123293,23.357008903993595,23.03227177326782,23.13190650939941,8877000
2011-02-22,22.63095667541377,23.11252468385008,22.52301835091016,22.821924209594727,6916000
2011-02-23,22.82193113337608,22.99905934660489,22.518413230789697,22.521181106567383,8440000
2011-02-24,22.60236372822382,22.74535890772122,22.414164018346952,22.52671432495117,9580000
2011-02-25,22.759188816725946,23.002740678903628,22.603278109935683,22.76011085510254,9826000
2011-02-28,22.8403813891266,22.86529051225502,22.1798391645451,22.1927547454834,13373000
2011-03-01,22.372648554244712,22.785948861662785,22.174301147460938,22.174301147460938,12126000
2011-03-02,22.24257292308671,22.782261204584945,22.177995018594537,22.711225509643555,7798000
2011-03-03,22.78133329262927,23.22046468958037,22.7610378877686,23.21585273742676,10239000
2011-03-04,23.054412647377028,23.22785095411253,22.93171462647056,23.04057502746582,6887000
2011-03-07,23.05533094700392,23.33024978081089,22.736131384739387,22.8117790222168,7923000
2011-03-08,22.80716004134947,23.20754462823889,22.602354916834617,22.97137260437012,8048000
2011-03-09,22.943706835335355,23.23430739427635,22.82562077472397,22.87728309631348,8961000
2011-03-10,22.83115103888284,22.83115103888284,22.3357453518894,22.46951484680176,10315000
2011-03-11,22.327439278212267,22.97137580454432,22.327439278212267,22.91786766052246,5006000
2011-03-14,22.80532426310156,23.025812934537363,22.715837236450277,22.956623077392575,7354000
2011-03-15,22.418778933723413,22.74812800377257,22.313608450220265,22.57007598876953,9512000
2011-03-16,22.51473082014631,22.91880562604315,22.499047358589603,22.53779411315918,9587000
2011-03-17,22.745365565304056,22.97138828335843,22.35236053603749,22.48797416687012,6941000
2011-03-18,22.558999180697278,22.71859982570668,22.270242758045807,22.29607391357422,9169000
2011-03-21,22.448296968560346,22.87912478955789,22.448296968560346,22.87543487548828,7056000
2011-03-22,22.840380004772346,22.999058640639028,22.7305975734507,22.764732360839844,8083000
2011-03-23,22.7527389987758,22.91233967459319,22.67063180450234,22.77395820617676,6606000
2011-03-24,22.85421324362981,23.3496188691446,22.64940809354593,23.2767391204834,8619000
2011-03-25,23.249986906374914,23.368072946954616,22.820081152119123,22.85144805908203,11570000
2011-03-28,23.133748897446747,23.458484220140143,22.86344376801842,23.28227806091309,13286000
2011-03-29,23.190944754380094,23.332094076027555,23.010124899964342,23.22138786315918,7479000
2011-03-30,23.66791178060889,24.205756120211724,23.2666031136068,23.401294708251957,19207000
2011-03-31,23.347778802259405,23.593174801436952,23.16788273620523,23.222312927246094,8263000
2011-04-01,23.249079975630544,23.53691455665745,23.2426221823309,23.391151428222656,7964000
2011-04-04,23.51660875425104,24.1088832019381,23.511996800563985,24.101503372192383,9017000
2011-04-05,23.988951512943427,24.40870965620737,23.93083139828447,24.256488800048828,14002000
2011-04-06,24.3589475063017,24.51586982029955,24.17617928839504,24.50571632385254,9952000
2011-04-07,24.50755895119639,24.55279103903811,24.262022889135512,24.47709846496582,7454000
2011-04-08,24.645104241172422,24.64602856693882,24.276798276604357,24.282337188720703,8661000
2011-04-11,24.26572588994666,24.68757062744651,24.199264216341135,24.610031127929688,7560000
2011-04-12,24.05064405430668,24.671871892825436,24.05064405430668,24.273103713989254,9672000
2011-04-13,24.46509917916556,24.919251122778284,24.412484809392645,24.900789260864254,12726000
2011-04-14,24.741092526798376,24.91555409375992,24.647862431680608,24.81863021850586,6235000
2011-04-15,24.831557220575384,24.87401985349693,24.38663798535388,24.69955825805664,12410000
2011-04-18,24.59894962397492,24.60171907984044,24.32110436040637,24.466026306152344,6748000
2011-04-19,24.54079597512453,24.81863947402478,24.50664170077458,24.65156364440918,5973000
2011-04-20,24.858322077016943,25.269088716926287,24.78816842804722,24.92478370666504,7363000
2011-04-21,24.922954433434104,25.23218283778796,24.82603225540864,25.22572135925293,7145000
2011-04-25,25.22571475320833,25.29217641242992,24.98664011002044,25.054946899414062,5667000
2011-04-26,25.026331256371343,25.67063556390802,25.026331256371343,25.5100212097168,6497000
2011-04-27,25.4823277801955,25.49986531808932,25.070636675052864,25.41771125793457,5516000
2011-04-28,25.414943681622272,25.462019144968743,25.29402076391853,25.356788635253903,4601000
2011-04-29,25.356780301153137,25.46662712097168,25.241396332573885,25.46662712097168,7510000
2011-05-02,25.566328264523342,25.84601864433507,25.38263570642292,25.411251068115234,8273000
2011-05-03,26.03063323028941,26.473707403928486,25.870017125740493,26.065710067749023,14846000
2011-05-04,25.81371320399585,26.134941922650125,25.682636773619137,26.066635131835938,10899000
2011-05-05,25.895864936344,26.02878648492959,25.206328571001592,25.338329315185547,10772000
2011-05-06,25.38632839569381,25.633711382407387,25.280173560054035,25.31525039672852,6294000
2011-05-09,25.340178070772208,25.78048461481563,25.21002595925111,25.732484817504883,5102000
2011-05-10,25.845100188923023,25.9974061932013,25.743561678990453,25.94756126403809,5248000
2011-05-11,25.93832699845611,26.030634562844707,25.57463565252633,25.67340469360352,6754000
2011-05-12,25.575557959215796,26.099861855286232,25.54140368772073,26.03986167907715,7240000
2011-05-13,26.05555453442828,26.098939738440485,25.796171157222748,25.84601783752441,5834000
2011-05-16,25.68079053938251,26.04909649712535,25.55063843140376,25.767560958862305,6069000
2011-05-17,25.86817198253299,26.049093320459715,25.52386508447002,26.03524780273437,11190000
2011-05-18,25.84786070799795,26.11647321473617,25.654014688843183,25.97062873840332,7085000
2011-05-19,26.07309185519695,26.284475426698023,25.93832342834981,26.220783233642575,6320000
2011-05-20,26.28631712515817,26.28631712515817,25.598629564157672,25.621706008911133,9856000
2011-05-23,25.33832836986537,25.436173077145163,24.911869183159,25.10386657714844,9176000
2011-05-24,25.21463774596509,25.21832976679128,24.776178141533816,24.93125534057617,7887000
2011-05-25,24.74294796435196,25.43340514982523,24.738331617896723,25.336483001708984,9383000
2011-05-26,25.29217381173242,26.18109335063336,25.153713356390096,26.03986167907715,14866000
2011-05-27,26.04817649482769,26.429405444363923,25.98725373854428,26.329713821411133,11587000
2011-05-31,26.471862775009768,26.637093479379917,26.34909471372205,26.49678611755371,9573000
2011-06-01,26.45524513789165,26.56232077867702,25.90694046020508,25.90694046020508,8658000
2011-06-02,25.90971267232888,26.382324815185797,25.79986756422881,26.0998649597168,8623000
2011-06-03,25.754631405699957,26.09339937009632,25.43155760926761,25.57463264465332,7016000
2011-06-06,25.54694576277116,25.636483875367954,25.01987058521117,25.100177764892575,9254000
2011-06-07,25.200787623541512,25.582938998848608,25.200787623541512,25.31063270568848,10541000
2011-06-08,25.160168731635267,25.16663020624697,23.846637213445284,24.92293930053711,30792000
2011-06-09,24.786328779726524,25.20725079652272,24.752176270558675,25.07986640930176,8317000
2011-06-10,24.958944885778376,25.07155943703995,24.474332409044948,24.648792266845703,10220000
2011-06-13,24.647871649424737,24.84633229777373,24.58048742634263,24.684795379638672,9258000
2011-06-14,24.83063742608344,25.38078897949504,24.78817654904448,25.30325126647949,8926000
2011-06-15,25.022626409144127,25.4472402888257,24.9663200378418,24.9663200378418,10766000
2011-06-16,24.966329473175275,24.966329473175275,24.475253783494125,24.61648368835449,8746000
2011-06-17,24.762330682390324,25.14448209756296,24.44940861367828,24.5620231628418,12558000
2011-06-20,24.552800331456016,24.983874211131955,24.49556959680777,24.918336868286133,6104000
2011-06-21,25.022634648340546,25.425094785736363,24.93401911994733,25.294940948486328,6106000
2011-06-22,25.206319544152706,25.504471677139797,25.02816772460937,25.02816772460937,5425000
2011-06-23,24.821408473745525,25.21186828613281,24.655255212251333,25.21186828613281,6659000
2011-06-24,25.19986329803859,25.31063270568848,24.95524979694593,25.31063270568848,12495000
2011-06-27,25.207256384264053,25.30417854358226,24.959873356404977,25.16294860839844,8099000
2011-06-28,25.3623206960269,25.75370294318192,25.28662813212759,25.682626724243164,10349000
2011-06-29,25.73986506881544,28.597696837879468,25.405713427784907,28.587541580200195,44579000
2011-06-30,28.31800894268956,28.59216220743108,27.65339758181332,27.815858840942383,37687000
2011-07-01,27.73647480157601,29.135851238088478,27.655243290003817,29.02785301208496,24158000
2011-07-05,28.838624255483243,29.328775755253982,28.7998553893498,29.16539192199707,10387000
2011-07-06,29.08226863990801,29.30114194046004,28.816297515409165,28.89664459228516,10999000
2011-07-07,28.85601464262829,29.76290244404988,28.85601464262829,29.461837768554688,21592000
2011-07-08,29.00376812755273,29.315914040883424,28.91880428187048,29.117359161376957,10455000
2011-07-11,28.92343005534171,28.9382051546649,28.351777446406203,28.394258499145508,10621000
2011-07-12,28.45982048243874,28.582648595958503,28.04978162486341,28.06640625,13843000
2011-07-13,28.254805451894544,28.624211091633725,28.231718039775007,28.249265670776367,12417000
2011-07-14,28.12181857798861,28.721177050591532,28.12181857798861,28.229869842529297,9649000
2011-07-15,28.312059465621516,28.564178480604987,28.20677897846955,28.402563095092773,10013000
2011-07-18,28.318524010583744,28.57987834143561,28.07010053111274,28.402563095092773,11773000
2011-07-19,28.56878845862588,28.884629844913576,28.478284850693885,28.757184982299805,10771000
2011-07-20,28.858783187544187,28.88556437485654,28.30652248298584,28.46906089782715,5922000
2011-07-21,28.623287136244063,29.084119434214845,28.498612993525335,28.676851272583008,8257000
2011-07-22,28.694391625905265,29.156146838403057,28.538319547779675,29.01115608215332,6793000
2011-07-25,28.653763390688702,29.433206199652894,28.59927625193881,29.21525764465332,7013000
2011-07-26,29.216179032662456,29.427663030041,28.84769817364283,28.88371467590332,5409000
2011-07-27,28.756273321039817,28.952057468286316,27.980524281321504,27.99068260192871,10670000
2011-07-28,28.06825349831121,28.82460880161008,27.95558546009693,28.34253692626953,11385000
2011-07-29,27.894638687783267,28.3388481350728,27.66837780693964,28.005460739135746,8973000
2011-08-01,28.46628725071366,28.781205727927688,27.799512553507043,28.08580207824707,7046000
2011-08-02,27.974980603479544,28.57433908812604,27.565866470336918,27.565866470336918,11625000
2011-08-03,28.832929392251906,31.4381523969256,28.77105293269489,31.2580680847168,51905000
2011-08-04,30.82954743250504,30.99393358165539,29.792444229125977,29.792444229125977,24544000
2011-08-05,30.36225732139197,30.56266177306559,28.93728112604409,30.15631484985352,23768000
2011-08-08,29.078575368790663,29.76474371513876,26.936031238588317,26.96281242370605,28694000
2011-08-09,27.697930290973968,29.811843872070312,27.20108149239727,29.811843872070312,26779000
2011-08-10,28.999154043732023,29.663158005168324,28.038703983623225,28.04793930053711,29809000
2011-08-11,28.55771472149564,30.475845667587784,28.250185564295617,30.23480796813965,25496000
2011-08-12,30.3835017762517,30.727045736834253,29.384262577141435,30.2976131439209,12999000
2011-08-15,30.57005632560333,31.26083991206781,30.11199292874354,30.937612533569336,14919000
2011-08-16,30.828638228402102,31.21466507555577,30.33271407255896,30.937612533569336,14729000
2011-08-17,31.13338704965549,31.172174320821664,29.838624958590948,30.12676048278809,14693000
2011-08-18,29.32515635798229,29.55234024132893,27.955590273114705,28.15876197814941,21241000
2011-08-19,27.82444276156235,28.656526479631665,27.7053101954632,27.7200870513916,15611000
2011-08-22,28.438593166038103,28.5087801866216,27.83461593989819,28.259431838989254,10295000
2011-08-23,28.511535821003417,29.78228738505492,28.09872796879943,29.77305030822754,10723000
2011-08-24,29.765666365245007,30.45829924884994,29.4553681861886,30.03256225585937,11707000
2011-08-25,30.1156782726642,30.428748983540437,29.64099392723918,29.81645965576172,8263000
2011-08-26,29.628988571461324,30.199718108501635,28.94004944675014,30.04456901550293,10520000
2011-08-29,30.426901846064226,30.840636305945768,29.720416814562057,30.23296546936035,15119000
2011-08-30,30.04456722654346,30.64207791340497,29.645611433183998,30.450910568237305,11211000
2011-08-31,30.74735055403601,31.006858835009425,30.1184402690982,30.449058532714844,10337000
2011-09-01,30.487850729615158,30.95329796405463,30.336393664045808,30.481386184692383,10556000
2011-09-02,29.79705970618211,30.16369270885105,29.556948574715065,29.615129470825195,8722000
2011-09-06,28.913266498743145,29.8589413810034,28.76919873768847,29.82938766479492,12269000
2011-09-07,30.30407035643768,31.338401047095115,30.23019135427564,31.316238403320312,16441000
2011-09-08,31.14540448761257,31.87313295547015,30.972707691258567,31.206357955932617,16012000
2011-09-09,31.04658111514104,31.17864457567482,29.725960601457476,29.738889694213867,17671000
2011-09-12,29.547714904310943,30.059338674216065,29.062870553502982,29.740726470947266,15418000
2011-09-13,29.77027848749441,30.3733306087706,29.55694853537454,30.370561599731445,10394000
2011-09-14,30.478608976556608,31.2756009319032,30.14245269214301,31.143537521362305,17896000
2011-09-15,31.283913122059133,32.2822289946122,30.52478891040728,32.13261795043945,22126000
2011-09-16,32.30716778658886,32.50756868139993,31.23220026546604,32.041194915771484,52441000
2011-09-19,31.54251075947582,32.50758139308098,31.300553490623635,32.136329650878906,16494000
2011-09-20,32.165867022840395,33.42553366849555,32.165867022840395,32.67194747924805,22902000
2011-09-21,32.74398920829934,32.9213009400254,31.485241842244317,31.488937377929688,14182000
2011-09-22,30.66424372795427,31.21650265580205,29.8506339572918,30.56450653076172,22186000
2011-09-23,30.48323672198713,31.227586024802328,30.31146299297286,31.125076293945312,12941000
2011-09-26,31.384586646184776,31.76507187417286,30.580206849919275,30.88219451904297,15891000
2011-09-27,31.31439791583958,31.5831398353554,30.796307714621044,31.224817276000977,12272000
2011-09-28,31.22019277044281,31.3993540158822,30.39734606410969,30.45921897888184,10268000
2011-09-29,31.065044208599364,31.1952581079006,29.688089118529,30.325313568115234,10228000
2011-09-30,29.92359098598992,29.9429846241244,28.85785860752806,29.290061950683597,17195000
2011-10-03,29.04440078213293,29.921736306228052,28.63805574094039,28.7100887298584,14377000
2011-10-04,28.441350583112836,28.505996029227543,27.059778758088868,28.412721633911133,27000000
2011-10-05,28.460768134761,28.992046375804087,27.929491656033527,28.95046806335449,16059000
2011-10-06,28.874702246040737,29.46603843408915,28.56979521248281,29.22118759155273,13364000
2011-10-07,29.338531682145145,29.497452017678288,28.57718842483253,28.777687072753903,12340000
2011-10-10,29.1537337994305,30.10449057663909,29.1537337994305,30.10356712341309,9527000
2011-10-11,29.85503111715278,30.78361300333468,29.75154792579828,30.44544219970703,10954000
2011-10-12,30.89817945043392,31.17166968848682,30.22276141118344,30.304994583129883,14183000
2011-10-13,30.222757816434235,31.336132305203737,30.171939688959974,31.044158935546875,12993000
2011-10-14,31.25759725273398,31.869258179460925,31.16704595954604,31.56065559387207,8943000
2011-10-17,31.49227992121516,31.614242719982805,30.83996240484019,30.963775634765625,9065000
2011-10-18,31.009061164942885,31.55142450333305,30.59789873186885,31.40451431274414,10625000
2011-10-19,31.41466857599869,31.424833611490318,29.90029681486155,29.91507911682129,12912000
2011-10-20,30.164551952129564,30.432501468296756,29.79681660091187,30.09156036376953,12506000
2011-10-21,30.465764946554284,30.82426225733254,30.17656541408352,30.804859161376957,10032000
2011-10-24,30.74941756999053,31.51630680746353,30.74941756999053,31.478424072265625,8156000
2011-10-25,31.241887768244684,31.398962944552093,30.21352030744569,30.26064109802246,8323000
2011-10-26,30.730940454307028,30.766052832335728,29.98992547294032,30.403858184814453,10964000
2011-10-27,31.04602091561996,32.30075824030636,30.600669544592535,32.26010513305664,16934000
2011-10-28,32.022642185199146,32.80061649673129,31.984759444683355,32.761810302734375,9729000
2011-10-31,32.44489705313369,32.89301524632611,31.97737223591781,32.08362579345703,9254000
2011-11-01,31.113452139787444,31.507058182040307,30.80115226986531,30.88800621032715,12690000
2011-11-02,33.359613984475544,33.70609938546673,32.470765296805055,33.046390533447266,30756000
2011-11-03,32.83294659685499,34.00083298133975,32.80153156337102,33.87147903442383,14512000
2011-11-04,33.709788050793875,34.093229117179455,33.17943332099486,33.270904541015625,12421000
2011-11-07,33.444617013649406,33.81235593851768,33.14617939747016,33.80865859985352,10310000
2011-11-08,34.0128529086399,34.0932356553975,33.544404705390214,34.00823211669922,9154000
2011-11-09,33.41875245793023,33.857636155834655,33.02606964111328,33.02606964111328,11119000
2011-11-10,33.46679710697072,33.512994459092205,32.83480591014098,33.27276611328125,6778000
2011-11-11,33.49913119459405,34.2207431152276,33.49728428764937,34.200416564941406,10283000
2011-11-14,33.84190890988068,34.48221443395059,33.81788855303605,33.93430709838867,6941000
2011-11-15,33.94910018935063,34.514563889155134,33.909370541747926,34.309444427490234,8888000
2011-11-16,34.04980533152627,34.170844678627375,33.354984283447266,33.354984283447266,9753000
2011-11-17,33.44094461921133,33.88999003599667,32.95124254960564,33.20625686645508,11423000
2011-11-18,33.40858356769007,33.447389761501576,32.893011032525244,33.3014030456543,10586000
2011-11-21,32.801538348364865,32.96785160726741,32.22868352582911,32.50494766235352,14079000
2011-11-22,32.52806193262044,33.110155061741764,32.5234411388434,32.75905227661133,7707000
2011-11-23,32.647243922057825,32.773827562132034,32.02172392463037,32.06607437133789,9350000
2011-11-25,31.904355999746123,32.4836817620778,31.876638311704408,31.987512588500977,3939000
2011-11-28,32.88561159787599,33.2616650214535,32.78212844044077,33.19329071044922,10898000
2011-11-29,33.267211301936584,33.39748870994943,32.80061008704117,33.04823303222656,7204000
2011-11-30,34.00362160769472,34.620830596104184,33.82160253098744,34.606971740722656,12752000
2011-12-01,34.40923624987407,35.29161726452627,34.40923624987407,35.199222564697266,12151000
2011-12-02,35.452375702095864,35.571568142405376,34.96083068847656,34.96083068847656,9320000
2011-12-05,35.38679087724813,35.42005283292703,34.18748889301937,34.448970794677734,10981000
2011-12-06,34.37596891892039,34.64668880118969,34.20226098904642,34.306671142578125,8895000
2011-12-07,34.29374189558417,34.646695014428175,33.85024098194391,34.58848571777344,7934000
2011-12-08,34.49238082428069,34.935881572662566,34.08214201521709,34.12279510498047,8544000
2011-12-09,34.505311928876104,35.04582806833322,34.1708386215615,34.87212371826172,8405000
2011-12-12,34.554294739101394,34.67718102475313,34.10155579196343,34.30482482910156,6025000
2011-12-13,34.615265117348294,34.64390626428506,33.83821451716113,34.08860778808594,7006000
2011-12-14,33.82159406707139,33.916762648076414,33.26259805056629,33.36608123779297,10399000
2011-12-15,33.996217280701515,33.99806771209931,33.16742491846969,33.18960189819336,7661000
2011-12-16,33.274617770632915,33.812363908166446,33.10460712001201,33.462181091308594,8399000
2011-12-19,33.51207540386327,34.00177374496022,33.077812482735034,33.14618682861328,10939000
2011-12-20,33.568428450277445,34.57184874805005,33.26351962686475,34.54782485961914,13179000
2011-12-21,34.4766809484812,34.6023411142116,33.88072566400367,34.57277297973633,7936000
2011-12-22,34.61990345832547,34.79268092997074,33.96388833480378,34.302059173583984,9340000
2011-12-23,34.49239193407641,34.9395866394043,34.34917557128735,34.9395866394043,4655000
2011-12-27,34.998706432712765,35.23246695102881,34.569988048988314,34.625423431396484,4448000
2011-12-28,34.82407307456295,34.82407307456295,34.31497200623889,34.535797119140625,5252000
2011-12-29,34.555215547843105,34.96268409371234,34.5247274856165,34.9506721496582,4874000
2011-12-30,34.924803130130925,34.94328277387432,34.44711685180664,34.44711685180664,5216000
2012-01-03,34.95992237183854,34.98486619492434,33.78094695189969,34.03596115112305,14708000
2012-01-04,33.7218143322072,33.88535374891821,32.5761008630233,32.91611862182617,22841000
2012-01-05,32.7035159209844,32.87267079151721,32.40310135613858,32.57503128051758,14757000
2012-01-06,32.66282744446674,32.72198860386695,31.59243288791374,31.69780731201172,20887000
2012-01-09,31.878047923566804,32.150732920964444,31.621078817617853,31.96586227416992,11486000
2012-01-10,32.2367082135465,32.47056725450906,31.912259735875622,32.244102478027344,10252000
2012-01-11,31.42605898167234,31.941845149889183,31.34009226955876,31.56378555297852,14353000
2012-01-12,31.566542194702023,31.87619848350714,31.38721813558575,31.732925415039062,13262000
2012-01-13,31.57487444295305,31.97973952018288,31.180175157252968,31.342863082885746,12545000
2012-01-17,31.52681644938231,32.07495835951478,31.475053054631875,31.97974967956543,11118000
2012-01-18,31.98158317232237,32.769130433686165,31.952006117657124,32.572242736816406,12440000
2012-01-19,32.859725024247176,32.90686567140857,32.400321452097515,32.62031936645508,8855000
2012-01-20,32.34948034928334,32.35225187616221,31.196814309156416,31.488910675048828,18952000
2012-01-23,31.42327693796976,31.78839560733059,31.08219227104611,31.34100914001465,10343000
2012-01-24,31.28555401038132,31.85310350319711,31.178328355376006,31.675630569458008,6830000
2012-01-25,31.6275723968017,32.34117030141651,31.52034670844379,32.23856735229492,8994000
2012-01-26,32.260757192856566,32.80889564844763,32.09529766612367,32.15168380737305,9230000
2012-01-27,32.144284959061046,32.50940024577499,31.94647333457178,32.24041748046875,7243000
2012-01-30,32.07217250744743,32.57132238258602,32.005620601208534,32.53434753417969,8240000
2012-01-31,32.84863140859231,33.1518209777062,32.577797481065105,32.86711883544922,10633000
2012-02-01,33.11392006901419,33.39030055874334,32.90686301772134,33.056610107421875,14580000
2012-02-02,33.938437477574695,35.51815144007785,33.938437477574695,35.27042770385742,35026000
2012-02-03,35.314805309715595,36.169828641814384,35.314805309715595,36.07924270629883,22332000
2012-02-06,36.32695983867458,36.32695983867458,35.77235116448131,36.170745849609375,11256000
2012-02-07,36.23359851849158,36.46376218676834,35.92486594289272,36.31863784790039,12568000
2012-02-08,36.32880839087373,36.526619974590446,36.07276652687577,36.50351333618164,10090000
2012-02-09,36.97124965154048,37.13948071447635,36.44436660569963,36.64125442504883,10000000
2012-02-10,36.41940989449418,36.69486664459569,36.27243780318501,36.617218017578125,7484000
2012-02-13,36.92963208965175,36.97400120139158,36.54140676957259,36.664344787597656,5847000
2012-02-14,36.64770717991231,36.655101444613095,36.40275497188462,36.56266784667969,7660000
2012-02-15,36.863085228573055,36.94904841089017,36.29460833083388,36.3232650756836,7305000
2012-02-16,36.42861557449963,36.59222724999548,36.02837346109052,36.34080123901367,7223000
2012-02-17,36.48593660660086,36.6957651181817,36.26131956967728,36.604251861572266,7688000
2012-02-21,36.5534355815465,37.04703907139733,36.42033171659748,36.93242263793945,11588000
2012-02-22,36.78729438246312,37.76340809568824,36.78729438246312,37.60534286499024,10087000
2012-02-23,37.60164889995466,37.6922348398655,37.36501472940284,37.53786849975586,8216000
2012-02-24,37.74306082726521,38.70808106678659,37.54617311574234,38.41691207885742,12869000
2012-02-27,38.11372694448587,39.01496682695227,37.98801387163603,38.952110290527344,8754000
2012-02-28,38.95857545354127,39.37730514889528,38.82362044995996,39.18966293334961,9691000
2012-02-29,39.20446309549983,39.61487480711574,38.60178990048423,38.82270812988281,10991000
2012-03-01,39.05287461358475,39.12589695825091,38.545406518683016,38.86245727539063,8726000
2012-03-02,38.49919433369256,38.77372368561572,38.1460925204446,38.15533447265625,9652000
2012-03-05,38.31618363516283,38.75802384749493,38.09526529205576,38.60273361206055,8318000
2012-03-06,37.98801571858542,38.09524137263437,37.554493890748205,37.744911193847656,9358000
2012-03-07,38.01945389969286,38.35961484931416,37.95844502896395,38.059200286865234,8394000
2012-03-08,38.31062605285119,38.72381291192912,38.22651053280661,38.5694465637207,7095000
2012-03-09,38.65355366013672,38.92161253902036,38.40767405208848,38.77833938598633,7354000
2012-03-12,38.64431299475334,39.158251545671234,38.59439728775245,38.80977249145508,6463000
2012-03-13,39.007569745549326,39.13143159877188,38.526907334240846,39.120338439941406,7528000
2012-03-14,39.04640519206942,39.3893376520032,38.69884999340783,38.9539680480957,6175000
2012-03-15,38.95396287865213,39.09908723606785,38.63783599828204,38.78111267089844,5888000
2012-03-16,38.70161813813629,38.949345430992665,38.64523201415841,38.83842086791992,7608000
2012-03-19,38.80145681994655,39.5714408521392,38.75061726719497,39.29320907592773,8011000
2012-03-20,39.11666455359806,39.18506417634803,38.604573595111,38.72843551635742,5960000
2012-03-21,38.82733377872293,39.0972438862243,38.627674488661405,38.63229370117188,5995000
2012-03-22,38.587006711358725,38.94565512023157,38.36146569184546,38.53062057495117,6306000
2012-03-23,38.47329145358228,39.41058215660235,38.47329145358228,39.193359375,6644000
2012-03-26,39.49656043245699,40.44586849845368,39.28580799099026,40.272090911865234,10460000
2012-03-27,40.25637806291616,40.29242907807231,39.80807113647461,39.80807113647461,7299000
2012-03-28,40.09831237519065,40.18519940336806,39.26731963315446,39.51781845092773,6837000
2012-03-29,39.24975266744176,39.59176119148432,38.96874946826242,39.582515716552734,5092000
2012-03-30,39.62041321764805,39.62780748170216,38.82270012419944,38.87261581420898,10180000
2012-04-02,38.99278146606152,40.14821904947628,38.73026920650932,39.9365463256836,8944000
2012-04-03,39.90513361792784,40.72688109127958,39.658330107452194,40.48839569091797,11526000
2012-04-04,40.180372674412034,40.37554644022407,39.41633581716244,39.86125564575195,9824000
2012-04-05,39.81871074528846,40.9027927902036,39.653137822211846,40.68542098999024,8506000
2012-04-09,40.04623562679252,40.96566877262253,39.97316325489774,40.633602142333984,8574000
2012-04-10,40.6335964707379,40.787144053505656,39.23686956413751,39.28681945800781,12612000
2012-04-11,39.73453244717978,39.99815270677325,39.517160674991,39.77800750732422,5751000
2012-04-12,39.8214675606129,40.16463850701734,39.74654623231434,40.14243698120117,5312000
2012-04-13,40.11008912281412,41.0508000070775,39.8658933491436,40.74185562133789,10572000
2012-04-16,40.7797581380477,40.83525490191012,39.6827267052452,40.02034378051758,7687000
2012-04-17,40.22013512692579,40.6289791168286,40.18868884634777,40.55405426025391,5232000
2012-04-18,40.45046010561782,40.78900517465925,40.32651333777981,40.39403533935547,5208000
2012-04-19,40.43845777845428,40.77237713033496,39.99076788255465,40.40515899658203,6880000
2012-04-20,40.700205170718455,41.00359899000838,40.46618583104728,40.7399787902832,9070000
2012-04-23,40.33022150955562,40.46156763240055,38.918695284166034,39.79835510253906,12354000
2012-04-24,39.7964973473772,40.31726644819552,39.4672040796612,39.80204772949219,6525000
2012-04-25,40.2071854192966,41.16732025146485,39.93524142866352,41.16732025146485,9781000
2012-04-26,41.11459406927796,42.22457148057575,41.11459406927796,41.99240112304688,10407000
2012-04-27,42.37441909985424,42.765687423655386,42.13392141830781,42.32539367675781,11799000
2012-04-30,42.49374710850096,42.57792025268874,41.748210521238434,41.83423614501953,9794000
2012-05-01,42.16538752054274,43.19489710374751,41.96374242650742,42.170013427734375,17580000
2012-05-02,41.31809845452417,42.38275566725503,40.6992855037027,41.758392333984375,21649000
2012-05-03,41.9017797421396,42.06550373725403,40.670628226894735,40.924072265625,15116000
2012-05-04,40.421790773734166,40.87595884159873,40.129494157186,40.67061233520508,14684000
2012-05-07,40.20440963497228,40.96012242783718,40.20440963497228,40.34038162231445,10801000
2012-05-08,40.14521937796643,40.34316654350821,39.13143659874023,39.92599868774414,10400000
2012-05-09,39.38765773581387,39.96299560973139,38.94181349056249,39.111087799072266,9996000
2012-05-10,39.38580096601882,39.71416970045487,38.68928635373223,39.12495422363281,11555000
2012-05-11,38.84931052329896,39.554148973982464,38.75681357632309,39.07130813598633,7891000
2012-05-14,38.680045733559645,38.94181347470556,38.33502578735352,38.33502578735352,12164000
2012-05-15,38.36092125975758,38.84653907747107,38.236050022120345,38.33779525756836,6769000
2012-05-16,38.74571805447137,38.895564257971486,37.802234247861904,37.866058349609375,12951000
2012-05-17,38.27583643900382,38.27583643900382,36.86060861089012,36.868011474609375,12020000
2012-05-18,37.186194954299054,37.42206678932388,36.49615859985352,36.49615859985352,11113000
2012-05-21,36.629355090444825,37.997406141449005,36.46285773315374,37.97798156738281,12811000
2012-05-22,37.943747986883615,38.692061415147926,37.76337648705565,38.24251937866211,12319000
2012-05-23,38.03070457440484,38.58476888112331,37.607061890527,38.58014297485352,8750000
2012-05-24,38.85487261851697,39.66053206687322,38.48857909355316,38.83359909057617,10810000
2012-05-25,38.53020010684012,39.029692219260646,38.12043506690396,38.29063034057617,6948000
2012-05-29,38.60235150226551,38.82619459544536,38.21940684422739,38.48395156860352,4658000
2012-05-30,38.00757691217689,38.44509376722948,37.859579674798695,38.07047653198242,6743000
2012-05-31,38.13707713905111,38.20090123952699,36.90777514100306,37.60151290893555,10662000
2012-06-01,36.87077631392492,36.92905003453804,36.065116985651805,36.239013671875,11237000
2012-06-04,36.23159575768387,37.1399314870456,36.08359856432882,37.02338409423828,9667000
2012-06-05,37.0946191844618,37.90490433793209,37.02154327573428,37.75783157348633,9693000
2012-06-06,38.34705653784077,38.84747314453125,38.18055916086082,38.84747314453125,9733000
2012-06-07,39.266493883540136,39.318292758946285,38.29248448508218,38.45250701904297,9438000
2012-06-08,38.15095394555782,38.535747525959145,38.00850706846432,38.53019714355469,7441000
2012-06-11,38.89555750949378,38.96493198133911,38.248996323796526,38.279518127441406,5905000
2012-06-12,38.29432452114501,38.84006501578249,38.01127975007307,38.64119338989258,5788000
2012-06-13,38.39422417396477,38.68004592525379,37.73933552297975,37.90120697021485,6123000
2012-06-14,37.8910212188482,38.847454435853685,37.8817694087308,38.76142883300781,7452000
2012-06-15,39.10368722451878,39.4681282043457,38.844689389807925,39.4681282043457,8093000
2012-06-18,39.305335592164326,39.58838040158082,39.06206440760749,39.36915969848633,6307000
2012-06-19,39.68087614054508,39.75580100961462,39.38118372133288,39.54953002929688,6877000
2012-06-20,39.5735899424874,39.77338611242849,38.95292437378798,39.66423797607422,4999000
2012-06-21,39.66330937940844,40.02405252455982,38.94552099215469,38.95754623413086,5544000
2012-06-22,38.995459938230645,40.24418640136719,38.904811939570095,40.24418640136719,8706000
2012-06-25,40.037918270434176,40.17296580243161,39.63740158081055,39.63740158081055,7000000
2012-06-26,39.75117607474171,40.173894334795335,39.499581082282575,39.97964859008789,6198000
2012-06-27,40.06843262650555,40.3043043872126,39.8806618103728,39.95188522338867,4446000
2012-06-28,39.70862816329284,39.80944893610556,38.5496215212365,38.96956634521485,9629000
2012-06-29,39.53934978685583,39.79557065426825,39.37007902017848,39.78447341918945,9351000
2012-07-02,40.24327558663041,40.69281783052394,39.78910743512362,40.69004440307617,6180000
2012-07-03,40.6576598134092,41.013776981730445,40.40328788708491,40.86300277709961,4863000
2012-07-05,40.767660595949536,41.18974092530701,40.58161235493685,41.101806640625,5972000
2012-07-06,40.822292195688185,41.21290152349759,40.67511942829905,40.87782669067383,8164000
2012-07-09,40.20212912446296,40.26229620073239,39.181181407277045,39.91889190673828,11064000
2012-07-10,39.96793424069493,40.39649383845692,38.88681989169511,38.89885330200195,8211000
2012-07-11,38.77852245490877,38.90440364851428,38.212973360078486,38.86552810668945,6284000
2012-07-12,38.51009466273341,39.484765596198834,38.363847061340834,39.26909637451172,7646000
2012-07-13,39.358875838314255,39.82446071498559,39.24224922597491,39.7642936706543,6082000
2012-07-16,40.70564983987687,41.46742689170715,40.33262822693023,40.43907165527344,17479000
2012-07-17,40.57142986446978,40.7269320178722,39.807799182948685,40.32706832885742,6192000
2012-07-18,40.11234318704063,40.676042290410535,39.98646194520406,40.4326057434082,5775000
2012-07-19,40.56404383898537,40.63346195246638,39.61066055297852,39.61066055297852,8195000
2012-07-20,39.32926707719213,39.51161139579379,39.00807950511354,39.16728210449219,8963000
2012-07-23,38.53045083095261,38.74612001509972,38.068569921026565,38.50360870361328,9147000
2012-07-24,38.62394802335466,38.67022792902411,37.45952836577074,37.939918518066406,9457000
2012-07-25,38.22779285887038,38.41291605205448,37.62521825977397,38.16577911376953,6069000
2012-07-26,38.76649332211492,39.56437065221044,38.65542083763563,39.22467041015625,7061000
2012-07-27,39.22837950198285,40.42612075805664,39.17376659093645,40.42612075805664,9644000
2012-07-30,40.37521618274236,41.35173765081592,40.37521618274236,40.83339691162109,9897000
2012-07-31,41.00648273758723,41.0286993581353,40.09383229847059,40.40946578979492,11530000
2012-08-01,39.25428247487617,40.07807664868137,38.87570677265905,39.54214859008789,21723000
2012-08-02,39.40978966758708,39.71616848704022,38.69984670395301,39.19319534301758,11444000
2012-08-03,39.656001498506896,39.7087641896028,39.15339475947497,39.25798797607422,10280000
2012-08-06,39.26446688789421,39.57547475469172,38.78315166265112,38.8618278503418,7637000
2012-08-07,38.99512220571756,39.1395160866171,38.24444986538984,38.54249572753906,12179000
2012-08-08,38.50269783608869,39.52364887255211,38.42864715170297,39.28761672973633,10101000
2012-08-09,39.25059739127763,39.60325623810542,38.93496389230607,39.425540924072266,7074000
2012-08-10,39.18672793117074,39.60325424627547,39.18580282716059,39.433868408203125,4565000
2012-08-13,39.29872135736582,39.50142855466133,39.07194733680626,39.39683532714844,4039000
2012-08-14,39.528268706732206,40.09288915433829,39.46254750383745,39.62360382080078,5696000
2012-08-15,39.62360185781694,39.90313852213816,39.44958703582141,39.53196716308594,4050000
2012-08-16,39.545864391479846,39.88463958461122,39.43386678502892,39.664344787597656,4134000
2012-08-17,39.611568421186334,39.75133675325071,39.35332326479678,39.50605010986328,5416000
2012-08-20,39.53289049210704,39.67173371438132,39.21725714481239,39.54214859008789,4384000
2012-08-21,39.52642418446019,39.78374431011899,39.102493549863794,39.18209838867188,4232000
2012-08-22,38.97752750624893,39.40515844759063,38.76741245029633,38.98678207397461,6931000
2012-08-23,38.96180331227582,39.13489309393562,38.56749362485011,38.72114562988281,5744000
2012-08-24,38.746122740192256,39.1968953770852,38.660038668821706,39.102481842041016,5130000
2012-08-27,39.10619543929046,39.44959611309915,38.92384758059423,39.19227600097656,4699000
2012-08-28,39.11824037157368,39.42184048294647,39.11824037157368,39.30150985717773,3983000
2012-08-29,39.33666999235244,39.47458460600788,39.036770411952936,39.41442108154297,4011000
2012-08-30,39.10988617555442,39.24132504161659,38.90069976370789,38.96364212036133,3801000
2012-08-31,39.08861176437656,39.21171767856339,38.784086608230176,39.14414978027344,4649000
2012-09-04,38.648010974261375,39.43107593893472,38.648010974261375,39.2811279296875,5091000
2012-09-05,39.240405676886375,39.37739518480863,38.90903491782026,39.070091247558594,5526000
2012-09-06,39.33852079861034,40.04198455810547,39.11267188882017,40.04198455810547,9617000
2012-09-07,40.06882310710302,40.42981125713906,39.90035891028028,40.37519836425781,6135000
2012-09-10,40.41407228818272,40.838002777818005,40.38723016009717,40.49460220336914,7534000
2012-09-11,40.54181910782764,41.27305369162251,40.49553919778776,40.99259185791016,7158000
2012-09-12,41.281394979052166,41.497989398418696,41.074058662903326,41.32027053833008,6168000
2012-09-13,41.31931076180116,42.26251013128622,41.274881084061406,42.139404296875,8119000
2012-09-14,42.12091809205055,42.26901593389015,41.83768092539567,42.03946304321289,6875000
2012-09-17,42.05241378917512,42.235686732459214,41.8839530989895,41.97651290893555,5157000
2012-09-18,41.93023689594256,42.11443496009319,41.72105043491279,41.92838668823242,4771000
2012-09-19,41.9172571482624,42.15236405280197,41.80988512963742,41.82747268676758,5011000
2012-09-20,41.423929953626285,42.51522775735237,41.39801291957763,42.03946304321289,11339000
2012-09-21,42.5142955956103,42.74384844817947,42.28659648154477,42.53373336791992,12850000
2012-09-24,42.34676523654408,42.34676523654408,41.93764333279186,42.14220428466797,7608000
2012-09-25,42.35602142176293,42.368054834794656,41.771963054273634,41.793251037597656,5510000
2012-09-26,41.77473386222016,41.83860133623752,41.26101875857205,41.26749801635742,4991000
2012-09-27,41.43041088370237,41.85341644287109,41.37302618964887,41.85341644287109,4342000
2012-09-28,41.75713542726946,41.88672054924632,41.52665751849786,41.78953170776367,5548000
2012-10-01,41.94689780506763,42.59019805359832,41.88395543594579,42.29029846191406,6957000
2012-10-02,42.29678924793098,42.467103732508896,42.02373524728042,42.36065673828125,3347000
2012-10-03,42.485615930832296,43.93697356058604,42.36250647187566,43.8518180847168,11976000
2012-10-04,43.758325608870415,43.96658697691501,43.63429106720227,43.95547866821289,6340000
2012-10-05,44.27223325461517,44.73533193621818,43.79709355504568,44.01938247680664,9005000
2012-10-08,43.92398791080869,44.03883690401132,43.51460739199975,43.71003723144531,5542000
2012-10-09,43.74060806479477,43.80914436723976,42.72271430639216,43.057071685791016,8103000
2012-10-10,43.06726608068876,43.08393554716019,42.64955073255023,42.79866790771485,5058000
2012-10-11,43.27008824799516,44.07032485571138,43.07002997935677,43.769309997558594,12626000
2012-10-12,43.78136007557659,44.09070972843085,43.4821965327454,43.84248733520508,8243000
2012-10-15,43.7480114417971,44.17498710965325,43.693364011515,44.07032775878906,8995000
2012-10-16,44.390779967014645,44.59732154348168,44.0953228389829,44.36577224731445,4557000
2012-10-17,45.0122614678652,45.02059973087249,44.37966995859447,44.735328674316406,7248000
2012-10-18,44.68625121186221,44.980779211366944,43.93602998334004,44.07125473022461,8788000
2012-10-19,43.96011145147526,44.162021113897296,43.336780246451646,43.53683853149414,10070000
2012-10-22,43.807278084075605,43.807278084075605,42.7903138936566,43.24692916870117,7754000
2012-10-23,42.84125001603395,43.04501098578719,42.41982861830743,42.59210205078125,7294000
2012-10-24,43.04501246908155,43.07002018862189,41.95673149068418,42.099365234375,7083000
2012-10-25,42.28091546941752,42.47356471072192,41.43622101146914,41.61960983276367,8938000
2012-10-26,41.61961197395022,42.39206035627708,41.513097705960725,41.95489501953125,6852000
2012-10-31,41.9122876116913,43.06818309157086,41.78817819440496,42.691219329833984,11930000
2012-11-01,42.92091431645389,43.99345180612983,42.79680490786375,43.40994644165039,9364000
2012-11-02,43.67391014666907,44.17868955037321,43.40901834905091,43.4803352355957,9514000
2012-11-05,43.27750431123007,43.62019638360262,43.03854236941112,43.12838363647461,6169000
2012-11-06,43.397913872826926,43.798959723671146,43.27102737359455,43.69615173339844,4120000
2012-11-07,43.53128503167668,43.64150206007647,42.74494421293471,43.04040145874024,7637000
2012-11-08,43.00519024166642,43.36548091760231,42.77178955078125,42.77178955078125,6203000
2012-11-09,42.46800600153925,43.41087290116956,42.46429971372864,43.03668975830078,6420000
2012-11-12,43.13117150996658,43.62112942918828,42.88943246131184,43.531288146972656,7025000
2012-11-13,43.26269508533486,44.17222334709198,43.0441123647011,43.644290924072266,4959000
2012-11-14,43.77855401410501,43.90081199541932,42.82086943811071,42.91163635253906,6080000
2012-11-15,42.87646434338005,42.87646434338005,42.009542636221866,42.34204864501953,7071000
2012-11-16,42.462446726377024,43.5738843157354,42.235529352106056,43.03020477294922,9029000
2012-11-19,43.47571152888563,44.33522415161133,43.38216749879855,44.33522415161133,6813000
2012-11-20,44.36947889452706,44.69642712297722,43.736887405559095,44.23240280151367,6804000
2012-11-21,44.31113080534404,44.52230438548356,44.23055350492641,44.40467834472656,2927000
2012-11-23,44.53618835639416,44.64270258143348,44.272222314436014,44.57231140136719,2391000
2012-11-26,44.474158230576336,44.714968054324856,44.29910411247484,44.460262298583984,4976000
2012-11-27,44.46580311429207,44.79830900400124,44.2629678085614,44.31761169433594,4877000
2012-11-28,44.06199449106578,44.60381916953186,43.9730789110465,44.59733581542969,6584000
2012-11-29,44.84648028785308,45.45314203983329,44.75756824109508,45.03264617919922,9080000
2012-11-30,44.9928230702966,45.37071254109302,44.81314052224533,45.26142120361328,9826000
2012-12-03,45.476280662839805,45.80137748798836,44.97335626651596,45.073387145996094,8497000
2012-12-04,45.16416136584043,45.19842950856072,44.51119054488738,44.77423095703125,6430000
2012-12-05,44.735334579325695,44.82795644101623,43.93880423460094,44.27223587036133,6645000
2012-12-06,44.06384643986035,44.53898620605469,43.88879587683166,44.53898620605469,5977000
2012-12-07,44.61030248699129,44.72051950663776,44.08792787126081,44.0953369140625,6389000
2012-12-10,44.49081661364654,44.50008056600054,44.03883325405912,44.42042541503906,5770000
2012-12-11,44.45745755404643,44.92055607023441,44.37873165425318,44.59823989868164,8577000
2012-12-12,44.6427191596697,45.14101173533075,44.47600333092648,44.77609252929688,9512000
2012-12-13,45.004862535673965,45.16138872665938,44.69088093181183,44.8677864074707,5680000
2012-12-14,44.5704781428173,44.902054901390855,44.4824882486756,44.67050552368164,5346000
2012-12-17,44.774237319863126,45.37441571259776,44.557509570473975,45.32069396972656,7181000
2012-12-18,45.383670342902505,45.84491764271383,45.18083148300294,45.6504135131836,6621000
2012-12-19,45.82823286036362,45.83656758858899,45.28362779746087,45.3271598815918,5629000
2012-12-20,45.590215940231325,46.18205604457408,45.33458454372123,46.17372131347656,9358000
2012-12-21,45.66153624303621,46.02182701558108,45.22344521933479,45.71432876586914,8320000
2012-12-24,45.648563103168186,45.962544662906886,45.61336927062565,45.8486213684082,2695000
2012-12-26,45.80324185625598,45.93383815630371,44.92057650260983,45.03171920776367,5749000
2012-12-27,45.01413898307649,45.6485821879898,44.56122621468439,45.18640899658203,6233000
2012-12-28,44.92058325670983,45.25864693271821,44.721450632905096,44.74275207519531,4686000
2012-12-31,44.76961253163605,45.561511010954256,44.72608042719949,45.50223159790039,6562000
2013-01-02,46.8933743001754,47.26107406616211,46.402487286627945,47.26107406616211,12278000
2013-01-03,47.27867003193032,47.74176869493488,47.064715849214686,47.32868194580078,9452000
2013-01-04,47.34257912289032,47.439829420708165,46.95820637449419,47.32683181762695,11475000
2013-01-07,47.495504681013166,48.31103823906123,47.41765872979693,48.147003173828125,11398000
2013-01-08,48.19334382346458,48.28787257343657,47.72163337664488,47.9885368347168,6983000
2013-01-09,48.67248444361388,49.338809967041016,48.43801673763684,49.338809967041016,11461000
2013-01-10,49.34621242644918,49.34621242644918,48.588137048124295,48.89952087402344,12564000
2013-01-11,48.8865429304408,49.09784059748193,48.70212014611222,48.99497222900391,6424000
2013-01-14,49.07559434889132,49.1154435517994,48.304544796809694,48.51584243774414,9911000
2013-01-15,48.39814923936541,48.50565230434586,48.11641901954818,48.45004653930664,5858000
2013-01-16,47.85971176827185,48.42687710240132,47.72996499127047,48.31010818481445,6190000
2013-01-17,48.62334838137931,48.80869739977744,48.311038343359726,48.50101852416992,5250000
2013-01-18,48.14977024386397,48.32955827512471,47.58074904385539,48.28321838378906,10769000
2013-01-22,48.634461464449984,48.634461464449984,47.692893287429634,48.16831207275391,7462000
2013-01-23,48.15440426515972,48.41852539936976,47.73829973251004,47.96442413330078,4991000
2013-01-24,47.9987277454902,48.71880637567026,47.98019248897756,48.40000915527344,5869000
2013-01-25,48.4500388884532,48.4500388884532,47.93477090026754,48.13680267333984,7157000
2013-01-28,48.27766261591162,48.27766261591162,47.58445910976615,47.64562225341797,8002000
2013-01-29,47.64562642863186,48.260057827077645,47.639139267286495,48.049686431884766,8833000
2013-01-30,47.87918041573021,48.33884276033316,47.62525128866698,47.81986618041992,11601000
2013-01-31,49.30263943409836,49.61309693100904,47.54182949403721,48.04227066040039,20412000
2013-02-01,48.26562517638927,48.42595176674792,47.605783560754126,48.07100677490234,9949000
2013-02-04,47.84674341592927,48.0052140230455,47.45751010682064,47.6549072265625,6152000
2013-02-05,48.22485185492363,48.37776506857087,47.89400654352639,48.25450897216797,7983000
2013-02-06,48.20444670545268,48.54919598591652,48.01446658298455,48.51953887939453,6016000
2013-02-07,48.36663840316003,48.49638518488168,47.84303071978427,48.14885711669922,6517000
2013-02-08,48.04784287540675,48.60481262207031,48.03394231783775,48.60481262207031,5214000
2013-02-11,48.711397408290345,48.76144225190001,48.11920951954676,48.26934051513672,5616000
2013-02-12,48.270256500114165,48.38795518791996,48.052475216814365,48.15719604492188,3379000
2013-02-13,48.30640931720367,48.36664625277892,47.836551321047736,48.11735534667969,4096000
2013-02-14,47.83375834524722,48.49267011524678,47.83375834524722,48.39072799682617,6656000
2013-02-15,47.84857692499095,48.64835364486414,47.84857692499095,48.480613708496094,7032000
2013-02-19,48.653939372096126,48.792022273673645,48.27953634655864,48.45561599731445,4234000
2013-02-20,48.37590521667708,48.58071570279907,47.53349685668945,47.53349685668945,5377000
2013-02-21,47.63451444349018,48.27674350212955,47.31571372761216,48.15256118774414,6814000
2013-02-22,48.460234747773406,48.60109983611597,47.93940582793029,48.54549407958984,6591000
2013-02-25,48.68543234767032,48.74659549739635,47.34721755981445,47.34721755981445,8672000
2013-02-26,47.591883008893056,47.79854596715563,47.01915673441687,47.23601531982422,7955000
2013-02-27,47.35278100000197,47.83561320294461,47.07568550882229,47.74479293823242,6994000
2013-02-28,47.74480333166625,48.31752969163527,47.577989554181,47.9885368347168,6148000
2013-03-01,47.7271897966015,48.14515043337616,47.56871566239614,48.033016204833984,4142000
2013-03-04,47.81800806587597,48.41390429954263,47.79762034656371,48.32122802734375,3486000
2013-03-05,48.42501973593336,49.18958214359346,48.36200411688236,48.848541259765625,5895000
2013-03-06,48.702118319549285,49.23129046739928,48.50101628774618,48.893028259277344,5179000
2013-03-07,48.90601565166209,49.11731336723757,48.71881412691065,48.80870819091797,6685000
2013-03-08,49.121933880445376,49.14695629673063,48.60388360352761,49.04594039916992,5068000
2013-03-11,49.07838350533732,49.34621319445256,48.96995419706312,49.19978713989258,4091000
2013-03-12,49.105243492470905,49.20903807122924,48.39721315716565,48.48340225219727,4798000
2013-03-13,48.40649482338094,48.96624682591691,48.294357055228346,48.883766174316406,4715000
2013-03-14,48.98292157838695,49.233142207718295,48.8124028957951,48.85595703125,5567000
2013-03-15,48.7456771832866,49.00887214737108,48.0255986133325,48.13217544555664,11598000
2013-03-18,47.75591237952319,48.159046185997205,47.70216261942189,47.72811126708984,5626000
2013-03-19,47.84026189731303,47.99039289419866,47.09330830817388,47.412105560302734,6309000
2013-03-20,47.81986060893144,48.070081241420056,47.66695094622032,48.06266784667969,4552000
2013-03-21,47.86064287230701,47.97926426678236,47.56222985063869,47.63544464111328,5505000
2013-03-22,47.8031894565236,48.07750278460098,47.77631457032049,47.95888137817383,5052000
2013-03-25,48.2137286001166,48.55754820230028,48.07656842402773,48.18963241577149,5420000
2013-03-26,48.46857376653213,49.78362214027822,48.39628875862051,49.62422180175781,9106000
2013-03-27,49.322123957814206,50.1117090423564,49.15252792446367,49.86148834228516,6483000
2013-03-28,49.895747241349866,50.22566618114492,49.75673464477001,50.14874649047852,6689000
2013-04-01,50.27017054244792,50.68349650146453,49.67334802262906,49.78733825683594,5501000
2013-04-02,50.108908547472616,50.41380514692974,49.95321666689877,50.09871292114258,3696000
2013-04-03,50.12280561229871,50.31835021698527,49.15343635562734,49.41848373413086,5330000
2013-04-04,49.37214669106336,49.639972762724256,49.13026572876133,49.50837707519531,4432000
2013-04-05,48.897901962661344,49.39519682404406,48.89326559323276,49.32097244262695,5783000
2013-04-08,49.23654044266463,49.697650349140105,49.15211251626446,49.57796478271485,3631000
2013-04-09,49.54363154939318,49.576103824578986,48.536983940208245,48.95355987548828,9011000
2013-04-10,49.14193036593184,49.912919998166494,49.02688464937846,49.58355712890625,4839000
2013-04-11,49.58258847221941,50.31553447275315,49.41094731492349,50.21533584594727,5679000
2013-04-12,49.60393684453321,49.76815277000056,49.13633253649485,49.44992446899414,6794000
2013-04-15,49.19386187398736,49.52971903743861,48.40339279174805,48.40339279174805,5281000
2013-04-16,48.53328947880639,49.319122314453125,48.43587262387666,49.319122314453125,5494000
2013-04-17,48.91739006232326,49.25232000654785,48.67894969974368,48.77915191650391,6310000
2013-04-18,48.77820835214459,48.84593472186588,48.33750915527344,48.33750915527344,6434000
2013-04-19,48.50731262720617,48.58895520866855,48.11114720330411,48.42659378051758,5106000
2013-04-22,48.434946152237536,48.58710048755668,48.13248849035393,48.44050979614258,4398000
2013-04-23,48.79584537365568,49.282929570982255,48.57781569233247,49.26530075073242,3569000
2013-04-24,49.35530348085505,49.61322721160934,49.28664981532495,49.35994338989258,2663000
2013-04-25,49.55570630020817,50.00754002279705,48.72255768887354,49.6494140625,3787000
2013-04-26,49.564057739346985,49.929605422712726,49.49447325948395,49.66704177856445,4543000
2013-04-29,49.86651403544997,50.09938720979249,49.66889496745759,50.00846481323242,3809000
2013-04-30,50.0808164129881,51.299922943115234,50.060405774332935,51.299922943115234,7987000
2013-05-01,49.98617464949266,50.55026842294357,49.73103639198687,50.08359146118164,10110000
2013-05-02,49.7292111804159,50.78039324643432,49.70045152428155,50.6133918762207,9470000
2013-05-03,51.18951621037772,51.738763052845066,51.08653220621431,51.3574447631836,7941000
2013-05-06,51.36210026350394,51.65620536901015,50.75254505566475,50.81748962402344,6063000
2013-05-07,50.849945560462565,51.2071441108132,50.60501082733566,51.144981384277344,4333000
2013-05-08,51.1366328033456,51.48826063627948,50.86850206996257,51.37321853637695,4391000
2013-05-09,51.30177457092421,51.60052302271424,51.01787311484871,51.2025032043457,4387000
2013-05-10,51.37971783779396,51.7276366089245,49.52415105843111,51.5040397644043,4670000
2013-05-13,51.306443875416,51.808375255316975,51.306443875416,51.5699348449707,3441000
2013-05-14,51.75734514425727,52.999648273157725,51.62374334598637,52.85398483276367,6568000
2013-05-15,52.9152081015074,53.34291496500285,52.80572961275703,53.288177490234375,6555000
2013-05-16,53.14992453229592,53.22322162668568,52.89664077758789,52.89664077758789,4409000
2013-05-17,53.28816703172564,54.27532778456818,53.09240255819378,54.25491714477539,6242000
2013-05-20,54.10278941736959,54.60379357127392,53.99887807390167,54.12134552001953,4466000
2013-05-21,54.23173074279726,54.64645222425636,54.03411522603445,54.26142120361328,3918000
2013-05-22,54.460899046503776,54.58058109455536,53.453323857902085,53.50621032714844,5612000
2013-05-23,52.862324695391806,53.53218453507687,52.73336283792808,52.85861206054688,6476000
2013-05-24,52.58214014931661,53.149943317022085,52.26391172964822,53.01912689208984,3910000
2013-05-28,53.8114370550119,54.300379301886345,53.41434445845151,53.416202545166016,4709000
2013-05-29,53.09890080645352,53.45980851078896,52.92540504700279,53.16291809082031,3508000
2013-05-30,53.21302053428002,54.05637607717673,53.070142502701806,53.45517349243164,3784000
2013-05-31,53.36610838735829,53.86711233655793,52.84747561696194,52.906856536865234,6107000
2013-06-03,53.007982386468285,53.43198013305664,52.75933849924943,53.43198013305664,5822000
2013-06-04,53.392089796723766,53.52383347957395,52.32606453750377,52.7185173034668,6460000
2013-06-05,52.41976704693884,52.71758475366071,51.88907619448698,51.91598129272461,5421000
2013-06-06,51.74711756830669,52.43460253647857,51.68680938568628,52.41511917114258,4399000
2013-06-07,52.67490883727731,52.82520860115865,52.296372297236125,52.53573989868164,7163000
2013-06-10,52.66098995525029,52.79923162222009,52.20266538712632,52.49213409423828,4113000
2013-06-11,52.157207153082894,52.442035967871206,51.95587899968403,51.996700286865234,4334000
2013-06-12,52.39845207968735,52.42999710015807,51.76848602294922,51.76848602294922,5816000
2013-06-13,51.72948756720135,53.3976422975557,51.683099108778464,53.22878646850586,8606000
2013-06-14,53.25571690752341,53.32715594612072,52.80945031080249,52.99129867553711,6231000
2013-06-17,53.26127845925932,53.90237519060128,53.26127845925932,53.64352416992188,7248000
2013-06-18,53.95526253331793,54.2642146901443,53.8327951073475,54.220611572265625,5495000
2013-06-19,54.32544434909628,54.91458540649296,54.30132106828447,54.40245056152344,7661000
2013-06-20,53.77433164882991,54.34028015892609,53.086846556219385,53.136016845703125,9215000
2013-06-21,53.736296265259526,53.80217164621786,52.77975303141179,53.18890380859375,12178000
2013-06-24,52.26853651515179,52.84468852178582,51.72207142629359,52.19709396362305,9427000
2013-06-25,52.630373022960015,52.66377257604038,52.10617310711396,52.38079833984375,8312000
2013-06-26,52.6981133593687,53.1388127396211,52.30751863082594,52.883670806884766,5343000
2013-06-27,53.02560757025713,53.57299994903581,52.88365681521847,52.94674682617188,5942000
2013-06-28,52.80666457500479,53.30117416381836,52.556162551811504,53.30117416381836,10396000
2013-07-01,53.68248478429855,54.73923020571018,53.58414066099317,54.1092643737793,8534000
2013-07-02,53.98772441692003,54.64181352959677,53.78454171303902,54.0953483581543,5605000
2013-07-03,53.79102677457303,54.521191152426745,53.79102677457303,54.38480758666992,2434000
2013-07-05,54.79530333777526,55.262454986572266,54.42380833868869,55.262454986572266,5465000
2013-07-08,55.462150704140605,55.97852672180876,54.71823578659638,54.7293815612793,7052000
2013-07-09,55.14080477120311,55.39806098138458,54.96898768025285,55.12873077392578,5922000
2013-07-10,55.12966366099602,55.27268810680421,54.55198944779789,54.87983322143555,5330000
2013-07-11,55.42870124429857,55.8744931342777,54.99591157349168,55.81877136230469,4652000
2013-07-12,55.7936978445065,55.8930709407434,55.38598436851671,55.61816787719727,4498000
2013-07-15,55.6534623273086,55.72404631771005,55.16680727166872,55.34048080444336,4306000
2013-07-16,55.3729761628569,55.52993100736406,54.73772036618755,54.77579879760742,4682000
2013-07-17,54.14521301156126,55.161250055264645,54.1405683477203,55.10645294189453,9218000
2013-07-18,55.355356970749206,55.79279149615457,55.2151171695534,55.43801498413086,3487000
2013-07-19,55.6107190552804,55.81225694724305,55.04233444248723,55.10456085205078,8235000
2013-07-22,55.19838809887224,56.08161454408574,55.07951164873528,55.96552276611328,5362000
2013-07-23,56.07975172152113,56.17448370694474,55.49186356320414,55.53829956054688,4649000
2013-07-24,55.56896398887955,55.72406245933503,54.76282252362512,54.88727188110352,7752000
2013-07-25,55.18537892436903,55.8967917159796,55.17980958074164,55.62931442260742,7277000
2013-07-26,55.40920640216033,55.69897170645383,55.06650398924888,55.55223083496094,3848000
2013-07-29,55.61910561441773,55.81599539283671,55.21603318881391,55.4472885131836,3266000
2013-07-30,55.691549908348655,56.08626125932905,55.63768456847821,55.855934143066406,6028000
2013-07-31,57.9985140117884,58.16011353838085,52.66107788630565,56.70943069458008,40090000
2013-08-01,57.4645032584412,60.33521690209477,57.4645032584412,60.031524658203125,30337000
2013-08-02,59.83649414537993,60.09096926816834,59.4761447873433,59.956298828125,6684000
2013-08-05,59.55229528338139,59.98322505674112,59.47892307161264,59.66653060913086,5878000
2013-08-06,59.64425245964002,61.015990729440894,59.43435686993804,60.73923110961914,8199000
2013-08-07,60.64633357875102,60.64633357875102,59.90705643316729,60.02593994140625,5860000
2013-08-08,60.28042779355468,60.36773046302524,59.57737948842212,59.98137664794922,4532000
2013-08-09,60.12346018286109,60.12346018286109,59.22351872089163,59.2495231628418,3933000
2013-08-12,59.40277024422263,59.40277024422263,58.43595754594697,58.577125549316406,5240000
2013-08-13,59.14272579592272,59.14272579592272,58.52976133006171,58.81952667236328,3245000
2013-08-14,59.0312809278713,59.17244893664401,58.33101377156989,58.50840377807617,3943000
2013-08-15,57.94000945525247,58.02638034136515,57.17565953013738,57.46449661254883,5329000
2013-08-16,57.42363667560074,57.97437466154792,57.22117046810829,57.41527557373047,4834000
2013-08-19,57.50257650269207,58.13968890321239,57.34933451564808,57.5713005065918,3907000
2013-08-20,57.68832363449189,58.05331406028508,57.48678565850936,57.80534362792969,2985000
2013-08-21,57.54530932286981,58.28643966684213,57.39671196439249,57.51744842529297,9306000
2013-08-22,57.86012691684648,57.86012691684648,57.28988572033036,57.68181228637695,3926000
2013-08-23,57.770058530719545,58.19263433551349,57.39670694732645,58.14898300170898,4587000
2013-08-26,58.11554043569535,58.11554043569535,57.0744274076588,57.13386917114258,5829000
2013-08-27,56.483754165475865,56.8933241392651,56.269217512538646,56.4596061706543,5471000
2013-08-28,56.27199633270145,56.95182821304913,56.2274167864512,56.70943069458008,6406000
2013-08-29,56.699215596169495,57.432916378977446,56.69457093371543,56.89146423339844,5060000
2013-08-30,57.01965108937704,57.11531133142527,56.05748286613719,56.28873825073242,6123000
2013-09-03,56.83852324566056,58.02915811600246,56.69828350040776,57.90192413330078,11390000
2013-09-04,57.90192630903993,58.293849362844455,57.34932840767842,57.89728164672852,4018000
2013-09-05,57.86013487510927,58.66163145573804,57.81091420590238,58.41737747192383,3822000
2013-09-06,58.69599538421824,59.4148339566416,58.24277411050161,59.12506866455078,5874000
2013-09-09,59.25416572513674,59.52163948558734,59.02384218061636,59.47613525390625,6169000
2013-09-10,59.80862343586215,60.56275226790408,59.776114339917314,60.50703048706055,7172000
2013-09-11,60.59991608894294,61.59644622847129,59.882930226040536,61.1534423828125,7539000
2013-09-12,61.45898584729057,62.43880066911948,60.78564791302081,61.9948616027832,10857000
2013-09-13,61.927964681798656,62.20658763183855,61.732003227490544,61.89174270629883,6090000
2013-09-16,62.57811392556633,62.689564591240114,62.09981633294685,62.31806945800781,7003000
2013-09-17,62.53260635706601,63.2328699339463,62.36729035844018,63.07684326171875,4810000
2013-09-18,63.06104719139495,63.94519820537317,62.823287235680574,63.86347198486328,4670000
2013-09-19,64.24520925959507,64.54797334984298,63.628528216218086,63.745548248291016,5099000
2013-09-20,64.05201689220142,64.05201689220142,63.38425533082804,63.68701934814453,6726000
2013-09-23,63.65172727924785,64.08172881452967,63.16414042812324,63.431617736816406,5171000
2013-09-24,63.38609986862263,64.23682061136755,62.99974615788226,63.65264892578125,6000000
2013-09-25,63.49569129973128,63.71487261045599,62.3867896106902,62.40536117553711,8780000
2013-09-26,62.71090801597934,63.132548374992254,62.45643297390645,62.929161071777344,3815000
2013-09-27,62.91524282997238,63.39633217544161,62.70163791350432,63.32574462890625,3133000
2013-09-30,62.93659300500797,62.95052344944591,62.241898888230125,62.48337173461914,4362000
2013-10-01,62.63568410935805,63.11490981026165,62.45550947386093,62.94866561889648,4121000
2013-10-02,62.72948441520575,62.82142818088368,62.349635356138016,62.81121063232422,4632000
2013-10-03,62.52054225471406,62.77315387015745,61.67260588803445,62.13790130615234,5547000
2013-10-04,62.04501107021908,62.66354833102407,61.98743284283459,62.534454345703125,4077000
2013-10-07,62.07432008993883,62.373637888690425,61.83170281958479,61.91536712646485,5289000
2013-10-08,61.9367577230862,62.03436492324519,60.5554275482286,60.78131484985352,7294000
2013-10-09,60.9541921542283,61.76663018531925,60.18358982017382,61.0936279296875,6541000
2013-10-10,62.12638622092616,63.07918930053711,61.99067371296975,63.07918930053711,4913000
2013-10-11,63.10334277335855,63.72521880053593,62.81424456755999,63.59879684448242,5458000
2013-10-14,63.15634877346064,64.14447009974785,62.68041171738611,64.05616760253906,3598000
2013-10-15,63.88418983371148,64.44099693699427,63.45752093026107,63.80424880981445,9156000
2013-10-16,64.08962543032071,65.03127284509905,63.9325305345206,64.65108489990234,5440000
2013-10-17,64.38984478340808,65.53413852120057,64.38241237041021,65.50067138671875,5420000
2013-10-18,65.72007983106748,66.59294198348145,65.17164124408147,66.48139190673828,5959000
2013-10-21,66.65150444174832,66.91642610946623,65.92272340851684,66.72772216796875,4799000
2013-10-22,67.09210485399927,67.61637378837418,66.61338073722833,66.80579376220703,4306000
2013-10-23,66.5566951440208,66.61433183900488,65.72101625676156,66.08912658691406,4414000
2013-10-24,66.42189504763391,67.5782668548252,66.37169787462084,67.36447143554688,4020000
2013-10-25,67.39328487195112,68.08581152478959,66.93314885660214,67.27987670898438,4640000
2013-10-28,67.303103494901,68.006785719651,67.05491193317727,67.85247802734375,4411000
2013-10-29,68.17783184330341,68.585905458082,67.63031534681164,68.08487701416016,4655000
2013-10-30,68.22893401103248,68.28563452198208,67.05396751302439,67.45646667480469,5562000
2013-10-31,67.86178840225907,68.28752825828836,65.75632960633254,66.658935546875,10221000
2013-11-01,67.29567305875682,68.71698056786508,67.22410060537665,68.55337524414062,8304000
2013-11-04,68.63238681556177,68.77089355422558,67.50854611668319,67.7093276977539,4568000
2013-11-05,67.60801503914412,68.62402194930218,67.22874910116079,68.45112609863281,6120000
2013-11-06,68.60168444943486,68.6351444859063,67.86640050257468,68.2177734375,4849000
2013-11-07,68.54219994872376,68.5598590210587,66.89408369210147,67.05118560791016,4743000
2013-11-08,66.97402118504172,68.27633146587301,66.97402118504172,68.27354431152344,4558000
2013-11-11,68.24010309527408,69.10552539748545,68.06534208656221,68.89543914794922,4068000
2013-11-12,68.7383452735265,68.85268246296425,68.00027396463335,68.57195281982422,4520000
2013-11-13,68.32282351718341,68.5505688153596,68.03466149695812,68.36743927001953,4843000
2013-11-14,68.32283182065007,69.15943934297596,68.28193226924708,69.1157455444336,3384000
2013-11-15,69.11761752641068,70.05182521440427,69.11761752641068,69.92726135253906,4843000
2013-11-18,70.06299810680937,70.61887617847619,69.82967839055459,70.14015197753906,6949000
2013-11-19,70.13547946565077,70.4143510193584,69.2533270840061,69.43366241455078,3141000
2013-11-20,69.53127203097587,70.08807901420691,69.10831942671241,69.33885192871094,3059000
2013-11-21,69.23753475874915,69.6790755305964,69.23753475874915,69.43831634521484,3685000
2013-11-22,69.48663387361809,70.26281747432841,69.39367907025101,70.13082122802734,3796000
2013-11-25,70.56963164033922,70.60030455167671,69.94031569572796,70.32051086425781,4461000
2013-11-26,70.36136299976017,71.12546193897037,70.18195673041795,70.37158966064453,5048000
2013-11-27,70.73970855625075,71.06319592613134,70.28422489302794,70.6839370727539,2596000
2013-11-29,70.77967548286767,71.11153139527735,70.61235394884588,70.7220458984375,2388000
2013-12-02,70.72204586526826,70.99533604924255,70.08901402871587,70.28607940673828,4185000
2013-12-03,69.98673185444498,70.19681096150613,69.46152699479607,70.09828186035156,4184000
2013-12-04,69.90312236268613,70.06579869562921,69.16505066307336,69.54710388183594,5091000
2013-12-05,69.74045594705761,70.1726992787291,69.4392728104588,69.85665130615234,3597000
2013-12-06,70.43667560877459,70.61421672520204,69.97003622319123,70.50453186035156,3310000
2013-12-09,70.91629871773279,71.24908356281237,70.46081524072238,70.54075622558594,4348000
2013-12-10,70.50732993307506,71.49267122541221,70.50732993307506,70.98233795166016,6168000
2013-12-11,73.78309878676507,74.51652500467755,73.38617376003684,73.4884262084961,25460000
2013-12-12,73.57486524675807,73.57486524675807,72.62950187625715,72.74197387695312,10075000
2013-12-13,73.01712302757993,73.6018156840025,72.82749010171409,73.24671936035156,6828000
2013-12-16,73.71430318950866,74.40775170952807,73.59345553529732,74.0628890991211,7478000
2013-12-17,74.34642765692723,74.6940775243708,74.00434500992313,74.17445373535156,9610000
2013-12-18,74.1670253255056,74.69129440321426,73.30810599930071,74.55651092529297,10444000
2013-12-19,74.55086986197628,75.22108469075786,74.27479267019604,74.86506652832031,9530000
2013-12-20,75.15979379279507,76.52252877017104,75.01942892000115,75.94992065429688,13154000
2013-12-23,76.69447005511411,76.74746146478613,75.53251708928651,75.76863098144531,8946000
2013-12-24,75.71472388843561,75.83556445377951,75.39216560491126,75.5920181274414,4048000
2013-12-26,75.76397889767792,76.4007339477539,75.68217979150677,76.4007339477539,5940000
2013-12-27,76.41001495132832,76.99935992067573,76.22782154263355,76.95567321777344,5710000
2013-12-30,77.16483238886373,77.98284472098307,77.01889325280561,77.46043395996094,7068000
2013-12-31,78.02469754537103,78.02563368940541,77.21133021950101,77.66123962402344,6759000
2014-01-02,77.8424991839048,77.89455446255658,77.16299340550378,77.53853607177734,7214000
2014-01-03,77.53848719194161,77.69279482667041,76.78182093253727,77.22894287109375,6438000
2014-01-06,77.33587282514158,77.51435005456956,76.65729624300187,76.84599304199219,7022000
2014-01-07,77.35046866649606,78.11186439366554,77.34953837708058,77.91639709472656,7635000
2014-01-08,77.93783264146983,78.56053732707372,77.8158936749582,77.89315032958984,6936000
2014-01-09,78.18725768126097,78.58192052429636,77.83820742375535,78.52234649658203,7025000
2014-01-10,78.82393917747713,78.88351321697242,77.40540382030682,77.69953155517578,8211000
2014-01-13,77.76469150108046,78.00111999115649,75.1742752090522,75.3948745727539,12354000
2014-01-14,75.65738107026948,76.60214372128625,74.8494491500198,76.48486328125,10869000
2014-01-15,76.80131359761538,77.23599318129554,76.44109268792455,76.63935089111328,7750000
2014-01-16,76.77431314489935,77.06937824626807,76.55091584143707,76.83760833740234,4965000
2014-01-17,76.79111454578761,77.63069779583614,75.19758444357203,76.17864990234375,13330000
2014-01-21,76.60680533822348,76.9363055110986,75.77001309333531,76.18421936035156,10103000
2014-01-22,76.52117423024265,78.09423070401176,76.32570680888175,77.53575134277344,7220600
2014-01-23,78.0011300011681,78.0104328985263,76.25121950084846,76.66077423095703,6590300
2014-01-24,76.12093443877552,76.30709897251228,73.06790710000124,73.07721710205078,9460200
2014-01-27,73.48672368381034,73.51465367430413,69.76352031335364,70.78740692138672,13707500
2014-01-28,71.3924424911273,73.61705658197852,71.28075090254998,73.37505340576172,7735000
2014-01-29,72.77931680423112,73.22609721129686,71.68097157647858,72.3232192993164,7908500
2014-01-30,74.88292462957399,74.9760103945974,72.82585562831022,74.24067687988281,8702200
2014-01-31,70.28478920763744,71.66237078352746,66.78497527453169,70.44302368164062,23252800
2014-02-03,70.78742302664948,71.12251197434439,68.73965644613077,68.7955093383789,9828200
2014-02-04,69.08407596731749,69.20507758390282,67.76233978079874,68.06019592285156,11378100
2014-02-05,67.7250713589193,68.41386199467827,67.12004939037766,67.79953002929688,7768100
2014-02-06,68.16254437913497,69.72628997669219,68.07876861601682,69.71697998046875,6804600
2014-02-07,70.43369176854621,71.6065027139466,69.93105850623175,71.02940368652344,8437500
2014-02-10,71.35521883192413,71.98815679000643,70.601265079213,71.06666564941406,4885600
2014-02-11,71.48550605015141,71.51342893861117,70.74086255113967,70.91771697998047,5322900
2014-02-12,71.15043693403662,71.60652747551286,70.43371612455383,70.71295928955078,4775200
2014-02-13,70.25688530716542,71.3366111233107,69.93109917073375,71.23422241210938,4912300
2014-02-14,71.28074429809726,72.28601111084454,71.1876656157573,72.0346908569336,4731900
2014-02-18,73.03062442639687,73.05854731206657,71.8578135181475,72.12774658203125,5811700
2014-02-19,71.9881416829768,72.61178371327355,71.2341951899338,71.34589385986328,6032800
2014-02-20,71.55996362713864,71.55996362713864,69.67043912142383,70.61054992675781,8711100
2014-02-21,70.61057098682555,71.06666153078437,70.27548202758474,70.46163940429688,6551800
2014-02-24,70.34062438317305,71.64374707558271,70.33131438568121,70.7036361694336,7942200
2014-02-25,70.74088899250532,71.64376726456261,70.29410130580968,71.42967987060547,7435800
2014-02-26,71.51345144709238,72.05331779872364,71.30867406533922,72.00677490234375,7437200
2014-02-27,71.98820064698867,72.61184318809782,71.67173147514673,72.37914276123047,4931400
2014-02-28,72.78863075569288,73.22610833425503,71.62512957928189,72.34185028076172,5916500
2014-03-03,71.23419230813714,71.75543854382565,70.41509006613414,71.42035675048828,6154600
2014-03-04,72.42561619638637,73.3471142060248,72.0533015152831,73.06787109375,5302700
2014-03-05,73.22613588525098,73.42160330425803,72.44426620922279,72.78865814208984,4230200
2014-03-06,72.97477716492665,73.26332311288283,72.20221087042596,72.258056640625,4593400
2014-03-07,72.66764007271658,72.83518455126945,72.15569663784703,72.54663848876953,4133600
2014-03-10,72.41632268641013,72.54663426197571,71.9229921772567,72.0346908569336,3314700
2014-03-11,72.12776000563443,73.02132802059558,71.56928088396462,72.50939178466797,4834400
2014-03-12,71.87645276057016,72.9189453125,71.48551805359646,72.9189453125,4739700
2014-03-13,72.95619822420147,73.31921013764305,71.2435273609335,71.3179931640625,6521400
2014-03-14,71.21556879827853,71.87643649185075,70.95494571928624,71.05732727050781,4856900
2014-03-17,71.43897758861733,72.45354728183223,71.42966759010258,72.44424438476562,3910900
2014-03-18,72.69557505820494,73.51468469021448,72.17432863888966,73.45883178710938,4523500
2014-03-19,73.47741550332007,74.09174032250573,72.5279947353336,72.89100646972656,5929300
2014-03-20,72.79795873490275,73.20751352262437,72.23947945256833,72.98412322998047,5197800
2014-03-21,73.84972547621054,74.30582294057001,70.64777583879507,70.7315444946289,15077700
2014-03-24,71.1876656157573,72.33254690129039,70.61987642160086,72.0346908569336,8816800
2014-03-25,72.21153898277777,72.38838633325847,70.02415818336749,70.07069396972656,7128300
2014-03-26,70.56402526539702,70.89911421121543,68.58142158717841,68.60934448242188,7611000
2014-03-27,68.45113340640897,68.52559922014443,67.34347750680926,68.26496887207031,7690100
2014-03-28,68.31149376370877,68.6838156327345,67.42723553854053,68.15325927734375,5245000
2014-03-31,68.74895342499221,69.68906430028402,68.41386454075842,69.53082275390625,5843600
2014-04-01,70.04276387446387,70.12653254216406,69.23296457946081,69.63320922851562,4105600
2014-04-02,69.70767719320939,70.13584474496429,69.37258830897561,69.53082275390625,4271600
2014-04-03,69.84729187145578,70.32200226097797,69.10264840167378,69.3725814819336,4133300
2014-04-04,70.18241521146167,70.26618391471804,66.7477563489523,67.18523406982422,8287100
2014-04-07,66.80298846550342,67.0826506161549,65.65635302220645,66.49535369873047,9699100
2014-04-08,66.39281554301422,67.06401615264005,66.18772567759683,66.67247772216797,6280200
2014-04-09,67.05469263920726,68.67675605437378,66.75638204432278,68.57421112060547,6984700
2014-04-10,68.67677635795687,69.28272193328789,66.14113199565877,66.34622192382812,8982800
2014-04-11,65.30214811223037,65.60977593941357,64.0250015258789,64.0250015258789,11610500
2014-04-14,65.05974240800364,67.09198565837663,64.88261803871548,66.35552978515625,10893900
2014-04-15,67.39963081809192,67.80980352403546,65.70298763216594,67.25979614257812,7009600
2014-04-16,67.94031566571813,68.93779261094633,67.58607397633453,68.91915130615234,7002300
2014-04-17,69.0496369255893,69.74880295647306,68.62081594678807,69.1055679321289,5552300
2014-04-21,69.21746832122514,69.57171004311888,68.82593687403397,69.27339935302734,5991600
2014-04-22,69.42253120922517,69.70219337157585,68.84455136071094,69.47846221923828,5049800
2014-04-23,69.29205081400009,69.45052681925594,68.10812509876361,68.3877944946289,5056400
2014-04-24,68.71405530215418,69.65560113726808,68.35981364416548,69.31067657470703,5191700
2014-04-25,67.31570454804188,68.05216028681166,65.81482756725407,65.87076568603516,9657700
2014-04-28,66.00128065073268,67.26910237530748,65.46059050978178,66.41145324707031,8649400
2014-04-29,66.64454091535114,67.68863199242921,66.49538911136204,67.14794158935547,6030500
2014-04-30,67.43691633981216,68.6394832215184,66.69114322533541,68.56491088867188,6552600
2014-05-01,70.44801236825566,71.51074482063197,69.03103813585027,69.18951416015625,9752000
2014-05-02,69.17084351946883,69.45051285911823,67.60471086446302,68.77931213378906,5977100
2014-05-05,68.2479550806027,69.7861224269945,68.00557542842098,69.74883270263672,4776900
2014-05-06,69.30136554202102,69.42255892848672,68.75135809118972,68.80728912353516,4290100
2014-05-07,68.9191588770516,69.32933875045065,68.09880624254153,68.86322784423828,4411900
2014-05-08,68.86321244122922,70.3547655850274,68.51828788735955,69.2081298828125,4628200
2014-05-09,68.99372846563524,69.39458407216298,68.53693472200311,69.3386459350586,2975600
2014-05-12,69.62762165862148,70.12169788406227,69.45049730901623,69.93524932861328,2975200
2014-05-13,70.09374089224916,70.31747207367668,69.40389182172807,69.75814056396484,3268500
2014-05-14,69.59966272281406,69.93525592972821,68.94710338557594,69.0776138305664,2595900
2014-05-15,68.9843969072348,69.20812809495325,67.94030617740495,68.12675476074219,4301600
2014-05-16,68.0801571955052,68.85390299963055,67.64201180974054,68.75135803222656,3703800
2014-05-19,68.49033878050594,69.33865694484527,68.43440774680764,68.8539047241211,3428800
2014-05-20,68.81661810066039,69.4412050460825,68.52763159713729,68.65814208984375,3764700
2014-05-21,69.17082928166745,70.5132304560122,69.14286377591615,70.50390625,4365800
2014-05-22,70.67172234492506,71.05393664253931,70.00984581440254,70.61579132080078,4625400
2014-05-23,70.84885934309962,71.4734462645699,70.68105912858496,71.26835632324219,3376100
2014-05-27,71.66918634865793,72.61073205495445,71.52003460706918,71.80902099609375,5598000
2014-05-28,71.883635808356,72.01414631359816,71.52006981342582,71.71583557128906,2733300
2014-05-29,71.82766858007079,71.99546873260022,71.32426812248252,71.58528900146484,3375600
2014-05-30,71.59463965478436,71.80904669359921,71.17513556235363,71.26835632324219,5003500
2014-06-02,71.56663924994355,71.97681897340534,71.06324591405823,71.82766723632812,3046400
2014-06-03,71.55734710198789,71.78107834174232,71.07258778485075,71.17513275146484,2619100
2014-06-04,71.13786206739402,71.34295205551805,70.68107525621126,71.14718627929688,2794700
2014-06-05,71.14716007538084,71.93954710032764,70.97935988438022,71.63191223144531,2680300
2014-06-06,71.7810700612203,72.6014225872109,71.68784931476704,72.2192153930664,3113900
2014-06-09,72.07937191342334,72.23784787426625,71.54800590002536,71.65055084228516,3499900
2014-06-10,71.53870384392174,72.30312548782474,71.38022783400866,72.11668395996094,3396100
2014-06-11,71.74376285067756,72.18190807571378,71.5200316912729,71.65986633300781,3427500
2014-06-12,71.7624309453804,71.91158272179689,70.34544995184378,70.58782958984375,3836400
2014-06-13,70.5878178331782,70.97934918238366,70.03780341304915,70.79290771484375,3194900
2014-06-16,70.47594395306938,70.64374410750253,69.82339174821023,70.01915740966797,5673600
2014-06-17,70.04713914183063,70.31748429283152,69.49713174351956,69.89798736572266,4163700
2014-06-18,69.87000508408987,70.11238468809228,69.35728747873378,70.02848815917969,3820800
2014-06-19,69.99119590807437,70.30814782220563,69.07761565670391,69.23609161376953,5501900
2014-06-20,69.47848996083216,69.92595955645947,68.4996613333473,68.80728912353516,9339300
2014-06-23,68.60216645940031,69.26404988372288,68.23860069803132,69.1148910522461,4899900
2014-06-24,69.06831748012797,69.72087708055314,67.63270200622775,67.77252960205078,5943800
2014-06-25,67.64198523145765,68.56488957546054,67.62334393211245,68.0894546508789,3813600
2014-06-26,68.29456229893947,68.31320360314156,67.64200285527393,67.8377685546875,4085000
2014-06-27,67.60471209825168,68.62083741272122,67.53945686611414,68.4250717163086,12447500
2014-06-30,68.27591942382408,68.87254077873197,68.10811922323826,68.4903335571289,4737000
2014-07-01,69.1708189882663,70.76492370172248,69.11488798508687,70.41067504882812,6330900
2014-07-02,69.78610487382386,71.21240268838825,69.78610487382386,71.0352783203125,3973700
2014-07-03,71.40819342635871,71.68786283073419,71.17513796014195,71.53870391845703,3213400
2014-07-07,71.36128824779202,71.54799729300862,70.894508512257,71.11856079101562,3591100
2014-07-08,71.05324917475662,71.09059242788223,70.1383572794223,70.6611557006836,3903600
2014-07-09,70.82919585640437,71.57603954170196,70.57713068171233,71.5386962890625,3337000
2014-07-10,70.6237981849938,70.91319943515077,69.7835929655912,70.45575714111328,3318000
2014-07-11,70.52112921022976,70.81053055547056,70.25973352775442,70.79186248779297,2759000
2014-07-14,71.36130167368115,72.54691929110463,70.98787639049834,72.19216918945312,5585800
2014-07-15,72.80834043011231,73.95662233285364,72.68698019750443,73.11641693115234,7508400
2014-07-16,73.42451563148322,73.46185889646007,72.7710191781375,73.10710144042969,3623200
2014-07-17,72.17350958136869,72.69630793963091,71.1839384215273,71.31463623046875,5467000
2014-07-18,71.65071364372007,72.49091887641923,71.37064285865505,72.35088348388672,3485700
2014-07-21,71.98680881080857,72.29488530583275,71.50135364486185,72.21086120605469,3101300
2014-07-22,72.36955516147238,73.18175478074355,72.21085169917112,73.0697250366211,3467200
2014-07-23,72.96706711953486,73.17244437632564,72.0615126049387,72.57496643066406,3525800
2014-07-24,72.75232665617709,72.87368688469029,71.80942911927568,72.41624450683594,5149600
2014-07-25,70.60510286355925,70.97852809039918,70.22234716985632,70.71713256835938,5870200
2014-07-28,70.67046505647636,71.1465824884473,70.50242402886869,71.12791442871094,3209100
2014-07-29,71.23995570333528,71.52002653024996,70.6238098556188,70.84786224365234,4017200
2014-07-30,71.01588959834864,71.22127388208247,70.43707999168923,70.86652374267578,5521200
2014-07-31,71.23062793767839,71.24929600301647,68.90605850448938,69.22347259521484,7393700
2014-08-01,68.9340417118469,70.42774286229452,68.74733262928842,69.99830627441406,6029500
2014-08-04,70.38108408149768,70.81052080392492,70.09168277611126,70.65181732177734,4924000
2014-08-05,70.30637407580552,70.63312564718142,69.83959425669117,70.20368194580078,4639000
2014-08-06,69.876955587062,70.55845743329772,69.72758970997401,70.35307312011719,2782900
2014-08-07,70.52111420035094,70.65181201377058,68.9153900669135,69.13944244384766,4708000
2014-08-08,69.08344144264476,70.23172340052284,68.85005143777096,70.17570495605469,3614300
2014-08-11,70.52110846366656,71.01589402029109,70.00764772236033,70.6051254272461,3546600
2014-08-12,70.35306741401143,70.78250406924208,69.95163641330731,70.6051254272461,2752400
2014-08-13,70.81051512048701,71.42666805701367,70.56778755859803,71.23062133789062,3389600
2014-08-14,71.51068418165782,71.52002177459995,70.63314275250391,70.99723052978516,2411400
2014-08-15,71.33331167890373,71.48267755146023,69.99832080622805,70.2130355834961,4351900
2014-08-18,70.66113353052948,71.71605339097881,70.66113353052948,71.66937255859375,4030300
2014-08-19,71.65071913532998,71.69739997725061,71.03456620996076,71.323974609375,3562200
2014-08-20,70.92254280364439,71.39866032050048,70.85719389917367,71.31463623046875,2608200
2014-08-21,71.42666637713508,71.99613845750243,71.22128206978994,71.87477111816406,2690000
2014-08-22,71.65070911567959,71.77206931620712,71.09057470344374,71.39865112304688,2500700
2014-08-25,71.98678772726171,72.08014227106442,71.31462361589006,71.35196685791016,3386300
2014-08-26,71.68806278041426,72.67763395662958,71.45467281451467,71.88410949707031,3849000
2014-08-27,71.90278488819062,71.99614658206234,71.41733684354504,71.54803466796875,1980800
2014-08-28,71.03456615254113,71.35198020785259,70.6331422513327,71.09992218017578,2991600
2014-08-29,71.23062760796999,71.39866868522395,70.69849871708203,70.77317810058594,3231600
2014-09-02,70.88518562023076,70.95987210279993,70.42774337886082,70.55844116210938,3613200
2014-09-03,71.04390475504884,71.12792884713286,70.69849216119393,70.89453887939453,2870200
2014-09-04,70.97855333281116,71.71606645941922,70.9505476772748,71.3052978515625,2680300
2014-09-05,71.12794207765864,71.81877451636697,70.81986555353947,71.75342559814453,3487400
2014-09-08,71.50134292557307,71.74407047215736,70.85719149549774,71.16526794433594,2845600
2014-09-09,71.19330890808395,71.42669897795604,70.66117983367556,71.01593017578125,4144700
2014-09-10,71.0345897682559,71.81878401311873,70.8385429876649,71.55738830566406,4188000
2014-09-11,71.24927598906626,71.37063618591681,70.39974036612192,70.59578704833984,4673100
2014-09-12,70.65180383855792,71.01589157988307,69.95163400947172,70.45575714111328,4239500
2014-09-15,70.19434649753353,70.40906121049566,69.81158365421814,70.24102020263672,4046800
2014-09-16,70.62377124807522,71.69736600102212,69.96094491738458,71.50131225585938,4870400
2014-09-17,71.77208302925821,71.79075821598167,70.45576726512836,71.15593719482422,5549400
2014-09-18,71.54804826852188,72.6403119184755,71.1652923163794,72.6309814453125,5782900
2014-09-19,72.76166076427447,73.16309180550718,72.10816456186245,72.1455078125,8492600
2014-09-22,72.12683659913125,72.22019116040057,71.02523568216174,71.09992218017578,3432900
2014-09-23,70.93186959939081,71.18392758612572,70.48375780659005,70.49309539794922,3908100
2014-09-24,70.67046719694062,71.93077850341797,70.53043893843899,71.93077850341797,3618900
2014-09-25,71.45468659961739,71.54804117948797,69.75560760498047,69.75560760498047,5006100
2014-09-26,69.78360437878065,70.17569783779726,69.55021439758072,70.07300567626953,3767500
2014-09-29,69.22348076437063,69.91431322336184,68.88739856864558,69.56889343261719,3905900
2014-09-30,69.52219637304414,70.30638315158866,69.00873565673828,69.00873565673828,9347500
2014-10-01,68.91538832671993,69.25147044488301,68.21521843429628,68.4486083984375,6619400
2014-10-02,68.0285307486964,68.83139304813473,67.76712792358961,68.54198455810547,5607000
2014-10-03,69.130121974504,69.67158137022133,68.99008654772457,69.39151763916016,5338000
2014-10-06,69.66224721976002,69.81161311060586,69.44752529370359,69.55955505371094,4783400
2014-10-07,69.27906887720624,69.48475686689608,68.19454193115234,68.19454193115234,5842000
2014-10-08,68.01692180910813,69.25104299166354,67.7644910110302,69.24169158935547,4116100
2014-10-09,69.16689203020682,69.17623629816909,67.13806599684564,67.15676879882812,5790800
2014-10-10,67.12870941868924,67.59617952012015,65.91328430175781,65.91328430175781,5981300
2014-10-13,65.99744229679673,66.57710793802356,65.1092517311869,65.24014282226562,6039500
2014-10-14,65.48320332333088,67.00715306871669,65.44580486458791,66.38074493408203,8181000
2014-10-15,65.40840855124034,67.06325652301885,65.12793080100843,66.6612319946289,11596100
2014-10-16,65.52061800678881,66.83888012203977,65.30557859902375,66.24987030029297,9418000
2014-10-17,67.03523375611258,67.46531268088195,66.24988712764026,66.90434265136719,5888500
2014-10-20,66.57707881116055,67.37177641161686,66.511633294253,67.35308074951172,3281600
2014-10-21,68.12906326045997,69.44732462026668,67.8298828209062,69.33513641357422,4556400
2014-10-22,69.28841791310386,69.52215296013685,68.41892325282001,68.4563217163086,4155400
2014-10-23,69.27904286322178,69.80261404029564,68.97051099453944,69.26969146728516,3604100
2014-10-24,69.03596830532281,69.26035904802218,68.61524814555762,69.18556213378906,3374400
2014-10-27,69.18554716172319,69.6810641284894,68.96116360060779,69.28839111328125,3402600
2014-10-28,69.69043869486899,71.06480183807435,69.6249931705748,71.05545043945312,4992800
2014-10-29,71.23306615472819,71.96231806266705,70.66275230200172,71.04607391357422,6213500
2014-10-30,73.25257443713893,77.80573647479874,73.20583169981275,77.72158813476562,16292400
2014-10-31,77.79638562775564,79.31099156187152,77.78703422701237,78.30125427246094,11664600
2014-11-03,78.36667264471023,78.86218971689438,78.36667264471023,78.65650177001953,6661300
2014-11-04,78.40407985784832,78.73130747668199,77.31954588339717,78.52561950683594,5977100
2014-11-05,79.00244887688903,80.77883672794536,78.8902534821916,80.3955078125,7999000
2014-11-06,80.40485473276922,80.76012942997764,79.9280332481528,80.1711196899414,5147900
2014-11-07,80.3487751430864,80.3487751430864,79.08659997702067,79.28294372558594,4926000
2014-11-10,79.20813411016915,79.57276021395879,78.7313126155875,79.32967376708984,4526100
2014-11-11,79.45120390011807,79.58209492875372,78.76869456535267,79.0865707397461,2679900
2014-11-12,78.31057147570684,79.17071450972364,77.90854701565159,78.8621826171875,3121300
2014-11-13,79.03985301242724,79.22683821731022,78.30124932699133,78.72196960449219,3096500
2014-11-14,78.83417209559993,78.85286776455791,78.19841235559393,78.58174133300781,2224200
2014-11-17,78.34797993568237,78.7780515076182,77.75896313233585,77.7870101928711,3368500
2014-11-18,77.83377000022098,78.75935878135428,77.76832447292928,78.44148254394531,3142700
2014-11-19,78.25449351983912,78.99309714921596,77.98336713324547,78.79676055908203,2501100
2014-11-20,78.0674993107843,79.32966703471254,77.8711627433312,79.09593200683594,3452200
2014-11-21,80.16177340930201,80.29266447100078,78.73131599714559,79.20813751220703,4969500
2014-11-24,79.3016331556113,79.64756362226522,79.1426950221601,79.4605712890625,5150400
2014-11-25,79.56340870612156,81.09671004638032,79.54471304086222,80.72273254394531,5623400
2014-11-26,80.64795084469458,81.24631205543842,80.36746590645852,80.92842864990234,3327600
2014-11-28,81.33982069306087,82.17191713870383,81.04064002870643,81.61095428466797,2452800
2014-12-01,80.92840425651893,82.42431396551078,80.73206771214464,81.76985168457031,4989800
2014-12-02,82.19058174742877,82.22797307169581,80.90971133397791,81.98489379882812,5458300
2014-12-03,82.47106958731129,83.43405679832908,81.97555245022659,82.57391357421875,6085400
2014-12-04,82.6300104365455,83.62105187655727,82.40562679087552,82.99463653564453,3527900
2014-12-05,84.02305777890786,84.02305777890786,83.0694150137976,83.28445434570312,3739900
2014-12-08,83.24710482743431,83.7332707597138,82.16257039945918,82.31216430664062,4473300
2014-12-09,80.9377965827358,82.32151162336804,80.77885841401641,82.12516784667969,3732400
2014-12-10,81.83528867937346,82.30275863150793,80.60116829105952,80.71336364746094,3277400
2014-12-11,81.11539928257855,82.4430124178764,81.1060478849986,81.98489379882812,4078500
2014-12-12,80.93775771459316,81.63896273365214,78.63780610804287,78.65650177001953,6644500
2014-12-15,79.60080277637256,79.74104522367392,78.10489998222131,79.10528564453125,4921600
2014-12-16,78.27318765985605,79.44186280496133,76.71183937792186,77.2634506225586,6970300
2014-12-17,77.40371222264432,79.34838985729976,77.03908605777501,79.21749877929688,6443700
2014-12-18,80.51705151942747,81.26499938964844,79.8438934431093,81.26499938964844,6442100
2014-12-19,81.3211146770295,81.61094390258783,80.53576107486377,80.81624603271484,6262000
2014-12-22,81.10604262883467,81.31173056410549,80.60117418763156,81.18083953857422,2561600
2014-12-23,81.76985676262261,82.1344828152511,81.10605017622134,81.92879486083984,2749700
2014-12-24,81.99424685878536,82.55521664533475,81.83530874800903,82.0596923828125,1219500
2014-12-26,82.18123916531087,82.3401772760872,81.82595734942598,82.0596923828125,1508400
2014-12-29,81.93816458260302,82.73286238443485,81.8072735156203,81.9755630493164,2376100
2014-12-30,81.66704236157403,82.04101994748464,80.88169585088801,81.311767578125,2493300
2014-12-31,81.5080868534432,81.84466589580512,80.55445098876953,80.55445098876953,2811100
2015-01-02,81.04059948485794,81.67635897017534,79.39510308762003,80.10565948486328,4505800
2015-01-05,79.74103804227681,79.79713216293472,77.64677431907235,77.85245513916016,6441400
2015-01-06,78.2171039985418,78.32929226234201,76.47811457935879,77.6841812133789,7690000
2015-01-07,78.78018151304799,78.94879574576426,77.81533618292359,78.89259338378906,5846800
2015-01-08,79.80121570236153,80.20401586813233,79.6513332468241,80.11970520019531,5174200
2015-01-09,80.53189599987971,80.5599971809912,79.06120796512161,79.09867858886719,4582200
2015-01-12,79.07057454042466,79.48273709309838,77.66545836147729,78.08699035644531,4030100
2015-01-13,78.77081973141314,79.84807703704867,77.50621643644595,78.26498413085938,4222100
2015-01-14,76.81301849328324,78.19940294726203,76.66313600234908,78.1806640625,5084300
2015-01-15,78.49914374715,78.80826381073577,76.98161601631952,77.04718780517578,4331500
2015-01-16,76.8598585429882,78.55536312729534,76.65377369139033,78.49916076660156,4763700
2015-01-20,79.0518125792647,79.52018450218809,77.92772282296394,78.93003845214844,3540600
2015-01-21,78.48038140885821,79.0143250004615,78.0307484616064,78.42417907714844,3598400
2015-01-22,78.08695921631838,79.18294768360077,77.28135902324217,79.04243469238281,4796200
2015-01-23,78.94876120579977,79.46397312113685,78.49912821313065,79.05180358886719,5012200
2015-01-26,78.9675078066424,79.3421996215863,77.62796384253201,78.31178283691406,5440400
2015-01-27,77.38444119397424,77.57178718072979,75.83881178947156,76.59757232666016,5486000
2015-01-28,78.05886052446331,78.26494529855097,75.56711865127669,75.6326904296875,5070200
2015-01-29,75.22054543074809,76.39147542097275,74.77090516991444,76.23222351074219,6277200
2015-01-30,78.71461388598375,79.43591092130221,76.33528276328666,76.84112548828125,13332400
2015-02-02,76.54134170522006,77.96519640740345,75.48282369189333,77.73101043701172,10576500
2015-02-03,78.01202605251603,78.57407092860507,77.22516465534906,78.50849914550781,8490400
2015-02-04,78.61155472747151,79.59513878572065,78.2368556982914,78.85511016845703,4923200
2015-02-05,79.22981959921687,80.47569099741777,78.686506292917,80.3913803100586,5426000
2015-02-06,80.20403317563557,80.34453907453613,78.64903452442599,78.83638763427734,5540900
2015-02-09,78.65838201885977,79.46398229946101,78.32115366201327,79.2391586303711,3951100
2015-02-10,79.78249691454988,79.7918663570778,78.5834655554402,78.90196228027344,4441800
2015-02-11,78.90196921230007,79.42654369130003,78.63031252944903,79.11741638183594,4051300
2015-02-12,80.02605664018033,82.4147571894444,79.91364476425096,81.98384857177734,7053500
2015-02-13,82.27420120664934,82.42407648290366,81.14074218284951,81.62784576416016,5510900
2015-02-17,82.3679171211094,82.59273372617712,81.72156134139985,81.98384857177734,5083400
2015-02-18,81.98381188125877,82.28356960279437,81.35619526847921,82.18053436279297,2974300
2015-02-19,82.09623790055781,83.7730104020043,82.04003555142421,83.55755615234375,5271700
2015-02-20,83.38891862004498,85.18747190363743,83.25777507757711,85.04695892333984,6276500
2015-02-23,85.16873370680463,85.37481845997873,84.2507289022127,85.35608673095703,4316300
2015-02-24,84.82216733599729,85.85258424926795,84.531771852349,85.54345703125,5547500
2015-02-25,86.22729817696656,86.89238563739579,85.60904363395915,86.80807495117188,6144400
2015-02-26,87.0141335174961,87.11717591020823,85.29989059887252,85.48724365234375,5666700
2015-02-27,85.25304230094665,85.88065883646932,84.27882803918058,84.42870330810547,4675300
2015-03-02,83.89478377201232,86.33032369839125,83.83858142339369,86.19917297363281,5568300
2015-03-03,86.08677122745607,86.12424184341599,84.79405999060154,85.2155990600586,3444400
2015-03-04,84.90646726313354,86.07739714832326,84.42872586887525,85.90878295898438,4733900
2015-03-05,86.1804561886467,87.0703602144873,85.66524408097675,86.93921661376953,4651300
2015-03-06,86.65815918427315,86.67689091314553,84.93454710974436,85.04695892333984,4963200
2015-03-09,84.79403480528691,85.65584442281379,84.37250300782144,85.35608673095703,4144800
2015-03-10,84.47559313038553,84.67230855683967,83.22035217285156,83.22035217285156,5050200
2015-03-11,82.04940464362812,82.59271788623485,81.35621607531691,81.4686279296875,9452300
2015-03-12,82.18053792368397,83.84794076864871,82.13369787428189,83.60438537597656,7035500
2015-03-13,83.60440343873114,83.60440343873114,81.82458837874475,82.19928741455078,4609700
2015-03-16,82.90184114294885,83.30464133493871,82.36789736722177,83.09855651855469,3843900
2015-03-17,82.67704455225581,82.95806352234284,82.19930301227954,82.40538787841797,2880800
2015-03-18,82.17120059713673,83.61378749167163,81.70282850722764,83.25782012939453,5437300
2015-03-19,83.22972461520331,83.99785460909014,83.03300918166063,83.38896942138672,3172500
2015-03-20,83.90416542471408,84.64419409199019,83.72618176579742,84.13835144042969,4372000
2015-03-23,84.25076627691469,84.91585372742593,83.66998236457982,83.67935180664062,3395200
2015-03-24,83.74490485472492,84.25074741088206,83.40767648395351,83.82920837402344,4050500
2015-03-25,83.90415661715845,83.95099667410071,81.84332275390625,81.84332275390625,3813600
2015-03-26,81.22506825421809,82.71449487318735,81.08455523027166,82.3678970336914,4141800
2015-03-27,82.33980395002251,82.73323473830462,81.37495871584925,81.73091888427734,4927400
2015-03-30,82.0962426958621,82.70512771860136,81.94636737382183,82.12434387207031,3451100
2015-03-31,81.80584210377285,82.67701416980407,80.92530059814453,80.92530059814453,5985500
2015-04-01,81.24381916218267,81.25318145751953,79.9698466109176,81.25318145751953,4736900
2015-04-02,81.4217836420135,82.3116946959566,81.1875976509952,81.52482604980469,4628400
2015-04-06,80.88785660799182,82.11499631469927,80.76608244030544,81.81523132324219,5853800
2015-04-07,82.07799708420686,83.06338638586175,81.89968677097816,82.50968933105469,4091200
2015-04-08,82.96015523620228,84.17077372443457,82.84753706523651,83.82353973388672,3659900
2015-04-09,83.61704529664851,84.18012162041607,82.71612174663963,83.57950592041016,3482100
2015-04-10,83.97371035302642,83.97371035302642,82.88508934413065,83.11970520019531,2575300
2015-04-13,83.1759875086301,83.92676090253661,82.81937408447266,82.81937408447266,3526000
2015-04-14,82.59416173340317,83.96431737011021,82.59416173340317,83.63585662841797,3453500
2015-04-15,83.66400574769692,84.05815862059913,83.20416072931098,83.75785064697266,2683600
2015-04-16,83.47629478664517,83.6921444626882,83.13844747799867,83.26045227050781,2952100
2015-04-17,82.5753809556366,82.87568891503341,81.26153094831066,81.58061218261719,4352800
2015-04-20,81.85276974648188,82.48153843583873,81.65569331369421,81.95600128173828,2681000
2015-04-21,82.1155146181969,82.7536697610545,81.89966497227101,82.368896484375,3148200
2015-04-22,83.03523084345566,86.74215778722068,83.03523084345566,85.58784484863281,12232000
2015-04-23,85.58781394627822,85.77551082294467,84.63058493494239,85.28750610351562,4322300
2015-04-24,85.13740539550781,85.55033160499808,84.658787030863,85.13740539550781,3519200
2015-04-27,85.33442963233729,85.65350357354048,84.17073767044397,84.22704315185547,4854300
2015-04-28,84.13324838819317,84.87463536110667,83.81416709710902,84.67755889892578,4786300
2015-04-29,85.5221185496611,87.8307363448453,84.28334785078412,84.69627380371094,9364700
2015-04-30,84.69630708884172,85.76615460559249,84.14261721609628,84.65876770019531,7470700
2015-05-01,84.79956418313085,85.69110166256966,84.70571926317547,85.63479614257812,4663100
2015-05-04,85.85999784461309,86.329229453802,85.22184256971993,85.56907653808594,4596900
2015-05-05,85.53152710128602,86.26352718003496,84.987216780199,85.19367980957031,3707000
2015-05-06,85.44707036965727,85.82244989162065,84.42414184056237,84.9966049194336,3495800
2015-05-07,85.12798432594501,86.48876007507339,84.79013704753417,86.38552856445312,4369800
2015-05-08,87.12690062420336,88.52521563554767,86.93921089001572,87.75567626953125,9933400
2015-05-11,87.72755308467381,88.14047207099813,86.80785589349722,86.82662200927734,4731400
2015-05-12,86.23541149378975,87.02372456655502,85.94449009641282,86.70464324951172,5191800
2015-05-13,87.04247172023639,87.25832143119544,86.35739035579898,86.82662200927734,3443200
2015-05-14,87.37091557347168,88.12168893801777,87.08938093169597,88.06537628173828,3467200
2015-05-15,88.06539369605903,88.68478291827529,87.30524070507258,87.48355102539062,3403800
2015-05-18,87.18325677194292,87.42725927605396,86.17910115722235,87.35218048095703,4281200
2015-05-19,87.84952938449229,88.28122154157738,87.41783722740719,88.02783966064453,3279700
2015-05-20,88.30937527740146,88.30937527740146,87.09875703293012,87.5022964477539,2701100
2015-05-21,87.36152302274918,87.60552542369264,87.02368290747243,87.18321990966797,2891000
2015-05-22,87.23015556634947,87.54923679209685,86.94862088941437,86.98616027832031,2448200
2015-05-26,86.90167471005782,86.93921409025806,85.91629282944403,86.23536682128906,2965400
2015-05-27,86.44185273425389,87.07062140940774,86.23538966840479,86.8923110961914,2597800
2015-05-28,86.90169885774989,87.23954621352627,86.44185385235131,87.10816192626953,1777700
2015-05-29,87.09874616399405,87.20197766373465,86.47936432545471,86.58259582519531,3561400
2015-06-01,86.71400822919833,87.22077925798125,85.97262138115887,86.8641586303711,2635400
2015-06-02,86.47001412589096,87.76509099573244,85.81309263247294,87.43663024902344,2795500
2015-06-03,87.55860998784192,88.27183678784573,87.18322331631583,87.74629974365234,3638000
2015-06-04,87.23016390387143,87.89647917075595,86.6389345818819,86.87355041503906,3320300
2015-06-05,86.75155512991537,87.12693474529875,86.05708708966024,86.92047882080078,2655000
2015-06-08,86.70461885118074,86.91108191118587,86.12276906024869,86.2447738647461,2561500
2015-06-09,86.08520225113448,86.62950527443341,85.68166293047109,86.42304229736328,2375100
2015-06-10,86.80785198958118,88.55339423481284,86.71400709508725,88.37508392333984,3727600
2015-06-11,88.54399777068657,89.27599789037014,88.196770983604,88.68476867675781,3403600
2015-06-12,88.2624781977966,88.46893411408023,87.47416528506051,87.99970245361328,2777500
2015-06-15,87.21137508852668,87.78383814522418,86.47937502518369,87.55860900878906,3229000
2015-06-16,87.58676847826878,88.60968988634723,87.35215268816943,88.35630798339844,2446100
2015-06-17,88.54401063207487,89.12586045372943,88.12170501242522,88.63785552978516,2962100
2015-06-18,88.75047543989744,90.38339960371556,88.72232268602406,90.139404296875,4208000
2015-06-19,89.92355799699715,90.0549422933308,88.8912497429868,88.9757080078125,5011200
2015-06-22,89.70769376374821,90.21446475044264,89.39800634957882,89.54815673828125,3290100
2015-06-23,89.78277559338093,90.07370406373364,89.48246764585053,89.81092834472656,4195400
2015-06-24,89.5106322054582,90.23325299821998,89.42617394027955,89.63263702392578,3682500
2015-06-25,89.97047633341006,89.97047633341006,88.47831600994792,88.6472396850586,3214900
2015-06-26,88.966315652986,88.99446840385325,88.1216973274381,88.69416046142578,3201100
2015-06-29,87.91524288210242,88.32816902833356,86.72339763262639,86.82662200927734,4426500
2015-06-30,87.46475575769013,88.25306846412603,87.03306360222251,87.72753143310547,4750400
2015-07-01,88.6566159275247,89.10707423506581,88.21553709645751,88.68476867675781,3737000
2015-07-02,88.67539646797087,88.92878557210693,88.12170654988523,88.44078063964844,3034700
2015-07-06,87.65245526473893,88.85368689116619,87.49291825558335,88.70352935791016,3042000
2015-07-07,88.87274794324925,88.87274794324925,86.75762544551434,88.26171112060547,4859200
2015-07-08,87.39685455137649,87.67886655471209,86.60720516353663,86.94562530517578,4367200
2015-07-09,88.11131694251016,88.49673558211205,87.41567140519936,87.46267700195312,2986000
2015-07-10,88.78815279888491,89.30518569012033,88.44033719209682,88.94796752929688,2721800
2015-07-13,89.65298015567052,89.96319262039633,89.4085640322712,89.77518463134766,3454400
2015-07-14,89.96322953446258,90.15124477270346,89.44620376640816,89.55900573730469,3148400
2015-07-15,89.78460017977748,89.86920163548292,88.97615280015494,89.5401840209961,3969400
2015-07-16,90.01021576090233,90.21702889242349,89.73759910317412,90.07601928710938,3100400
2015-07-17,89.83159464486579,90.489637016929,88.79753625681876,90.32042694091795,2726300
2015-07-20,90.77166030498086,91.8997300092035,90.63065786749384,91.42970275878906,4621700
2015-07-21,91.37329099982568,91.56130619578737,90.54604565373351,90.91266632080078,3836200
2015-07-22,90.52722274272958,91.5236779042314,90.38621317767596,91.07244873046876,3809900
2015-07-23,91.09128987842672,91.15709341188622,89.18298023605382,89.45559692382812,4896900
2015-07-24,91.46729212899068,91.64589758046252,89.79398934308384,90.08541107177734,6798800
2015-07-27,89.74700343076867,90.085423621396,88.6471413972532,88.73174285888672,4538900
2015-07-28,89.37098828249604,89.74701154742776,89.03256806126224,89.45559692382812,6528700
2015-07-29,88.74112923287568,92.07831776529,87.42505175060802,90.93145751953124,11420600
2015-07-30,90.84689459381607,92.89621432880776,90.34866670120712,92.51079559326172,4407300
2015-07-31,92.73635475855728,92.85855923117904,91.43907528160288,91.56128692626952,3956700
2015-08-03,91.88091950114423,92.01252654975934,90.53664135710746,91.59890747070312,2989800
2015-08-04,91.60830284422563,92.40735486052952,91.3168882611784,91.46730041503906,2976200
2015-08-05,92.20056014609742,92.8115970920906,91.92794344182208,92.37916564941406,3306100
2015-08-06,92.65176384532292,92.6987694364123,91.11007512860144,91.335693359375,4109900
2015-08-07,91.26987377543036,91.92791612637228,90.77164611540232,91.90911102294922,3114900
2015-08-10,92.47317057983236,93.23461248604082,91.9373397621214,92.20055389404295,3445500
2015-08-11,91.37330627441406,91.9091371213968,90.90327896400647,91.37330627441406,4178100
2015-08-12,90.77168620456786,91.50492777690032,89.55901469184543,91.22291564941406,3924200
2015-08-13,91.45790549298188,92.0313393263378,90.79046764164312,91.40150451660156,2440200
2015-08-14,91.40149469025998,92.19113696287924,91.05367197186564,92.0219268798828,1849200
2015-08-17,91.7117246471543,92.07834536805493,90.99728831373366,91.99374389648438,2423900
2015-08-18,91.82452706781592,92.22875080387676,91.65531696499866,91.74932098388672,2215000
2015-08-19,91.32629031835754,91.63651000497752,90.4050338110744,90.80925750732422,3737000
2015-08-20,90.21702839857,90.3580380031122,88.8539451173906,88.89154815673828,4884000
2015-08-21,87.92328659229314,88.29930978545275,85.20652995908492,85.24413299560547,7992200
2015-08-24,80.37467336411035,85.12195226203777,70.13747869886645,82.56500244140625,11374700
2015-08-25,85.38511258960989,85.44151353855138,81.4650888532223,81.61549377441406,6600600
2015-08-26,83.58026129049799,86.36282215777744,82.67780252679593,86.21240997314453,6591600
2015-08-27,87.56608174366066,88.56253725996159,86.5320231851535,88.4121322631836,5435400
2015-08-28,88.0736946226962,88.52491669576544,87.48145579023019,88.44031524658203,3136600
2015-08-31,87.81986977582234,88.02668286650267,86.48499440948844,86.83281707763672,4963100
2015-09-01,84.66129515776434,85.58255160575587,83.23241565603293,83.71184539794922,6341900
2015-09-02,84.75532081501672,85.14073944716164,83.65545155186364,85.0091323852539,5175400
2015-09-03,85.53558152728522,86.81405658844581,85.48858309200722,86.15602111816406,3617900
2015-09-04,85.30993200037621,85.47914206973812,84.50148468809661,85.10311889648438,3595400
2015-09-08,86.68241486021032,87.54726318189932,86.0901831735844,87.3310546875,4176300
2015-09-09,85.7329535032907,87.94208695446278,84.38867550136375,84.57669067382812,8118200
2015-09-10,84.41690153526565,85.25354951175954,84.18188789755283,84.30409240722656,7370000
2015-09-11,84.1442733375091,85.93977355440904,84.09726774758167,85.87397003173828,4572400
2015-09-14,85.8081786437556,85.96798619683456,85.12194283486492,85.48856353759766,3740400
2015-09-15,85.80817768925613,87.0490494013286,84.77411912453688,86.58842468261719,4670200
2015-09-16,86.78585401809818,87.20887578573067,86.36283225046567,87.17127990722656,4128600
2015-09-17,87.09603130486809,89.15474532066004,87.07722620274403,87.6224594116211,4627000
2015-09-18,86.53198784019392,87.72585346139458,86.33457015623691,86.62599182128906,8342900
2015-09-21,87.30285108536985,88.43091344971754,87.0396298397795,87.47206115722656,3998800
2015-09-22,86.23120430265375,86.77643047367111,85.93038714304019,86.55081939697266,3457100
2015-09-23,86.4004067911362,87.1806465234874,86.3063956097515,86.61661529541016,2557000
2015-09-24,85.9303619529439,86.08076690263674,84.7082885659828,85.65774536132812,3513900
2015-09-25,86.56961735061715,86.5790199039953,85.26294214088054,85.82698059082031,3880800
2015-09-28,85.51674753150944,85.63895201816612,82.86579448429399,83.05380249023438,4966800
2015-09-29,83.35464611073047,84.18189881285402,82.74360913903865,83.43925476074219,4501200
2015-09-30,84.79291131006191,84.87751994280879,83.61784320891334,84.71771240234375,4550800
2015-10-01,85.14074078267797,85.43215539975233,84.04087867431943,85.29115295410156,4496000
2015-10-02,83.918663871319,86.59782499180629,83.58964622362399,86.55081939697266,3543600
2015-10-05,87.22767653365898,88.71296468197244,87.00206541367726,88.67536163330078,3837600
2015-10-06,88.36512307354128,89.16416796479695,88.14890738266081,88.2899169921875,3641700
2015-10-07,88.99615801596457,89.71181339309747,88.70423895901432,89.62706756591797,3754300
2015-10-08,89.17505616913995,90.3992150804007,89.12797755518939,90.27680206298828,2970500
2015-10-09,90.05082649045639,90.57816029225135,89.56116708623927,90.22974395751952,4733200
2015-10-12,90.23915844165636,91.17139857917716,90.22973984269142,91.00189971923828,2577900
2015-10-13,90.70056694097126,91.03014605363568,90.28623480831553,90.33332061767578,2415100
2015-10-14,90.1261374165891,90.57813667394193,89.25981328963769,89.48580932617188,2832500
2015-10-15,90.36156714958516,91.49156188964844,89.94723502646674,91.49156188964844,2896900
2015-10-16,91.68930543517617,91.99063591612791,91.02072865507338,91.94355010986328,3388300
2015-10-19,91.53863417485448,92.273126753677,91.35030532336133,92.03771209716795,4024100
2015-10-20,91.79290672263168,92.12248587919387,91.40682315045392,91.97181701660156,2451600
2015-10-21,92.3861323674018,92.62154703408372,90.85123132697836,90.96422576904295,2899600
2015-10-22,91.75521979393164,92.97937171020212,91.49155652532832,92.30137634277344,4033400
2015-10-23,93.4596354076076,94.03404784732425,92.45206078428748,93.96813201904295,5240400
2015-10-26,92.753387300408,94.09995960645544,92.753387300408,93.81745910644533,3652000
2015-10-27,93.55379379354268,93.6667954279747,92.1318870934886,92.68746948242188,3789300
2015-10-28,92.96997625506368,94.28829282437276,92.62155991358256,94.25062561035156,4583800
2015-10-29,94.05287395110253,95.71961397221304,93.22421683226982,94.72145080566406,4940600
2015-10-30,94.89095717153356,95.10754186359624,92.96056087992368,93.21480560302734,5539000
2015-11-02,93.1300695049079,93.85514371907315,92.93232199195371,93.58206176757812,5480700
2015-11-03,93.64794527490434,94.68377548652018,93.233620374543,94.27886199951172,4497500
2015-11-04,94.2600302951104,94.81561263954882,93.7044551349574,94.65552520751952,3292200
2015-11-05,94.16588117269453,95.2958688730522,93.98696369949468,94.8156280517578,3032300
2015-11-06,94.91920327107432,95.58778011017156,94.42011810720064,95.57836151123048,4333200
2015-11-09,95.14517400312218,95.26758701959396,93.97751949557238,94.60842895507812,3722700
2015-11-10,94.13759555632444,94.89091799903488,93.99634535322754,94.77792358398438,2991700
2015-11-11,95.38062091076915,95.82320169716752,94.88154289522602,94.99453735351562,4663300
2015-11-12,94.92859083305235,94.92859083305235,92.52736597502197,92.54619598388672,5274800
2015-11-13,92.36728137402656,92.75336481817293,91.04896518495212,91.20904541015624,4363900
2015-11-16,90.93596809620134,92.62153780378092,90.87005228347071,92.5650405883789,3979900
2015-11-17,92.809898702496,93.2430609335296,92.103654528885,92.3484878540039,3767500
2015-11-18,92.6874487874214,93.4313598833569,92.40494835656028,93.37486267089844,4502400
2015-11-19,93.2336138261871,93.46902846060428,92.61211574286914,93.15827941894533,3620800
2015-11-20,93.6197034238262,94.30711741530894,93.47845318620256,93.69503784179688,3319700
2015-11-23,94.128214720292,94.128214720292,93.28072034601804,93.57263946533205,2115900
2015-11-24,92.96996447889354,93.14887474247416,91.86821836511592,92.75337982177734,2588400
2015-11-25,92.79105528232856,93.07354860039564,92.33905591542062,92.4332275390625,2196200
2015-11-27,92.54621346916753,93.17712305745933,92.53679487081354,92.91345977783205,1502600
2015-11-30,93.0358785750427,93.1206244060707,92.20721435546876,92.20721435546876,3847500
2015-12-01,92.48029229267586,92.91345439615785,91.50096646486588,92.21662902832033,4891600
2015-12-02,92.03771958872484,92.28255286302266,91.25614832555436,91.43505859375,3584400
2015-12-03,91.65161637873996,92.23544000524925,90.11670854554872,90.36154174804688,3479200
2015-12-04,90.8041493238492,92.94171142578124,90.62523187070448,92.94171142578124,3868100
2015-12-07,92.56503636482162,92.93228261674756,91.74579085744908,92.113037109375,2855600
2015-12-08,91.51039057775856,92.81929556489716,91.11489565738982,92.4520492553711,3664000
2015-12-09,92.85694821012572,94.09993718224835,91.80228807027324,92.113037109375,5111300
2015-12-10,92.39554636965627,92.90404288650949,91.76462963427528,91.91529846191406,2907900
2015-12-11,91.91531077483208,91.91531077483208,88.98675149993267,89.29750061035156,4558700
2015-12-14,89.53290745866506,90.69114359168478,89.17507256855697,90.68173217773438,3930200
2015-12-15,91.71756213580989,93.09238302544576,91.60456050137786,92.68746948242188,4579900
2015-12-16,93.83627547061248,94.4389363648271,93.1206129646259,94.20352172851562,4493600
2015-12-17,94.67435629772552,94.9191895447864,93.46903444186415,93.53495025634766,4581200
2015-12-18,92.88519057649084,93.158272393936,90.59696021513837,90.67229461669922,6039600
2015-12-21,91.25616511850268,92.03773652549782,90.61583679547306,91.37857818603516,2748400
2015-12-22,91.82112425766708,92.0847874936692,91.13371037727492,91.84937286376952,3341900
2015-12-23,92.2260518669288,93.1112061259263,92.0094672130861,92.96996307373048,2054200
2015-12-24,93.01702165465882,93.32777067110572,92.574441028377,92.83810424804688,932700
2015-12-28,92.42377334668473,92.86635394392982,92.15069154871895,92.78160095214844,1673400
2015-12-29,93.44080326284184,94.156458758072,93.44080326284184,93.90221405029295,2362300
2015-12-30,93.85509090226756,94.1375912956754,92.9699368925376,93.10176849365234,1856700
2015-12-31,92.51796148002104,93.09237382578485,91.6798858642578,91.6798858642578,3219200
2016-01-04,89.80598974520478,90.01314861734583,88.25225150629124,89.27865600585938,6378700
2016-01-05,89.81541224462514,90.23916300805853,88.902009258813,89.44816589355469,4352500
2016-01-06,88.21213587560308,89.06132893050899,87.73093247672851,88.08003997802734,4370000
2016-01-07,86.39108257401806,87.15535984517129,85.56076455946929,86.46656799316406,6600000
2016-01-08,86.77789967074114,87.03265384375923,84.6549218337547,84.81532287597656,5912100
2016-01-11,85.15502063086618,85.95703323585218,84.24921739713896,85.46639251708984,5845600
2016-01-12,86.43825602360276,86.6835800173637,85.03237439534111,86.2778549194336,4441800
2016-01-13,86.8722868126877,86.94777222635079,83.73971413252272,84.15487670898438,4895000
2016-01-14,84.35303750731977,86.51375931741232,84.12658841941492,85.58908081054688,6235800
2016-01-15,83.11694906461558,84.23977091069376,82.86219485684732,83.70195007324219,6459800
2016-01-19,84.50395554167238,84.67379406557487,80.66372460552222,81.3525161743164,10175200
2016-01-20,79.9277482137614,81.10718023296816,78.80492662789841,80.32403564453125,11672100
2016-01-21,80.41840830154568,82.58855923058762,79.78622717127341,81.25816345214844,5989700
2016-01-22,82.77728921839099,83.81518832186703,82.4659173277429,83.03204345703125,4912500
2016-01-25,83.06032185816497,83.21129261651531,81.75823146146219,81.87145233154297,5110500
2016-01-26,82.08848571777344,82.56025862419743,81.5223596698013,82.08848571777344,4872500
2016-01-27,81.98469462164378,82.13566540618201,79.57864993351906,80.0221176147461,6750900
2016-01-28,80.52221620370524,80.81472037341048,78.64456158561832,78.72004699707031,9169600
2016-01-29,76.85180430499469,84.21146459439866,76.42721156466433,84.0038833618164,16410500
2016-02-01,83.52265898605594,84.16427032534037,82.30549141468312,83.62644958496094,5956400
2016-02-02,82.73011638383893,82.7867268421867,80.55052735323119,81.07891082763672,7096900
2016-02-03,81.67336328020168,81.86207685445946,79.69191754195913,81.58844757080078,5253600
2016-02-04,81.37139121800696,81.96582970430623,80.89961829805313,81.45631408691406,4490600
2016-02-05,81.18269741592931,81.44688913994852,77.54060933781399,78.0878677368164,8474000
2016-02-08,76.84237934853321,77.12543879545119,75.36101259374263,76.09697723388672,9213800
2016-02-09,74.41747704510851,78.53133826025291,74.08723017979887,77.34246826171875,7802700
2016-02-10,78.37093264023927,80.05044345811011,78.24827424521767,78.60681915283203,4858900
2016-02-11,75.62519938493845,78.11615978939729,75.46479832222091,77.47454833984375,6285400
2016-02-12,78.89933289982494,80.45617831294855,78.60682869360187,80.0976333618164,5213300
2016-02-16,81.25815549369219,81.7016159106173,80.54105877061056,81.31476593017578,4908000
2016-02-17,82.02245225954793,82.65462633792568,81.70164288330498,82.2866439819336,4143400
2016-02-18,81.69225521617793,82.51313603908197,80.984595362674,81.1827392578125,3551500
2016-02-19,80.81470105177945,81.95639063196047,80.40897606058427,81.89034271240234,3490500
2016-02-22,81.89034678330181,83.24905513739357,81.89034678330181,82.86219787597656,3010800
2016-02-23,82.3338122570737,82.89050084894893,81.07889455848526,81.34308624267578,4236900
2016-02-24,80.33349173229473,81.86203857492796,79.81453864411213,81.54122924804688,3361300
2016-02-25,81.66388393998503,82.494201571836,80.6920258134577,82.4847640991211,3280500
2016-02-26,83.13583557030796,83.58873360234418,82.55083448035306,82.6263198852539,3294900
2016-02-29,82.37157549328262,83.81519984091022,81.99415562232535,82.01302337646484,4302900
2016-03-01,82.81503983958612,85.04180926014928,82.76786685276637,85.01350402832031,4967500
2016-03-02,84.69266452580969,85.00402913756905,83.9661303014455,84.81532287597656,3898300
2016-03-03,84.6643749610708,85.05122502846957,83.9000979033351,84.6738052368164,4202500
2016-03-04,84.91914367102561,85.44752715028834,84.44737065063102,84.96632385253906,3181300
2016-03-07,84.62663753161144,84.68324798434514,82.5036591698869,83.31510925292969,4939800
2016-03-08,82.52254707638363,82.80561380655627,81.90924062680025,81.94698333740234,4251700
2016-03-09,82.28662889182924,82.65461118033903,81.80541851505366,82.2583236694336,3477800
2016-03-10,82.71124513867876,83.22075363966778,81.07890740461224,81.98471069335938,3239100
2016-03-11,82.94711831177474,84.12655061265642,82.82445274532562,83.57929229736328,4003200
2016-03-14,83.53211880680733,84.09824491677297,83.05090837392872,83.8529281616211,4407400
2016-03-15,83.37173857688764,84.63608696535422,83.22076773717983,84.3152847290039,4468800
2016-03-16,84.18317143849826,85.22107055150045,83.99445792788053,84.92857360839844,3005000
2016-03-17,84.84364602583024,86.48542108311663,84.59832927365234,86.2495346069336,4568900
2016-03-18,86.81567250396594,87.22139758606598,86.28728183042885,87.0987319946289,5972900
2016-03-21,86.67414665827297,87.40067399905328,86.39107994443435,87.13648223876953,3176900
2016-03-22,86.50431804124713,87.00439638781299,86.37222214587828,86.57980346679688,3541300
2016-03-23,86.69296188090166,87.41949598011882,86.4665129662605,86.92884826660156,2816100
2016-03-24,86.14575743826744,86.77793156550516,86.14575743826744,86.72132110595703,2618700
2016-03-28,86.97606975156263,87.08929786202633,86.03252376041905,86.0891342163086,2304300
2016-03-29,86.07027620141609,87.78752981163049,85.9570480781424,87.54220581054688,3326300
2016-03-30,88.26869090334792,88.85368454926292,88.03280451098053,88.51400756835938,3477900
2016-03-31,88.3913775123397,89.58024732582271,88.2404067175618,89.16508483886719,5647100
2016-04-01,88.36306790157343,90.68418976593344,88.2215345881659,90.4577407836914,5276900
2016-04-04,90.58985482330502,90.67477050919965,89.12735562207406,89.68405151367188,4449900
2016-04-05,88.78767308114968,90.02372317946823,88.58952929409503,89.0235595703125,5378300
2016-04-06,89.06137480863707,89.66646214797208,88.72101227860986,89.58137512207031,3334200
2016-04-07,89.03300495105653,89.11809918298523,87.96464928561679,88.40901184082031,3046500
2016-04-08,88.95738248862396,89.49629588574804,88.32393275218749,88.67375183105469,2564000
2016-04-11,88.79664245189602,89.51518631123618,88.29555521783848,88.3711929321289,3858200
2016-04-12,88.64539327205289,88.86284273082069,88.05921168024084,88.73993682861328,2673700
2016-04-13,89.34504273417102,90.52685546875,89.24104263647106,90.52685546875,3698600
2016-04-14,90.49845489945056,91.49117284934148,90.2053677732746,90.92390441894533,3292200
2016-04-15,90.99955366306028,92.00172825751186,90.8955535961028,91.40609741210938,4127600
2016-04-18,91.36828213189304,92.45555101157254,91.33046326849777,92.34209442138672,3079700
2016-04-19,92.65409851255832,92.80537397247112,91.0941045949598,91.93555450439452,3635900
2016-04-20,92.3326262447408,93.032257041538,91.75590131895108,92.55953216552734,3627300
2016-04-21,92.6068002639026,92.73916265204124,92.03953185570714,92.21916961669922,2913600
2016-04-22,91.13191960499014,93.11736304648846,91.13191960499014,92.13409423828124,7176300
2016-04-25,91.51009000708792,92.01117726339896,91.27372754934048,91.68972778320312,3276100
2016-04-26,91.85989724378344,92.28534672780468,91.45335358014168,91.9638900756836,2929200
2016-04-27,91.93554675503412,93.2308157218164,91.2831912254782,93.01335906982422,5211900
2016-04-28,92.59737396533308,94.5449986288601,91.4533803475092,91.87882995605467,6261400
2016-04-29,91.54791237513965,92.3326374961117,90.83882497471645,91.69918060302734,5338500
2016-05-02,91.85046352941934,92.5973698509856,91.2264631038536,92.43663787841795,3813100
2016-05-03,91.71810895763107,92.21919631683656,90.68756467936872,91.18865203857422,3362100
2016-05-04,90.49843982725658,91.13188934881336,90.0351715277965,90.99952697753906,3187500
2016-05-05,91.08460646217064,91.5478819365916,90.7253382288308,90.94279479980467,2848600
2016-05-06,90.57410408965998,91.48173513593488,90.43228516078976,91.40609741210938,2042700
2016-05-09,91.52898044075955,91.94498060467842,91.23589335065776,91.4438934326172,1972600
2016-05-10,91.50061814894254,92.37043011645828,91.41553114075904,92.31370544433594,1903500
2016-05-11,92.31371707537208,92.50280414840952,91.10354249622964,91.15081787109376,2540600
2016-05-12,91.4628182136946,91.53845593430756,90.04464341164694,90.62136840820312,4216800
2016-05-13,90.37554573485276,91.02790842540088,89.95009619688385,90.15809631347656,3371600
2016-05-16,90.38499092359964,91.25480292649792,90.24317202431628,90.90499114990234,2273600
2016-05-17,90.7442853471334,91.03737251039732,90.06356025923364,90.385009765625,3463300
2016-05-18,90.12974519825698,90.92391969156836,89.6948390881278,90.4133758544922,2469900
2016-05-19,89.95011899094692,90.29048159285652,88.94794422599738,89.53411865234375,2268900
2016-05-20,89.97845476809565,90.65917977089542,89.84609237457451,90.26209259033205,2446700
2016-05-23,90.29988464193084,90.50788468806466,89.8082468577587,89.89334106445312,2231800
2016-05-24,90.3188438640886,91.46283758106392,90.12975673572684,91.21702575683594,2446500
2016-05-25,91.50065227803806,91.6141088778098,90.8955648390113,91.18865203857422,2689500
2016-05-26,91.27370429079372,91.45334202113328,90.8293418293483,91.12242889404295,1738300
2016-05-27,91.2642860223249,91.87882995605467,91.12246708173942,91.87882995605467,2724300
2016-05-31,91.87883795864347,91.89774378620312,90.38502511902672,90.66866302490234,4028800
2016-06-01,90.66863645767594,91.27372374724716,90.05409265049002,91.15081787109376,2677500
2016-06-02,91.01842898084284,91.59515380859376,90.772617280614,91.59515380859376,2662100
2016-06-03,90.96173094740938,91.33991233730426,90.1297376602087,90.7915496826172,2814800
2016-06-06,91.14136493482049,91.6802710486836,90.74427773791288,91.36827087402344,2160700
2016-06-07,91.3210031695031,91.86936584742242,91.17919145384325,91.40609741210938,2394900
2016-06-08,91.37775364809336,92.6446533203125,91.30211590888902,92.6446533203125,4365200
2016-06-09,92.19081467134592,92.30426403415738,91.689727417036,91.7275390625,2044700
2016-06-10,90.76317969704388,90.84826671566933,89.72318637232381,90.01627349853516,4080700
2016-06-13,89.56244643570939,90.41334533035666,89.02354043626895,89.0519027709961,3082200
2016-06-14,88.74939711257448,89.18430326176782,88.2577590564698,88.97630310058594,5338200
2016-06-15,89.21264624912848,89.34500864784629,88.24828338623047,88.24828338623047,4025900
2016-06-16,87.86065300559999,88.9573710577203,87.02865975181183,88.94792175292969,4976200
2016-06-17,88.85339737764858,89.07084684609109,87.63376596808634,88.20103454589844,6941700
2016-06-20,89.3450125874904,89.98791878670127,89.10865012032772,89.20319366455078,4949500
2016-06-21,89.51521672316348,90.10139838824963,89.3166730656049,89.92176055908203,4203000
2016-06-22,90.0351979886144,90.17700970436576,88.92901611328125,88.92901611328125,2876700
2016-06-23,89.95957159389336,90.48902130126952,89.44902771326149,90.48902130126952,2992400
2016-06-24,86.48975742173447,88.04974393919736,86.1683007145437,86.48030090332031,8356800
2016-06-27,85.34576448058658,85.84685901710502,83.97486492764246,84.21122741699219,7444800
2016-06-28,85.35520169986405,85.56320179757383,84.82575215166399,85.48756408691406,4820400
2016-06-29,86.07377954589475,87.1799544519818,85.89414171537717,87.10431671142578,3987900
2016-06-30,87.55811713369249,87.68102302578636,82.81195452487115,83.25631713867188,12706800
2016-07-01,84.2963139695157,84.59885763973892,83.45485694808443,84.00321960449219,8342100
2016-07-05,83.31304903983145,84.46649187611094,83.12395472905665,83.42649841308594,7077000
2016-07-06,82.58324232213644,82.98118643759709,82.10002033691941,82.27056884765625,9412800
2016-07-07,82.38423957154163,83.68230326848769,82.38423957154163,83.19908142089844,4707200
2016-07-08,83.78651979045591,84.03286915218446,83.32225183197663,83.9096908569336,5621800
2016-07-11,84.37400213845703,84.62034437679489,83.9760507750338,84.08975219726562,5274700
2016-07-12,84.40243483359356,85.34992510187698,84.2034627447073,85.27412414550781,6122200
2016-07-13,85.70996149566278,85.80470906865955,84.93301983104692,85.59626007080078,3996900
2016-07-14,86.52477813303513,86.83745153766634,85.75731362055335,86.64794921875,4240100
2016-07-15,87.19748019509377,87.19748019509377,85.95627094065232,86.15524291992188,3262400
2016-07-18,86.39214835771064,86.82799294004408,86.06999796194845,86.79009246826172,3407300
2016-07-19,86.42056739444644,87.5575598022553,86.42056739444644,87.52912902832031,3423800
2016-07-20,87.69967765128285,88.5334735306027,87.31121048559787,88.40082550048828,3794100
2016-07-21,88.11658021917304,88.75139685788884,87.19751365598184,87.60493469238281,4305900
2016-07-22,87.79442288480365,88.74191284179688,87.2733005169475,88.74191284179688,4348200
2016-07-25,88.68507742741764,88.68507742741764,87.68074017219053,88.11658477783203,3773500
2016-07-26,87.90813205231363,88.75139767961554,87.8797085053581,88.52400207519531,4469600
2016-07-27,88.6187376300171,89.34830897061154,87.87969659423828,88.82718658447266,5696800
2016-07-28,90.01156169912119,91.43279688384416,89.59466373172748,90.9685287475586,5209400
2016-07-29,91.0253634372748,91.0537869804917,90.12525083445664,90.23894500732422,4364100
2016-08-01,90.22948274071314,90.45687833394476,89.49043441235305,90.077880859375,3512100
2016-08-02,90.04000220994106,90.38109929684008,89.53783350666677,90.24845123291016,3948600
2016-08-03,90.07784912836551,90.43789262655058,89.8030762368139,90.08732604980467,3006100
2016-08-04,90.09682290821192,91.00641969253236,89.82205716258673,90.87377166748048,2875600
2016-08-05,91.23382335644864,91.84969337233412,91.04432099760456,91.79283905029295,2632200
2016-08-08,91.9065462224012,92.00129379337004,91.55597225816246,91.6980972290039,2873000
2016-08-09,91.55597516967096,92.039197194388,91.4801814477514,91.62229919433594,1937100
2016-08-10,91.64124672953096,91.73599429698184,91.17697858887844,91.23382568359376,2004700
2016-08-11,91.43278861368375,91.83073269450564,91.12011516642,91.46121215820312,2971100
2016-08-12,90.92114439892926,91.34751925901516,90.49477676761876,91.07274627685548,1988600
2016-08-15,91.2527600884342,91.48963258973636,91.02536451124114,91.37593841552734,2081200
2016-08-16,91.1485147184524,91.20536902130104,90.44737429935542,90.5989761352539,2866200
2016-08-17,90.76005131372337,91.0253473084397,90.03995702179779,90.57054901123048,4054700
2016-08-18,90.29580290446737,90.83587193333716,90.07787701653466,90.26737213134766,3134200
2016-08-19,90.18210837848852,90.28633286821972,89.45254417914576,90.22000885009766,3090800
2016-08-22,90.19157822878918,90.91166544655069,89.96417541697215,90.76007080078124,2390800
2016-08-23,90.95905267784298,91.67914720226652,90.94957575246508,91.23382568359376,3099700
2016-08-24,91.23382744851,91.40437596473126,90.38108486740374,90.51373291015624,2008100
2016-08-25,90.45685485850844,90.7789979295858,90.32420686115027,90.57054901123048,1983000
2016-08-26,90.80741944776024,91.90651109144864,90.74109545055651,91.4043426513672,3123100
2016-08-29,91.38542373890796,91.76442125155974,91.176981974287,91.6980972290039,2590200
2016-08-30,91.7075709566736,92.0865684561088,91.28119605901796,91.99181365966795,2634100
2016-08-31,91.72652539551676,91.9918214990968,91.0822317602038,91.55597686767578,3499300
2016-09-01,91.5938529763232,92.5697664814816,91.4422583412259,92.49397277832033,4198100
2016-09-02,92.2855411203996,92.94878132716693,92.25711757279188,92.74980926513672,2572400
2016-09-06,92.67399567097604,93.7162404661892,92.56030149606195,93.6025390625,3879300
2016-09-07,93.31831491096858,94.37002969170632,93.10039619641692,94.34160614013672,4198200
2016-09-08,94.2278657946954,95.38380460637386,94.17101871503058,94.73004150390624,4605400
2016-09-09,93.87732086753849,94.4552904069922,92.99615478515624,92.99615478515624,5458500
2016-09-12,92.41818409912467,95.05220538853294,92.37080670318971,94.85323333740234,4264300
2016-09-13,94.13313529703768,94.80585236705198,93.7825686039287,94.17103576660156,4732200
2016-09-14,94.1236648290598,94.39843783066505,93.21407518345757,93.52674865722656,4400300
2016-09-15,93.39409133430009,94.57845386376457,93.2803899291124,94.24683380126952,3485700
2016-09-16,93.84890426177618,94.45529739247934,93.4130524221055,94.1426239013672,4498800
2016-09-19,94.70164284343358,95.11854084572036,94.19947419273898,94.4458236694336,3056900
2016-09-20,94.98588412035905,95.62070076311508,94.75848851659696,95.2132797241211,3848700
2016-09-21,95.5164657337868,95.9902107394757,94.72057759404152,95.94284057617188,3251900
2016-09-22,96.2365604012539,96.86190728010078,96.1797133136406,96.75768280029295,3390600
2016-09-23,96.56818057804772,96.73872906987074,95.93336400300794,96.32183837890624,2759400
2016-09-26,95.52595597653048,96.48292304550286,95.45963195563787,95.84810638427734,3468900
2016-09-27,95.6965113248194,96.31238140781366,95.27961331871067,96.12287902832033,3547700
2016-09-28,96.10390183110636,96.24602676331784,95.5354093310348,96.17970275878906,3629500
2016-09-29,96.24604715456232,96.9377108870774,95.3080267404968,95.32698059082033,3010000
2016-09-30,95.48804281485842,96.86190767761092,95.3932952588557,96.42605590820312,5503900
2016-10-03,96.06601297907552,97.00402607901296,95.92388802968496,96.53028106689452,3696700
2016-10-04,96.67241001167766,96.84295851223996,95.73439687297288,95.90494537353516,2881900
2016-10-05,96.18022139338689,97.46173691364734,96.18022139338689,97.20543670654295,3768100
2016-10-06,97.20544800891716,97.93638421535574,96.84472003695488,97.71805572509766,3875600
2016-10-07,97.82251584863924,98.24019074622966,96.80679475203326,97.06309509277344,4225600
2016-10-10,97.49021589981383,98.12623354222136,97.34783091649896,97.44275665283205,2376500
2016-10-11,97.33833020554826,97.42376119030224,95.70558156813924,96.2086944580078,3412900
2016-10-12,96.40805216727762,96.7403031272792,95.9239287111728,96.21820068359376,3467800
2016-10-13,95.6391457140048,96.3416049052813,94.71835079500146,95.54421997070312,3657400
2016-10-14,95.97139898486157,97.0155967498065,95.69610923223932,95.76255798339844,3280200
2016-10-17,95.83849795049652,96.12328244060906,95.51574895458138,95.73407745361328,1975500
2016-10-18,96.61688673682276,96.939642928523,95.93340985309932,96.56942749023438,2623700
2016-10-19,96.63589922303824,97.63263054699075,96.47451746760404,97.51872253417967,3305200
2016-10-20,97.57566259089177,98.12624204866997,97.15798062397452,97.34783935546876,2945300
2016-10-21,96.9491523562481,97.77502165123542,96.78777784508988,97.63262939453124,3018800
2016-10-24,97.91740392397924,98.6483401450546,97.7370399343864,97.95537567138672,2565600
2016-10-25,97.95538154438088,98.00284079970795,97.1010352824157,97.66110229492188,4869300
2016-10-26,97.35732562932292,98.21167180431986,97.32884863055136,97.98384857177734,3356000
2016-10-27,97.9553762355892,99.00906869451188,97.9553762355892,98.34457397460938,5096100
2016-10-28,99.72101369607375,102.35998835853756,99.3033317521317,101.47716522216795,9282800
2016-10-31,101.951807683804,103.40419259150572,101.0689844909541,101.59107971191406,5820000
2016-11-01,101.57210537490704,101.68602062370245,99.4742150955939,99.63558959960938,7076500
2016-11-02,98.9900839441823,99.67356094947228,98.72428894042967,98.72428894042967,3527500
2016-11-03,98.26864438002228,99.160962469535,98.25915687355142,98.51545715332033,3127300
2016-11-04,98.62934351667292,99.13245642234185,97.80347442626952,97.80347442626952,3067200
2016-11-07,99.274876513062,100.65131814110484,99.22741001180344,100.58486938476562,3067500
2016-11-08,100.37604548947868,101.069017417258,100.17669918645592,100.33807373046876,2864300
2016-11-09,99.5881477962584,101.05002057893977,98.59140911114912,100.80321502685548,4775000
2016-11-10,101.2493287808703,101.70497516716684,97.2528883223422,99.19889831542967,6584300
2016-11-11,98.59137939734102,99.73050277211986,98.4015279156678,99.31282806396484,3300300
2016-11-14,99.69254162605507,99.76848512374616,95.26893789992272,96.00936889648438,7106800
2016-11-15,96.23720508953052,97.7655337848388,96.23720508953052,97.28141021728516,4633100
2016-11-16,97.23393217592763,98.72428894042967,97.23393217592763,98.72428894042967,4567900
2016-11-17,99.10399185932188,99.91087155882887,98.4774689033754,99.15145111083984,3096800
2016-11-18,99.34131892361783,99.76848843817277,99.01856266889368,99.4647216796875,3275000
2016-11-21,99.46473589717591,100.62284909268251,99.37930487900177,100.5658950805664,2650800
2016-11-22,100.6228452434258,100.74624801241396,99.4267603381399,100.556396484375,4570100
2016-11-23,100.2431183493674,100.53739758419184,98.99957438913071,99.25587463378906,4952300
2016-11-25,99.31287662310186,100.36656951904295,99.22743834491492,100.36656951904295,1566900
2016-11-28,100.07225058958622,100.07225058958622,97.82248062769344,98.11675262451172,5401700
2016-11-29,98.42052351683613,99.0755235294828,98.09776726336864,98.5534210205078,3356600
2016-11-30,98.2876381739285,98.99009752915872,96.23720687666618,97.01560974121094,6889200
2016-12-01,97.1390122571834,97.3763302736962,94.46206532061402,95.09807586669922,5452100
2016-12-02,95.164502520832,96.00935388402138,94.75631533753165,95.97138214111328,3981100
2016-12-05,96.702349386102,98.41103478448927,96.63590063020422,98.29712677001952,5427900
2016-12-06,98.55341162490625,98.70529861026272,96.6358855101862,96.82573699951172,4975200
2016-12-07,97.79398629588358,100.2146324968544,97.41428333620712,99.9108657836914,5423500
2016-12-08,99.84442402839365,100.13869601544629,98.59138534361534,99.502685546875,3024700
2016-12-09,99.49318256909469,99.76847228101016,98.7242746704695,99.1134796142578,2541000
2016-12-12,99.0470356197296,99.10399686374572,97.92690162805644,98.04080963134766,3827700
2016-12-13,98.31608382829384,99.29383266122592,97.71804517848074,98.07876586914062,4297700
2016-12-14,97.68958363137234,99.52167161309777,97.68958363137234,98.04080963134766,3515800
2016-12-15,99.13244677225136,100.34751342442397,98.72425963981507,99.05650329589844,3774100
2016-12-16,99.50269990224604,99.50269990224604,97.82249149434892,98.18321228027344,4659700
2016-12-19,98.43947736989712,98.91411324389348,98.20215943289894,98.28759765625,2980900
2016-12-20,98.7717438687156,99.25586732211517,97.91739771217252,99.23688507080078,2354400
2016-12-21,99.17994514846032,99.64508641655064,98.6293656314068,98.88566589355467,1952500
2016-12-22,99.13248520498232,99.44574673461024,97.9269128305569,99.01856994628906,2463900
2016-12-23,99.0090643021716,99.8254387339916,98.73377457587227,99.39826202392578,1610700
2016-12-27,99.57861408679844,100.28107319670784,99.38875537981676,99.4836883544922,2160700
2016-12-28,99.38875577010116,99.46469925319204,98.2876042347599,98.42050170898438,2552300
2016-12-29,98.54391504397236,99.07551224045773,98.19268907101892,98.50594329833984,2858600
2016-12-30,98.59140092095014,98.78125244407006,97.75604407990252,98.01234436035156,3834700
2017-01-03,99.11349494327384,100.56587997302448,98.82871044073144,100.04377746582033,4711300
2017-01-04,99.9962959955068,101.3347728177271,99.54064955050774,100.99303436279295,3299000
2017-01-05,101.8301505712083,102.87651215041996,101.26891571727552,101.7730712890625,3262200
2017-01-06,102.08695337593126,102.83843294040868,101.65889879519008,102.50550079345705,3044600
2017-01-09,102.50552257524753,102.8765052260218,102.07746064616931,102.3057632446289,2500700
2017-01-10,102.30575562781856,103.27601619821137,101.70647042320232,102.08696746826172,3162200
2017-01-11,101.82063441140576,102.59113576213716,101.62087507074868,102.55308532714844,2499000
2017-01-12,102.41990547592012,103.5518822534594,102.07745884166248,103.40919494628906,3288500
2017-01-13,103.33308702409931,104.065545097439,103.237964578275,103.39967346191406,4661900
2017-01-17,102.95260232663428,103.55188029657124,102.36283152158524,103.11431121826172,2898200
2017-01-18,103.4091908963902,103.89432481881848,102.64820405024813,103.36163330078124,2652300
2017-01-19,103.5328349127637,104.03699760901556,103.04770831537996,103.23795318603516,1885300
2017-01-20,103.91337318337776,104.6363170422816,103.59946974785932,104.5982666015625,4173300
2017-01-23,104.312875542496,104.61727174188596,103.80871276025768,104.28433227539062,3678200
2017-01-24,104.45554380195269,104.75993996698752,103.8562658931776,104.5601806640625,2899600
2017-01-25,105.2641153691394,105.6541196006625,104.06555214987084,104.81703186035156,3848300
2017-01-26,104.60777419889412,104.94070646173311,103.68507102946955,104.04653930664062,2568700
2017-01-27,104.22724614346296,104.48407745361328,103.60893940603393,104.48407745361328,2591600
2017-01-30,104.03702254261655,104.21775303584003,102.82894482655956,103.9704360961914,4304400
2017-01-31,100.80278657249816,101.87768390808056,100.3557031319622,101.14523315429688,6470200
2017-02-01,101.43062891083925,101.54478022257489,98.93838695899828,99.88011169433594,6149100
2017-02-02,99.80398616323724,100.34619205961631,99.50910441916103,100.01325988769533,4112000
2017-02-03,101.12622565078702,102.29625292838088,100.450846765667,101.38306427001952,7132600
2017-02-06,101.3830557013972,101.4211061327853,100.53645356080082,101.39256286621094,3445100
2017-02-07,101.78258143358902,101.92526874688744,100.86939278880855,101.40208435058594,3204800
2017-02-08,101.35451883317242,101.68745103327434,100.64108957979217,101.51622772216795,2993600
2017-02-09,101.51623461524268,102.2962503616073,101.30696085886076,102.06795501708984,2679200
2017-02-10,102.30575119352048,102.39135921482512,101.97281175766338,102.03939819335938,2078400
2017-02-13,102.44844743087344,103.04773270428925,102.29625294980384,103.00016784667967,2337100
2017-02-14,102.74331910762218,103.88480292340726,102.5055093745522,103.57089233398438,2336800
2017-02-15,103.68506019053588,104.69337129755068,103.46627200789656,104.31288146972656,2920000
2017-02-16,104.39849078644188,104.82654547669236,103.58042458328816,103.9704360961914,2146400
2017-02-17,103.91335614130834,104.63629988164746,103.66603920326408,104.08457946777344,2850900
2017-02-21,104.11309664790116,104.86457626383138,104.00845978635536,104.78848266601562,3117200
2017-02-22,104.44603086345404,105.02628715493586,103.83723856704306,104.10358428955078,3049300
2017-02-23,104.47459376929451,105.34973201355048,104.25580557954127,105.34021759033205,4162200
2017-02-24,105.14997815728442,105.5875473022461,104.82655306738646,105.5875473022461,2471700
2017-02-27,105.01678842411012,105.57801595790446,104.40799603674304,105.17849731445312,2361200
2017-02-28,105.11189533542571,105.46385633065242,104.62676147873522,105.07384490966795,3367200
2017-03-01,105.98703142296588,107.41388970466669,105.37823913669698,106.83363342285156,3218700
2017-03-02,106.72900141893363,106.81461669356254,105.87289221690556,105.90142822265624,2690800
2017-03-03,105.8633654318894,106.38654241009522,105.54945489054028,106.29141998291016,2938200
2017-03-06,105.72070367226284,106.33901048422383,105.59704521282173,105.9299774169922,2175800
2017-03-07,105.93949574747298,106.2533991187696,105.34021050047993,105.54948425292967,2474200
2017-03-08,105.8633937432382,106.01558821596088,105.3877742227406,105.56851196289062,2355400
2017-03-09,105.66364709110098,105.93950731696758,105.25461396410964,105.38778686523438,3195400
2017-03-10,106.01558017152423,106.11070987430767,105.21654292126046,105.78728485107422,2735400
2017-03-13,105.86337949763524,106.34851337532612,105.71117778801576,106.0916748046875,3123000
2017-03-14,105.90143094303868,106.03460381154738,104.75993988205067,105.10238647460938,2891400
2017-03-15,105.64460406809152,106.93828972603649,105.1023981127306,106.55779266357422,3305500
2017-03-16,106.64340254913246,107.46146865191469,106.13924705128755,107.17609405517578,2746400
2017-03-17,107.34730680175372,107.96561352894552,107.26169878558,107.32828521728516,4119200
2017-03-20,107.31880679034742,107.48051571338505,106.39610360055282,106.92880249023438,2435400
2017-03-21,106.92877129737798,107.27121063440642,105.04531502814775,105.31166076660156,3734000
2017-03-22,105.57801777068028,106.45316319275224,105.3877728678782,106.01558685302734,2576200
2017-03-23,105.88239638734204,106.96680811947368,105.8443459616245,106.15825653076172,3107000
2017-03-24,106.51022282240564,106.98584228146264,106.22484824402063,106.51973724365234,3221900
2017-03-27,105.30216302990132,106.82415136057864,104.95020921576922,106.48170471191406,2724200
2017-03-28,106.35804144242864,107.2522085187375,106.03462363198912,106.9858627319336,2986100
2017-03-29,106.56731969986936,106.8526943448392,106.08218570637216,106.59585571289062,1783800
2017-03-30,106.53876568082003,107.20463006337415,106.12973262942891,107.17609405517578,2029400
2017-03-31,107.12855004840094,107.66124162200876,106.9573267201158,106.9858627319336,2507700
2017-04-03,107.20462071822344,107.46145928437504,105.92996408062524,106.76705169677734,3170100
2017-04-04,106.7575316076191,107.34729500724411,106.443621068052,106.62435150146484,2169700
2017-04-05,106.9865548344608,107.87294707183943,106.65296792182352,106.81499481201172,2486600
2017-04-06,106.81499153788492,107.32967158945598,106.4718715035042,107.15811157226562,2238500
2017-04-07,106.91984363949052,107.46311586341072,106.59578256871106,106.9770278930664,1995100
2017-04-10,107.0246686811378,107.76809294193852,107.0246686811378,107.05326080322266,1862800
2017-04-11,106.6529743662026,107.29155610492938,106.24313691401304,106.8531265258789,2045800
2017-04-12,106.41470885572564,107.03423166975936,106.1287730118176,106.24314880371094,2651200
2017-04-13,106.0144006872726,106.92938517463352,105.80471537881796,106.00486755371094,2690300
2017-04-17,106.5290786965777,107.45359636213736,106.30033438160592,107.38687896728516,1731200
2017-04-18,107.2153196125624,107.86343456891927,106.84360737143942,107.24391174316406,2141000
2017-04-19,107.2153001084102,107.85388908616426,106.8531210672574,107.0246810913086,2242400
2017-04-20,107.6061071539722,109.51232691835912,107.38688868154112,109.21685791015624,3459600
2017-04-21,109.41700426074624,110.1890208457971,108.66404667152668,108.91184997558594,4067400
2017-04-24,110.37009705288496,110.55118293620662,109.60760644720122,110.2747802734375,3207800
2017-04-25,110.89430900980568,111.01821792116334,110.4558794327818,110.68462371826172,2873700
2017-04-26,110.60836405400516,111.09444467954806,110.51304728352352,110.72273254394533,2202700
2017-04-27,111.0468224679328,111.80930592869578,110.67511023558512,111.6091537475586,3350800
2017-04-28,111.3136700689502,111.86647537724112,110.62742999957509,110.86570739746094,3536000
2017-05-01,111.07541039510755,111.79024270282925,110.77041556801234,110.91338348388672,3556600
2017-05-02,112.3049266380975,114.09677039897304,112.13336658757162,112.58132934570312,6802600
2017-05-03,112.62898552731188,112.972105643766,111.08495227491926,111.82837677001952,3640900
2017-05-04,112.0380401252506,112.54318706663392,111.418517410259,112.39068603515624,2560400
2017-05-05,112.72425517592669,112.8290978006221,111.70442832160168,111.99036407470705,2335900
2017-05-08,112.19054725631275,112.19054725631275,110.93244268327456,111.14212799072266,2562400
2017-05-09,111.16117795773285,111.42805477295065,110.59884674402146,110.95149993896484,2350700
2017-05-10,110.6655491633153,111.29459767784512,110.5702396637379,111.18022918701172,1812500
2017-05-11,111.11350768804424,111.39943617616905,110.35101717641456,111.06584930419922,2239000
2017-05-12,110.87524250623852,111.723509476104,110.703682485836,111.63772583007812,3195200
2017-05-15,111.85694961775044,113.00067829432597,111.59960593894871,112.6670913696289,2998200
2017-05-16,112.71473358522792,113.0101952087506,112.18098731066138,112.93394470214844,2375700
2017-05-17,111.7902333692454,112.38116397875146,111.18024376598416,111.32321166992188,4195000
2017-05-18,110.49402040295853,111.18026062862144,110.13184129348122,110.78948211669922,5088400
2017-05-19,111.43760202799932,112.362119746886,111.04683077036796,112.06665802001952,4360500
2017-05-22,112.27630776592956,113.51534581647554,112.06662250171364,113.42003631591795,2578200
2017-05-23,113.45818135766548,114.3064484223692,113.39146396847474,113.9919204711914,2857100
2017-05-24,113.99189472522087,115.05937998282282,113.9251773510988,115.04031372070312,2509000
2017-05-25,115.34530215460532,116.73684834721888,115.27858478413602,116.2031021118164,4689200
2017-05-26,116.1936194063522,116.35564632743208,115.63128084213578,115.92674255371094,2141600
2017-05-30,115.6027111219951,116.07926611519072,115.35490048947077,115.94583129882812,3405500
2017-05-31,116.18408998163412,117.21345034544797,115.4692576075941,117.11813354492188,4708500
2017-06-01,117.04188223748368,117.6137466430664,116.3842341716558,117.6137466430664,3279000
2017-06-02,117.60421174907609,119.42465486627628,117.56608648638785,119.32933807373048,3731900
2017-06-05,119.65338568343714,120.27290840690075,119.37698301384108,119.99650573730467,4617400
2017-06-06,119.65340563738776,120.03465101322432,119.119666474207,119.36746978759766,2712100
2017-06-07,119.59621165318023,119.97744972637228,118.91949734846912,119.31980895996094,3219700
2017-06-08,119.13873273410746,119.51997813318684,118.2428071370186,118.90998840332033,3332400
2017-06-09,119.06245043916792,119.08151670344397,116.00296947129344,117.2706069946289,3556700
2017-06-12,116.2603215188858,116.36515689336488,114.56378018682346,115.09752655029295,6574200
2017-06-13,115.55500573273515,116.95607800655972,115.4120378385726,116.58436584472656,3938200
2017-06-14,117.08952260224092,117.38499154743111,116.05063654259892,116.75593566894533,2940000
2017-06-15,115.39300603370232,115.92674520790362,114.26833615117036,115.72659301757812,3492600
2017-06-16,115.79327119691816,116.46997806977608,115.05938008094924,116.2412338256836,3804900
2017-06-19,116.87983823906848,117.3468672210468,116.52719230891525,117.31826782226562,2547100
2017-06-20,117.12766910588849,117.9664031576775,116.91798377502846,117.1657943725586,3015300
2017-06-21,117.7471904806561,117.7471904806561,116.69877111121372,117.32781982421876,2384100
2017-06-22,117.10859514242314,117.72811064960052,116.55578975382932,117.5184326171875,2160600
2017-06-23,117.88060907482692,119.1387135995724,117.34686996482884,118.19513702392578,3381500
2017-06-26,118.34762637962396,118.73840483603963,117.4135829719836,117.72810363769533,2376700
2017-06-27,117.69952011233669,117.71858637931844,116.98468780517578,116.98468780517578,2516400
2017-06-28,117.41357060050466,119.01479497367932,116.82264004757327,118.95760345458984,2574900
2017-06-29,118.76700131177044,118.8337187004735,115.51689371665624,115.81236267089844,4147400
2017-06-30,116.0697006826799,116.67969032250753,115.52642843246934,115.7551727294922,3574000
2017-07-03,116.517649433929,116.57483368341052,115.05939289895596,115.1165771484375,2314200
2017-07-05,115.67040384953552,116.64435388022945,115.651310075466,116.47248077392578,3856500
2017-07-06,115.86138388207264,116.18603635746383,115.20254297055232,115.34577178955078,2702600
2017-07-07,115.90911556119298,117.17906643612034,115.60356418304468,116.68254089355467,2119000
2017-07-10,116.64433509797566,117.62782821488096,116.31968271171388,117.1885986328125,2886900
2017-07-11,117.26498917442304,119.07920351195916,116.96898835140168,118.62088012695312,3885700
2017-07-12,119.3561099709513,120.072246630777,118.97416896206047,119.62346649169922,2770400
2017-07-13,119.94811464813084,120.69289558236822,119.70940243664866,119.8048858642578,3330900
2017-07-14,119.8908097551181,121.77186300584351,119.8908097551181,121.2753448486328,2690800
2017-07-17,121.5140918999513,121.81964330394388,120.82659941973792,121.6764144897461,2291700
2017-07-18,121.3708587256952,122.37345310414308,121.26582475138466,121.9628677368164,3732800
2017-07-19,121.96286415755652,122.47848348406175,121.80053429343695,122.25885772705078,2550400
2017-07-20,122.60260243083783,123.02273831056242,122.16338006191786,122.66944885253906,2350300
2017-07-21,122.72673325948875,124.32132924307636,122.52622314092572,123.4333267211914,4375500
2017-07-24,123.54793068326757,124.03489850362952,122.7936062670392,123.67206573486328,3065400
2017-07-25,124.13037577968272,124.30224161416209,123.38559469059184,124.11127471923828,2476000
2017-07-26,124.05398810619646,125.25709267645392,123.90120875986015,125.07568359375,3547800
2017-07-27,126.0400508618441,126.2310177219097,120.8361274334097,123.10865783691406,4914500
2017-07-28,123.13734482277094,124.12083821801184,121.561835085365,122.13475036621094,5257900
2017-07-31,122.22066811286872,122.65034723523522,121.64776018807352,122.02970123291016,3347500
2017-08-01,122.8508908432092,124.11128410085188,122.69811148778548,123.64341735839844,4010500
2017-08-02,123.88212319332672,124.71283721923828,123.34739547715968,124.71283721923828,3578600
2017-08-03,124.51228199072564,124.67461911378622,123.40466841756208,124.02531433105467,2568100
2017-08-04,124.34043749382109,124.36908179812984,123.59565644211423,123.95850372314452,2208100
2017-08-07,124.12083454707228,124.60780232250042,123.7006986295231,124.49322509765624,1585600
2017-08-08,124.25449919496808,124.426365013371,123.4619728138196,123.9775848388672,2062800
2017-08-09,123.2614395003935,124.15899978661692,122.955895432437,123.86299896240234,1789900
2017-08-10,123.3378522135201,123.56702123470087,121.82918893955431,121.90557861328124,2590400
2017-08-11,122.37345145242207,123.57655594841698,122.08699383818345,122.74584197998048,2484300
2017-08-14,123.39512298778484,125.36210944991502,123.17551181371822,125.171142578125,2793300
2017-08-15,125.4862739834303,126.0305449943576,125.0374937157736,125.63905334472656,2155600
2017-08-16,126.20237420320451,126.64161109693016,125.85862802502196,126.39334106445312,2000700
2017-08-17,126.192863055283,126.51750825895915,124.91336873267127,124.9706573486328,2673000
2017-08-18,124.665073204719,126.01141368451948,124.4741063338584,125.21888732910156,3167300
2017-08-21,125.41940784798412,126.12598670368254,125.20933992606356,125.9827651977539,1807600
2017-08-22,126.527003122788,128.1789019571684,126.30739198896472,127.7587661743164,2180100
2017-08-23,127.16677934881255,127.45323695494665,126.67981161727202,127.06175994873048,2006400
2017-08-24,127.21450951730436,127.4341352453511,126.02094844250084,126.95671081542967,2046600
2017-08-25,127.28138787522757,127.56784551904104,126.5747942964664,126.75621795654295,2215500
2017-08-28,127.13811273439,127.9497400477018,126.71799149826916,127.8065185546875,2154700
2017-08-29,127.09035737977196,128.1502399326821,126.74661129315696,127.79693603515624,2122000
2017-08-30,127.88288660482397,128.1789019571684,127.4532075795747,127.7587661743164,3224500
2017-08-31,128.1406688779591,128.42712634883742,127.26220998514243,127.28131103515624,4374700
2017-09-01,127.79696826360092,127.85425686417844,127.12857697380082,127.22406768798828,2446600
2017-09-05,126.8421462947153,126.92807921380148,125.73451788258087,126.67028045654295,2726500
2017-09-06,126.98539094838434,127.62513811662244,126.6034425547666,126.88990020751952,3652100
2017-09-07,129.93584518401667,132.38025613323072,129.52525256451042,130.3655242919922,7269000
2017-09-08,130.06953452597904,131.52090911432728,129.91675518618666,131.02438354492188,4451300
2017-09-11,133.06775256531307,135.57901000976562,132.8958721750125,135.57901000976562,5457600
2017-09-12,136.21876251213783,137.03993323900278,135.40713503017795,135.98959350585938,3775000
2017-09-13,135.60763045466945,135.71266440530732,133.23959494389516,133.77432250976562,3613800
2017-09-14,133.2014202743109,135.39757563724558,133.0772852561516,135.0824737548828,4179400
2017-09-15,135.89412406113286,136.2474135479901,133.4974436161449,135.18753051757812,6152500
2017-09-18,135.26391031886484,135.2925546227445,134.16582524740167,135.01564025878906,2843500
2017-09-19,135.52169937144532,137.10675206545756,135.464410767779,136.05642700195312,4179000
2017-09-20,135.82726175011996,136.61024487464493,135.03473538133443,135.81771850585938,2749700
2017-09-21,135.29256846174505,135.76043518619642,134.81514392179668,135.3212127685547,2835300
2017-09-22,135.1111147734308,135.9704729263869,135.1111147734308,135.48350524902344,1860400
2017-09-25,135.65538658795123,135.684030888598,132.18928051131604,132.31341552734375,5541200
2017-09-26,132.74312770607702,133.0868739693882,131.53046525358462,132.12246704101562,3162600
2017-09-27,132.53305549227966,133.85073731791528,132.29434322178557,133.36376953125,3716800
2017-09-28,133.14414727356586,133.87938508523254,132.57123204398465,133.8698272705078,2732000
2017-09-29,134.47140226318135,135.34031845232747,134.07991063029033,134.82469177246094,2603200
2017-10-02,135.49301630516365,136.4765092396269,135.08243838312913,135.41664123535156,2300700
2017-10-03,135.57903705142752,136.71529530962266,135.3021226367782,136.56253051757812,2514500
2017-10-04,136.2855716726194,136.54338494052303,134.93924587320515,135.67446899414062,3245700
2017-10-05,136.33436215230304,137.5010855747079,136.21003461948555,137.47239685058594,2723000
2017-10-06,137.23331072653926,137.5010818727574,136.5351941376444,137.25244140625,3067400
2017-10-09,137.21417751998942,138.83993504707007,136.65950455805694,138.23745727539062,2557700
2017-10-10,138.45741129178168,139.97797199604955,138.45741129178168,139.28941345214844,2593400
2017-10-11,139.24158455476015,140.69519492493436,139.24158455476015,140.43699645996094,3341900
2017-10-12,140.41786852483537,141.6897885678911,140.04490058682887,140.33180236816406,3226200
2017-10-13,141.06818342257742,141.9671356411393,140.85778972919346,140.90560913085938,2337300
2017-10-16,141.5750616532294,141.5750616532294,138.8208416648935,139.8345489501953,2590100
2017-10-17,139.93973058735023,140.06405812133625,139.17466388789583,139.55718994140625,3002400
2017-10-18,139.46159831994729,140.36055080748164,139.24164651739216,139.80587768554688,2525900
2017-10-19,139.04078033626936,139.7388969606952,138.34266371184353,138.648681640625,4169900
2017-10-20,139.2703171976555,139.36594142477225,138.25660991712024,139.03123474121094,3547300
2017-10-23,139.62414129999516,140.1023061674609,138.9547134040299,139.20335388183594,2514500
2017-10-24,139.80582929572924,140.09273109983215,139.0025159181866,139.432861328125,2918400
2017-10-25,140.10232398109972,140.5613582263504,138.86866488685249,139.8536834716797,3439700
2017-10-26,140.58046843723724,140.9343057630448,139.95885995799154,140.18836975097656,2574900
2017-10-27,140.41785847073763,142.0340576171875,139.68148068960343,142.0340576171875,3491900
2017-10-30,144.69266223709897,144.86479454983302,142.09144472240362,142.44528198242188,6555700
2017-10-31,144.0519365335536,145.3621034543202,139.76756929361204,142.27316284179688,7613700
2017-11-01,143.40164667867558,144.87440270225358,142.282742594298,142.387939453125,4531700
2017-11-02,141.85238703381754,142.6939618446272,141.02994290300808,141.77587890625,3883600
2017-11-03,141.9288866096743,142.83739685709384,141.25945877433526,142.77044677734375,2338700
2017-11-06,142.6939015629257,143.88931319034896,142.45481923744106,143.53546142578125,3142900
2017-11-07,143.74592498588032,143.90849929522676,142.41662719305097,143.4207763671875,2683400
2017-11-08,142.9426114835448,143.67898949023615,141.72806859321076,143.4207763671875,3786800
2017-11-09,142.75133069092865,143.3251197244625,141.14468929368255,142.77044677734375,2716400
2017-11-10,142.4931403301527,143.21994572554007,142.21581110857065,143.00955200195312,1795900
2017-11-13,142.26362080334016,143.64073809861333,142.24450471322012,143.15301513671875,1750500
2017-11-14,142.76090266987282,143.91806807797064,142.540950915169,143.40164184570312,3062300
2017-11-15,142.84696294420007,142.98084851880714,141.63243472899055,141.85238647460938,3058100
2017-11-16,142.4930946697568,143.96583567050655,142.11056870895766,143.7650146484375,2715400
2017-11-17,142.80869738269777,142.99040233698724,141.80454840907734,142.51223754882812,3186400
2017-11-20,142.83740823823084,143.72678787766776,142.71308070446432,143.02867126464844,2048700
2017-11-21,143.42075221880629,145.96459247365215,143.38249086279396,145.84982299804688,3999000
2017-11-22,145.75421289615025,145.8880984702848,144.357965115233,144.64486694335938,2658600
2017-11-24,144.78828577511965,146.31841886823028,144.5970227865885,146.0697784423828,1577500
2017-11-27,146.38537267964287,147.21737472684478,146.0506514968395,146.28973388671875,3260200
2017-11-28,146.80613975262114,147.89635482462532,146.66269616121156,147.45645141601562,3874500
2017-11-29,147.6095152404403,147.72427015057218,138.93559666957034,141.8715362548828,7217000
2017-11-30,142.7991525040745,144.56835362789738,141.7376259928077,143.89892578125,6943700
2017-12-01,143.8320011468601,144.39624683897563,140.91520682811748,143.15301513671875,3933000
2017-12-04,143.372919898113,144.01365892546963,137.11853125751105,137.1663360595703,7490100
2017-12-05,137.42454028513424,139.93013338956936,134.46948576018312,138.79209899902344,6807100
2017-12-06,138.73472072300302,141.6037090814225,138.3043607952966,140.98208618164062,3752000
2017-12-07,141.0681499544957,143.8415140763862,141.0681499544957,142.92343139648438,3417900
2017-12-08,143.8511070973464,143.87023777661256,142.65569501078514,143.34425354003906,2521500
2017-12-11,143.6598193908054,144.6448376134397,143.5450645197972,144.29100036621094,3394800
2017-12-12,144.24320223857265,147.01655237464018,144.03280854908536,145.84027099609375,3360300
2017-12-13,145.84028331312777,146.739235590962,145.03696984493132,145.06565856933594,3618700
2017-12-14,145.28554694064803,146.84436838462926,145.15166142102203,145.29510498046875,3016700
2017-12-15,145.9836806667185,146.91132137494856,144.271857419247,146.700927734375,5067300
2017-12-18,147.408657388223,147.89638027537583,146.37581957504673,146.43319702148438,3531500
2017-12-19,146.28019144154453,146.4714544553552,144.81699363443323,145.0560760498047,2712700
2017-12-20,145.8497969547313,146.06019059793547,144.4439915171529,144.83609008789062,1992500
2017-12-21,144.83615104556452,145.5820871518043,143.8606905249297,143.95632934570312,2789000
2017-12-22,144.34842580101585,144.90309884938122,143.74593334301923,144.26235961914062,1892300
2017-12-26,144.0041407944887,144.73094617790363,143.34427090796626,144.67356872558594,1200700
2017-12-27,144.9413158029129,145.15170948805817,144.50141234665065,144.78829956054688,1730200
2017-12-28,145.2282323105766,145.95503764674098,144.5970511912469,145.1421661376953,1570600
2017-12-29,145.5629164116576,146.22277149449212,144.75003051757812,144.75003051757812,2258800
2018-01-02,145.3716709664981,146.71054128835277,144.52053812584438,145.2760467529297,3168900
2018-01-03,145.63943285705014,147.25563226570722,145.51511992806795,147.10263061523438,3732400
2018-01-04,147.7911944257751,150.5262981181876,147.58081530399022,149.0057373046875,3247200
2018-01-05,149.37863279949755,152.0946044921875,149.36907475983156,152.0946044921875,2747700
2018-01-08,151.8935498087823,153.7134313463011,151.41463207623426,152.55445861816406,3143100
2018-01-09,152.91843449608436,153.3590452648381,151.8552364872281,152.77476501464844,2573900
2018-01-10,152.516142089862,153.22494561916565,150.92614627260696,153.1195831298828,2416900
2018-01-11,153.3494398192331,154.336009024718,152.71726500346406,154.13485717773438,2804000
2018-01-12,154.69042269185792,155.6674189274894,153.49312839857728,155.4854278564453,3041000
2018-01-16,156.74013523356157,157.02748868674166,154.5083776959417,155.44705200195312,4673400
2018-01-17,156.24208076262755,157.5638980799853,156.01220965728254,157.39149475097656,3136000
2018-01-18,157.87999164679107,158.9814963774463,157.19034907294215,158.50257873535156,4150600
2018-01-19,159.2879875803289,159.9105745785881,158.19605609934516,159.79563903808594,2947800
2018-01-22,159.55623764413895,161.2324497512827,159.27845716746856,161.18455505371094,2275900
2018-01-23,161.3952495873857,161.8262725534101,159.6232484193436,160.14048767089844,3035300
2018-01-24,160.85887310032754,161.0121302660098,158.9527754675999,159.96807861328125,3912400
2018-01-25,160.92591430610605,161.80712108747667,160.08302912393853,161.48146057128906,2088900
2018-01-26,161.88374630540395,163.17682986658608,161.67302136039046,163.1576690673828,2191600
2018-01-29,162.946970402855,163.60787923558962,161.1941296859444,161.44317626953125,3082800
2018-01-30,160.35121260813827,160.91633193282374,159.2880148303944,160.14048767089844,4227100
2018-01-31,160.44701120006775,162.515939282759,159.9776811827506,161.8741912841797,5815300
2018-02-01,165.23615394146375,169.26864678024583,163.789827973536,165.63844299316406,6848400
2018-02-02,164.65189466707074,169.64222338798373,163.23430240825297,163.35882568359375,6556500
2018-02-05,160.312881540839,164.7093564577103,157.09455450768536,157.6501007080078,7196000
2018-02-06,153.732585888829,162.21900834867913,150.1885977353458,162.1423797607422,7259900
2018-02-07,161.8741897300651,165.3319762609864,160.38954187158922,161.61557006835938,4364800
2018-02-08,161.65385421778868,162.10403794054943,153.69424587578487,153.8474884033203,6557700
2018-02-09,154.85327758258174,159.47005212690593,151.88399603239418,158.23443603515625,6303000
2018-02-12,159.76698250121794,161.70181452367603,158.5984218890274,161.09837341308594,5227400
2018-02-13,160.27457598411044,163.56953162056203,159.96806168518182,162.94692993164062,3471000
2018-02-14,162.2190098335544,165.3798696916946,161.87418849238622,165.2457733154297,4203700
2018-02-15,166.61546108507878,167.3338376186006,164.13467096368134,167.3242645263672,3915000
2018-02-16,166.99858499788675,169.22075522197642,166.7974331606161,168.24375915527344,4213100
2018-02-20,167.506252368968,168.99088548406783,166.7016595591692,167.95643615722656,3750100
2018-02-21,167.95643924250808,168.91427461973277,165.01587761903255,165.05419921875,5999500
2018-02-22,166.0311937915799,166.5005384247474,163.59829817355316,165.6576385498047,5605800
2018-02-23,166.56751671971827,168.36825137033262,165.21698034716113,168.34909057617188,3093800
2018-02-26,169.05791811673922,170.628767309525,168.6364682770201,170.37014770507812,4088100
2018-02-27,170.22651173303686,171.61537016668208,168.51197814941406,168.51197814941406,3815900
2018-02-28,168.85674200590404,171.4237476535077,168.3395174867933,168.34909057617188,4145700
2018-03-01,168.9142444797543,169.872079686069,164.8913249209084,166.17483520507812,4658500
2018-03-02,164.32618866352308,167.93723111021652,162.1327526986692,167.6403045654297,4190100
2018-03-05,166.78786512939303,171.71113797684282,165.61930489651837,171.00233459472656,4826500
2018-03-06,171.62491698117174,172.49655058618413,169.48894841742822,170.04449462890625,3820900
2018-03-07,168.34914273848406,172.13260421802113,168.14800549138752,171.6536865234375,2766100
2018-03-08,171.78774493031796,172.30496949538838,170.07321177797087,171.69195556640625,2235300
2018-03-09,172.64977028961303,175.59990404064317,172.3815776409197,175.51370239257812,4168900
2018-03-12,175.12102687718593,175.78193556217565,174.03866832841112,174.84324645996094,3589000
2018-03-13,175.73402763595314,175.98305952969875,172.55400771452747,173.37774658203125,3286600
2018-03-14,174.3164148688899,174.32598795833127,172.04633574656236,172.52525329589844,2820700
2018-03-15,172.95628407992797,174.48881140917007,172.42947187299345,173.32025146484375,2258200
2018-03-16,173.3777847601328,175.4467127827573,173.3777847601328,174.8528594970703,4605000
2018-03-19,174.12485374952013,174.6133590530574,171.55786244111684,172.96588134765625,3770000
2018-03-20,173.66509957254155,175.52330221825562,173.57889791134585,174.8144989013672,2859300
2018-03-21,175.24557638939413,175.76280108988698,173.1191805693737,173.12875366210938,3238400
2018-03-22,171.6440585679597,172.65936150393972,167.72651625256333,168.11923217773438,4387300
2018-03-23,168.75144488016818,169.41235368819855,164.42203910988135,164.58486938476562,4324100
2018-03-26,167.93727818873023,169.98704530827547,165.7629877934035,169.69969177246094,5470100
2018-03-27,170.8395287473501,170.97362512361502,163.76112546830532,165.2457733154297,5069100
2018-03-28,164.9871482663383,165.6384693253754,161.44316019618077,163.16726684570312,5166600
2018-03-29,164.4795035738248,169.21121300452575,163.61745752059323,167.7744598388672,3719200
2018-04-02,167.27632963050607,168.35868802447104,161.9124469565575,164.36451721191406,4222400
2018-04-03,165.09251349579722,165.60016509891847,162.65003025289934,165.1978759765625,3612600
2018-04-04,162.0465331831559,166.6728784123501,160.8588270278157,166.3663787841797,4628300
2018-04-05,167.74570326516246,169.9583005026627,167.1805693220334,168.387451171875,3434100
2018-04-06,166.29638282455932,168.00375645763302,162.06632491128136,162.776123046875,5005500
2018-04-09,164.2821083437838,166.98704341977376,163.1982081863932,163.39004516601562,3910700
2018-04-10,166.0757718916154,168.29152000853574,165.00147332249531,167.59130859375,3149900
2018-04-11,166.61292986140216,168.43541747041417,165.09739308026542,165.32760620117188,2783000
2018-04-12,166.25803599486886,169.27950829102554,166.09497385102188,167.66806030273438,3065600
2018-04-13,168.81909408833357,168.915019882645,165.65373314693306,167.15968322753906,3059600
2018-04-16,168.45458457440418,168.91501079887308,165.9127121602801,166.77598571777344,4668200
2018-04-17,168.59847909619538,171.87893921897123,167.5433539238606,171.06361389160156,4210200
2018-04-18,171.21711671986893,172.46407904059163,169.84546841243028,172.13795471191406,3150600
2018-04-19,171.7734192896256,172.2434322345154,170.98686880669408,171.70626831054688,3560400
2018-04-20,171.24581625357453,172.1666538408101,169.2986432275768,169.85498046875,4233000
2018-04-23,170.89096369180092,171.07321391434408,167.5721274235088,168.2723388671875,4355000
2018-04-24,169.47134075177107,170.3058541714952,164.20534548177469,166.1717071533203,5369000
2018-04-25,166.29636365120703,166.77596325994787,163.6873406087594,165.43309020996094,3396200
2018-04-26,167.39946067765473,172.3009695321919,167.11169796944677,170.8909454345703,4784400
2018-04-27,171.25542968355063,171.6966677837134,168.03251957992714,168.7615203857422,3781000
2018-04-30,170.24828569248476,172.65587061930378,169.87419855825837,170.9964599609375,4323900
2018-05-01,170.99649530552438,173.00121870494982,169.69198342797898,172.8957061767578,4828300
2018-05-02,178.60290435562095,180.5692658216934,175.64856879459563,178.23841857910156,10133100
2018-05-03,177.06817544535969,180.2239343247844,176.4351004704248,178.8714599609375,5785700
2018-05-04,178.20963933428985,181.08723736067816,177.55739080702764,180.49253845214844,3593600
2018-05-07,180.6172353929109,181.7874597375107,179.9745736030439,181.3845977783203,4077300
2018-05-08,181.183154583455,182.88094143689835,180.34865587884613,182.75624084472656,3396400
2018-05-09,182.73707422858487,183.8593357813151,181.2886883893289,182.8521881103516,2933900
2018-05-10,183.2454766985269,185.8161391188852,183.14956552468192,185.1734771728516,2821200
2018-05-11,185.12550174069355,186.1710256730641,184.20466378950653,185.4612274169922,3301700
2018-05-14,185.60507183989293,186.77529620275268,183.77299759224297,184.2813720703125,2877200
2018-05-15,183.21664721966957,184.3580966923037,182.3917352623539,184.166259765625,2747500
2018-05-16,184.82812643640452,185.0391514658357,183.62912724019168,184.53077697753903,2109300
2018-05-17,184.2142204877321,184.58830761302843,182.8137831306475,183.39889526367188,2378300
2018-05-18,183.8017550138756,184.252579830832,182.62194403828823,182.63153076171875,4208500
2018-05-21,183.6866579684119,184.96239473832472,182.2574458044752,183.39889526367188,2632600
2018-05-22,183.37972301937927,184.7801604974236,183.05359875607456,183.80177307128903,2620200
2018-05-23,182.95767685332257,185.1254619679497,182.5356268262119,185.11587524414065,2529900
2018-05-24,185.0391554322186,185.50915376002743,182.24788173091005,184.0799560546875,2912900
2018-05-25,183.9264851139205,184.06077244459132,181.97931150108283,183.37014770507807,2459600
2018-05-29,182.48766751619308,182.71788061810415,178.9865959124203,181.7970428466797,4545000
2018-05-30,182.66034391006173,184.0991430824777,182.1519693733725,183.9360809326172,2764200
2018-05-31,184.0607938266816,184.58835648568223,182.07525844709016,182.36300659179688,4641400
2018-06-01,184.19502086636533,187.39874267578125,184.0703202870048,187.39874267578125,4194900
2018-06-04,187.9455001392525,190.02696071944027,187.26446224358384,189.66246032714844,3917200
2018-06-05,190.02695315438788,191.5616777212587,189.7583785506182,191.2259521484375,2655500
2018-06-06,191.70557597153083,194.99562260157532,191.61925154574297,194.9188995361328,3233100
2018-06-07,195.0819881212968,195.67668709456171,190.2092531765169,191.39865112304688,4084100
2018-06-08,191.07251090799437,192.3482478219757,190.88067396190996,191.87823486328125,2296700
2018-06-11,192.4250082232994,192.7990954349631,190.17088359133692,190.3915100097656,2616900
2018-06-12,190.9957532069412,191.9837272802544,190.1037049147381,191.9645538330078,2660500
2018-06-13,192.4441807403697,193.3937787813334,191.082119345639,191.27395629882807,2686100
2018-06-14,192.4825513849076,193.1731761580464,190.9286529634564,191.17803955078125,2846900
2018-06-15,190.44905722338933,191.5233559435337,189.50904584326304,191.3890686035156,4162100
2018-06-18,189.576156138918,193.23070326646007,189.35554438982933,192.92376708984372,2081300
2018-06-19,190.36269994283623,191.77270945166129,189.2212504314933,191.54251098632807,2666200
2018-06-20,192.31944060947333,195.15867669631237,192.07964080821463,193.31700134277344,3898600
2018-06-21,194.1515120626453,195.36968449901835,191.82065041408455,192.5880126953125,2678200
2018-06-22,193.34583003630405,193.6335781472569,191.46579277282447,193.25949096679688,2993600
2018-06-25,192.21399217989088,192.2619550833732,185.80654637992512,187.02471923828125,4780600
2018-06-26,188.17573138122376,190.55455643275192,187.7728693893249,188.4443206787109,4271200
2018-06-27,189.40351296635168,190.11331112894624,185.27895277149085,185.29812622070312,3233000
2018-06-28,185.5666820322069,189.68164012390972,185.32688223432584,189.05816650390625,2621100
2018-06-29,190.11330946524183,190.21882197986915,188.17572266764083,188.5018615722656,3006900
2018-07-02,187.75367185334048,189.89268214409756,186.80405929954384,189.60491943359372,3018300
2018-07-03,190.23800961949323,190.4778094579735,188.13736069261105,188.2812347412109,1567400
2018-07-05,189.92145226048297,190.84228998410651,189.10612704023063,190.7559509277344,3101900
2018-07-06,190.2661691251361,192.33103763791289,189.6611082235482,191.62034606933597,2050300
2018-07-09,192.8496291653841,193.6083438564122,191.36099615147097,192.97447204589844,2377300
2018-07-10,193.36830262634223,194.7224797386804,192.19660515172063,193.5411834716797,2265100
2018-07-11,192.53269139035245,196.0669802607601,192.32140078889975,195.76925659179688,2827900
2018-07-12,196.8833695501308,200.90747588714223,196.64326787994773,199.5532989501953,3970800
2018-07-13,198.9002257511484,199.3131935819725,195.38513384777244,197.75733947753903,2590800
2018-07-16,197.4787907619184,197.843749941587,195.69243398693976,195.9997711181641,2955000
2018-07-17,194.9625762976441,198.51607845194317,193.64682369881612,198.1991424560547,2919000
2018-07-18,198.46803443391255,200.12954854059876,197.2483285024313,200.1103363037109,3595400
2018-07-19,200.11035142430103,200.4464996493442,197.6132880073508,197.9014129638672,2264600
2018-07-20,198.02629538257688,199.14037087177533,198.01668193487865,198.5257110595703,2801000
2018-07-23,198.51608348474,199.7262054369287,197.5076534094644,199.61094665527344,2717900
2018-07-24,200.47527492878797,202.0695387152049,200.0622924786779,201.28201293945312,3509100
2018-07-25,201.6853544554794,205.79589288820088,201.34920633619785,205.6806488037109,4967900
2018-07-26,201.8294600657965,203.414139897272,196.46079018516835,199.15953063964844,7279900
2018-07-27,203.308512272956,203.3661343346359,193.2530521797644,194.9049530029297,4913000
2018-07-30,194.91452734713047,195.2794865648529,188.43178243766067,190.03565979003903,5939300
2018-07-31,191.1401260395198,192.67676780998443,188.4605834132538,190.16050720214844,4416600
2018-08-01,191.3801873316294,193.3874331894708,190.49661520264615,193.2337646484375,4614200
2018-08-02,191.2073635043973,194.1846300913873,190.0356661756833,194.01174926757807,3615000
2018-08-03,194.01169148729016,194.41506041652343,190.42937972045465,193.2337646484375,2722800
2018-08-06,193.04170493540903,194.443904862086,192.5711004785528,193.5603179931641,3061300
2018-08-07,194.48235110367543,195.10660957869428,193.96373794877516,194.59759521484372,2422200
2018-08-08,194.4055132097764,195.5195884459068,194.0789784644203,194.82809448242188,2697900
2018-08-09,195.1450480783902,196.5568471602477,194.6264202315703,195.538818359375,2444900
2018-08-10,194.93377153982493,195.8365562866246,194.15584436790243,194.62643432617188,2567000
2018-08-13,194.62641574879976,196.249505448697,193.89651191801156,194.2998809814453,2014000
2018-08-14,194.7800666101934,195.97097610904945,193.41629095187747,195.8077087402344,2076600
2018-08-15,194.6263820085649,195.01055342236197,191.60110722994844,192.3118133544922,2955700
2018-08-16,193.94453965195652,196.14386464113971,192.868888791358,195.538818359375,2894000
2018-08-17,195.7885040783015,196.49921028885055,194.01174587925016,195.16424560546875,2308900
2018-08-20,195.41393024758213,196.8641389243541,194.34787834536223,196.64324951171875,2469300
2018-08-21,196.88339171428728,197.77656299368851,194.60723231419863,195.04901123046875,1979600
2018-08-22,194.48233898396225,197.09464614169843,194.24223733089565,196.22067260742188,1905300
2018-08-23,196.3935575302201,197.80535645218404,196.0958191642841,197.0946502685547,2247600
2018-08-24,197.8437393565571,201.2051621126151,197.4307715950401,201.10911560058597,2722600
2018-08-27,201.85827600754544,203.36612158195692,201.85827600754544,203.1548309326172,2550200
2018-08-28,203.31805699334848,204.5953994212454,202.58815331511045,204.21124267578125,2240200
2018-08-29,204.08642919316236,207.31339637741405,204.03840592595284,206.0744781494141,3172100
2018-08-30,205.76715632415065,206.75637415301068,204.4033804305246,205.33497619628903,3083000
2018-08-31,205.1236371304068,207.2557408897502,205.0468028461932,207.02523803710935,3020000
2018-09-04,207.14051958187804,208.7444117409881,206.18011283755263,208.2353973388672,3776500
2018-09-05,207.21734632292424,207.22695976898905,201.9831326881672,202.7994842529297,3869500
2018-09-06,203.06837583473973,204.82592168848544,202.13678025125745,204.34571838378903,3032800
2018-09-07,202.66501792360376,204.79712188566845,201.3972740955036,202.73223876953125,3298500
2018-09-10,204.2400839928638,205.02760983426717,203.0107646394713,203.28927612304688,3326300
2018-09-11,202.18478003357248,205.10440933903652,201.78141106302647,204.99876403808597,2728500
2018-09-12,204.61462231671263,205.9687990951922,203.4717361556401,205.55581665039065,2291300
2018-09-13,206.2665439505716,210.0313363262106,205.8823724910312,208.6195373535156,3898000
2018-09-14,209.36864052916548,210.15618098189776,207.851196330076,209.33023071289065,2638000
2018-09-17,211.2606387630574,211.2702375532859,207.55346873967557,207.8992156982422,2500900
2018-09-18,208.85002902106464,212.2114521747737,208.6963604454953,211.3374786376953,2851000
2018-09-19,211.89451137582665,212.6436273462525,208.5618993246011,209.55111694335935,2883000
2018-09-20,211.2702736433282,213.13346509084636,210.23303259044252,212.62445068359372,3108500
2018-09-21,213.34473016391277,214.526026226376,212.144221865373,213.11422729492188,7177800
2018-09-24,211.68319882740232,213.34469795846996,209.57030747185223,212.5859832763672,2520000
2018-09-25,213.13346784229608,214.2091187311848,212.4611860367406,213.32554626464844,2181300
2018-09-26,213.8056773250601,215.4767898090013,212.9221051574045,213.45993041992188,2963600
2018-09-27,213.8729700992856,214.7565425036193,213.2679091895592,213.5080108642578,2645200
2018-09-28,213.33515145139904,214.8333836042412,212.29791042528288,213.796142578125,2955000
2018-10-01,215.93782953031143,216.4276463050049,214.25711787832336,214.9102020263672,2955500
2018-10-02,214.65086161347784,214.8717510142997,212.25944405405968,213.5655975341797,3060700
2018-10-03,214.91982126957083,215.44804791282007,213.7385250707727,214.29556274414065,2662400
2018-10-04,213.27753996010628,213.35435960616385,206.09368671823427,207.5919189453125,5664900
2018-10-05,208.1207601704309,208.8322894286384,203.69778209291013,205.0535125732422,4268300
2018-10-08,203.55352232887995,203.64968007530624,195.42869159067496,200.2458953857422,5611000
2018-10-09,200.0535772811854,202.87083468602592,198.73630136430023,201.6881561279297,5659400
2018-10-10,201.2747206153332,201.2747206153332,188.4672838918573,189.12112426757807,8455000
2018-10-11,187.1596517346613,192.04416960429592,185.48661820525612,187.0250396728516,9185200
2018-10-12,192.85182110332295,196.9574955676344,191.8614433012932,196.36135864257807,6160300
2018-10-15,195.88065475139413,195.95757803312597,191.85188773433805,192.6114959716797,3969200
2018-10-16,194.88059646190504,200.11126035990188,194.73637453044248,199.7843475341797,4694900
2018-10-17,199.6401752588604,199.995932559362,196.81330732618807,199.39979553222656,4431200
2018-10-18,199.00554821054732,199.24592791175624,194.47678818426223,195.78445434570312,6264500
2018-10-19,196.0248147462517,199.4574435839112,195.1882981633245,195.24598693847656,4832500
2018-10-22,195.8805860636328,198.322837047847,194.11139521903576,196.6305694580078,4045100
2018-10-23,191.8134056212236,195.89023626066168,189.0346166598352,194.6402587890625,5076800
2018-10-24,194.84220672805952,195.64026924700013,187.86158417177185,188.1596527099609,4415900
2018-10-25,189.41920026458533,197.2075082760888,188.17884748993575,196.34213256835935,4940700
2018-10-26,191.53457003168376,194.62105228649585,188.19809813409896,189.890380859375,6523600
2018-10-29,192.64024157716625,194.5536540443869,180.4097248146559,183.68849182128903,6623800
2018-10-30,185.16932376981865,186.17892161591692,176.6791095606764,180.5059509277344,9239200
2018-10-31,185.81350427932347,192.26530175017183,185.81350427932347,190.06341552734372,7683500
2018-11-01,191.23652596320585,192.3038127106144,187.50582730170265,192.0249786376953,4439000
2018-11-02,191.26533093456445,193.2556820282107,187.73655845932845,190.11151123046875,4261500
2018-11-05,190.5730312903605,191.46725144144065,186.8134891020769,190.3614959716797,3110800
2018-11-06,190.8614384682704,192.9479320299752,189.9287642702886,191.4864196777344,2916000
2018-11-07,194.40947795336348,200.3612813493428,193.97679745120203,200.22666931152344,4922800
2018-11-08,199.3805519065058,200.8228302001953,198.07288566669607,200.8228302001953,3922200
2018-11-09,199.39977147483495,199.97667394618497,195.5921506088304,197.70748901367188,3229700
2018-11-12,196.74595563146644,197.3517171194894,191.08261096213704,191.47683715820312,3507300
2018-11-13,192.09223539425145,194.46718813632023,189.9480524588224,190.544189453125,2852000
2018-11-14,192.84217382243503,194.4479081717527,188.0826595447458,189.9768524169922,3218600
2018-11-15,189.4384283984675,193.40949086273892,186.85194061125108,192.98643493652344,3424600
2018-11-16,191.3422372326272,193.17874162373528,189.85188018920635,191.3806915283203,2939500
2018-11-19,191.3807271304484,191.72687454252872,181.29440264107825,181.99630737304688,4488100
2018-11-20,174.97722187734112,181.53478843845696,170.5734631378864,179.8617401123047,7892900
2018-11-21,181.284755753432,182.77511289070287,179.0732741573155,180.43862915039065,3950200
2018-11-23,177.76559536796884,179.06363690797335,175.24640620713478,175.57333374023438,2601000
2018-11-26,178.438664842565,184.8327591436316,176.61177027682248,184.46739196777344,6917200
2018-11-27,183.40971122555248,185.61158282355024,182.1597338503743,185.55389404296875,3976300
2018-11-28,187.4961766278016,194.6787236446572,185.83275311756563,194.49603271484372,6203000
2018-11-29,194.2748707486441,194.2748707486441,188.75574771752343,189.09228515625,5447700
2018-11-30,189.02504063117536,193.9095595304541,188.26544698047428,193.3326568603516,7944700
2018-12-03,198.08247909424773,201.83241114883643,198.01518040871343,201.78433227539065,6599900
2018-12-04,199.40936016510184,201.45739966594664,191.93835584950568,192.7748870849609,6628600
2018-12-06,187.30385479560664,195.544062825769,186.74617216191496,195.1786956787109,6558900
2018-12-07,195.9382859794423,198.5728525861792,187.3999949467105,188.9384307861328,4968100
2018-12-10,187.1596028311615,191.07299085174265,185.57310289782944,190.4383850097656,4101000
2018-12-11,193.34223768473944,193.6499161281856,188.51540831142356,190.1307678222656,3582400
2018-12-12,192.74606693376663,198.0344203839832,192.5537514346504,192.5825958251953,5160100
2018-12-13,193.07296290538764,194.4190832516808,187.79421982360185,191.30377197265625,5246200
2018-12-14,189.03462495395112,189.64999647397667,185.75584192573984,187.81349182128903,3801700
2018-12-17,186.0538815131175,186.09233580830852,181.5059018508482,183.12124633789065,5459900
2018-12-18,184.6693138627336,186.87120031543697,182.78474507283929,184.23663330078125,4345200
2018-12-19,183.58277198912037,186.87117909847197,177.6502029299143,179.9193878173828,6100600
2018-12-20,178.4579119312643,181.09246430119205,173.29454551299216,175.6791229248047,6562600
2018-12-21,174.22722500214255,178.14061404066214,168.26581064504114,168.44850158691406,8374300
2018-12-24,166.48698198775207,171.13111976536212,165.27547352596332,167.92926025390625,4351900
2018-12-26,169.22731643372384,179.32326428914484,169.22731643372384,179.25595092773438,5261400
2018-12-27,176.9002404482262,181.4386107615663,173.2272459348141,181.4290008544922,4695200
2018-12-28,182.4097480110047,182.78473977671328,177.0925352574044,178.99635314941406,4830300
2018-12-31,179.7270947501787,181.72705564164323,179.18864656240223,181.39051818847656,3658500
2019-01-02,178.6790413246364,183.4770254441965,178.17904743789842,182.43858337402344,4294000
2019-01-03,180.2847360645427,180.2943459686868,174.01563073440772,174.2079315185547,5070900
2019-01-04,177.73676310328236,183.89047779888745,177.34253685844791,182.4578094482422,4452900
2019-01-07,183.29432549607165,185.592354740371,182.40972999948067,183.8616180419922,4219200
2019-01-08,182.9080338556437,185.4026833766449,181.5595865715672,185.20040893554688,5069700
2019-01-09,187.1461339981824,189.3132919749311,186.1636849335684,188.56201171875,5471500
2019-01-10,185.922818744574,189.97781703564647,184.27578754026484,189.698486328125,3693600
2019-01-11,188.8508874765782,189.45768145400243,187.5409608552726,188.6871337890625,2500100
2019-01-14,187.223168556028,189.74669862660744,186.8571549926997,188.2344970703125,3336500
2019-01-15,188.0322092068099,190.0837895839852,185.99027004637648,189.2843475341797,3783000
2019-01-16,190.23786006109944,191.10473171568145,189.2650526133868,190.48829650878903,3546300
2019-01-17,190.1801012561401,193.0214825019907,189.84299669641567,191.97161865234372,2764100
2019-01-18,193.77271517083085,195.07301518921787,192.65543656132076,194.56253051757807,4866600
2019-01-22,192.43395623214772,193.5994118948017,190.37274915109717,192.1161193847656,4457700
2019-01-23,193.64750604077125,193.6571325580232,189.3613543479792,191.0469207763672,3086100
2019-01-24,191.1143761495113,192.8288371886781,190.6424121589857,192.43392944335935,2792000
2019-01-25,194.7455859877848,196.3829908933949,192.433942564885,195.4679718017578,4677500
2019-01-28,193.3489604679143,193.58011450332876,190.76762772897212,192.79031372070312,3277200
2019-01-29,192.81917842211425,193.2815011190596,190.38233202577257,191.90415954589844,3661900
2019-01-30,193.04073645150643,197.28836823708207,192.53987821065775,196.50819396972656,4079500
2019-01-31,202.0754125915823,205.1286951396581,200.34168354458924,203.3564453125,11316200
2019-02-01,204.1847697490193,206.737193823594,203.42384843827463,205.89923095703125,6470100
2019-02-04,206.4578743542937,207.03577419524103,205.35020727276785,206.99725341796875,4397500
2019-02-05,207.0839256723223,208.7213305173128,207.03576368044503,207.91226196289065,3091500
2019-02-06,207.32471703734845,207.95077882905403,205.812515763294,207.3728790283203,2698000
2019-02-07,205.60056473567315,206.5541042506566,203.80904799310323,206.0917816162109,2742900
2019-02-08,204.1943577144,208.65389013543972,204.1943577144,208.6057281494141,3248400
2019-02-11,209.0006779061868,210.5995474062905,208.37460135584695,209.10662841796875,2974400
2019-02-12,210.512841091819,211.4086070816216,209.62671631826785,210.84996032714844,3411400
2019-02-13,211.6975361569613,213.13268107437585,211.3604316400616,212.419921875,2996600
2019-02-14,211.42785489592893,212.84373213416544,210.5706243983618,211.71681213378903,2875600
2019-02-15,214.00926147001903,214.1633740096665,212.36221493362052,213.9322052001953,2758500
2019-02-19,213.2771623871165,213.78766183979823,212.2465663565882,212.4680938720703,2836700
2019-02-20,213.07486832781748,213.66240923285923,211.32187213025992,212.9689178466797,3103600
2019-02-21,212.1020399523732,212.89184052691468,210.57057138636068,211.23516845703125,3528800
2019-02-22,211.89984216459976,215.3961942633484,211.61088489497988,215.0976104736328,3295300
2019-02-25,216.71574766834067,217.10101422984903,214.7893854668443,215.0976104736328,3359200
2019-02-26,213.98029867040168,216.8890947654436,213.8743481704514,215.75254821777344,2852300
2019-02-27,214.8279244940549,216.34012600524167,213.57580071429487,216.30160522460935,2119500
2019-02-28,215.83923092509804,217.29364366921024,215.42507014165943,216.49420166015625,3240400
2019-03-01,218.52648604843188,219.74971520263247,217.0624469736308,218.8828582763672,3001400
2019-03-04,218.9406854956188,220.0868733142861,215.43470700750663,217.95823669433597,2977700
2019-03-05,217.9004193651433,218.5650165635028,216.99502693242027,217.8907928466797,2779100
2019-03-06,217.53444048991395,218.1701287970478,215.70438772326187,216.2052459716797,2849300
2019-03-07,215.38649466283795,216.17631000591035,212.6125438385448,214.22105407714844,3879600
2019-03-08,210.3394510359981,214.00916793774996,207.97964605781348,213.7009429931641,2691800
2019-03-11,214.73155256645015,217.80410199424503,214.635228597495,217.33213806152344,2670100
2019-03-12,218.2471855710358,219.79790761373755,217.89081329376728,218.5843048095703,2478700
2019-03-13,219.9616195473176,222.81264150543012,219.41261407145944,220.0868377685547,2690400
2019-03-14,220.27947241647345,221.7338850048168,219.03697550225425,221.0596466064453,2838700
2019-03-15,220.3950875039517,224.1900083678733,220.385446287711,222.65855407714844,3894200
2019-03-18,223.7372949947216,223.9395694596121,220.6743866476284,221.90725708007807,2734100
2019-03-19,223.01489448066317,223.55428811890215,221.84945384620963,222.50440979003903,3212000
2019-03-20,221.27157720289563,223.40021377757412,219.4511656169571,221.4256896972656,3747400
2019-03-21,219.79791924653637,228.3509719294597,219.77865150980648,227.18551635742188,4441100
2019-03-22,226.1934060563647,227.31069946235183,222.18656986060185,222.2636260986328,3709400
2019-03-25,221.90730874364328,223.40024249368116,220.1350589215105,221.9362030029297,3506500
2019-03-26,224.38264843819715,225.02797793366437,222.92823574668896,224.7004852294922,3046900
2019-03-27,225.3073098985674,225.5769994173434,221.19452269176887,223.9588623046875,2640700
2019-03-28,224.8256789264196,226.66535793187856,223.8143360644622,226.2126617431641,2712100
2019-03-29,227.78270719055172,227.9271784790192,225.35548666545645,226.78099060058597,3453900
2019-04-01,229.52605778256563,230.9226674303401,228.2161309060306,230.2484436035156,3475900
2019-04-02,230.42178933915392,231.0382245988306,229.30451053516083,230.45068359375,3386400
2019-04-03,231.43311263400537,232.0591743595785,229.0636957770296,230.1328125,2911700
2019-04-04,229.9112969548289,229.97872667796776,225.15318056277047,227.36849975585935,3096300
2019-04-05,228.47620358484,229.19858943635825,227.4166984571556,227.9175567626953,2590000
2019-04-08,227.35811848297976,227.8982508036042,224.8503444600783,227.88861083984372,2714500
2019-04-09,226.94335035887997,228.83382808025925,226.6636442523116,227.54136657714844,2491300
2019-04-10,228.5926892595786,229.5089861253469,227.73426160591143,228.6505584716797,1984200
2019-04-11,229.5572104083252,229.5572104083252,226.7022066939333,227.66673278808597,1908200
2019-04-12,228.6215925964929,230.5217099605973,227.7052958560488,230.3577423095703,3452100
2019-04-15,231.0232664558268,231.3512017562669,228.77591916016627,230.6663818359375,3437500
2019-04-16,231.48628577464427,232.42187735705028,230.47353033087987,231.57308959960935,2564300
2019-04-17,232.13247978786023,232.68226669389267,230.4734938251825,232.4507751464844,2829200
2019-04-18,233.92650292753672,234.0422413445298,231.92994164690785,232.3446807861328,3016800
2019-04-22,231.293375317904,234.5148891490503,230.58927534442023,234.42808532714844,2217700
2019-04-23,235.2479225643268,235.82664414247444,233.8493625875547,234.85247802734372,3108400
2019-04-24,234.9875359097477,237.3506222879249,234.19661731727464,236.5886383056641,3255200
2019-04-25,236.0195250634696,238.09326493285377,235.3636544039433,236.89724731445312,3152400
2019-04-26,237.3216645575125,238.3826345027704,234.5920537592333,237.92930603027344,3349300
2019-04-29,238.1221802709387,239.40500159916016,237.1383596437504,238.36331176757807,3274900
2019-04-30,242.18283406955123,248.2979254849603,241.623407213607,245.2210998535156,7179600
2019-05-01,245.85767129284503,247.15978727867852,239.8486784391255,239.92584228515625,5146000
2019-05-02,238.7781041158546,239.4629241946988,235.61445935197287,238.42123413085935,4747300
2019-05-03,239.7908265775166,240.9868442012505,238.68162748528343,239.15423583984372,3194200
2019-05-06,232.9233928004161,240.2441417264592,231.53447298318284,239.8197479248047,3022000
2019-05-07,238.498384775824,238.94205856217596,233.99404943002827,236.3667755126953,4257500
2019-05-08,235.86524380034464,238.76847724559892,235.10327453498883,236.62722778320312,3050700
2019-05-09,233.3092474983997,236.8201223615044,231.44771895236585,236.60792541503903,3891000
2019-05-10,235.2190140922027,239.89697233574108,232.76912386984108,238.65272521972656,2816200
2019-05-13,232.94270016624,235.25757170683485,231.8335010046534,232.81732177734372,4136900
2019-05-14,233.5310489769666,238.66233476932183,233.3188520626963,237.21554565429688,3862100
2019-05-15,235.6626677972237,242.13462979677257,235.54692937285043,240.31167602539065,4186900
2019-05-16,241.55592259700916,246.0988323568891,241.4498241356584,244.43020629882807,4911900
2019-05-17,242.20211419952147,245.2692996853291,241.94168806964217,243.59103393554688,3129800
2019-05-20,241.6041481398009,245.3657940436182,240.4852943313577,244.4977264404297,2951500
2019-05-21,245.95413113368397,246.8704278944077,244.787048192605,246.3013610839844,2881600
2019-05-22,245.71300285551405,249.6771906569845,245.4718713512397,247.78672790527344,2936000
2019-05-23,245.7130343562582,246.6293312464712,239.5207782987384,240.87110900878903,5072500
2019-05-24,244.160153223634,244.38199012105085,241.4498370502969,242.5590362548828,2710800
2019-05-28,243.6971753306481,248.61626447646293,243.6875206501558,244.4398498535156,6252100
2019-05-29,243.30171968889303,245.23077197582185,242.35648818919825,244.56524658203125,4014300
2019-05-30,245.2500611947376,246.97655647764893,243.82255193738567,245.1728973388672,2817400
2019-05-31,243.04127290180577,244.66168433853187,241.94171378018797,242.56866455078125,5041400
2019-06-03,242.86767932136863,244.0058130755779,231.72739972113945,233.6660919189453,5452100
2019-06-04,236.4342727451363,240.523853732948,233.1452354186184,240.3405914306641,4862200
2019-06-05,242.54937591957372,247.85426939029367,241.2761944222009,247.16946411132807,4742400
2019-06-06,247.265876650626,249.52289344289176,245.81910233641523,248.6837310791016,3443500
2019-06-07,250.7767631020649,257.4030520944313,250.41023850793144,256.3710021972656,3691800
2019-06-10,259.4576127364152,260.2774660986068,255.8695731970093,256.6604919433594,4469000
2019-06-11,257.9817567946377,258.3868706446759,249.9858284344446,254.30691528320312,3119600
2019-06-12,253.13984292047948,254.83738854696796,252.0884837505862,254.49017333984372,2295300
2019-06-13,255.59943758629805,255.82128920420044,251.01793823333608,251.9342498779297,4331000
2019-06-14,250.76705580006868,252.68648217682443,250.21729845923127,250.8731689453125,3158200
2019-06-17,251.7413232713241,252.42612859091295,248.8959593760574,250.00518798828125,3332200
2019-06-18,252.4165232213068,252.9470008676185,246.0217096813827,249.6290283203125,3921300
2019-06-19,249.64829749776035,251.3748075967802,249.13709980123528,250.6514129638672,4326500
2019-06-20,254.1429136474301,258.20358877857586,253.18804244939045,257.32586669921875,4667300
2019-06-21,256.3903731518682,258.63770634817416,255.0400422977569,255.0882568359375,4285800
2019-06-24,256.41927044554205,257.62492807464935,255.7248104737762,255.8887634277344,2538100
2019-06-25,256.60252997145926,256.8629414199163,249.92799645785323,250.5163726806641,3138000
2019-06-26,251.6255551997847,253.33275567481832,250.76711290502308,252.0306396484375,3869400
2019-06-27,253.130275997303,254.22982063604917,251.1626341698029,251.8378143310547,2186900
2019-06-28,253.7571373584596,255.4450578288638,252.0595622090254,255.14605712890625,4400300
2019-07-01,260.41226169867315,260.41226169867315,255.4738952533263,257.3064880371094,2646800
2019-07-02,257.4127286343114,261.0007668808059,256.9786801180821,260.9718322753906,2649100
2019-07-03,261.3866205647228,263.392822265625,261.17442360679024,263.392822265625,1896800
2019-07-05,261.8688341913481,263.093771732586,259.5443227755343,262.48614501953125,2561000
2019-07-08,260.83478299251885,262.73720738824494,260.21672272534045,261.926025390625,2291700
2019-07-09,260.5644403547118,264.2630478733503,260.2554101602078,263.96368408203125,2477400
2019-07-10,264.7651696221007,267.5946548677554,264.7458368200889,265.93365478515625,2323000
2019-07-11,268.07752404932086,269.0914942281115,266.6096455785539,268.7728271484375,2583900
2019-07-12,269.6613229125895,270.14417159534133,266.7835636246654,269.9510498046875,2299700
2019-07-15,270.83947181438054,270.9650171857954,268.9949863306388,269.786865234375,3349500
2019-07-16,269.4294671261404,271.0035579755639,265.86604278391013,267.131103515625,2976000
2019-07-17,267.8747026273068,268.91764241103976,265.8274002498406,265.8370666503906,2318900
2019-07-18,265.5667048568244,267.7395233511075,265.3156141779603,267.28564453125,3241000
2019-07-19,269.8447249719525,269.8930275078536,265.97229976458414,266.1461181640625,3048200
2019-07-22,267.4111587168639,269.77709867478313,266.59997677665723,269.0528259277344,2092400
2019-07-23,270.3951794982086,270.8007852345797,267.40151268818846,269.4005126953125,2275400
2019-07-24,268.6279597945585,270.6848697436111,266.89935383336234,270.6365966796875,2805200
2019-07-25,270.3952143719164,271.2643359525353,268.02924445786624,269.7675170898437,2312200
2019-07-26,270.9745892432581,272.60661956192894,270.47240793244606,272.3941650390625,2942100
2019-07-29,273.40816119169847,273.610949333084,270.8104336069631,271.7857971191406,3677700
2019-07-30,269.7578015413709,272.683862327838,266.0012554651615,268.6182861328125,3957900
2019-07-31,269.11078190543384,269.4101456021438,256.5760248904753,262.9302978515625,5513100
2019-08-01,264.53337224450814,269.72882682193654,262.32194733253783,264.7554931640625,4988100
2019-08-02,262.6695772661552,263.15242575377675,256.5663653096421,260.2070617675781,4438000
2019-08-05,251.0812543005202,253.6403458059741,245.19049590162967,248.02964782714844,6861300
2019-08-06,252.8195257576189,256.0546174072248,251.25510094343255,255.60073852539065,4918500
2019-08-07,254.36468536622652,260.73829400266294,251.32274449701123,260.07196044921875,4476000
2019-08-08,262.6696821305229,268.54110911690105,262.2834090803622,268.50250244140625,4135500
2019-08-09,266.05925122174733,267.4015550363389,263.712584573132,265.5184631347656,3410500
2019-08-12,263.4904628779256,265.5474024416052,259.666310566581,260.7382202148437,3322600
2019-08-13,260.5740053363099,265.9239749022797,258.8067928151796,265.11279296875,3899800
2019-08-14,260.564355191104,263.12344618567244,256.7305371638981,257.9859313964844,3750300
2019-08-15,260.0429306096897,263.78017391138565,258.8937486292278,262.5634155273437,3364300
2019-08-16,265.54742645253503,266.49379084650275,264.3982444277973,264.9486694335937,2718100
2019-08-19,267.49809960668574,269.01425114313736,265.7694935270961,268.5314025878906,2502300
2019-08-20,268.8499544552563,269.9701661598657,266.3874396670698,267.53662109375,2583600
2019-08-21,270.0475755750099,272.4231824037188,269.70957566534145,272.3362731933594,2492200
2019-08-22,272.43279400176294,273.18606602964263,267.2663381072584,271.1387634277344,2975800
2019-08-23,270.39520536536463,272.413508897496,260.9410218973902,262.5634155273437,4415000
2019-08-26,265.45081317779386,266.9476318359375,263.61599465372683,266.9476318359375,2184400
2019-08-27,267.2469977905928,269.5163917998294,265.4797851191574,267.15045166015625,2169400
2019-08-28,265.7888585434318,269.0915265579806,263.9926463754349,268.6955871582031,2306900
2019-08-29,271.36087463911,272.30726837009195,269.3136015813497,271.72784423828125,2297200
2019-08-30,272.89638302796726,273.2536862960481,269.1688057795397,271.7182312011719,2600300
2019-09-03,270.3854943660045,273.1377367179548,268.9466152625595,270.5013732910156,2350800
2019-09-04,273.0701618196474,276.39216224342425,272.47143432537433,276.28594970703125,2631000
2019-09-05,280.3323054477711,283.39354969068694,279.6659718866073,282.0608825683594,3808300
2019-09-06,281.92567583277554,283.01691851146666,280.1004937657804,281.3848876953125,2783300
2019-09-09,283.4224712923246,283.61562252709126,270.4918006759177,273.63995361328125,4795900
2019-09-10,271.6891585955362,271.84367363391164,261.06649284074746,262.9882202148437,8683800
2019-09-11,265.48951928441807,266.5324594193668,259.9657294538536,260.69000244140625,6342300
2019-09-12,264.0120028144838,269.2074296082628,263.81885156339087,266.9187316894531,5497900
2019-09-13,268.45412832300457,268.6086433960252,263.6739453439821,266.8414306640625,4631100
2019-09-16,264.08922252737307,266.3006774347118,263.3552832023239,264.67828369140625,2755100
2019-09-17,265.13201598740136,269.07207500903587,264.5526215466237,266.7737121582031,2929500
2019-09-18,267.2759359385169,267.3532081986174,261.16308717333897,265.6632385253906,2975900
2019-09-19,266.4937991962248,268.608678486451,265.4218894174545,266.4455261230469,2623800
2019-09-20,268.261075821169,269.03362191492425,261.6170733201946,261.8681640625,5540800
2019-09-23,261.02793899567024,264.3499396910906,260.7382416266032,263.7801818847656,3092000
2019-09-24,266.1751591143212,267.92306891956923,259.8305205991868,261.8198547363281,4120300
2019-09-25,260.9796475726022,263.6256482598161,257.46449589782577,263.3938903808594,4083600
2019-09-26,263.8574178990529,265.9916001464967,263.27799376981545,264.4947814941406,2924600
2019-09-27,265.9433134790174,266.1750713305639,258.50743472073725,259.8980407714844,3175700
2019-09-30,261.6943345588806,262.7373042766714,260.08163637021295,262.25445556640625,3128700
2019-10-01,262.1770260154422,264.26293472914995,260.7767832779863,261.6459045410156,3066400
2019-10-02,258.9613357404129,259.71457829338186,253.5147899953017,255.40757751464844,4308900
2019-10-03,255.18545900408435,259.3283078202332,251.4771856717906,259.0868835449219,3948100
2019-10-04,260.26508570676697,265.06460241040975,259.9270857615753,264.65899658203125,2671400
2019-10-07,262.0032702402493,264.1181491855364,261.1341487696177,262.85308837890625,2861900
2019-10-08,260.8806924432496,262.09892774742264,257.75769385219235,258.2218017578125,2818900
2019-10-09,261.0160589342449,264.09072609798375,260.5713072653003,263.22052001953125,2169600
2019-10-10,262.56306003395935,265.6086928369673,262.27301100758274,264.7578430175781,2194700
2019-10-11,267.0493212665042,270.72341292502534,266.0050858644333,266.7689208984375,3493000
2019-10-14,268.36428756419525,269.3311570335882,266.43054862540924,267.223388671875,2042500
2019-10-15,268.02589697723806,270.6847882127903,266.8173100519871,269.3311767578125,3006600
2019-10-16,267.91946922312354,269.78551975329447,265.6956522928021,269.0506896972656,2689400
2019-10-17,270.09496554009326,271.14884961701824,266.7882592980025,267.3490600585937,2396600
2019-10-18,266.12113331788737,267.5134276620386,260.9580540860406,261.66387939453125,4052300
2019-10-21,262.92077412730737,265.2702595560877,260.57128869852704,265.2122497558594,2921200
2019-10-22,265.7923602540208,266.22746323439776,252.36256124346792,252.60427856445312,5619500
2019-10-23,253.9772130075561,255.4371950487501,249.94538467140327,252.20785522460935,5367000
2019-10-24,254.8280762277786,260.4069015951697,254.8280762277786,259.8461303710937,3791900
2019-10-25,257.43864434775907,263.1624944155708,256.7618239954889,261.2384338378906,2760200
2019-10-28,264.2067744659071,266.7882995605469,262.37937691005806,266.7882995605469,3796600
2019-10-29,268.40294143655035,269.0700836584521,264.03267302565644,265.2026062011719,4706700
2019-10-30,265.5410427095883,268.27727029905844,263.9553626317505,267.9678649902344,3485500
2019-10-31,267.2233828574425,269.8435908006611,265.9471081040504,267.6391296386719,5356000
2019-11-01,269.75650843020105,271.100470789446,266.97192039633217,269.8048400878906,2880000
2019-11-04,271.3422217328055,272.8891890487472,266.67222636593874,267.17498779296875,3726600
2019-11-05,267.33941173907994,267.77451480853074,259.52711930837773,260.087890625,4717500
2019-11-06,261.3447363374602,262.66937194405745,259.971798579347,260.9193115234375,3742900
2019-11-07,261.07410234582875,265.9664598535355,260.91939967877863,263.7523498535156,4277800
2019-11-08,262.6983994301128,265.8407246409681,262.6983994301128,265.78271484375,2241300
2019-11-11,264.03264395020136,267.94848214838964,264.0133171873873,267.8227844238281,2132600
2019-11-12,268.40291199737305,270.2399576867866,266.63352473109234,267.9581604003906,2217200
2019-11-13,267.34898635750443,271.16810162823583,265.889004563095,268.8572998046875,3320600
2019-11-14,268.2579542305407,270.36572265625,267.53280210647887,270.36572265625,2365900
2019-11-15,271.3422842218493,271.5936502399978,268.915432213318,271.4776306152344,2544200
2019-11-18,270.7233772527441,272.4347251223209,269.1763806242843,271.55487060546875,2715900
2019-11-19,272.19303993109304,277.0853963223497,271.63226870920823,275.85748291015625,3013800
2019-11-20,275.5577558362809,278.19731969874044,273.4886413310872,275.9251708984375,2903900
2019-11-21,275.1709644117728,277.02733664547424,274.19441713379683,275.02593994140625,2777000
2019-11-22,275.3934179242023,275.90585756260816,271.8933551668063,273.20831298828125,2968100
2019-11-25,274.5909143962844,279.41558334447296,274.30086537382306,278.081298828125,3760200
2019-11-26,278.94184423064024,281.0206077057528,278.28438006757005,279.7926940917969,5712800
2019-11-27,279.4542430091072,282.32584611734194,279.33822340982664,282.0357971191406,2163500
2019-11-29,280.6144792308437,283.29269648999303,280.6144792308437,282.5482177734375,1754400
2019-12-02,280.9625310012248,281.1172336215567,274.4845247489319,276.9790344238281,3062300
2019-12-03,272.85057588723527,278.071665117247,272.17375545649605,277.5785522460937,2528300
2019-12-04,278.94173721454007,280.0246258927379,276.64058402011784,277.33673095703125,2743300
2019-12-05,278.41002455818244,281.3106324354762,276.91135945100854,280.2470703125,2580300
2019-12-06,282.6255630170339,282.80927054474614,280.08269203434224,280.7788391113281,2425200
2019-12-09,279.6090046460141,281.320353109547,278.70982305533664,279.4833068847656,1903000
2019-12-10,279.4252805172625,280.5565307949568,278.17801062267955,279.0481872558594,2514300
2019-12-11,280.160058834162,280.70150328362035,278.56470087812284,280.4404296875,2298100
2019-12-12,280.2954039085003,283.0509873122442,278.7194022299218,282.52886962890625,2746400
2019-12-13,281.1559688316982,286.70578989847286,280.198748034905,286.2803649902344,3565400
2019-12-16,288.2333842389576,289.55801992580626,287.02479765010577,287.1214904785156,4210700
2019-12-17,288.61047146771404,288.61047146771404,284.0371692874406,286.1932983398437,3354500
2019-12-18,285.41987885637656,287.45028113467754,284.97509765625,284.97509765625,2902700
2019-12-19,284.73322601611954,288.3009747817491,284.3658110961796,287.6725158691406,2536900
2019-12-20,290.5925745889089,290.5925745889089,286.9764926215623,288.6781921386719,5099400
2019-12-23,288.842533221394,289.8964172467344,287.2568828689632,287.4212341308594,3590500
2019-12-24,288.0883459218036,288.42675605174065,286.7734179393715,287.624267578125,641100
2019-12-26,288.2334094347134,289.4516742648526,287.93368229499833,289.2873229980469,1369200
2019-12-27,290.060771323339,291.54008007682773,288.3010622290823,290.7762451171875,2042600
2019-12-30,290.8632108673457,291.0759232441189,285.4970993033654,287.85626220703125,2717600
2019-12-31,286.2900751016679,289.0263029017694,285.9709916315948,288.69757080078125,2478600
2020-01-02,290.5054909614336,293.4737862764213,289.5773048571018,293.33843994140625,3272400
2020-01-03,289.5386675964495,292.40062192248394,288.70717417512805,290.4765319824219,2501300
2020-01-06,287.5083121661463,291.3467854190705,286.212710523712,291.2501220703125,3307200
2020-01-07,291.7431333125054,293.328813128568,289.94477057656604,290.2638244628906,3182000
2020-01-08,291.2029211677845,297.1764763945038,290.9415288219385,295.3853759765625,3224400
2020-01-09,298.4641284575452,301.0394355739622,298.21239760119704,299.2580261230469,3292600
2020-01-10,301.65900419791325,302.01724788916914,298.9094358554835,301.2620849609375,2948000
2020-01-13,303.28559947621386,305.5898233960821,302.93704675550447,305.1734924316406,3236400
2020-01-14,306.11272901054093,306.345107431382,299.99395257244095,300.7491455078125,4951400
2020-01-15,302.2496433497341,305.6769354211977,301.13626610399086,304.2440490722656,4664200
2020-01-16,307.3905152068631,310.1303924682087,304.96042640361986,310.1013488769531,3323300
2020-01-17,311.1954556629011,313.7126759054004,309.0751843030852,313.3544616699219,4821000
2020-01-21,312.1442926033712,315.2908108237678,311.2535729069479,311.6795654296875,5998600
2020-01-22,314.603370252865,316.3847797848163,313.7997815037562,313.9837341308594,3518500
2020-01-23,314.6517988401668,314.8938386854285,312.05713878997284,314.6324462890625,4188300
2020-01-24,316.1717610309189,316.67519318476684,311.4180957533352,313.3641052246094,3634700
2020-01-27,305.067017504928,309.1913562502837,302.54979728236304,305.7156677246094,4367500
2020-01-28,305.744744264462,311.2826175324078,305.4155735950592,310.0724182128906,3486200
2020-01-29,312.7154483612522,314.10960009222947,306.6838053925676,310.12078857421875,4389400
2020-01-30,308.8428556312345,314.3613761552233,307.8843872580953,314.1289978027344,3512100
2020-01-31,312.8509765298928,314.1289242127374,304.4860669010527,305.8802185058594,5586800
2020-02-03,308.64919989392115,315.11652703585986,308.2909856490739,314.18707275390625,4240100
2020-02-04,317.7886095432906,321.1771672038222,315.9007165742355,318.6405944824219,4158200
2020-02-05,324.3332617612858,324.3332617612858,313.84811289616994,317.865966796875,3868000
2020-02-06,318.83417091026433,320.6833583890095,317.2463757593901,318.8147888183594,3422000
2020-02-07,317.55617175554283,319.34727192614287,315.4939882299131,316.5880126953125,2584200
2020-02-10,315.2520156300319,319.7636413574219,315.1455322927375,319.7636413574219,3848100
2020-02-11,324.33340876962575,324.83684103627337,319.1634409634007,320.3833312988281,3449300
2020-02-12,320.28646260896494,323.8008855502287,318.737401839658,323.5201110839844,2451000
2020-02-13,321.7289751993128,327.0732032439926,321.5547136376748,325.1465759277344,3001000
2020-02-14,326.715006770678,330.18103337342905,326.2987053911472,330.0939025878906,2716300
2020-02-18,330.7425084584297,332.17539456919815,329.55169166958893,330.3746032714844,3597300
2020-02-19,333.03716179449253,336.1836800263011,331.720479116436,333.5890197753906,3040300
2020-02-20,334.7313258711641,336.1932556021837,327.4023837618551,333.482421875,4316000
2020-02-21,331.64298918602395,332.9403487766651,324.9239606160468,328.8837585449219,4997100
2020-02-24,307.4002814885135,318.85359348017056,303.8471237106376,314.3323059082031,7816000
2020-02-25,311.1083101762708,312.9381454603464,291.18360450964246,293.24578857421875,12715700
2020-02-26,292.3841348327262,298.0866078033735,288.40501393474017,288.5502319335937,9403300
2020-02-27,275.9545060599766,287.97906026615533,271.9947371793555,276.7193603515625,13814600
2020-02-28,266.1372691203457,281.14373516692467,264.839909926275,281.0081787109375,12846000
2020-03-02,289.37317789608966,297.1862018167185,280.22405972724766,296.97320556640625,9688100
2020-03-03,304.5732624948261,304.5732624948261,281.5697856663618,282.7025451660156,8051100
2020-03-04,289.5861177329317,293.1586279591481,283.4286386884506,292.7326354980469,6463800
2020-03-05,286.2943137069601,289.198790951353,279.06216418658704,281.472900390625,6621300
2020-03-06,273.68897388591483,279.65283913355705,269.7485581702778,277.8714294433594,7061500
2020-03-09,256.5622216250945,270.3488009852865,252.8638459053749,253.6674346923828,8498300
2020-03-10,267.6186493016277,271.92694114482947,254.49037992186376,271.6365051269531,8131400
2020-03-11,264.25908473381986,265.31437479328946,254.92601518303167,261.170654296875,8366800
2020-03-12,236.74402297405996,254.1321579713228,233.25864313546316,233.8105010986328,15031500
2020-03-13,250.5402794157628,261.4320722773556,237.68312422409107,261.4127197265625,9934900
2020-03-16,227.023720528834,249.5237520379486,221.9602358398992,228.1467742919922,12111500
2020-03-17,232.82291483625357,242.52387392987063,224.57420928162023,230.3057098388672,12665200
2020-03-18,215.26053934151415,221.8053057896116,206.43093108365343,220.67254638671875,11352800
2020-03-19,216.87738421690565,230.90601939260145,204.81412623553075,219.9174041748047,9126400
2020-03-20,228.5049735621889,228.5049735621889,203.3134631785901,204.6882476806641,10518600
2020-03-23,196.8074454193465,208.81261630008896,193.62220743243765,196.82681274414065,11588700
2020-03-24,209.0449800830176,230.84793434630245,208.1542751898418,229.5215606689453,11654800
2020-03-25,240.00668376783304,257.82080891979905,232.7067691700452,248.31350708007807,12642700
2020-03-26,249.6883355651152,257.3464809526595,244.57645445542568,254.8002166748047,9957900
2020-03-27,242.2721614539049,247.91653131437644,236.90855125893955,239.76461791992188,7819300
2020-03-30,238.021982304055,246.1545149416232,236.8601792647401,245.1863555908203,5765800
2020-03-31,244.4215220915238,245.35094681783693,233.40386368664807,233.8685760498047,10373900
2020-04-01,223.58673049578195,229.5505958464915,219.86900200687464,221.33091735839844,6646200
2020-04-02,221.11791361097264,231.7482991498277,220.111034385903,231.2739105224609,6446600
2020-04-03,229.43439242394743,232.24206332680723,222.97677150677836,229.48280334472656,4163000
2020-04-06,243.9761757713337,258.6050505413142,242.0495331920237,257.4723205566406,8636700
2020-04-07,272.64336521411104,273.8632555609458,250.2498622267049,250.8307342529297,8627300
2020-04-08,254.54449179005505,263.630166836539,251.0537230956398,262.7283935546875,5690100
2020-04-09,266.7816064498885,267.6252028982864,259.5964479950006,261.2254638671875,6662900
2020-04-13,260.06186507203546,260.5466932846294,247.98963074181916,255.3493194580078,7114400
2020-04-14,261.6908633019316,267.2760934076168,261.031504078778,262.50537109375,6354400
2020-04-15,252.60520074474425,254.97116475159223,247.86356669765092,249.33746337890625,10240700
2020-04-16,250.5495549419706,250.5495549419706,237.28464644977265,239.27243041992188,11455400
2020-04-17,250.413732992264,252.78940270238715,243.87824437297425,252.08154296875,10412100
2020-04-20,246.78721123224835,248.8428925797902,242.09407845010827,244.0915679931641,6042700
2020-04-21,239.16575393204803,241.8226178921808,236.69314185779496,237.90521240234372,5964600
2020-04-22,243.82980131504064,250.75314731871944,243.38375286737065,249.1144256591797,5083200
2020-04-23,251.51919907533895,254.45725691538695,247.52420446711477,248.09629821777344,4270600
2020-04-24,250.58832197930727,251.94583515983595,245.1582544614088,250.9083251953125,3824200
2020-04-27,252.32403657401665,257.65714776703385,251.63558868746685,257.0753479003906,4099900
2020-04-28,262.1951016042464,264.376828645392,254.98085515419973,256.57110595703125,4344000
2020-04-29,270.0007678160523,276.352003785733,267.8772184722689,275.0817565917969,8505000
2020-04-30,269.98143734603235,273.08434981202225,265.1137726366826,266.6264343261719,5898900
2020-05-01,260.5466537559729,265.6761141610773,259.10184577937616,260.5854187011719,5067800
2020-05-04,257.44368336251426,261.8750186489193,255.02924924773387,261.089599609375,3747100
2020-05-05,268.4396456762099,269.4190080053546,265.007054099631,265.6664428710937,3926200
2020-05-06,268.5560234524637,268.5560234524637,263.31017887135204,264.1731872558594,3261900
2020-05-07,269.3801954550087,273.8794145756113,268.827484300773,270.0201721191406,4371400
2020-05-08,274.80064343921174,274.8200555076215,271.01898904526576,273.8697814941406,3215400
2020-05-11,271.0189559913384,274.22851621553855,269.2057033102326,272.69647216796875,4056900
2020-05-12,271.9401715293315,273.7631008539884,263.85321044921875,263.85321044921875,4031400
2020-05-13,264.037442718929,267.69306651862047,256.17354301746224,260.99273681640625,4802100
2020-05-14,262.001173399642,269.13783036187795,255.95049728865368,268.8954162597656,6294200
2020-05-15,267.6639847739534,270.66992579990995,264.9974294365282,270.4759826660156,3813300
2020-05-18,276.79808658160886,283.2269127587372,276.3520529572102,281.1033630371094,6037800
2020-05-19,280.3956022841247,288.7831256639128,278.76655676322383,281.90826416015625,5211800
2020-05-20,286.7759574584126,292.01209750890763,286.426895264447,289.7333984375,4592200
2020-05-21,290.28601491810537,290.82902010332583,283.8668946565928,285.3310852050781,3944100
2020-05-22,286.1067767507501,287.7939691917924,284.1189932332362,285.9613342285156,2897000
2020-05-26,295.3766888511653,295.74516296918654,292.77801714409924,294.1258239746094,5246900
2020-05-27,294.7755773444056,295.48343724559845,283.2560533372167,290.6739196777344,5147900
2020-05-28,291.8472121919465,300.5935028144214,289.77213316211424,293.12713623046875,4520800
2020-05-29,292.8361919452016,295.1924495664947,289.8011631019808,291.7598876953125,4930100
2020-06-01,291.67256439277503,293.863996808478,288.860567415258,292.2543640136719,2841800
2020-06-02,295.7355038003018,296.82151426241825,292.53564943216827,294.37799072265625,4131300
2020-06-03,296.2106606961458,298.7608322829043,293.0398651906939,297.7524108886719,3429700
2020-06-04,296.17185040989443,297.3160378492044,290.25694050697024,292.225341796875,4147700
2020-06-05,297.50033786237225,302.70738904843233,296.37553265998235,302.41650390625,5058200
2020-06-08,301.62129853426137,304.064821856326,297.73296714438203,300.99102783203125,3724300
2020-06-09,300.3801951990994,303.9582301206646,298.8481509197422,302.0382995605469,3314800
2020-06-10,302.910999903716,306.46962258951487,300.8747153914351,303.6479187011719,4089000
2020-06-11,295.75486356017416,297.1899358777785,282.228146977582,282.4123840332031,6505300
2020-06-12,289.723654236856,290.88722420286246,282.0633743256079,288.7539978027344,4512200
2020-06-15,281.20035219935124,289.84970019073694,279.98828171573336,288.1528015136719,5932900
2020-06-16,296.6275375707989,299.7110372459257,291.00351374442096,295.2409362792969,4013100
2020-06-17,295.7452418258786,298.15000067467355,293.8834882668812,294.5428771972656,2566400
2020-06-18,292.6713504562238,295.8421455223397,291.3817205867263,295.5997314453125,2776600
2020-06-19,300.1087411298318,300.1087411298318,287.5032043457031,287.5032043457031,4533500
2020-06-22,290.5091659431349,295.6968354333218,288.69591256948786,295.2023010253906,3489200
2020-06-23,297.71367988378404,301.0105065734535,295.18289023278646,297.5682373046875,3801500
2020-06-24,295.74516665767084,296.249377272453,284.16746825791125,285.0886535644531,5086000
2020-06-25,285.23410246066584,289.3357592870982,281.8500114227765,288.96728515625,3294800
2020-06-26,287.87164353410185,289.06430216125887,280.39559976118653,280.5604248046875,4922500
2020-06-29,282.49966239023604,284.2547379228,276.4974875365509,284.0414123535156,3642200
2020-06-30,284.1965680846122,287.60007124677435,282.179695953574,286.7273864746094,4283500
2020-07-01,286.97953190890854,294.06771861720864,286.1650239929302,292.0314636230469,3801300
2020-07-02,295.0954252972669,297.57777211566525,292.1670745539827,293.243408203125,3290100
2020-07-06,297.3451591124996,297.9948419862728,293.970773438981,296.2979431152344,3013300
2020-07-07,293.990164605733,298.4505905454745,290.31515808504787,290.8096923828125,3633100
2020-07-08,292.16893215740623,292.78063616068016,288.7608839283541,291.4309997558594,4115000
2020-07-09,290.9164154524877,291.98446777818594,282.1195992963312,286.03253173828125,5042800
2020-07-10,285.4596902292348,288.3336978613701,283.03231191095904,287.09088134765625,3030900
2020-07-13,289.20763371077146,289.9455664198396,281.5953766078032,281.750732421875,4853700
2020-07-14,283.5178359643748,290.4115974910961,280.2651425365111,290.2659606933594,4795900
2020-07-15,294.1983354084661,297.8588122808439,292.6351175521568,296.8393249511719,5257300
2020-07-16,294.16907430009843,294.71280457952577,290.22701495871115,290.6542358398437,3312100
2020-07-17,292.9651440368155,296.37316292300073,290.71252992765085,295.2274475097656,3169800
2020-07-20,293.14970843025503,305.84002281702874,293.14970843025503,302.8980407714844,5279400
2020-07-21,303.907773717917,304.9272607869014,297.4023877954833,298.6646423339844,3562100
2020-07-22,299.1791930514847,304.4611698626589,299.1791930514847,304.2669677734375,3303100
2020-07-23,304.44176288706745,308.02457549129264,299.7520812285489,300.8977966308594,3118500
2020-07-24,297.5772040504092,301.703747615662,295.6935559113128,298.0044250488281,2500300
2020-07-27,298.14036070235244,300.9949604395891,297.1305628609473,299.8880615234375,2311600
2020-07-28,299.5385575215976,301.1891870329857,297.140305973053,297.4315795898437,2116300
2020-07-29,295.6546317752628,302.60664572019044,295.28566558905345,300.315185546875,3542400
2020-07-30,295.1692297481796,303.733028327992,294.23712468778405,300.02398681640625,3941600
2020-07-31,300.9949573245501,301.0823394015913,296.7324661253224,299.5676574707031,4684400
2020-08-03,301.96586500625943,304.3932433423226,300.3152358853032,303.5096740722656,3907800
2020-08-04,303.42239445960234,306.5197326327334,302.063068058642,305.25750732421875,3409200
2020-08-05,307.179906282608,320.1032677447344,306.69443055636407,318.4720764160156,5677200
2020-08-06,317.8894996287692,321.5985412888557,316.4330724499895,320.5499267578125,4839800
2020-08-07,318.4720162023579,318.7924170834224,314.52023742643627,318.4914245605469,3662500
2020-08-10,317.6855297797852,320.1614435207203,312.51034322063737,313.500732421875,3752100
2020-08-11,315.5592224826505,324.83179701393675,314.1804583805866,318.99639892578125,5273300
2020-08-12,319.11290227943744,321.7732997301952,316.7243700453185,318.1128234863281,3125900
2020-08-13,316.46226476826297,320.2489702841667,316.16127212668425,316.7147216796875,2526700
2020-08-14,316.20976505806675,318.12254055927474,315.3747314205977,317.3069152832031,1444900
2020-08-17,317.50099394906766,321.6081275655039,317.1902825010235,320.6371765136719,2904100
2020-08-18,320.6081689336925,321.7732928524897,316.87000006149464,321.3849182128906,3021700
2020-08-19,320.45283144908035,324.7444203529854,320.4139850935767,322.7442626953125,3421000
2020-08-20,320.59847346989244,328.1816022035768,320.59847346989244,327.5213623046875,2966000
2020-08-21,328.18162023441226,328.95836961330053,326.2105897951711,327.3077697753906,2680900
2020-08-24,329.5021052975626,333.84225993122845,328.90983907226706,333.6578063964844,2753900
2020-08-25,334.6966253219822,338.3376928166011,333.3567077429892,337.5609436035156,2862700
2020-08-26,337.89113182729983,342.05652218015166,335.4637530067014,340.8233947753906,3512000
2020-08-27,341.5127698308657,347.60062485598445,340.39615194000606,345.6587219238281,3811700
2020-08-28,347.0957956604664,356.58198231727545,345.81413241106344,355.4848022460937,3544700
2020-08-31,355.97989642099503,355.97989642099503,347.29958902468013,347.7850646972656,3948200
2020-09-01,347.3189999632225,348.9987564700304,343.28955777706136,346.53253173828125,4409600
2020-09-02,347.0082910949276,351.0959876742178,345.9305197693418,350.2221374511719,4127200
2020-09-03,348.0569843729725,348.5133327618823,331.346917403516,333.8519592285156,6297400
2020-09-04,333.036334691492,336.9104213477926,317.06417209364946,325.2784423828125,6571200
2020-09-08,319.2100244132476,325.95811955518275,317.4040392162625,320.2974853515625,4425700
2020-09-09,327.5894368536272,332.8034431963437,322.71523993066853,329.7740783691406,3344900
2020-09-10,332.55084406478585,335.1044509076291,321.52085072982027,323.2102966308594,2845900
2020-09-11,324.9871678109383,324.9871678109383,317.8021326472675,320.55963134765625,2920400
2020-09-14,325.2396319144433,330.123516875923,324.3172161177956,328.7641906738281,3416100
2020-09-15,332.7838841141665,333.9393186880127,328.69618688470024,329.2884826660156,2396400
2020-09-16,331.3663198321769,335.9880583578513,329.91961160926104,331.9197692871094,3049000
2020-09-17,327.3465500825811,333.7353968834183,326.2396513283683,329.57000732421875,3713000
2020-09-18,328.38549886617824,331.23040928381914,323.68609715693043,325.5212097167969,4006000
2020-09-21,319.89932184265064,322.0354265273482,311.4908801380965,318.3263854980469,4466000
2020-09-22,319.9382560231352,326.2688494876794,315.666045480895,325.5697631835937,3375300
2020-09-23,325.1133504072717,325.433780950051,314.07363816532995,315.10284423828125,2893900
2020-09-24,313.81154783386165,321.17134742842,311.8502067700806,318.6759948730469,3706300
2020-09-25,316.1903058280729,323.79287160322764,312.7434403375687,322.1422424316406,3077500
2020-09-28,326.8318591354968,330.6768471033638,326.0551100518693,328.5601806640625,3122500
2020-09-29,328.56020993005427,330.8225133201621,326.0648580892372,326.46295166015625,2679500
2020-09-30,326.9193798064075,333.6674749094895,326.6475145733941,328.3466796875,3285200
2020-10-01,332.2984194702283,336.6288843329149,330.395362897992,333.3955993652344,2503600
2020-10-02,328.4437268495628,332.6576524652716,326.2493967850025,328.9874572753906,2184600
2020-10-05,331.75468237295973,333.2790832519531,329.12341225564273,333.2790832519531,2081600
2020-10-06,332.1235914287192,336.2986700672431,326.4532395269638,327.6280822753906,2553400
2020-10-07,331.8517441726727,334.6383697470403,330.45357188786863,333.91015625,3068200
2020-10-08,335.3780230660827,337.98319572772715,334.62950093396154,335.5140991210937,1991800
2020-10-09,338.2748172741453,343.4948930464576,337.31246555416953,342.552001953125,3116500
2020-10-12,345.08911593775366,345.08911593775366,341.02582022758,342.2117614746094,2942900
2020-10-13,341.6187799468199,341.6868328085147,335.3877305880798,336.1848449707031,2523800
2020-10-14,336.1070450278428,337.4971150159657,331.6646236543012,333.1324768066406,2234300
2020-10-15,328.85531673516283,330.1287417354536,323.52832655549975,329.1177978515625,3727300
2020-10-16,330.5078767093418,335.34885570075505,329.7593842564059,329.92462158203125,3324600
2020-10-19,330.6244742275522,331.77152369133955,321.2049987234737,322.410400390625,2937600
2020-10-20,323.74220078256565,327.39720896605024,322.4201538234076,322.45904541015625,2677800
2020-10-21,323.207543951442,326.9306347308903,322.05076396503694,324.1116027832031,2725300
2020-10-22,324.06290952664915,326.01680346541366,320.0579372002044,324.2864990234375,2256000
2020-10-23,326.31823462201726,326.31823462201726,319.14426415120585,320.407958984375,2945400
2020-10-26,317.29727979739835,318.1040947806819,305.4573285072466,309.1803894042969,5173300
2020-10-27,309.9969319923685,310.63850964766334,303.6395076495266,308.25689697265625,4314900
2020-10-28,293.26743324210474,293.56877630148495,280.5428828887753,283.2452697753906,11518200
2020-10-29,285.01448626292694,287.0558349596249,279.5221986138734,284.9950256347656,9582300
2020-10-30,281.7579674797446,283.7021314372856,273.3494642964974,280.5817565917969,6892800
2020-11-02,286.025382504286,286.6086376054239,280.07624573697035,281.8746032714844,5094900
2020-11-03,286.2296119526072,291.95516061041303,283.6341394593294,287.14337158203125,4097700
2020-11-04,296.5725180949924,303.9895091085773,293.80207823511046,298.6236267089844,4790100
2020-11-05,306.3419670598266,310.43442439214107,304.8254916923421,307.6931457519531,3794400
2020-11-06,307.1585186966556,307.6542604048325,301.4329407752284,304.88385009765625,2978500
2020-11-09,337.23468056837686,347.0332534965992,331.382728288145,334.9405517578125,10933700
2020-11-10,330.4982563687337,336.2043748041208,324.1311290797204,325.4337158203125,5330400
2020-11-11,327.9902235216476,328.2721356358105,321.8272265938102,323.1103820800781,2969900
2020-11-12,319.87333996473427,323.79082972086286,317.1903838211254,319.1248474121094,3207700
2020-11-13,321.07870722621,326.7265018796872,318.2013525034698,325.6766662597656,2393700
2020-11-16,332.25765870331963,333.08393444329624,323.86861487749235,326.0849609375,3312800
2020-11-17,323.8685406191637,328.3400936397194,321.4869280909928,327.1055603027344,3412700
2020-11-18,327.13477363336773,331.4313893805024,325.51138354443583,326.5612487792969,3203400
2020-11-19,326.1237841349545,329.69133816553136,322.1674328989732,324.5587463378906,2718700
2020-11-20,325.4336708319884,325.8030668066544,313.9825439453125,313.9825439453125,4142400
2020-11-23,317.10285649030845,323.8977297481256,315.314229195129,322.7701110839844,3219000
2020-11-24,327.50421667183167,334.5031906934543,324.7920990348358,332.83123779296875,3529700
2020-11-25,334.11427604070786,334.11427604070786,329.8662826998702,331.791015625,2535200
2020-11-27,333.2587977588641,333.3074196492811,328.18452946481966,329.6037902832031,1402300
2020-11-30,328.2332449254217,328.61234151771305,320.962060149338,327.1153564453125,4276200
2020-12-01,330.1870202698015,333.0643739364191,328.19423488781484,329.4190673828125,4210400
2020-12-02,327.3777762542826,330.74117168313234,324.67538946868183,330.72174072265625,2972100
2020-12-03,329.10807309806626,332.76311083943614,324.79202672938965,325.7835693359375,3080300
2020-12-04,327.5138878918853,334.7364501953125,326.4251311081944,334.7364501953125,4323600
2020-12-07,333.7740921569188,338.2748369797628,330.5565028125167,331.44110107421875,2389800
2020-12-08,328.835912962978,333.2588744010483,327.30003638489165,331.2758483886719,2224600
2020-12-09,330.9064717244251,332.17016659011153,325.34616091734006,327.44586181640625,2962600
2020-12-10,325.3072701695056,326.17243748154687,321.9438743960413,322.2646484375,3506800
2020-12-11,317.95827959760925,322.313217387635,316.44183413776534,318.2790832519531,4179400
2020-12-14,319.81499776566903,329.2927978514298,318.44435850108823,321.90496826171875,3552400
2020-12-15,323.85886384241064,325.86135052001595,318.47352090414097,324.3351745605469,3104600
2020-12-16,324.63651910022963,324.67541068931223,320.0580208666349,322.8284606933594,3393300
2020-12-17,325.20031603479424,328.8844854040062,324.0921283308222,327.4944152832031,2725500
2020-12-18,327.11528304421813,332.0631762552485,325.0155826228263,330.82861328125,8443700
2020-12-21,323.90741556716773,326.76533884971565,318.1040851871677,325.0350341796875,3642500
2020-12-22,324.8309492080112,325.8613538325705,322.34242147334834,322.96453857421875,2403100
2020-12-23,324.80173921326207,325.851574642205,319.8441154494187,320.0385437011719,2760600
2020-12-24,321.418832890293,326.97914182852645,321.1272202240985,326.6194763183594,1308900
2020-12-28,328.4276408522617,335.9418460913346,327.46528907566926,334.8531188964844,3449100
2020-12-29,338.0707524838091,339.0136734215984,335.1350748659804,336.9820251464844,2822700
2020-12-30,338.9455500786393,347.8303939406791,337.5165883290881,345.6237487792969,4200600
2020-12-31,345.1182952769317,349.37601947955767,343.3879903832096,346.9749755859375,2881700
2021-01-04,348.0053568340137,348.13173224081066,337.6623900897438,341.6770935058594,4638400
2021-01-05,339.06218185230205,343.1449380236342,335.7960006477065,337.7207336425781,2990700
2021-01-06,340.6370073553668,344.14620934050555,334.9405910771034,337.8471069335937,3966800
2021-01-07,339.63805276014585,342.96677118812886,339.08325645441647,340.52374267578125,3100200
2021-01-08,341.98368437282835,345.5071069471506,340.1635914578793,344.4072570800781,3371500
2021-01-11,342.7136833045133,343.98875236217987,338.5089881104373,338.9080505371094,2403000
2021-01-12,337.8179436358943,338.713405939394,327.0628315642128,333.7689819335937,4858100
2021-01-13,340.2803599826456,340.42638087381675,335.043954586906,337.087890625,4125700
2021-01-14,339.3849880289892,340.25122236746427,317.97207201659955,318.2056579589844,8712200
2021-01-15,318.7992664960104,320.8918855937965,313.2903058537329,314.63348388671875,7911500
2021-01-19,318.2640335637684,320.3469404240337,315.9962243133777,317.2420654296875,4625200
2021-01-20,321.1839374052733,328.91205438641884,320.3469014663058,325.97265625,5081000
2021-01-21,325.48599951654256,327.87060144308845,322.8969802252592,325.51519775390625,3484900
2021-01-22,321.5733266277141,326.20628250896885,320.1328107670107,320.2106628417969,3846600
2021-01-25,318.77011286559747,321.14500166425137,308.7644450282091,320.4052734375,6257700
2021-01-26,321.19371965587123,321.71931769583915,317.1252730023304,318.9551086425781,3503100
2021-01-27,311.8109587994746,314.38052284122153,304.7641726841552,307.0709228515625,7449400
2021-01-28,318.36135343077024,320.22038720659606,313.38773188700924,315.6263427734375,6906400
2021-01-29,315.1591175867157,316.9889529859213,304.0438863560048,307.8495483398437,7627200
2021-02-01,312.34629451887673,314.88663057573416,309.10514127707137,312.9789428710937,4930700
2021-02-02,314.8185074943471,327.1893233519531,314.8185074943471,325.44708251953125,5686000
2021-02-03,324.9312158568337,327.0335781378171,322.2351461587874,323.9384460449219,4036800
2021-02-04,326.4203627003474,334.0900829775874,326.11863768920847,331.7346496582031,4537500
2021-02-05,333.37958913964536,335.14128557133495,328.3865119440529,329.710205078125,2964800
2021-02-08,330.92684682146063,332.3770755569209,326.576130911886,328.0361022949219,2652800
2021-02-09,326.98499036228685,327.2477745617975,321.19375769826587,324.5419616699219,2993300
2021-02-10,326.060339081978,326.5177980592657,323.3837243581707,325.2914123535156,4246300
2021-02-11,336.2801280426347,340.26098040790174,331.17022739943985,333.7203063964844,5110800
2021-02-12,332.22129655800643,333.96353715519444,327.7148771188727,331.9001159667969,3025100
2021-02-16,334.0414381194897,334.8200775814258,329.0483316286282,332.1045227050781,2916900
2021-02-17,329.9924832950216,331.2967208717151,326.8778657037095,328.3280944824219,2267000
2021-02-18,325.56385889880704,330.8781758439709,323.9578964013268,329.42791748046875,2393700
2021-02-19,329.4085000480733,329.9535536897122,322.167039148362,324.2791442871094,4095800
2021-02-22,321.1936515268151,334.93684180327034,319.996464496158,331.5691833496094,4940300
2021-02-23,331.55948755397577,344.8257653032035,329.37927317692527,341.0687866210937,6326600
2021-02-24,343.45341849518303,358.9485955006089,341.2148074460062,357.517822265625,7467400
2021-02-25,354.8314632162666,357.5178202224834,342.81102552209546,345.1080627441406,5207500
2021-02-26,347.5510431320105,349.7994264011056,337.8568414125933,344.4072570800781,4868500
2021-03-01,351.0549699771631,356.67101210437767,349.59499862954505,353.2157287597656,4382900
2021-03-02,352.3397536152672,356.82671798802835,349.7507341817774,353.13787841796875,3559200
2021-03-03,350.39314603573905,355.6782355263447,345.9645778768432,350.636474609375,3692300
2021-03-04,350.49044567841946,351.9796152006467,335.4819278026929,340.1733093261719,4572000
2021-03-05,345.4487194786044,352.13538387134065,337.17554804707567,351.2496643066406,4643200
2021-03-08,352.7290274600566,372.2537061268973,352.1353201105941,361.4207153320313,7213300
2021-03-09,364.9928629942096,376.9841023152129,362.7737075753326,366.4722900390625,5832800
2021-03-10,366.5500996680565,373.7526181394816,363.04616293236097,371.5140075683594,4509500
2021-03-11,375.2126046535852,379.1058612518066,372.3899995605129,374.12249755859375,3729700
2021-03-12,370.9689895882191,373.6845148282853,369.11966883996894,372.4970703125,2467500
2021-03-15,373.08116582518943,377.5097347670461,368.5358038998499,371.5725402832031,4216200
2021-03-16,372.4873710054409,374.9985086717044,368.5843714035079,372.1759033203125,3445100
2021-03-17,371.6600038001846,374.8232746998665,365.8395746516216,368.5745849609375,3240900
2021-03-18,365.0220415762293,365.460044869511,355.29864173475653,357.2063293457031,7205200
2021-03-19,355.0651243782338,356.50564055840425,340.7963596794295,346.9963684082031,12224300
2021-03-22,346.44144042348444,351.9990558950096,344.5532085989749,348.8357849121094,4140400
2021-03-23,349.71179233239405,349.71179233239405,344.07632430484074,345.7893371582031,3756300
2021-03-24,347.55106529615495,355.24998515344646,346.49989889699725,350.052490234375,3550000
2021-03-25,348.4562387803017,349.8772692465196,344.69923038750966,348.796875,2961800
2021-03-26,350.32505034319604,356.8267835081319,347.72631748833635,356.3693542480469,2741200
2021-03-29,354.51995869837174,355.6003529182076,349.0401949381048,353.2254638671875,4054900
2021-03-30,351.15234273559423,354.84121236262524,347.5705531305088,348.6412048339844,2885800
2021-03-31,349.99406367251635,351.8530974335749,346.28573879781214,346.54852294921875,4372600
2021-04-01,347.51214472383737,353.7024093917691,345.76016116829805,353.6050720214844,3701800
2021-04-05,357.01163229132595,360.6323622589576,354.61728770564434,358.4910888671875,2180300
2021-04-06,355.1623729390868,360.8562673873892,352.82642462017145,359.707763671875,2661900
2021-04-07,359.2891965734215,363.9805481626274,359.1529183360337,361.1773986816406,2958300
2021-04-08,363.4772444728394,369.6261466852469,363.2336270167584,368.0962219238281,3528400
2021-04-09,366.4785252894029,370.6395296412491,364.8804105605303,370.37640380859375,2429300
2021-04-12,368.42750188644055,371.2145007740996,366.5760153498809,370.142578125,2896600
2021-04-13,369.3824764766077,370.3959332759385,367.1801654718469,368.4762268066406,2652800
2021-04-14,367.3751002477254,371.22426770273296,366.0108485287144,368.6614074707031,2317400
2021-04-15,371.4386161877338,377.48031028221527,371.24371035888265,376.6227722167969,2942200
2021-04-16,379.068679523873,379.1661324328807,373.8747695705858,376.3109436035156,2725500
2021-04-19,375.0733576034962,377.8408478059532,371.58476938544544,372.4033203125,3360900
2021-04-20,370.4836361059142,371.5750374072949,364.0228972632012,367.0145263671875,3135900
2021-04-21,368.92446821640726,374.2938056059672,367.05350310648447,373.3193359375,2466300
2021-04-22,373.2998425424747,379.55595115085725,372.2376741296917,373.57269287109375,3713700
2021-04-23,374.53747882318936,379.9262957031229,373.6701864145828,377.1782836914063,2294800
2021-04-26,377.9285230448236,382.9080780483666,377.2171792860685,377.5777282714844,2255000
2021-04-27,378.3085967315104,380.4621662630399,376.2817130086214,379.1369018554688,2270000
2021-04-28,380.7253126456753,391.2495732051263,380.7253126456753,385.5489196777344,4065300
2021-04-29,381.5048440523953,382.3721362609687,374.0111705347165,379.01995849609375,4637100
2021-04-30,373.0854109403828,375.1707901261904,366.0205064509935,372.3058471679688,4043200
2021-05-03,375.62884449528536,376.9930961568194,367.2289202594944,369.71380615234375,3344100
2021-05-04,367.4432238893168,368.5541036625401,362.09336607741614,366.3128356933594,3321200
2021-05-05,368.2813265273436,369.947691125776,358.6340824465128,359.7157592773437,2993900
2021-05-06,361.6646653245575,366.1374772657777,356.363548267159,365.8938598632813,3787300
2021-05-07,367.6283857299245,368.9731584443263,364.02283656054135,365.81585693359375,2935900
2021-05-10,366.1960259643861,366.4006563020416,356.0810243647029,356.9872741699219,3193700
2021-05-11,351.7932862754925,359.5110689957513,350.09768891819334,358.2247619628906,3073100
2021-05-12,355.4377930926659,356.0517137100325,346.56038914896226,347.5153503417969,3293200
2021-05-13,350.1561658093628,353.57656379286783,348.78218977442936,350.8285522460937,2626000
2021-05-14,353.76178551145284,355.3988877085962,352.261093628175,354.61932373046875,2959700
2021-05-17,353.0502802770506,354.7653560760576,348.9185392032048,354.0247497558594,2511600
2021-05-18,357.6303789888576,360.3978693611922,353.61556859323906,353.8007202148437,3421200
2021-05-19,348.2072305534403,351.9297117921959,346.2972783464398,351.7640686035156,3577900
2021-05-20,353.6739848556625,359.97880410499977,353.2354616578232,358.3124694824219,4087500
2021-05-21,359.7157796401136,363.0192166456115,358.0786478504638,358.215087890625,2708700
2021-05-24,360.6317789569382,364.1983420771994,360.2030395942646,362.8730773925781,2351500
2021-05-25,363.60393847495806,364.2081050214555,357.4550361244418,357.8448181152344,3916300
2021-05-26,359.57927573240295,360.466046620574,352.8067002426044,353.3913879394531,3101900
2021-05-27,355.24297339059103,357.0457485682352,351.3353694980908,352.7580871582031,5416300
2021-05-28,354.21967062714737,356.08091097952433,351.21831758955733,351.37420654296875,3624300
2021-06-01,355.1747269417396,356.071222412154,350.36084424493566,350.6044616699219,3119700
2021-06-02,354.2489153245685,361.6938769820958,353.6155160629659,357.4841613769531,3531000
2021-06-03,354.0832422653318,357.3282425281704,352.4948818753093,352.58258056640625,2605900
2021-06-04,355.00911043166127,357.2698876320821,354.4146980946797,356.6754455566406,2295200
2021-06-07,358.40994055040403,361.8693257974534,354.0053482517482,354.784912109375,2133400
2021-06-08,355.68135132560883,358.29292232962143,353.9565510948848,355.9347229003906,3224200
2021-06-09,357.57195919065026,359.891202127284,354.0541076660156,354.0541076660156,2520900
2021-06-10,355.37941665182103,356.3051749168865,352.7191032204699,354.9993591308594,2460200
2021-06-11,356.20765776855035,357.4842106796439,354.5120602907554,356.1686706542969,2708300
2021-06-14,356.6558841550968,357.2698047794179,352.855458550315,357.16259765625,2515300
2021-06-15,357.96171653780374,359.3357224621382,353.4791497132965,358.7218017578125,3562500
2021-06-16,359.94960405033135,359.94960405033135,352.07587262534025,354.53155517578125,3081000
2021-06-17,354.2197155897053,359.72546313054784,352.0076802036954,357.9129638671875,3824900
2021-06-18,352.8749655610906,360.9240948576817,352.7580339543967,358.0396728515625,5009400
2021-06-21,359.20902997138944,366.8391446715104,356.8508298595691,363.5649108886719,3094600
2021-06-22,364.44186912296544,369.0901080574684,362.522162858641,368.3884887695313,3582700
2021-06-23,368.3495299769259,369.0511493188011,364.7342558798454,365.56256103515625,2241800
2021-06-24,369.3239910591436,370.3569264914729,363.3797203477042,365.1824951171875,2788200
2021-06-25,365.864628570596,369.95738310743104,363.79872800805737,369.91839599609375,3983900
2021-06-28,371.1949346205109,371.1949346205109,355.79829869421565,358.2929382324219,4800300
2021-06-29,359.58905173455486,361.9082942382412,358.5171291817855,358.6048278808594,3394300
2021-06-30,358.5561332907965,360.7194571858594,354.97006224077313,355.7691345214844,2884900
2021-07-01,356.7046038441683,361.7328708118158,356.2661103443015,361.2456359863281,3108500
2021-07-02,363.1751276909107,365.9036310518354,362.6489057075694,365.4553833007813,2786500
2021-07-06,367.0339848107051,368.583387973289,362.0154721007408,366.51751708984375,2740500
2021-07-07,367.1704415038265,368.4957060030108,362.94124663302273,364.3737182617188,3176600
2021-07-08,358.5395565730555,361.55421212897295,356.7346576124788,361.1639709472656,2809000
2021-07-09,362.7835343714627,364.37379636614673,360.8713315591998,363.8469543457031,2404800
2021-07-12,365.8566410836682,366.9005591785311,363.0078242714279,366.4029846191406,2648300
2021-07-13,366.39323415060215,377.2128612001768,366.39323415060215,374.3542785644531,5161000
2021-07-14,373.6420848846072,382.0811722025011,373.6420848846072,381.2713928222656,4140500
2021-07-15,380.6275910260968,383.7105174641704,378.0031764295848,380.7153930664063,3773000
2021-07-16,383.56412639913776,383.8665655307512,375.93478817119774,377.68115234375,2706500
2021-07-19,368.7834796067095,369.3688561639575,354.5101883174324,356.5394897460937,6814400
2021-07-20,358.0517063400329,367.41764248782175,356.3638769513632,365.2615356445313,3542200
2021-07-21,366.86147525730456,371.6127280801834,365.90535931607695,370.793212890625,2393100
2021-07-22,371.0273767223281,373.52495549978966,367.8566193911341,372.842041015625,4180300
2021-07-23,375.70051806310937,384.8810817870453,375.70051806310937,383.67132568359375,3720300
2021-07-26,382.1202635861094,383.31051857640233,378.8031390150182,383.2226867675781,2285800
2021-07-27,380.4909579151114,385.6422189236378,376.4811828806676,380.7543640136719,2783800
2021-07-28,382.07142758700695,382.17876102427743,373.00793013715975,374.09088134765625,3372600
2021-07-29,378.0518078688431,385.1152695386708,378.0518078688431,379.3298645019531,3774000
2021-07-30,379.5152643241021,379.5152643241021,373.7395947589894,376.5298767089844,2533300
2021-08-02,379.8080042772963,380.4714470207609,364.68592811265785,366.1103515625,3430300
2021-08-03,367.4761479790736,367.4859136830992,350.8028458971826,358.6370544433594,6328500
2021-08-04,358.32489767589385,360.2566316021388,354.568763261608,359.037109375,3203200
2021-08-05,359.2225363335531,362.8908395309073,358.0517828996868,362.871337890625,2562400
2021-08-06,362.3640055309549,366.3445133748768,361.9542329216493,365.3981628417969,2038500
2021-08-09,365.0663954836616,365.3688345937025,359.89563349894104,361.6419677734375,2400800
2021-08-10,363.2126956638915,363.6614714369354,355.23212082583564,358.8711853027344,3225000
2021-08-11,359.56388813816034,360.9395126554018,354.88093513037165,355.3589782714844,3267700
2021-08-12,353.72969408544094,354.3638395953182,349.1247776440509,353.1540832519531,3802900
2021-08-13,353.4273217848915,354.6370783568579,351.8370599710042,353.9053649902344,2304600
2021-08-16,351.7101992221358,354.9394915959439,347.9247975846411,354.6955871582031,2937300
2021-08-17,353.1736062235256,355.57361742095384,351.01749945028496,354.3736267089844,2812800
2021-08-18,352.37363451654033,356.76391467457734,351.7980235797502,352.1492614746094,2774500
2021-08-19,348.1980155571575,351.35903773560364,346.071175723542,348.5980224609375,2727900
2021-08-20,348.6467429827728,349.5833574546735,344.715004662255,346.33453369140625,4135900
2021-08-23,348.7540685962296,353.40775441600914,348.0516226448015,352.207763671875,3537900
2021-08-24,354.1784759255585,357.17362927053904,352.65651476640306,352.9589538574219,3032000
2021-08-25,353.13461298753475,353.56388720437553,349.75898371282574,350.3443603515625,2340400
2021-08-26,349.2710973978328,349.4662328253266,343.2222564273586,344.25640869140625,3946300
2021-08-27,343.86616893131617,347.80767234864555,343.0759210618559,347.05645751953125,3698300
2021-08-30,346.1491032147913,349.310124399325,343.6612903114271,344.4417724609375,4032100
2021-08-31,344.3345026813432,346.5589097770325,336.27589120314525,337.7881164550781,6780400
2021-09-01,338.910056389683,343.4661740394419,338.8319903062876,341.0466613769531,4499600
2021-09-02,341.9637005055589,341.9929678397097,331.05627419412326,332.958740234375,7412000
2021-09-03,331.6417145532183,335.74908646920613,330.6660968622265,331.9344177246094,5171000
2021-09-07,336.48077906511173,339.5149356064124,334.6563490853135,336.3051452636719,4764300
2021-09-08,336.5880659094128,343.4173889858356,336.5880659094128,342.4808044433594,5054500
2021-09-09,342.1588526207329,345.0174349206911,341.3881361255738,342.841796875,3716200
2021-09-10,346.27602833922555,346.3443287327831,338.55888775154347,338.9198913574219,3437700
2021-09-13,341.46616419969314,343.4076337200557,337.9149018007428,339.3393249511719,3234200
2021-09-14,341.1540544970471,341.3491899832254,336.83207441700216,337.36865234375,3281900
2021-09-15,338.53928619229856,339.05636229727247,334.4026773525071,336.3441467285156,3833500
2021-09-16,336.9880999618729,339.20274133456434,336.28565405479856,337.8661499023437,3771100
2021-09-17,335.6125185764098,337.56375414952845,332.46126240736606,334.6759338378906,5527500
2021-09-20,330.0709404432256,332.7928920020017,327.43676111865216,331.40753173828125,3956600
2021-09-21,333.85641549906995,334.81250186635515,329.0563629315764,329.1539306640625,2967300
2021-09-22,331.0270913094389,335.48567158124854,330.28564206397067,335.0368957519531,3238800
2021-09-23,337.3100389341245,346.139396587012,336.78322683667693,345.4369506835937,4783200
2021-09-24,345.397940147248,351.15407873932656,344.1589163615677,349.42724609375,3306200
2021-09-27,348.34427771412305,353.74920795103395,346.5003757971256,348.07110595703125,4158000
2021-09-28,346.83210743355664,347.3199163047712,340.53936108549243,342.617431640625,3266900
2021-09-29,344.20766018801226,348.4711045482315,343.81741908330685,344.5783996582031,2808800
2021-09-30,346.09061745038105,347.3199052943892,338.9295870207818,339.2027587890625,4393300
2021-10-01,341.3003304804243,354.32483286711243,338.69544786718046,351.3979797363281,5227300
2021-10-04,351.1541280552073,351.8565741030488,331.0661599563532,335.80767822265625,7901500
2021-10-05,339.0857405141205,340.0711240787113,334.5686250655632,334.841796875,4724100
2021-10-06,331.7198160701068,340.37354114968423,330.8417362356418,340.18817138671875,3712000
2021-10-07,340.9207332841651,349.61469444581,340.9207332841651,345.7170715332031,3209200
2021-10-08,347.7586999731501,352.02753093057186,346.0101296233668,346.7427673339844,2336700
2021-10-11,345.75618656287975,346.6646502159943,338.8693738430447,339.11358642578125,2769800
2021-10-12,340.5788925205684,341.8976465480469,336.64218652561664,337.34552001953125,3042900
2021-10-13,338.2343925566884,341.409155808123,329.1790016453628,334.4246826171875,3755700
2021-10-14,335.8802590945518,337.8046556960923,332.9399296659714,336.6031188964844,4083800
2021-10-15,340.9207455924388,348.3545618675168,339.6899047077665,347.7586975097656,4053600
2021-10-18,345.7659421242336,351.6075179591212,342.1223093916737,350.1422424316406,3280900
2021-10-19,350.1031709589046,353.90313325435017,349.33145080998725,353.717529296875,2835400
2021-10-20,353.3267897421482,354.0984800682421,347.7587307246422,348.5108947753906,2796200
2021-10-21,346.39112199781613,348.1299143376431,339.2307926117164,347.9638366699219,2516300
2021-10-22,348.4229604586869,353.26815944696864,346.68416810410923,350.3669128417969,2774400
2021-10-25,354.06916155544985,355.86656258171666,350.48413754575057,352.5061950683594,2447900
2021-10-26,354.96786717796664,358.84596406571745,348.5499535451743,349.04815673828125,3320100
2021-10-27,339.9439331769397,342.9917016011626,326.0726458182652,327.9482116699219,9652700
2021-10-28,336.20259210287264,342.37626354874004,321.25676412676006,325.3204650878906,9505100
2021-10-29,323.5718894530076,330.3219287205909,323.4448941420248,327.7528076171875,5843700
2021-11-01,327.48909641746184,333.00829521216383,325.17396574052964,326.3168640136719,5126200
2021-11-02,327.3719041832936,327.9970729849942,319.1370618405832,320.8758544921875,5375300
2021-11-03,320.8953996855141,321.9503851429332,315.85484736426207,321.8038635253906,3952500
2021-11-04,323.40586362933647,330.7908501439208,321.7061236904441,327.6649169921875,4819500
2021-11-05,334.51269153214054,342.0539786731214,333.10602441073706,340.7156982421875,7201500
2021-11-08,339.9538027686819,344.97479958608125,339.6118990804445,341.57537841796875,3862200
2021-11-09,341.8976027873046,342.0929847704823,331.7871962855162,336.67144775390625,4247800
2021-11-10,341.9952757546954,351.29487932839464,341.40915964715765,349.6537780761719,6337100
2021-11-11,350.0835679868702,351.3144087381352,344.4080708955283,346.1370849609375,4472200
2021-11-12,347.8173741981633,355.41726962375,347.6903788679301,355.08514404296875,4724200
2021-11-15,356.68718269245824,362.5385072675303,352.3108820049448,352.9946594238281,4693200
2021-11-16,356.3257302614914,362.4799060236927,353.6198652291684,361.0048522949219,4969000
2021-11-17,351.2558290818266,359.4809219898952,343.08937461986545,350.8553466796875,11727300
2021-11-18,352.37928352638795,354.0887718622352,336.6031244638233,340.15887451171875,6533700
2021-11-19,337.9902717808972,338.6252186413848,331.27931363988097,331.85565185546875,6954800
2021-11-22,331.93373064016254,333.5748618531323,312.3576714655638,313.86199951171875,11378200
2021-11-23,317.4372748649201,322.0577876574578,314.2429850180676,321.3837585449219,7116200
2021-11-24,319.3812640427228,332.4808022405295,317.4959200325915,332.129150390625,6414400
2021-11-26,314.1355197601843,319.30306641477506,311.6152589955399,316.66558837890625,6613900
2021-11-29,322.3703926158801,324.1384893594063,310.88262299336606,315.5324401855469,6362200
2021-11-30,310.6384162335058,313.33453278187926,302.93105254026744,307.6297302246094,10237600
2021-12-01,313.35408999939614,314.56537503268794,298.9162413638731,299.18975830078125,8008800
2021-12-02,302.42313749335904,314.7412375873439,301.83702124126177,312.7875366210937,6717600
2021-12-03,312.82655384996133,315.2198491877953,306.731017063165,314.6532592773437,4732900
2021-12-06,317.2322216766641,328.96420652749606,314.5458826170465,325.61358642578125,6055000
2021-12-07,329.49162137312715,334.4931203619334,329.49162137312715,331.6504821777344,4939500
2021-12-08,331.3769874503338,336.0658576655827,326.3657398937595,334.4149780273437,4226900
2021-12-09,332.1779720764153,338.5079735048579,331.1620691076512,336.54449462890625,3389600
2021-12-10,338.9671026416036,342.141866571244,336.8473240701555,341.81951904296875,3405900
2021-12-13,341.10637676207136,341.43850230438187,332.4514671425323,337.3161926269531,4358300
2021-12-14,337.3259462385123,340.1490280492373,330.03862167719984,332.6663513183594,4518500
2021-12-15,332.1291770686508,338.5666184233244,327.7626540482743,338.3321838378906,4918700
2021-12-16,343.5583935745386,345.5804518109409,337.1306994527966,344.7501525878906,5369900
2021-12-17,341.1064460338238,344.6231139770199,336.1538065892855,341.2236633300781,5898200
2021-12-20,333.3404189869476,335.5774147368409,328.44641878341685,329.2181091308594,5013900
2021-12-21,332.45146764261204,343.8513243832272,331.513699650495,342.6204833984375,3105100
2021-12-22,338.55674570777614,350.3180310363871,338.55674570777614,349.2044372558594,3456400
2021-12-23,349.26303232454177,354.078896703716,346.7818244447858,352.2326354980469,2627000
2021-12-27,351.66614238532594,352.7211276955943,347.3680066072825,351.9689636230469,2677100
2021-12-28,350.4841777496985,355.71033356644216,350.112969812684,352.4281005859375,1920100
2021-12-29,353.40491666079885,354.74319686382,351.85172818940964,352.92626953125,1535200
2021-12-30,353.6198376521272,356.20848519758,350.7967257438599,352.6332092285156,1558000
2021-12-31,349.6636118146439,354.9679023199969,348.5206837323378,351.0018920898437,1984000
2022-01-03,351.4610167640219,363.70095118808695,350.9335091964075,362.3626708984375,4708200
2022-01-04,363.3786353723923,373.5476534219789,363.0465097546668,366.699951171875,6854500
2022-01-05,365.34201472336457,373.64524233071376,363.88651730586537,365.2443237304688,5976600
2022-01-06,360.6276150861352,366.0366857362785,358.48550287195155,361.9089660644531,4781100
2022-01-07,358.37792868669544,363.6598374455894,356.14775825603266,361.5666198730469,4551200
2022-01-10,362.7990438091947,362.7990438091947,341.1431810255853,355.9521179199219,6009300
2022-01-11,355.58043561834245,360.0113737656805,348.3031288816214,358.28009033203125,4131200
2022-01-12,360.8721314134581,363.9825849484353,359.0430287972966,359.2777709960937,5783100
2022-01-13,360.5493491096462,369.4210166366337,359.835331602444,361.439453125,3892900
2022-01-14,356.353135157465,366.58438975178166,356.18683954708393,364.0021362304688,4029900
2022-01-18,362.6816903607239,364.0021749593833,357.2139342879741,358.28985595703125,4933900
2022-01-19,354.4848992425043,361.2242146745565,351.8439303247275,352.8416442871094,4464800
2022-01-20,353.91760088426605,364.9118283558637,353.76112598273903,356.0401611328125,5043200
2022-01-21,354.57290880711656,360.07979765648787,346.36636563792814,347.3151550292969,4867100
2022-01-24,335.078809583662,342.4441450572525,323.3607731698705,341.7790222167969,7472800
2022-01-25,335.81239277448947,339.45104617189725,326.09954607302075,331.35211181640625,6994400
2022-01-26,335.85154831513535,347.0120433048972,333.7877031454108,337.1231384277344,7438600
2022-01-27,341.44641179425,351.7657255190835,327.01896029976973,342.8647155761719,8416100
2022-01-28,351.19838109815777,374.3996798353148,347.608652368107,374.1453857421875,8813400
2022-01-31,370.3991251093223,378.09702138692336,368.06140447919273,377.9307556152344,6345200
2022-02-01,377.3242902577487,386.85128841532304,374.05733226377794,383.4865112304688,5841100
2022-02-02,380.7771162992952,391.1746670113056,374.3801229533416,388.073974609375,6115000
2022-02-03,380.0434979722918,384.347273734636,378.03830902774735,381.5400390625,4209200
2022-02-04,379.09482140447454,379.66212512219,368.17885908744864,373.8422546386719,6045400
2022-02-07,373.8421774589042,374.0377860090069,365.1465669731223,367.9049072265625,4767500
2022-02-08,369.2840418400948,371.46525755786286,362.4371163901445,366.183349609375,5825300
2022-02-09,377.16778340177694,379.955466150039,372.2771223873613,373.0302734375,5492800
2022-02-10,363.5913459921721,371.6902803812061,362.4567089226651,366.2029724121094,3995000
2022-02-11,369.5970464701014,372.57057693907024,359.60056329294895,361.6839599609375,4345600
2022-02-14,360.754743674671,369.039525027687,358.7397936273227,365.97796630859375,3678400
2022-02-15,366.3886822718613,374.6930434958392,365.2344936417474,373.1965026855469,5800400
2022-02-16,371.65115910727815,376.5809545061504,368.5407054003476,374.5562133789063,3424800
2022-02-17,370.3208878651439,372.9520660912441,364.0315044571293,365.5280456542969,3972500
2022-02-18,366.3203580579375,366.61378582453335,360.930839226359,361.8600769042969,4083800
2022-02-22,357.0182949682249,366.134495307907,355.8445242501556,360.2363586425781,3897900
2022-02-23,363.83588110058855,365.3911079109353,352.25479798720005,353.33074951171875,3802500
2022-02-24,338.3750682266063,362.43712721055374,333.84631119632746,361.302490234375,7425000
2022-02-25,359.189696447351,364.4422614210848,353.7904176182497,361.018798828125,3817900
2022-02-28,354.26972391364336,357.3703864466289,347.88252148093073,352.9296875,4952400
2022-03-01,350.0246454054209,353.6730597373343,333.7583006718315,336.947021484375,5894200
2022-03-02,335.46019660788835,340.7030004977958,331.2835830385837,336.56549072265625,4997900
2022-03-03,340.02810691805723,341.8572093853705,333.2496578273458,333.5332946777344,3975900
2022-03-04,329.53275517870554,331.420543292232,316.9148548892709,323.52703857421875,4670900
2022-03-07,322.3728692935489,322.5880596195871,305.2848947516087,306.07720947265625,6874300
2022-03-08,304.580617458314,317.6288981685149,298.9269843636339,307.456298828125,5048200
2022-03-09,316.0834797357148,322.2457317784435,314.0880812775732,320.95458984375,4015900
2022-03-10,314.8999291360521,318.9885151688869,312.7578169152133,317.4919738769531,3771300
2022-03-11,322.8129641375007,323.7324107803187,316.9441710217565,317.68756103515625,2987700
2022-03-14,321.9033369917367,329.5132048811331,320.1035771915705,321.40447998046875,4122700
2022-03-15,325.15077852042697,330.98043914046974,323.9672168498192,327.6743469238281,3738900
2022-03-16,334.51152140368254,343.2658191476129,329.3176402589224,337.1427001953125,4340800
2022-03-17,334.13003946327325,339.294577428644,332.3204885226106,338.8641967773437,3244200
2022-03-18,339.11841282211685,345.0263092455244,335.00045516695275,342.43426513671875,6790800
2022-03-21,338.4533603779001,342.34633805385306,335.0005542195376,338.0229797363281,6053800
2022-03-22,339.1967024587668,346.190342117412,337.95448524003234,341.8865661621094,4669900
2022-03-23,335.8906187172468,339.14781592320776,334.2767064265644,334.6972961425781,2527800
2022-03-24,334.76582504775496,341.80839050236625,333.2497317173616,341.7105712890625,2482700
2022-03-25,342.74734406008724,343.8526383391067,338.0914247432368,341.3877258300781,2173800
2022-03-28,340.8888484343356,342.89400742107324,336.01773953430313,342.8255310058594,3134600
2022-03-29,350.875617197426,362.6523383584593,349.29104765944174,359.51251220703125,5512400
2022-03-30,356.04991663790645,360.226530444053,351.7559018919335,354.318603515625,2614200
2022-03-31,351.7168146500278,356.15754384390056,349.5453596552489,349.56494140625,4095700
2022-04-01,351.36470506316056,359.84512569836306,350.3376780325312,356.0108337402344,3806800
2022-04-04,356.2847303692859,361.6742495008654,355.2087787481586,358.8865661621094,3027200
2022-04-05,355.3652091258745,359.59074741690023,354.01538190650024,355.375,2215900
2022-04-06,348.6748547855887,349.28129209227046,341.9355082801667,345.8186950683594,3864500
2022-04-07,343.9771882399588,345.66191173220216,338.717333294356,342.380615234375,2848500
2022-04-08,340.1767652546155,348.5906081911305,338.56061320703606,345.0448303222656,2235100
2022-04-11,343.44831205098416,344.2906589168399,338.7271641202892,340.245361328125,1809200
2022-04-12,342.8214190338971,347.209543958527,337.4146462718442,338.7075500488281,4038500
2022-04-13,337.3460522723039,349.67782404881984,335.8376297596852,347.8559875488281,3048500
2022-04-14,349.85416076188943,355.5058360574807,349.55052131420484,350.4810485839844,3358900
2022-04-18,346.7295697659214,353.36073455626763,345.9753734134817,349.48193359375,1871400
2022-04-19,349.4917263208388,357.19053110156534,348.7669134898031,356.40692138671875,2999300
2022-04-20,359.1397172268745,364.2624594075413,356.40693244021645,357.7978210449219,3377300
2022-04-21,361.9018770996315,367.5241385984565,356.0053297797376,356.9652404785156,3605300
2022-04-22,353.1059923618284,354.6731816627073,343.41882610133035,343.9771423339844,2968800
2022-04-25,342.1161945171907,347.7776443385318,340.02987647047286,347.3270874023437,3380400
2022-04-26,340.803647334891,342.8801607084613,336.5330567152012,337.0521850585937,3116400
2022-04-27,349.67777820354377,366.0744241203653,348.698288628744,354.154052734375,5702300
2022-04-28,361.5590564643781,374.1357012765701,361.2260335361333,371.0600891113281,6843300
2022-04-29,364.4191616282065,369.3851819995572,354.3304288249599,355.927001953125,4741800
2022-05-02,355.5547657662888,357.44517373810163,343.3992948427624,351.6759948730469,3903800
2022-05-03,354.1737093997022,355.9857714886156,346.1908735935769,350.45166015625,2686900
2022-05-04,351.9992524779921,361.6668122365037,346.4063739651719,360.9615783691406,3346600
2022-05-05,354.67320883779564,360.22689842327907,341.8712719168419,346.12225341796875,3424800
2022-05-06,339.1483673948264,344.0556212075162,333.79055661172407,340.0005187988281,3635200
2022-05-09,334.0060196829499,335.3675248443153,318.22645345296155,321.2628479003906,5777400
2022-05-10,325.49425936569315,326.8361556350792,316.42417407627977,318.65740966796875,5003500
2022-05-11,318.80438532997545,324.2111588494891,312.0164975644985,319.1863708496094,4263900
2022-05-12,315.1703428672961,318.90219567478255,306.3549368858354,314.6512145996094,3891500
2022-05-13,320.94936464459704,328.3543034968381,319.4017543649497,325.97412109375,3536000
2022-05-16,321.8015374952853,326.7087603080604,318.3635192636423,322.9671325683594,2062300
2022-05-17,333.1342437765479,334.182304980692,325.70972464054574,331.9098815917969,2802300
2022-05-18,326.7774148638412,334.5937550079065,326.71864786131624,329.0106506347656,4521400
2022-05-19,323.2316592084371,329.3142829711496,317.7758934229511,325.4061279296875,4380700
2022-05-20,328.81477608132474,332.6445553403441,320.9690523049762,329.284912109375,3428700
2022-05-23,332.0764320532284,344.0947613682249,332.00786059191853,341.2836303710937,3420800
2022-05-24,336.8367719908264,336.94450152413214,329.08900384843247,333.702392578125,2561500
2022-05-25,333.5946138385371,340.6077642023712,332.2527176317796,337.6889038085937,3033400
2022-05-26,340.86246445328976,346.0047861153006,338.91328923625804,342.7137145996094,2817400
2022-05-27,346.14191927931626,350.45166847712966,344.88814362299263,350.4418640136719,2658700
2022-05-31,345.84797866015725,353.566361477055,343.9379918785541,350.5299377441406,3873800
2022-06-01,350.853296660388,356.96530411502124,347.5719994934534,349.7366638183594,2190000
2022-06-02,353.0962731643911,357.5627443208616,350.4222851052484,355.6331481933594,2484200
2022-06-03,352.1070052444296,353.5468564509188,348.4730765522645,350.4810485839844,2076600
2022-06-06,354.5753157256614,360.7558941139668,351.17648484610555,352.75347900390625,2196100
2022-06-07,349.6092246367864,357.00438923967107,349.02152488352414,356.5538024902344,2158800
2022-06-08,357.51384147788195,359.59035544571776,353.57630253274027,354.8985900878906,1709600
2022-06-09,352.38126956180463,354.78100170183626,341.7831824646307,341.8419494628906,2250600
2022-06-10,334.32924615345826,337.2481365697187,327.73729881434474,327.8842163085937,3300500
2022-06-13,315.39575517979927,324.11320951544303,311.39944944662176,313.1820983886719,4825100
2022-06-14,313.53466948922204,317.35467346931813,313.1036916154005,315.5328369140625,2788400
2022-06-15,320.6947450724831,323.84870328712634,312.878406047066,318.7161865234375,2357800
2022-06-16,309.60687469146967,309.95950650321737,298.82268426041963,302.4468078613281,4528500
2022-06-17,300.7033682392844,307.6969397508902,297.42207143488923,304.31768798828125,6235300
2022-06-21,309.5677887816224,313.662079517276,308.4218022718979,310.8901062011719,3193700
2022-06-22,307.04071508113094,312.4964812634623,304.97397574795525,309.6657409667969,2671500
2022-06-23,312.3592453968681,313.4171109649334,307.1091951874103,310.2631530761719,2387600
2022-06-24,312.67270143714745,324.0249834080676,312.67270143714745,323.7213439941406,4318900
2022-06-27,325.1612139740894,325.1612139740894,320.4106827013783,322.0856018066406,2810800
2022-06-28,325.8762297138469,330.23494087118905,311.5952533866049,311.76177978515625,3394200
2022-06-29,312.5649671237796,319.42139553499334,311.8793422176516,315.9736022949219,3779500
2022-06-30,308.83312956323203,311.7618244634393,303.3382059983616,309.00946044921875,3411500
2022-07-01,307.6576970526672,312.39842324854004,304.9249126304821,311.7127685546875,2287700
2022-07-05,306.65864455604105,313.7403663660709,303.1128963653308,312.7119140625,2112100
2022-07-06,312.4571944208032,315.7482652554246,309.24446960486983,313.60321044921875,2219200
2022-07-07,316.22248416507705,318.6847514459571,313.4462626126176,317.9097900390625,2202100
2022-07-08,316.64436050750265,318.80255327359293,313.2795676409199,316.9190368652344,1662100
2022-07-11,313.30893170162483,320.018907005977,313.0832929787732,318.0274963378906,2073800
2022-07-12,314.1231578423753,321.1372383559513,314.1231578423753,316.7227783203125,2761500
2022-07-13,309.9441463844576,318.7534271991456,307.8448110850953,317.2230834960937,2442600
2022-07-14,310.1500864565044,321.3529857666339,309.3947342411872,318.8514709472656,2743900
2022-07-15,327.28804757700254,329.19117260188,323.4916170177016,326.2481994628906,3387400
2022-07-18,329.12253626411234,331.0943380881902,323.5210850875349,324.7178955078125,2468500
2022-07-19,325.473259716583,335.50881048789864,325.473259716583,333.9097900390625,2689800
2022-07-20,333.909739925452,336.7840365301848,329.8974901049865,334.7828063964844,2563600
2022-07-21,335.3713864515518,340.62951374880066,333.5957951467594,340.3254089355469,2230800
2022-07-22,342.24818680212536,344.4161687952543,333.9293713254179,337.3432312011719,2253000
2022-07-25,337.9023588300883,338.97163541779827,333.6448315841105,337.6669006347656,2180100
2022-07-26,336.1365860401103,338.0789591471336,332.8502599496173,334.7926330566406,2254200
2022-07-27,336.48974418275753,342.28740478671824,324.94346055155233,336.7447814941406,4580300
2022-07-28,341.38488305823785,346.5449055258329,334.14516436890403,345.75030517578125,3635500
2022-07-29,347.3984137821189,350.0176434859691,343.3076673605486,347.0648803710937,3176800
2022-08-01,341.1985615977603,348.09492883379994,339.0894364142588,343.8766784667969,2289400
2022-08-02,340.48239674115524,344.4750379250788,337.4413481120972,342.375732421875,2878800
2022-08-03,343.3468785084485,349.703711493752,341.9146399120197,347.3983764648437,2921200
2022-08-04,347.9281017001165,351.7931788149276,343.0035075707027,349.3014831542969,2339500
2022-08-05,343.73927947558457,351.02803624889776,343.73927947558457,350.7141418457031,1848700
2022-08-08,352.175733447468,352.175733447468,343.23892070963456,345.4657592773437,2477600
2022-08-09,343.7392168314187,344.4455315004631,338.7852245962587,339.9526062011719,2467400
2022-08-10,347.60431001503787,347.8103097204222,344.3768415891743,346.6625671386719,2443700
2022-08-11,349.08570554019434,349.08570554019434,343.69025423335205,343.9158630371094,2609400
2022-08-12,347.9967725800387,348.69329781471,343.60195162028003,347.53570556640625,2514200
2022-08-15,345.6325802569112,355.06973976362747,344.15130405696505,353.1077575683594,2526300
2022-08-16,347.5357045927678,353.15679434694675,346.3879617761248,352.4210510253906,2448700
2022-08-17,346.78039130659954,350.17461249672533,345.0636566961708,348.5755920410156,2439900
2022-08-18,347.58479451668,352.6859305791581,346.84905114769504,350.5669860839844,1934900
2022-08-19,349.85083662227225,349.988159799303,346.8391869682636,347.5455017089844,1740700
2022-08-22,343.34690141173496,344.3278925586256,337.73563085402134,338.9422607421875,2312400
2022-08-23,336.1758059931872,338.6478925195805,332.9189087094289,334.4100341796875,2240700
2022-08-24,333.7135694894461,335.78347642851,331.91836881833973,333.25250244140625,2218400
2022-08-25,333.5369231514341,338.56941151721384,330.90787458923273,338.1181640625,2228500
2022-08-26,338.4909812344907,339.0697923526703,325.39477345183224,325.6498107910156,1925000
2022-08-29,323.71723522435326,326.48363724054815,321.5394338405892,323.08941650390625,2308200
2022-08-30,324.7080381668488,326.6405917365189,319.38126394022254,321.57867431640625,2618900
2022-08-31,322.0495692415266,324.88461788825003,318.1157854404362,318.2040710449219,3129000
2022-09-01,317.654722729118,319.4204947176367,313.14215772377065,319.0673522949219,2493200
2022-09-02,323.14835489111243,323.4034222147615,314.4371471639502,316.4285583496094,1936800
2022-09-06,316.3696030294592,320.7742431164526,314.46647806119915,317.9195556640625,2043400
2022-09-07,317.91961312786503,322.9423131909757,315.92820220061174,322.3733215332031,1998300
2022-09-08,318.36098665686234,324.0115040174612,317.3309581510091,323.7956848144531,2114000
2022-09-09,324.25679073850705,330.6135935960332,323.874189858208,329.4658508300781,1815700
2022-09-12,331.6632557049175,333.026847614681,329.5541309654175,331.98699951171875,2097800
2022-09-13,323.72703984558166,326.4738027541318,318.41005529138846,319.25372314453125,2316900
2022-09-14,320.82341847477016,322.2360484093138,317.2035580096871,319.6560363769531,2657900
2022-09-15,317.4389124287989,319.744247544666,309.17898397638123,310.9349365234375,2486800
2022-09-16,306.90311170519533,309.63026612187303,303.2341841545383,309.1397705078125,3650900
2022-09-19,306.0201900824679,309.4536589825357,304.35249321316,308.0606384277344,2369700
2022-09-20,305.2451866770273,308.3941596472198,303.5578808294918,307.3150634765625,2769600
2022-09-21,308.5021255324046,308.9926211358689,298.43714616932465,298.7118225097656,2366300
2022-09-22,297.19125184627376,297.31875553584456,290.95213317404745,292.6884765625,3176500
2022-09-23,287.5579006196231,288.9705300742689,284.7228222202048,287.99932861328125,3245900
2022-09-26,284.5363577931821,289.725807292974,283.6240435719176,284.59521484375,3635600
2022-09-27,289.8534324073033,292.2372335204108,279.38624452669444,281.0343322753906,4073300
2022-09-28,279.69036920625894,287.410794615899,276.3353962766324,284.6640014648437,5611400
2022-09-29,282.86873852624376,286.5180259559053,279.4352702970583,281.3187561035156,3439700
2022-09-30,281.4071150682703,285.2330046140433,278.9350280761719,278.9350280761719,3804200
2022-10-03,282.3782712962644,287.1851213102051,279.5039747906034,284.9582824707031,5285200
2022-10-04,290.5597306794461,298.1918395668692,290.3537309491056,295.54315185546875,3949200
2022-10-05,292.31568522897936,300.7718221725636,291.599551079622,298.4174499511719,2845200
2022-10-06,297.307193009436,299.73415170546906,293.65201695682293,294.0155944824219,2494400
2022-10-07,291.4903249438262,292.01108781880083,287.8842661782605,289.82977294921875,2210800
2022-10-10,291.86372116303835,292.07005325881147,284.4944178848514,286.69537353515625,1783500
2022-10-11,284.77934373082235,285.3296126311844,279.463646000847,281.0652160644531,3554900
2022-10-12,281.5467093142792,282.4801364469597,278.27472171866617,278.4417724609375,2646800
2022-10-13,272.4480488346154,290.2817564414641,272.0451899978853,288.8373718261719,3322800
2022-10-14,290.70427827535826,293.4161916353064,282.8240469719416,283.65924072265625,3106300
2022-10-17,290.27197293958307,293.5242899055534,286.263054936518,289.8985900878906,3417600
2022-10-18,297.8869277719544,298.4076907138516,291.38226368656,295.1455383300781,3096000
2022-10-19,290.31122939428855,294.41841042473715,289.65292177922794,292.5711669921875,1914300
2022-10-20,292.5613586100761,297.4545870905237,290.4586362154755,291.1169738769531,2463800
2022-10-21,289.3777848097666,297.4348710142829,288.38537579505976,297.1007995605469,3599600
2022-10-24,299.21337012830026,301.65016400701387,295.26343415018783,300.2745666503906,3184100
2022-10-25,300.5790910941993,306.6612240268767,300.52994442314485,305.9832458496094,3012400
2022-10-26,306.84792539061186,318.7960242550165,306.84792539061186,313.9421081542969,5278000
2022-10-27,310.67018306408613,317.44993642172506,308.587131364395,313.8045959472656,4725800
2022-10-28,313.7456236987017,326.01796031840183,312.2815983973856,323.72857666015625,3644400
2022-10-31,323.1488732183994,323.6991121425599,318.1377408865774,322.4610595703125,3157900
2022-11-01,326.4305694973834,327.8258370616663,321.3899626426854,327.3836669921875,3660400
2022-11-02,325.6446274033548,327.1970808394233,314.0600737127533,314.24676513671875,3074900
2022-11-03,309.62867573486136,311.2499166369154,303.2223048431688,303.7823791503906,2860900
2022-11-04,308.3709031237613,317.4990205034872,307.78135295112594,312.82196044921875,3414000
2022-11-07,316.8309427367821,320.1225410709646,312.17352240314915,319.4642333984375,2742100
2022-11-08,320.5450715264985,323.6598137772241,316.64425221988995,320.07342529296875,2387500
2022-11-09,316.6638613952864,318.0492939567741,309.6581058829661,310.1395874023437,3001200
2022-11-10,325.4087685976098,331.52037854587786,323.4239804097462,331.39263916015625,3255000
2022-11-11,333.09251712672994,336.659264806961,330.4985079099173,333.3774719238281,3734700
2022-11-14,330.8718203190297,338.5064362861732,330.16436613647136,333.4559936523437,2348900
2022-11-15,340.550301385584,345.0996235671779,333.5740203505292,337.52398681640625,2983600
2022-11-16,337.1800108065521,339.1156822886507,334.1733375379197,336.7869873046875,2579600
2022-11-17,333.0925053665315,335.96163394572903,331.1273578422452,335.32293701171875,2004500
2022-11-18,339.6364466369124,342.55469187911564,335.38188549969385,337.7007751464844,2737700
2022-11-21,337.0227854658918,338.2510026140911,331.7365340623187,332.3555603027344,1965100
2022-11-22,333.90806074769176,339.30241161484054,331.6776288863982,338.9486694335937,2510700
2022-11-23,338.6244141367814,344.6868777022973,338.1527679170048,342.5645446777344,1937300
2022-11-25,342.8789213716835,345.2764036783661,342.01425168917234,345.1683349609375,944400
2022-11-28,340.6387199408021,344.12687535391825,337.2488579027768,338.58514404296875,2226200
2022-11-29,337.66150134332173,338.71286257120204,334.8120431435106,337.15057373046875,1724200
2022-11-30,336.8754373811961,350.1893005371094,335.52931605672023,350.1893005371094,4252300
2022-12-01,351.7516344283246,355.2790712670418,347.88029071419203,354.5126647949219,3374700
2022-12-02,351.22104951484465,355.97670355146386,349.85525741247244,353.7855529785156,2015500
2022-12-05,349.79624603532443,352.6457038401435,348.2732687561642,349.8846740722656,2202500
2022-12-06,347.6542435796535,348.81367338191546,338.34926917761214,341.4738464355469,2353300
2022-12-07,340.8351854730752,341.7882832051833,335.5194579141806,341.36578369140625,2454300
2022-12-08,343.9008210468301,346.03301933106013,341.16926715337473,345.0504455566406,1998600
2022-12-09,342.328721146921,346.6225640461536,341.3068359534593,342.751220703125,2301100
2022-12-12,344.20545107944906,352.1937814653055,343.01654508904045,351.9284973144531,2427100
2022-12-13,362.80558462577056,362.82525529506745,349.5408367057552,350.92626953125,3072200
2022-12-14,350.7788460290871,355.78997839808574,347.6051218653743,351.27996826171875,2587200
2022-12-15,345.29610638671187,347.63460689953087,336.59048671440524,340.2161865234375,2774900
2022-12-16,338.7619932210096,342.17152585860265,337.39623109054514,339.8133544921875,5947100
2022-12-19,339.3416694158979,339.82315096288994,333.6231127524304,335.3131408691406,2457300
2022-12-20,335.421180087805,338.3689011958596,334.68424981079136,336.9736633300781,1895900
2022-12-21,337.6516295303961,341.54261285811333,336.40374178164046,339.6658935546875,2087000
2022-12-22,338.1920580784314,339.57749065057027,330.5672762581279,335.5685729980469,2276100
2022-12-23,333.112191010152,338.5360181001805,331.8053809238488,337.6123962402344,1914500
2022-12-27,338.10364697446107,340.8646769241788,335.85354460042083,340.12774658203125,1637700
2022-12-28,340.5109657569082,343.41940602836763,335.82409914918065,335.9911499023437,1854100
2022-12-29,338.37875400906125,343.62569425416416,337.55339565446013,342.1419982910156,1459800
2022-12-30,339.31217865863897,341.83740038353204,337.63198594827094,341.6703796386719,1617600
2023-01-03,343.8615594894928,348.4796688922554,337.9464753058868,340.7566223144531,2933600
2023-01-04,345.2666932625756,350.7592783403399,343.5963054633806,348.9611511230469,2661000
2023-01-05,349.9141553780549,351.32906396205954,345.14866674343995,345.63995361328125,2608500
2023-01-06,351.65324195507884,362.88260806830135,349.69475626433865,361.8492431640625,4432800
2023-01-09,365.7465396689042,369.0631826649429,363.7093036923284,365.0969848632813,3913500
2023-01-10,362.9711698979681,365.79572859264255,361.3964943439392,365.1363525390625,3485900
2023-01-11,366.720835688651,371.9369463898431,365.38238103998816,371.87786865234375,3370200
2023-01-12,371.8778263183685,375.0960759410917,370.95273573089,373.7969665527344,3291200
2023-01-13,369.1222115829138,371.8877224881622,368.3840852551549,369.5749206542969,4261000
2023-01-17,369.0631713867188,372.3404391334802,368.0593303729445,369.0631713867188,2814500
2023-01-18,368.5808733191654,369.8602800734376,362.666012326646,363.0793762207031,2747100
2023-01-19,358.8278102956048,364.929636450999,357.8436418801119,362.1149291992188,3111200
2023-01-20,364.368729358786,370.6575507111696,363.55185265133935,370.3229370117188,3863400
2023-01-23,370.7756757998882,375.3422326072118,370.4016869192696,372.5767211914063,2743900
2023-01-24,383.8256679479429,383.8256679479429,369.2796605024726,373.9938354492188,2756200
2023-01-25,369.16161528773006,376.5035039861517,369.16161528773006,376.3362121582031,3501900
2023-01-26,377.34003280794445,378.0289327091999,367.0948355364279,371.2677001953125,3718400
2023-01-27,370.2343893305304,374.49582616826734,367.46887795762177,368.1085815429688,3405600
2023-01-30,363.6108751216207,367.8231149788525,363.5518274160775,365.2445983886719,2688600
2023-01-31,364.1325516577912,366.583152036237,361.209569546204,364.73291015625,3137400
2023-02-01,362.73493712380497,370.8149508934144,361.1897856011163,368.1576843261719,2951900
2023-02-02,373.5115981445694,374.4465701828731,366.8979849802102,369.0041198730469,2761600
2023-02-03,364.9296986042364,372.23224270608335,364.6246087462269,367.990478515625,2739600
2023-02-06,364.1423261223415,368.40376229126935,363.20735408203615,367.0653076171875,2068300
2023-02-07,365.6284368556521,371.1004111304566,363.0006938331102,369.1222229003906,2309100
2023-02-08,367.26214808348095,369.8406645775262,364.28011892697583,364.4867858886719,2193600
2023-02-09,367.3900437643025,368.639956827322,363.40417384424006,364.5556640625,2287600
2023-02-10,363.7880938738828,364.3884223003032,357.1744797140769,361.0225524902344,2270700
2023-02-13,362.7251159457554,365.26428732695456,361.258714588848,364.9591674804688,2286400
2023-02-14,363.7289774767214,367.4983596143412,361.9082897969832,364.10296630859375,1841400
2023-02-15,360.4812034321689,363.9454654173859,359.23132036588134,363.78802490234375,2203300
2023-02-16,359.1230691770357,367.17356006415145,359.1230691770357,361.7311096191406,2792700
2023-02-17,358.29635653831303,360.894575612329,354.10378941180414,355.4127502441406,2718900
2023-02-21,351.1119988957471,356.0426631519892,349.5668469874669,350.3246459960937,2730900
2023-02-22,349.7340908446549,352.07641659377595,347.6181346545829,349.35028076171875,2109300
2023-02-23,352.0764015070165,352.0764015070165,346.0926707192681,349.9013977050781,1975500
2023-02-24,345.2659960255155,348.39564460779485,344.0554579733786,347.5295715332031,2016100
2023-02-27,350.0096739216501,352.3618208451253,349.2026486029528,349.8522033691406,2200800
2023-02-28,349.19284096895046,352.1354953236616,347.6476891365378,349.6652526855469,2732900
2023-03-01,348.3956181419621,349.684876360015,343.8586161753434,347.9035339355469,1968100
2023-03-02,348.0315066321705,350.9741607953257,346.12221736590345,349.9407958984375,2526000
2023-03-03,352.4503919010567,355.9638803900164,351.4366996236903,355.7768859863281,2174900
2023-03-06,356.0918545343739,362.6956167718986,355.5407225761136,361.1209411621094,2789400
2023-03-07,361.3571877710537,363.30582232143456,353.85779802400884,354.2416381835937,1660800
2023-03-08,352.9326138420019,355.9737206139548,351.6236830913305,353.3459777832031,1634400
2023-03-09,353.5625531780247,358.25702637024443,348.30709670151555,348.8287048339844,2414700
2023-03-10,346.8308886438288,347.4607409820636,339.7645647190828,341.6147766113281,3176400
2023-03-13,338.1898272969774,344.3211778451015,334.8239578034992,339.2527160644531,3308200
2023-03-14,345.44315056751003,350.47223728887064,343.04177697562454,347.2343444824219,3413300
2023-03-15,340.57144487449045,342.8842464996043,338.199625585675,342.5693054199219,3082600
2023-03-16,341.1325041919133,343.169740335684,334.8928790757079,342.4906616210937,3768100
2023-03-17,344.7049537998993,346.3682006621024,341.36860878128215,344.1242980957031,8426800
2023-03-20,342.4906547126384,348.23819542897047,341.84109986680915,343.7897644042969,3864200
2023-03-21,348.75978880642924,350.5608339924219,345.2758238841405,348.9566345214844,3766800
2023-03-22,348.99599698041857,354.3006799100478,345.4726867675781,345.4726867675781,2596400
2023-03-23,346.8308038903193,354.1628407549669,346.2698206706951,348.759765625,2598100
2023-03-24,344.9018597752991,346.8406729044558,340.82738780495845,346.06317138671875,2971500
2023-03-27,349.9408009467144,352.22407907624194,348.6712151713696,349.0058288574219,2420300
2023-03-28,349.93087472292746,350.26548833733176,347.21456063202686,348.7203369140625,1695900
2023-03-29,351.722147952161,354.3301885045059,350.186847474764,353.8381042480469,2327000
2023-03-30,355.23563487611824,356.84965561087427,352.56851659539467,353.5723876953125,2480500
2023-03-31,355.41280459950167,357.8928986121819,354.6746781634662,357.6567077636719,3376600
2023-04-03,356.8693070576371,360.8552072987855,356.02293660759483,360.668212890625,2978000
2023-04-04,360.9930294583462,363.2763078122375,357.6271896750311,358.1389465332031,2198700
2023-04-05,358.28674724210015,359.91316665519673,356.44343982026584,358.5923156738281,2239600
2023-04-06,356.0491860936078,356.86734427381805,350.8840624751497,356.30548095703125,2357600
2023-04-10,354.5706276077333,355.77319803608606,352.47105521317366,354.9945068359375,1559100
2023-04-11,358.2276123381832,359.9723124504641,355.99989269620534,358.9274597167969,3033800
2023-04-12,360.8495741424681,363.3335885874991,355.87173866563654,356.61102294921875,2268800
2023-04-13,358.6219011158183,364.467168567249,358.19805199331216,364.36859130859375,2611700
2023-04-14,364.7136126444695,368.0551923454136,363.8363141100421,367.10888671875,2254600
2023-04-17,368.0255464077097,368.75499399790647,363.1265849351095,367.4341430664063,2432700
2023-04-18,368.60720448270325,368.60720448270325,364.6741911194328,367.00048828125,2087800
2023-04-19,367.6608290072919,368.8042589095116,365.8569886956293,367.4735412597656,1795300
2023-04-20,366.142883883208,369.829438641876,364.40802042898537,369.6421508789063,2124800
2023-04-21,370.3518759409789,372.03743577589233,367.9270317824914,369.8787231445313,3537800
2023-04-24,369.7900505331912,372.2444951944579,368.2819115618015,369.3760681152344,1886300
2023-04-25,368.16361013352855,369.22816637272814,363.05762672260255,363.2646179199219,2245000
2023-04-26,364.3588155633304,366.9019408051527,360.8595178260732,361.51995849609375,2594200
2023-04-27,361.3424192225287,369.6224270093349,355.8421575576595,368.3311462402344,3859900
2023-04-28,367.2074078741816,376.4730976282197,366.2019921412261,374.6002502441406,3107300
2023-05-01,375.0537429515786,376.9955977977174,373.5456040159573,374.4327392578125,1745100
2023-05-02,372.3725395119032,373.4272589343114,365.64013747174346,370.6574096679688,2478700
2023-05-03,371.2883093317753,374.12713582411,368.98171580432256,369.5435791015625,1970900
2023-05-04,369.14933584590295,371.4657662660541,366.8230687560889,370.7461853027344,2814900
2023-05-05,375.13262394121705,379.6471740828572,372.8358969056672,379.1641845703125,2683100
2023-05-08,378.5234454931928,381.92413537827485,378.2868540510202,380.00201416015625,1719600
2023-05-09,378.3953527559941,380.6526430033319,377.2322191227692,377.4687805175781,2036400
2023-05-10,380.47512212624736,381.2341399313828,372.2542842665282,377.0744323730469,1940800
2023-05-11,376.74918983069074,380.209050548781,373.8413558222555,377.912353515625,1901200
2023-05-12,378.99657604417655,379.5190024473676,373.3878697117661,376.46331787109375,2044000
2023-05-15,376.4140924541378,378.178526556155,375.0932410862157,377.9320983886719,1957400
2023-05-16,377.1335784510977,378.1192908725165,371.9290180692694,374.8072814941406,2762700
2023-05-17,376.7393257230453,381.98329330803415,373.7131811590716,381.4707336425781,3260300
2023-05-18,381.57909405551055,386.4189453125,380.2976800308277,386.4189453125,3729500
2023-05-19,386.39921901848913,386.5963735097928,379.6372471248105,380.0610961914063,3369100
2023-05-22,379.4893994965101,381.8353997736275,378.6909748753472,379.0359802246094,1808800
2023-05-23,376.0690092114002,376.5717321951752,365.1473283236441,368.4100341796875,3979000
2023-05-24,364.0926114253831,364.3291727928609,360.3567527289903,363.2350463867188,2655700
2023-05-25,362.6534793782746,365.6894605577815,359.6963419606848,364.7530517578125,3752200
2023-05-26,365.69933292879085,370.3124601515533,364.76289403287296,369.0211791992188,2691300
2023-05-30,370.90388279838527,371.2488881752808,360.9679144494489,362.2493286132813,3430100
2023-05-31,359.78504511546925,360.47505586475177,352.7372070973269,359.80474853515625,10695300
2023-06-01,361.9141727940767,365.7880153536031,360.82001637436485,365.5810241699219,3389700
2023-06-02,369.2380180806958,370.4504552072858,366.8328773284472,368.3903198242188,2501500
2023-06-05,367.4243153620989,367.4735889519259,363.2646076240867,365.2261657714844,2316200
2023-06-06,367.6214569487379,374.9452929674719,366.4977303572802,374.5312805175781,2758700
2023-06-07,373.8708932928757,375.0635969655147,362.9984858902783,366.0837707519531,3714500
2023-06-08,364.0826821262637,364.4868277806456,360.6228523950597,362.3379821777344,2594700
2023-06-09,365.1670064130121,366.7934258528344,362.5056009882725,363.9447326660156,2201800
2023-06-12,365.3740334338686,370.59829719116544,364.6544525428782,369.9477233886719,2407500
2023-06-13,369.9477256445349,371.7910030553954,364.5263073389186,366.0738830566406,2444100
2023-06-14,367.60167775606624,372.6780900424522,366.704675960755,369.4055480957031,2775400
2023-06-15,367.9368706677722,374.1468770721376,365.22616146500457,373.62445068359375,2558100
2023-06-16,376.15770496739225,377.42928242152806,370.7855902871897,371.1502990722656,5886900
2023-06-20,369.65205095329634,374.0877571637238,368.4100435882781,369.2676086425781,3961700
2023-06-21,368.6170843118472,372.983814096539,368.32138255738136,370.7659606933594,2301300
2023-06-22,369.75062198323457,373.07249856134325,368.607221891466,372.4021911621094,1933300
2023-06-23,369.6224452130712,375.674703684258,367.8875817693958,374.3834228515625,3739700
2023-06-26,372.6584587546392,374.56087662642926,369.98718634970527,372.0276184082031,3327800
2023-06-27,374.9058794380062,377.37016062751945,373.5948950810704,376.3351745605469,2197300
2023-06-28,375.74373036098007,375.95072155216985,373.2597458220327,374.7974548339844,2012400
2023-06-29,375.4085983197607,382.4663031791017,375.06359294069176,382.1311645507813,2524600
2023-06-30,382.5550380027385,389.5240327928977,382.5550380027385,387.68072509765625,4407100
2023-07-03,385.748736819676,388.6763042289881,383.1267378872989,388.331298828125,1304600
2023-07-05,383.2548402844992,389.6028306206813,381.59885065285744,389.09027099609375,2781800
2023-07-06,388.7644713989365,389.13958858765386,384.7270813612637,388.0833740234375,2156600
2023-07-07,385.6352995219863,387.4022848158402,383.4043582054464,383.6807556152344,2654400
2023-07-10,383.48333712093074,388.3696515857071,383.0193811091181,387.1159973144531,2148600
2023-07-11,388.5572120059324,393.3349557854622,387.2936767099002,392.6834411621094,2106200
2023-07-12,393.8680503373621,397.9844289305008,393.5817718908218,395.5363159179688,2273400
2023-07-13,397.8165778957834,398.05348135426345,395.3092391683222,395.407958984375,2354900
2023-07-14,396.9478875011857,398.30026160408505,395.1512892932931,397.3328857421875,1978500
2023-07-17,396.7801015047665,398.80372220354815,395.96076015594906,397.0268859863281,2344500
2023-07-18,395.2697902788066,396.770229114311,390.126779881172,393.0388488769531,2676200
2023-07-19,392.88091401171954,394.7071252903037,391.2126484241273,393.1474304199219,1809700
2023-07-20,392.0319744803601,394.5787771009761,390.4623986515985,392.9401245117188,2570700
2023-07-21,393.54225643642,396.3457242906362,392.3083341348253,392.3774108886719,1868100
2023-07-24,392.36758152326735,399.7020088563494,391.5087462491887,399.5835571289063,3029800
2023-07-25,398.1817973925001,399.6526231772696,395.8422854630146,396.1186828613281,2490500
2023-07-26,394.0456951516707,398.1225794517049,390.65981942369774,397.2341613769531,2572300
2023-07-27,399.97837858475714,399.97837858475714,388.8829590478352,389.4258728027344,3563300
2023-07-28,392.8413901827617,392.8808841337713,383.87819130729815,387.90570068359375,4501000
2023-07-31,388.90279087450665,390.9856377648395,387.42208375339527,389.2088012695313,3578300
2023-08-01,388.7151981887502,392.18991308364906,387.3134489818236,391.962890625,2344200
2023-08-02,388.81390826655866,389.1396505414839,384.5691969224554,385.0035400390625,2410600
2023-08-03,382.5751644866122,388.37954019461847,381.4498429386634,387.955078125,2190500
2023-08-04,386.5730416077071,390.9954300508058,385.0528709984085,386.31640625,2215800
2023-08-07,387.9451925451816,392.6340975441374,387.9451925451816,391.7654113769531,1559800
2023-08-08,391.0842533821389,391.28169299569896,385.1120816351408,388.1327209472656,1747000
2023-08-09,388.7941263899818,391.6864633882369,386.8297315708234,388.6065979003906,1806100
2023-08-10,391.36067525122814,395.47705346355457,390.6203218416416,392.0319519042969,2154500
2023-08-11,390.6598656926817,391.568045912806,387.7576775463875,389.8997802734375,1464600
2023-08-14,391.35085165096615,394.0950939422196,389.53449131605385,393.4534301757813,1638500
2023-08-15,392.37743392006473,392.37743392006473,388.5276021381269,389.3765563964844,1753200
2023-08-16,388.3794849769817,394.0654081478697,388.0635936619204,389.2975158691406,2002000
2023-08-17,391.0448129656595,391.11388972199023,385.9610288002226,387.570068359375,2118600
2023-08-18,384.8061049106952,388.77438843917065,383.82881790083945,387.1258850097656,2001800
2023-08-21,388.1525205725921,389.90962498960727,385.9906859647117,388.1426696777344,1869400
2023-08-22,389.9194932412815,393.6409924963097,388.6164639072709,392.7229614257813,2422500
2023-08-23,394.1345345171763,396.7504740258678,393.23623542221947,395.9015197753906,1943200
2023-08-24,396.42473981272434,398.8037459717712,392.38734906876,392.55517578125,1970000
2023-08-25,395.4967680567497,399.41570647154754,393.867996651997,397.7079772949219,2154600
2023-08-28,398.8037666708561,402.55487915882446,397.9646933149768,402.1995239257813,1901300
2023-08-29,402.17971186307767,406.88834851292864,401.3603705861818,406.3552856445313,2188800
2023-08-30,409.4450783913082,412.4064922463373,408.201274932177,408.5862731933594,2516600
2023-08-31,408.8823947435625,410.9356585139877,406.4836567966762,407.3326110839844,2535100
2023-09-01,408.517155096224,411.15282660989806,407.1845128730193,410.2249145507813,1841700
2023-09-05,408.0334560086664,410.0570766487762,404.4304087073435,406.2072448730469,2045600
2023-09-06,405.49650616381336,408.0630707339317,403.6308311941314,407.8656311035156,2292100
2023-09-07,406.6218854512764,410.7777278658085,406.4343268271589,409.2871398925781,2502700
2023-09-08,409.6622486652973,410.9751288818973,408.536896943875,409.5043029785156,1868900
2023-09-11,411.488451054482,412.2189234807264,409.3068846699828,411.33050537109375,1544700
2023-09-12,410.6000323134555,412.2781487123903,409.9090237153266,410.9158935546875,1997600
2023-09-13,410.8171929835532,413.0283722389185,409.63261545386007,410.9454956054688,2142200
2023-09-14,412.91978580627415,413.21594526155553,402.53510558400336,408.0235900878906,3557700
2023-09-15,406.5625793256745,412.9197494722397,405.85186899567833,408.9810791015625,4755500
2023-09-18,408.55663341085256,412.51506597695897,407.7274412009433,411.7648315429688,1808000
2023-09-19,411.5969962565276,411.7352100178232,405.8123828206118,408.2111206054688,1730900
2023-09-20,408.4480665631162,410.5013304085442,404.8055250477243,405.2398681640625,1580000
2023-09-21,403.087893710468,403.5123557850774,396.9281627438575,398.17193603515625,2450700
2023-09-22,399.1887334842735,401.6170844270842,396.39511619178,397.046630859375,1885000
2023-09-25,395.4474050741429,398.0435822843145,394.69717071301375,397.3130798339844,1846500
2023-09-26,394.8551584416322,395.6942316783322,388.5473328254994,390.2945861816406,2940400
2023-09-27,391.1139019393935,391.9233622536482,386.4447589164324,390.393310546875,1987500
2023-09-28,390.7388148948872,396.18783584581377,390.2847398573302,394.3023986816406,2216200
2023-09-29,396.8590278332928,397.0070924854841,389.1790965807224,390.8177490234375,3032300
2023-10-02,388.5374846401573,391.26196476735817,387.40228207673545,390.758544921875,2856800
2023-10-03,389.4259082112778,392.7426771519846,383.9670367359041,386.0301513671875,2527900
2023-10-04,386.9580925832119,389.396324626685,383.5820673979949,388.6954650878906,1813400
2023-10-05,385.92743302298055,390.2079231486394,385.5418766653253,389.6938781738281,2116600
2023-10-06,388.73496931574965,396.4161390037836,386.0361652892207,393.4207763671875,2484000
2023-10-09,389.950893555409,391.9675826295494,385.1266723268178,390.2276916503906,2475100
2023-10-10,391.0185904854658,398.1165086609444,389.3479064629148,395.7933654785156,2713800
2023-10-11,398.6403948859069,400.4989091794514,392.81770978897725,395.2397155761719,2055600
2023-10-12,399.18414840109375,400.7065531017354,392.77824061686687,395.3287353515625,1779000
2023-10-13,394.2511545449014,397.5431058258676,390.5637817437494,393.4800720214844,2235600
2023-10-16,395.6648440725836,399.8069505664198,394.2215417901642,396.5743408203125,2202100
2023-10-17,395.0716807611573,398.9962702436092,393.8952813832076,397.1773071289063,2176000
2023-10-18,394.5476991050031,396.78187435921706,388.0725852072506,388.7151489257813,1951400
2023-10-19,389.34784021566776,390.3166183622931,381.0932844411098,383.4361877441406,3472800
2023-10-20,383.4362175627168,385.5319788209193,379.7785307039368,380.0157775878906,2652500
2023-10-23,377.9397409300756,383.4262857812032,376.6447181970171,379.2842102050781,1771800
2023-10-24,381.09332730569565,384.97839600893946,379.4819551025425,382.4872131347656,2003300
2023-10-25,379.610451261379,384.1875300189489,377.8705603724381,381.89404296875,3504500
2023-10-26,366.7788235701574,371.2570394944847,358.8900630313469,360.4223327636719,6920100
2023-10-27,362.3006065248334,364.08004864615816,355.6574223097574,359.91815185546875,3624900
2023-10-30,362.3302311370397,368.9635496057808,360.5508193379035,368.1628112792969,3386400
2023-10-31,369.0525197570799,373.362665338698,368.8448985830403,372.0478820800781,2978800
2023-11-01,374.3413882081479,376.05159304951553,370.7528783741266,373.5010986328125,2354700
2023-11-02,375.9527658941418,378.6614653771008,374.1634584782672,378.3154602050781,2816000
2023-11-03,380.5990386152315,383.9997181529803,379.3435669330096,381.6370239257813,2269100
2023-11-06,382.6750457988233,383.8118940552602,379.8180670581555,381.7457885742188,2020500
2023-11-07,381.5876166137676,385.13657554181896,379.9070373228469,384.4248046875,2324200
2023-11-08,382.6849106886887,386.8962240579644,382.5761825854817,385.2453308105469,2838400
2023-11-09,386.4909144168927,386.9753337248652,382.8430925196397,383.5252075195313,2657100
2023-11-10,385.5814405618453,390.5737016770492,382.31914493528114,389.871826171875,2807000
2023-11-13,389.8421325683594,391.1074994913537,388.5273191015607,389.8421325683594,1614600
2023-11-14,392.6398330274358,397.0883935823623,392.214755592683,393.1044616699219,2733900
2023-11-15,392.9264607499813,394.7157679492168,390.2474476223584,392.2937622070313,2434600
2023-11-16,393.4603619187544,395.3781882145514,391.0284604289918,392.5607604980469,3060600
2023-11-17,395.397906628937,396.53475483734815,393.361457095615,395.72412109375,2365500
2023-11-20,396.1393561704854,400.5681559867024,393.7074849680724,399.77728271484375,2768300
2023-11-21,401.0822103853201,405.6592896195359,401.05255452247616,404.2752990722656,2567500
2023-11-22,407.5474569071776,408.1307089844978,405.4615606738977,405.6394958496094,1967900
2023-11-24,407.7748031426741,408.2493271071103,405.8372164165048,407.7846984863281,1053500
2023-11-27,406.3018377033756,408.0021775010002,403.5832730958712,404.2950439453125,2665900
2023-11-28,404.40374110182864,405.9459362982107,402.8022643553206,404.3345642089844,2645000
2023-11-29,406.3117449552997,407.36949083262215,404.73992390186777,405.1353454589844,2151400
2023-11-30,405.4121140784976,409.4257014203314,404.1071958830672,409.0994567871094,3203500
2023-12-01,408.1702457004827,411.8378280348613,406.8653274541271,409.6234130859375,2171400
2023-12-04,409.099499915716,410.1078596133663,403.36581172826897,403.56353759765625,3097900
2023-12-05,402.4365027484274,404.37408931084383,399.6981778047007,404.0182189941406,2755600
2023-12-06,406.72691966589775,409.0896139595084,402.50574107062073,405.6889343261719,2224200
2023-12-07,407.359544051386,408.842397220062,405.3033040963359,408.42718505859375,2363000
2023-12-08,407.50788960375377,408.94132663407055,404.5520781275085,407.4485778808594,1959300
2023-12-11,407.74509802585857,411.4127101682682,407.6660257923696,410.95794677734375,2236000
2023-12-12,412.2332654874805,416.187541415418,409.95956889640894,415.9403991699219,2736500
2023-12-13,417.0376981881157,421.4961539714837,414.3586846817899,419.8254699707031,3694200
2023-12-14,420.1517029968074,420.9820973022744,411.1458240909009,413.7754211425781,3989700
2023-12-15,407.9033416557421,414.46745438850365,406.8950121223885,413.7853393554688,5566600
2023-12-18,414.7343564968344,420.2307977913708,414.7343564968344,419.5783386230469,2686900
2023-12-19,419.2026336703152,421.80257472721496,417.69012444674047,420.6064147949219,2256200
2023-12-20,420.2209224167205,422.72200092978414,414.4476827311549,414.6553039550781,3058300
2023-12-21,416.96844635646914,419.0543120622762,415.8019122337263,418.5995788574219,2213600
2023-12-22,419.8946083801801,422.2869582107,418.12506173634927,419.2520446777344,1759000
2023-12-26,420.1417485886692,420.8535193459685,418.115194574732,418.8269653320313,1258200
2023-12-27,418.1646549822127,420.1516881740649,418.1251037779962,419.5090942382813,1324100
2023-12-28,418.9258170838872,423.4633445542453,418.8368495062795,421.4466857910156,1505000
2023-12-29,421.8025918287584,423.453515247477,419.4201370419295,421.6345520019531,1706100
2024-01-02,419.2421857976349,419.4300163042017,414.763969838068,417.0673522949219,2463700
2024-01-03,416.3852471472947,416.5236311103415,412.7275300233088,413.9830017089844,3093700
2024-01-04,413.7160555456723,418.6094833239181,413.498569196223,414.9715270996094,2042600
2024-01-05,415.68329502954833,417.9273655673642,412.223304146549,414.6255493164063,2415900
2024-01-08,415.29882048783287,417.91273973557,412.41754764438696,417.8137512207031,2125400
2024-01-09,414.96222886389,419.516819075542,414.4077601650396,418.42767333984375,2439300
2024-01-10,421.7940792034746,425.2298209164357,419.9623383092183,424.0416564941406,2709300
2024-01-11,425.7546345818254,427.5269704747128,421.5663862521481,422.5070190429688,2320600
2024-01-12,425.7050782746628,426.85359890326873,423.4772927207068,424.8634643554688,1892400
2024-01-16,423.2198609870134,425.48726013661394,422.3089309084808,424.1208801269531,2398000
2024-01-17,421.2792549255869,426.1308712754727,421.2792549255869,423.2001037597656,2690400
2024-01-18,424.4080783033506,426.9625928278096,423.2298246824241,426.467529296875,2075700
2024-01-19,428.2794336803675,432.7548271833133,425.10113438248914,432.4676818847656,2400200
2024-01-22,434.6459687876834,436.5866092803881,432.9429491098426,435.4083557128906,2715500
2024-01-23,435.92326356791705,436.2500224441242,433.5370535426756,434.4281921386719,2328600
2024-01-24,434.20037849901735,436.5766771813187,431.457737672797,434.3687133789063,2725700
2024-01-25,431.6953982313498,434.299437234185,430.1705940981394,432.4874877929688,2977800
2024-01-26,428.2794383681274,435.5469974202195,426.41802491763286,434.2004089355469,2725400
2024-01-29,431.4775658078707,436.6064166888416,430.3785392832111,436.2301635742188,2314200
2024-01-30,436.54699387160576,441.8144768312628,435.7053798675253,440.7946472167969,2663600
2024-01-31,445.5571562098749,457.4386803754716,442.2105220686273,444.7947692871094,4740500
2024-02-01,450.5077589344458,456.5871528665167,449.56712625235787,456.3693237304688,3292700
2024-02-02,457.6466268103763,459.2605387770025,453.973263823205,456.03271484375,2050300
2024-02-05,454.97327655062224,456.8148983036896,451.0325601338444,452.25042724609375,2438800
2024-02-06,450.8641634871627,456.0128353715315,450.8641634871627,455.9534301757813,2201900
2024-02-07,456.6564778517225,457.6763074813048,455.0821795040923,457.3495788574219,2544300
2024-02-08,455.4584069646085,456.2010021933552,452.9335952733808,453.735595703125,2081300
2024-02-09,453.5375906157215,454.4584015132288,451.86427349679536,453.359375,2155400
2024-02-12,454.6464826983026,454.8643118345399,451.5770831299686,454.1811218261719,1794500
2024-02-13,452.25042754848334,457.3198730587905,451.53753488507897,455.9138793945313,2407700
2024-02-14,457.4386908228679,460.8546411850049,454.9039680269526,460.5971984863281,2202700
2024-02-15,461.2308706830631,467.44886735214254,460.6368186257304,466.6270751953125,2354100
2024-02-16,469.4885545271727,469.4885545271727,462.4586464598594,463.5081787109375,2237200
2024-02-20,448.32950777116,451.3494133469652,445.6759745786797,447.2898864746094,5044200
2024-02-21,448.8344422451962,455.0623491790437,447.5373783667893,454.5177612304688,2895800
2024-02-22,457.25058828059593,467.8350492729845,457.0228481724009,466.9043273925781,2572800
2024-02-23,469.0529391922389,470.4787246859198,467.2013760655428,468.7460021972656,1764100
2024-02-26,468.3300938005024,470.38954476560383,467.3399667522984,469.8251953125,2066900
2024-02-27,469.86473717952464,470.3103063984128,465.31017733268783,470.0627746582031,2011100
2024-02-28,469.48852739917766,474.4094597403276,468.9934639049625,474.122314453125,1931900
2024-02-29,473.2807560563339,473.6669201309899,467.3894876967353,470.07275390625,3072500
2024-03-01,470.2211748406862,472.78559991374175,469.2211369915559,471.9241943359375,1748300
2024-03-04,470.9737284060182,471.9242418755934,461.1714468284977,463.8645935058594,3212400
2024-03-05,462.7556312867415,464.6071638626405,460.0327821536485,462.9041442871094,2015100
2024-03-06,462.5477423051519,468.9439543940151,462.5477423051519,466.9439086914063,1917100
2024-03-07,468.5281339813693,468.5974199107681,461.2903076348267,462.9240112304688,2178100
2024-03-08,462.4883361752112,466.9636994189445,462.4883361752112,464.62701416015625,1596900
2024-03-11,464.3695606739808,464.7359028275413,460.1021157426586,464.5279846191406,1774500
2024-03-12,465.88446140007096,469.6865454973605,464.0824229876688,468.2013549804688,1853900
2024-03-13,469.5479567081151,471.4588946419879,468.1122604146703,470.914306640625,2103900
2024-03-14,476.27086753866814,477.2412028538657,472.4687835734205,474.74609375,2757700
2024-03-15,468.6667344269078,473.7361800905298,468.4092917245853,471.1321411132813,4179300
2024-03-18,473.9144250249702,476.0728947389166,471.9440516512724,474.1619567871094,2072300
2024-03-19,476.8649893468785,479.82545958423975,474.77583575608935,479.2214965820313,2049500
2024-03-20,479.5383144968299,483.627543829538,478.86503539069537,483.2215881347656,1691100
2024-03-21,483.70674414520016,485.1622320500013,478.62738777913336,483.815673828125,2580300
2024-03-22,483.4889483120193,484.063238935135,476.7065718227436,476.9145202636719,2277800
2024-03-25,476.8451918543645,477.5580845368197,469.7261759694918,471.340087890625,2600300
2024-03-26,473.00348998492825,475.2609784237901,467.6468990813233,472.0925598144531,2515100
2024-03-27,475.7559821986013,477.399596501869,470.0627524428428,473.2311706542969,2309400
2024-03-28,473.1916220936856,477.6669854818461,472.567837217578,476.81549072265625,2214500
2024-04-01,475.9144238732949,478.5085516501999,472.6172842054908,473.6767272949219,1648200
2024-04-02,472.2608902076188,475.66692960451405,471.5974918030586,474.6965942382813,3265100
2024-04-03,475.6966548253446,478.52840375897694,472.4985334919055,472.70648193359375,2265000
2024-04-04,475.23123448990367,477.2015774557134,464.3695406148457,465.1319274902344,2552600
2024-04-05,469.32022325704907,474.5777954926896,467.86473528006906,472.4391174316406,2462700
2024-04-08,472.349838996066,475.60195258791634,470.24786719693634,474.7790222167969,1961800
2024-04-09,473.90650802575175,474.8186998992185,463.8526993743756,468.1459045410156,2217200
2024-04-10,466.1728338871744,470.3569585056724,464.8640486871215,465.1813354492188,2710500
2024-04-11,464.2988695395753,466.3512784895172,460.24364471456926,464.32861328125,2299900
2024-04-12,462.0382471062139,465.52831052619257,458.1813038671976,461.4235229492188,2486300
2024-04-15,466.2422134683979,466.9957619601074,454.5326193948894,455.8810729980469,2070500
2024-04-16,456.089290096979,459.44055972203614,455.0977916402464,455.9108276367188,1787200
2024-04-17,458.8356905129738,459.4702639946729,454.2549728776765,456.2478942871094,1735000
2024-04-18,456.58502940681,457.98304583140913,449.94197778775816,450.8343505859375,1998900
2024-04-19,454.9887382272127,455.9504626758701,448.7422798375698,451.51849365234375,2548800
2024-04-22,453.61053667240736,456.8229819380428,451.2606902089792,452.8669128417969,2157400
2024-04-23,454.5822455772013,459.0439888507994,453.4221790124873,458.8853454589844,2029100
2024-04-24,461.3342820707769,464.1699528667653,456.4362777339526,458.5679931640625,4043100
2024-04-25,457.0212687638109,460.0552514063142,452.8371443618162,458.1813049316406,2006500
2024-04-26,458.9745941346785,460.8683599826343,457.02134079479816,458.48876953125,1963300
2024-04-29,457.031203144023,457.6657463907392,451.80598717010974,453.21392822265625,2120700
2024-04-30,452.3810540168223,453.828633158468,447.0467879680564,447.3640747070313,2698800
2024-05-01,442.010006998278,445.1629951374437,434.65310527586615,438.3117370605469,4979100
2024-05-02,439.2338166032642,440.8797076734306,434.3258871361602,437.3499755859375,3866500
2024-05-03,441.12757828907024,441.4746087976212,433.1856660351362,439.8088684082031,3711500
2024-05-06,443.4278307859028,446.67001959123,441.7720151799456,445.5496215820313,2536200
2024-05-07,447.9193770271907,449.4462629483267,443.7253274325902,449.2083129882813,2345300
2024-05-08,450.1402741649842,451.2408228664632,446.09497400148393,450.9037170410156,2332400
2024-05-09,449.6941053518726,452.1530323759623,449.6941053518726,451.61761474609375,1970100
2024-05-10,453.4419709526872,454.6813440100698,451.1119738113127,453.094970703125,1729900
2024-05-13,453.0453864971984,454.8201772224001,451.6374756209964,453.8683471679688,2069300
2024-05-14,454.0269678461498,455.0779537461766,445.48022608569966,450.3385925292969,2991000
2024-05-15,448.9405942425298,454.701197849674,448.9405942425298,454.1062927246094,2437800
2024-05-16,456.0892701186439,460.97735003426857,454.9193092528996,454.9688720703125,2412200
2024-05-17,456.5354568220242,457.7649051727623,454.21532390614783,456.3569641113281,1985900
2024-05-20,455.57370429464106,458.2904002791428,454.8796432983333,455.7521667480469,1397200
2024-05-21,454.0170443931135,456.47597136363225,451.7564292095235,455.1969299316406,2166000
2024-05-22,454.9986260987755,458.56802651898187,451.300356298756,452.6388549804688,1713700
2024-05-23,452.6388779780003,454.1558694513965,446.6105804961365,447.3740234375,2084600
2024-05-24,448.66297869777,450.58648813459575,446.4915946454578,447.3442687988281,2162100
2024-05-28,446.1742359857439,446.7988847574243,438.6388428374704,441.2960510253906,2670800
2024-05-29,438.3513578180687,440.7805410828823,438.0439957243992,438.7083129882813,1876900
2024-05-30,438.4505420100158,440.4137199275585,436.9236561100599,438.3414916992188,2189900
2024-05-31,438.9264881741769,443.5369503028883,435.5256554665463,443.2692565917969,3917100
2024-06-03,439.709753722822,441.21682050893617,434.1672808894272,439.4222106933594,2123800
2024-06-04,439.5907226179677,441.0978195735168,437.56808763783135,440.9887390136719,2096600
2024-06-05,443.0015259919636,443.7649992164647,438.5497073262056,442.86273193359375,2157000
2024-06-06,444.6771524152015,445.95619395199776,440.8499827305442,444.8655395507813,1887100
2024-06-07,445.628989129682,449.14879651345547,443.457605109993,445.9660949707031,1664700
2024-06-10,444.60773368955125,446.3428559201787,440.59214694379233,445.4306640625,1954500
2024-06-11,444.0326628994501,445.4306793470744,441.3258612338627,445.2224731445313,1777300
2024-06-12,447.65163807786206,448.6530612230839,437.8457338662427,439.23382568359375,2738900
2024-06-13,439.2338000351124,441.3655155863655,435.58509311167046,441.216796875,2916600
2024-06-14,439.5709036408326,441.1771262317065,437.44911276712594,440.8499450683594,2161500
2024-06-17,438.6686500939626,445.5199079851136,437.9250262596454,444.3003540039063,2351900
2024-06-18,443.2592975239431,447.3641156575868,442.902372603521,446.2833557128906,2636500
2024-06-20,447.2253094614242,450.61624763341774,444.5482514173171,448.6629943847656,3006800
2024-06-21,448.3456733138859,451.4292188786141,446.4320886237287,450.9830627441406,5007800
2024-06-24,451.0623632031286,459.1331747630273,451.0623632031286,453.0751037597656,2597100
2024-06-25,454.5822025660919,456.39663134543446,449.94196700441296,451.7762451171875,2299400
2024-06-26,448.9008766467336,450.8144611946739,447.5524534185876,448.5340270996094,2451400
2024-06-27,444.7564286222016,444.8853282508862,438.24227710553714,438.9859008789063,3313800
2024-06-28,440.8599105596557,444.4887684671576,434.9902260861912,437.4094848632813,4105000
2024-07-01,437.0525311050529,438.7083469303327,431.8471639275492,433.8896484375,3149700
2024-07-02,431.3017976099448,440.978831533174,431.3017976099448,440.8697509765625,2061300
2024-07-03,441.5340800424746,445.4703299479823,440.502913221838,444.3697509765625,3192400
2024-07-05,443.3088689233738,446.1247512213723,440.50294155086624,445.6686401367188,2220700
2024-07-08,445.46042230451417,446.7791019291369,441.2168101498031,442.4462585449219,1802700
2024-07-09,443.50874690144025,444.43219902704095,439.6759084603271,441.5724792480469,1608400
2024-07-10,431.5533894135933,434.3337152990171,426.0324951120013,430.5902404785156,4760900
2024-07-11,428.9617801644979,434.6911893284661,427.085057830862,433.3507080078125,4032600
2024-07-12,434.3238076084783,439.1198557167264,434.2443835730217,437.0147399902344,2645600
2024-07-15,437.2332081455498,441.27459168473786,435.65439402669466,440.8774108886719,1727700
2024-07-16,443.7966963300986,444.0151502935016,436.6076245756655,440.4106750488281,2846600
2024-07-17,439.2886287391216,448.34448363154775,438.9510235693456,447.9870300292969,2925000
2024-07-18,445.59393574673294,452.226947952105,444.3328785813688,445.5641479492188,3339900
2024-07-19,448.04662121479504,448.0664696479604,440.45042887323007,440.569580078125,2121700
2024-07-22,442.27743702520297,445.6932459442585,440.1326246595438,444.7896423339844,2111700
2024-07-23,444.89893327721177,445.5840830562631,438.0077386175892,438.6134643554688,2385500
2024-07-24,430.9477172400565,432.7946214828118,425.8438518499077,429.40863037109375,3764800
2024-07-25,430.88811708934566,434.6216828335328,426.5389166326488,426.5786437988281,2384300
2024-07-26,429.2398276587733,437.6800482227656,429.0710099141947,435.0983276367188,2039600
2024-07-29,435.7139628000496,439.8050128139537,432.35775936839934,438.1963806152344,2248600
2024-07-30,440.6490194933872,445.5741583559192,439.8943850683971,444.30316162109375,2266900
2024-07-31,458.7507957466376,470.6664008309658,454.3221710084551,460.4487609863281,4313600
2024-08-01,462.1864660541711,464.2121274588178,455.9605731361389,459.1579284667969,2590100
2024-08-02,456.9833316957261,463.4674058129244,455.3846388661852,458.7706604003906,3808100
2024-08-05,451.7999895881204,458.0556696304689,436.4983643263755,438.8914184570313,4496700
2024-08-06,440.1028960349126,452.24689503946473,439.0006867544017,445.1471557617188,2758900
2024-08-07,447.3614497466343,453.70652382554727,445.88193851949205,446.6763000488281,2059800
2024-08-08,449.0594395089172,453.0610957802142,447.85795778160167,452.3759460449219,1585400
2024-08-09,452.3759626943875,455.5733181424448,450.270877176341,453.5675354003906,1760200
2024-08-12,454.5505266380262,455.235676343446,450.6978398446885,452.4851684570313,1760000
2024-08-13,454.9179427754256,456.40739336333536,451.6907998349543,456.12933349609375,1816100
2024-08-14,456.0300418002205,457.30103836951656,452.8624745926169,456.9237060546875,1654100
2024-08-15,461.8290080216301,465.70157368249335,460.7367381421682,465.4136047363281,2130500
2024-08-16,464.70855114401866,466.95266623751206,462.762344329181,465.5823669433594,1921900
2024-08-19,465.7015528230589,466.8434588855959,462.24601653270855,463.6957702636719,1690800
2024-08-20,464.8377119746965,466.3668898547218,462.2361429170515,465.82073974609375,1763300
2024-08-21,465.2447983478256,465.79091811383694,461.2530513421023,464.7085876464844,2105900
2024-08-22,466.1880675518061,467.5980940263698,463.4177114374402,465.5227966308594,1538200
2024-08-23,466.9923841053812,467.0321112715785,458.6514670779354,463.1595458984375,1986300
2024-08-26,464.80790549220166,467.22080827208646,463.7156356217956,465.3441162109375,1434400
2024-08-27,467.7669092221219,472.1558369599688,464.92703797635903,471.6494140625,1635900
2024-08-28,471.6593179974414,473.0594050830086,465.5724255293397,468.4818115234375,1445300
2024-08-29,471.13308045042766,478.5306971416023,471.13308045042766,477.4185485839844,1893400
2024-08-30,478.45125372714665,482.3238192748034,476.2766533998181,479.9407043457031,2982100
2024-09-03,479.07682309927054,483.267145343502,476.66392039377104,478.7292785644531,2063700
2024-09-04,478.6994928558364,482.7508154856103,477.79588918254336,479.74212646484375,2156300
2024-09-05,479.7421253446345,480.75494084823794,469.7826365292584,474.0027465820313,2293500
2024-09-06,473.7545120936889,477.06110946138,471.3713971466837,472.771484375,2116200
2024-09-09,477.12065755422685,485.7693918941614,476.1972054897328,483.664306640625,2343600
2024-09-10,483.6742558388619,484.8955859157754,478.9377836191841,484.5877685546875,2234100
2024-09-11,483.0983141410956,485.67009514233087,474.47936749323407,484.7466430664063,2480000
2024-09-12,483.5253338453357,489.41362138282216,479.6031017409736,488.6490173339844,2299100
2024-09-13,489.63201643146925,493.3556425496822,487.99362700004497,489.8901672363281,2204700
2024-09-16,491.81657100143593,494.8153509061864,489.9200305899696,494.2096252441406,1589200
2024-09-17,495.0934076141549,498.2113085852166,494.34868228089135,497.4665832519531,2202800
2024-09-18,497.7545298721898,498.2708618376966,490.56545800783,491.2803955078125,2193800
2024-09-19,496.4834931109668,497.6055506538692,482.8301970504153,489.5426635742188,3517200
2024-09-20,486.2063021515956,490.0590190920991,484.3097314802468,489.2745666503906,3470200
2024-09-23,489.69165680581386,494.18979653955046,487.8447222493192,493.6436767578125,2191300
2024-09-24,489.2150117634459,489.7810102695115,481.0131243211477,483.9820861816406,4143700
2024-09-25,481.3507031907295,486.454537925312,480.1392822120004,486.0077209472656,3483200
2024-09-26,487.546820694704,490.1583288800946,485.5608865981879,487.8149108886719,3073700
2024-09-27,487.5766141422714,492.511661641401,486.94113098155833,490.1682739257813,2177200
2024-09-30,488.3213353849112,491.5087511354679,486.6630670755732,490.3271179199219,2862400
2024-10-01,493.7628234535241,494.527397201568,489.641985799488,492.8890075683594,3748100
2024-10-02,489.47317809973686,492.4222914385969,486.2360958326991,492.0846862792969,1736500
2024-10-03,492.0647991451381,493.5939768547648,489.5327453421342,491.4888916015625,1382200
2024-10-04,492.0747430240953,495.54018829045503,489.00647851242405,494.19970703125,1935600
2024-10-07,493.8323169934973,495.0238896406709,487.2986067759337,487.8447265625,1990500
2024-10-08,489.0362513355201,494.0308741725751,488.073072125848,493.5641784667969,1750100
2024-10-09,495.5328948081497,497.8893507847037,492.7588248268917,497.0939331054688,1707500
2024-10-10,497.1436264420892,497.85951447789535,493.0073878289023,495.1749267578125,1491000
2024-10-11,493.6735951174938,500.0469803269553,493.6338151295408,499.3907470703125,1919900
2024-10-14,501.47871554357073,505.8834312334674,499.1819143653708,503.7655944824219,2127000
2024-10-15,502.7315485838126,506.9672222658995,501.1208079844952,504.3323669433594,2885900
2024-10-16,503.45740129333336,512.4557199372824,503.10939465525945,511.13330078125,2956700
2024-10-17,513.3405886541061,514.0863041587178,508.59784896834327,510.8250732421875,2227400
2024-10-18,511.6005541746365,515.0408100036467,509.6517899491046,513.3903198242188,2604600
2024-10-21,514.0366016403005,515.856164462746,511.00403739388,512.0679321289062,2217500
2024-10-22,508.2299212720127,511.6104918500601,507.5836406287922,510.0892639160156,1855800
2024-10-23,509.73127138305256,511.77950067653,508.9756337116433,510.795166015625,1759700
2024-10-24,508.9756589327063,510.4074654045229,506.5495955116872,507.7029724121094,1911900
2024-10-25,509.572260365186,511.78950170768576,502.7315586296576,504.4616088867188,1582200
2024-10-28,504.5013619050384,507.94158741206286,503.24858056042257,505.3067321777344,2186400
2024-10-29,504.6405680139741,508.4685800607592,502.8110830837933,503.38775634765625,2066300
2024-10-30,509.59213301072174,513.4996747145551,504.1036478394239,510.7554321289063,3121000
2024-10-31,518.2722273177499,524.8842617825817,496.17916348339605,496.7359619140625,5523300
2024-11-01,497.5811508573879,507.633381138421,495.6820584273308,505.177490234375,3753700
2024-11-04,506.23143252152335,507.086505004423,500.156321555633,502.6917419433594,2165100
2024-11-05,502.6917498220397,505.247075414783,500.73300266612296,502.671875,2132900
2024-11-06,517.8844161029025,520.0122052743238,512.9925400741791,518.1528930664062,3673700
2024-11-07,520.9965895920326,521.0363999231491,513.6389000266429,514.9215087890625,2382300
2024-11-08,517.3674742099103,525.8189161590527,516.5621039339807,521.76220703125,2215600
2024-11-11,525.8288493946516,530.9793113562067,525.5007782580407,527.0916137695312,2213400
2024-11-12,526.0773042385548,527.8670696490503,524.2875995145305,526.1469116210938,2577600
2024-11-13,526.9821805804373,527.469371609694,513.4697905227315,518.8986206054688,2681500
2024-11-14,517.6458380952048,519.3758882500164,514.6928340074703,517.4271240234375,2480400
2024-11-15,515.5678394996288,520.4000613694067,515.0408380840465,518.9086303710938,2408100
2024-11-18,515.6274739259422,520.4994452492534,514.0465304281834,518.6500854492188,2493400
2024-11-19,515.8163846072878,519.6642715286503,513.807904880615,516.4924926757812,2716000
2024-11-20,518.5506624136414,519.515091923684,508.0807884650766,509.6119689941406,2409400
2024-11-21,510.29803629235744,517.1486901491567,508.6574683650876,512.1573486328125,3077300
2024-11-22,513.9769187034411,518.7296410529468,513.2312032400527,517.8844604492188,3130400
2024-11-25,518.6600485710519,525.2322731458977,518.0435952918475,523.5916748046875,4503900
2024-11-26,524.8842335870248,527.6185233684403,522.060431256169,525.4608764648438,2326800
2024-11-27,526.0276296870691,530.5715294619085,523.5717694388126,529.338623046875,2086300
2024-11-29,529.9651152100448,532.7093580321703,527.0021582983366,529.8955078125,1760600
2024-12-02,529.8855623836904,531.7647800833217,523.2238248476306,528.3245239257812,2355100
2024-12-03,531.6156235596824,531.7647909432652,522.9554192037785,523.1741333007812,2319400
2024-12-04,520.6486211047952,523.2735541655894,515.2098379670174,518.1629028320312,2630000
2024-12-05,521.6030832297185,524.4566828706777,519.1869724197677,521.7721557617188,2538600
2024-12-06,519.9426204267311,527.9665257559071,519.5150841948428,525.5504150390625,2122700
2024-12-09,525.9979066170598,528.5532323563908,518.8986804637262,519.8333129882812,2942000
2024-12-10,519.5250478255127,526.6341653485304,517.2480911524698,525.9879150390625,2003200
2024-12-11,526.1668897670356,532.8286267010495,524.2578751757129,531.3968505859375,2181100
2024-12-12,533.2262472975051,533.6836412451902,528.9309194186137,529.368408203125,1860400
2024-12-13,531.1184761386174,531.6255724154596,525.8885147769307,525.97802734375,1608200
2024-12-16,528.9608656125113,531.9437276366419,525.9780035883806,527.280517578125,2923000
2024-12-17,526.37571349909,528.7421220947607,521.8715629638618,527.9765014648438,4055800
2024-12-18,527.2904876929886,534.0615822854346,516.7411132149849,516.9896850585938,3190300
2024-12-19,521.1656274802923,526.1967190130028,519.2168631255837,520.2907104492188,3050500
2024-12-20,519.8829933751628,529.0404012144143,516.4526900681805,525.0135498046875,7317100
2024-12-23,522.8261689897805,526.3757823475661,518.153005996905,525.9382934570312,2270300
2024-12-24,526.2465060228974,532.6795163029914,524.8147297546599,532.6497192382812,955000
2024-12-26,530.581534796694,534.6282913751439,529.8755689691651,533.087158203125,1109600
2024-12-27,530.5615862398731,534.489032876481,527.7676415931376,529.15966796875,1541800
2024-12-30,523.9893971519559,525.550435465697,518.3518052602013,522.5476684570312,2101600
2024-12-31,524.655581443128,526.1669176130853,522.5576497295307,523.5618896484375,1942600
2025-01-02,526.1668993775943,527.5290681253927,514.7027376646352,519.4157104492188,2818800
2025-01-03,519.5449515864346,521.4639187176638,514.7226219590077,518.381591796875,1627500
2025-01-06,517.9937975046772,518.3815840954359,508.09073537222696,509.0054626464844,2920800
2025-01-07,510.7454894395487,513.3803750408678,508.1603364088289,508.478515625,2211800
2025-01-08,509.1148127161633,514.4939406287743,508.60774686095647,513.449951171875,2456700
2025-01-10,509.9449209652828,511.5779701495623,501.22211668078194,502.5265808105469,2815500
2025-01-13,498.872106198826,504.0002265621997,497.7967066459864,502.7655029296875,2885500
2025-01-14,504.91633267973486,507.2264862542208,502.0684641345756,506.8580322265625,2704800
2025-01-15,513.3802970999888,521.5454825127662,511.548085139803,520.1314697265625,3024800
2025-01-16,521.3960326760513,524.8811671846328,518.5083254871432,520.9180908203125,3275600
2025-01-17,522.3520111103314,525.8869213292937,518.7971663874434,522.4714965820312,2374800
2025-01-21,525.4188742928941,527.729027987854,524.6720597233309,525.8171997070312,2706900
2025-01-22,525.7574425021103,528.0476616305522,523.4373216192647,524.94091796875,2037600
2025-01-23,526.80296422571,532.0804414851718,526.4345405814782,531.9509887695312,2196500
2025-01-24,530.7262447222923,533.7832129361533,529.889846452761,531.22412109375,2472900
2025-01-27,531.3138047476826,545.6625760894019,529.4019155816853,545.3140869140625,3074600
2025-01-28,544.2186927271108,549.207423789456,540.3551671480298,545.0352172851562,2727800
2025-01-29,544.6767125182909,548.2713650841561,544.1788361814368,546.4690551757812,2549000
2025-01-30,552.6427706753475,574.4895882210099,552.1747960600119,563.6060180664062,6005200
2025-01-31,561.4253646684997,563.1380303537843,552.2843610348863,553.0709838867188,4505100
2025-02-03,550.2928477159253,562.6003378660283,548.7295085105136,561.5548095703125,3195500
2025-02-04,568.455319528655,569.5705577166557,555.211820464204,556.7352905273438,2638900
2025-02-05,558.9657449342881,564.4623191990618,557.4223404290478,563.884765625,2404700
2025-02-06,563.7255049116309,567.3301249770107,562.1422313098233,564.7510986328125,1738400
2025-02-07,565.6472463720127,567.6287844159149,559.3939513506915,560.3598022460938,2008300
2025-02-10,562.8492248721747,564.8606648144847,558.6172758129854,563.0881958007812,2357700
2025-02-11,562.5902600508058,564.0241462469993,556.8447480157386,562.301513671875,1847800
2025-02-12,559.6230605588905,562.3514136028192,557.0639684796625,562.2020263671875,1722200
2025-02-13,563.1977787645687,564.9802152345445,559.0853146968728,563.90478515625,1709500
2025-02-14,563.6060190521214,566.8222809595072,561.7339990356569,562.361328125,1927400
2025-02-18,562.5007425503723,566.2148807919957,559.135093454538,566.1949462890625,2064100
2025-02-19,565.0797291978369,568.2761174658987,564.2433309063329,566.08544921875,2459100
2025-02-20,565.7369452739207,566.0854344236183,556.6655915950377,560.8876342773438,2181900
2025-02-21,559.045423356651,562.4011050472905,554.216047138634,555.14208984375,2256100
2025-02-24,556.0581461171718,559.0753058249228,554.4250971818067,556.625732421875,1752500
2025-02-25,560.0511868136214,563.6358724523609,550.3425973681157,561.6344604492188,3609500
2025-02-26,560.200509187395,564.2731034847104,557.2231577169997,558.8861083984375,2028000
2025-02-27,563.167896113429,572.2591236799066,561.6045569861544,562.4210815429688,2436500
2025-02-28,564.8905019832165,573.9817291158413,561.6045301851897,573.8622436523438,3205400
2025-03-03,574.877947556803,579.7570995270543,567.5790629406755,572.4781494140625,3092600
2025-03-04,568.0371121538973,570.7654648519218,549.665462520948,552.7124633789062,3318100
2025-03-05,550.2330347614014,558.6072880866442,548.978376656282,555.9287109375,2795400
2025-03-06,546.1704012798933,553.3198989661615,542.3765856090591,547.4848022460938,3133200
2025-03-07,544.7464675778978,548.0424067695831,534.00231721881,544.44775390625,3161300
2025-03-10,535.8643385330191,546.2300973738079,529.7603696345525,534.8386840820312,3893400
2025-03-11,534.9183155170967,535.7646809272396,520.0318018070725,523.5667114257812,4582600
2025-03-12,528.2567452915271,530.4474132651651,517.0545280380671,522.4116821289062,2810800
2025-03-13,522.2723409176701,526.2852538535057,515.5112013197286,517.6221923828125,2375800
2025-03-14,520.3804145958255,526.1657362176873,518.7374588604746,525.3990478515625,2369500
2025-03-17,521.0275998827002,531.2141305477354,519.2650981567323,529.73046875,2544800
2025-03-18,530.0790641843388,530.3280023805305,523.2780556471198,527.9381713867188,2363300
2025-03-19,529.3123490624173,535.336641641705,527.3308106177062,533.8131713867188,2804300
2025-03-20,531.3335851251732,538.1943354104393,530.2880570069173,534.101806640625,2598600
2025-03-21,533.1658567335147,535.764756833774,528.5057411405216,533.414794921875,5973400
2025-03-24,537.0591809942919,543.1432760287329,535.9539101111734,541.36083984375,2758700
2025-03-25,543.6312270275845,544.8559834640638,539.6979915025928,542.8445434570312,2138200
2025-03-26,544.816119716933,548.6896121131444,542.8046799148648,546.7379150390625,2681600
2025-03-27,546.7379452655332,559.4437595110134,545.4733198813375,555.2018432617188,2901200
2025-03-28,551.8760520116449,556.2175803866614,537.7961536829304,538.3139038085938,2656400
2025-03-31,529.8996971683828,549.0878699535331,528.7645853506067,545.7919311523438,4741800
2025-04-01,544.4775997791345,548.8091607726969,541.6895041921541,546.1803588867188,2714900
2025-04-02,540.5542931189182,547.1960073495139,539.3494712552322,545.0551147460938,2994600
2025-04-03,526.1756117633587,537.6964775118488,524.7616599814254,528.2965698242188,3443500
2025-04-04,517.4130129835785,518.6676711094148,486.2160942710199,487.6897888183594,6125100
2025-04-07,476.4676819896315,500.0670338797258,463.6125105803046,483.4578552246094,6009400
2025-04-08,498.8721065388513,503.422703705979,469.65672574259247,477.8816528320313,3555400
2025-04-09,468.85577309089206,517.1266704795172,468.74608117061314,514.0548706054688,4698400
2025-04-10,505.4778202695026,507.2730363304424,482.83839961851805,498.0078125,4105300
2025-04-11,496.9307089144982,514.533584205093,494.5869723591148,508.3900451660156,3736200
2025-04-14,514.493710180395,522.0235554285932,507.1433774071315,511.09283447265625,3005500
2025-04-15,512.0303324833867,519.8992366122822,512.0103663619324,515.9996948242188,2210700
2025-04-16,514.6731857322981,520.3280413401787,508.5096810457664,512.0601806640625,2501000
2025-04-17,509.58684547368114,522.5820510015774,507.7716937583861,515.9498291015625,3329800
2025-04-21,515.6207156783007,516.2690059173476,502.1966336142945,507.9612121582031,3345600
2025-04-22,514.2443758577217,527.389205716048,511.3820375819972,525.9231567382812,2384000
2025-04-23,536.3053042078279,542.488774831493,526.2123091573028,528.595947265625,3051800
2025-04-24,527.279536016253,534.609902958672,523.8686771126926,534.031494140625,2209100
2025-04-25,534.0314605832426,535.4875264702443,528.4663305001588,532.0567016601562,2006100
2025-04-28,534.599956275483,536.3253213341615,529.0846805283585,533.0640258789062,1735400
2025-04-29,532.9144540844321,539.0380268348796,531.9868816759973,538.2401733398438,2041500
2025-04-30,537.0932959036822,547.6051545364303,528.1372120712131,546.5978393554688,3783500
2025-05-01,548.5326350443156,551.3551018288837,538.2900152708008,545.171630859375,2839900
2025-05-02,554.147665432537,560.8796574214479,553.509358249416,557.8976440429688,2632600
2025-05-05,556.3218190074696,563.043827655022,554.3670261678016,559.6229858398438,2130900
2025-05-06,554.9953439322139,564.2306488579359,554.6163528668843,557.4986572265625,2341700
2025-05-07,557.7779297733185,565.7166541421244,556.9999815351166,564.819091796875,2493700
2025-05-08,567.9307955439987,572.3389865294143,565.487319642683,565.6069946289062,2004300
2025-05-09,565.9360972024965,568.0604193885384,563.0936642700296,567.1229248046875,1528000
2025-05-12,578.452598883557,579.2404693024845,564.9187954291377,576.7272338867188,3000300
2025-05-13,576.457969327557,581.30498885476,574.263826473991,575.0517578125,2370200
2025-05-14,576.7272265278672,577.0962345181783,570.7532172620913,571.7505493164062,2237500
2025-05-15,572.5983118005049,581.4845144677698,572.1196118479401,580.6467895507812,2034200
2025-05-16,578.8814440402759,582.7311312075187,578.8814440402759,581.723876953125,2225900
2025-05-19,579.4699459873623,586.8801165663295,578.9313476674105,584.8455200195312,1875500
2025-05-20,579.6892893880539,582.4319526125412,575.3109869403339,579.5596313476562,1964300
2025-05-21,574.9220898393064,577.455291483766,565.5870150300763,568.0205078125,2505300
2025-05-22,567.1428645679504,571.6308591711983,565.4174994551782,568.6189575195312,1869900
2025-05-23,562.9839614009097,566.0357950511379,561.0092634132086,562.076416015625,1948800
2025-05-27,565.3077931578009,573.0271339395646,564.9786565176801,573.0171508789062,2655200
2025-05-28,573.0470929661066,577.2957374361368,571.4114537187327,574.3834838867188,1702900
2025-05-29,574.3436310326946,577.0364399541199,571.4114721399999,576.2385864257812,1347800
2025-05-30,575.2412430575192,584.0376586914062,574.9719439089419,584.0376586914062,4581100
2025-06-02,578.9513226174739,580.2678083818515,573.2466118441623,579.6693725585938,2089100
2025-06-03,578.3229852457843,580.9759228362899,571.9101468670458,580.4173583984375,2116900
2025-06-04,582.6114656075474,585.2843082840507,580.6666558721492,582.5715942382812,1530200
2025-06-05,584.7457868587043,585.1247779302118,581.0756119993391,583.8781127929688,1480000
2025-06-06,586.3415282908596,589.5828578378868,584.4765220058947,588.545654296875,1528600
2025-06-09,587.1693262063455,588.425974467662,578.4526528665151,582.7711181640625,1936000
2025-06-10,583.0901946953477,588.2962386643693,581.604118840433,587.9671020507812,2133700
2025-06-11,588.7450780023062,593.1233804222784,586.0323031038542,589.1639404296875,2238100
2025-06-12,587.8574490329389,589.0941310902879,583.0004466035301,587.7078857421875,1984000
2025-06-13,571.3316412207097,573.7052964428947,551.0359577245412,560.5305786132812,5905400
2025-06-16,562.3955387526199,573.4658995958931,561.1388906939351,567.1527709960938,3108200
2025-06-17,563.2133638267828,569.765843139375,562.4953139213422,567.9307861328125,2246600
2025-06-18,569.3569126000066,569.5563911799246,532.7348489048983,537.2926635742188,6966800
2025-06-20,535.4975529975594,536.9038254412028,525.9231885455255,531.548095703125,8202800
2025-06-23,530.0021830912021,541.6809633575494,526.1624790322381,540.9030151367188,3681100
2025-06-24,555.693499775894,562.6149870794812,551.0160097280074,556.0426025390625,4503200
2025-06-25,554.516639435683,556.9900035281244,547.1563237762655,548.2334594726562,2889200
2025-06-26,544.0745994716534,547.4455259035502,540.6238085566924,544.3538208007812,3764100
2025-06-27,545.3112898725781,555.2147902859655,544.0945130612636,548.851806640625,3837500
2025-06-30,551.0259785539532,561.1289574739678,550.4276036501528,560.4407958984375,5054600
2025-07-01,557.8277730315468,564.7991143654774,555.5538267244818,563.1036376953125,3827000
2025-07-02,561.4381672758963,564.4800181823372,555.9029859752704,560.02197265625,2502300
2025-07-03,559.2839228894738,568.1401759132888,559.2439906472864,567.7213134765625,1528700
2025-07-07,569.1474856013057,569.2272892125933,558.8550111487097,563.6123046875,2478300
2025-07-08,563.0737583688718,565.1082938821321,558.924822860007,560.939453125,3083800
2025-07-09,561.2590441357063,564.6745180487219,558.5126698094194,564.3649291992188,2454300
2025-07-10,564.904235121903,565.3136677315309,560.2703381665459,562.7770385742188,2577200
2025-07-11,559.0818942991236,560.0805758163694,545.1302818067645,549.45458984375,3221400
2025-07-14,549.7741965282959,558.3329047770043,547.0677475680941,552.2908935546875,2500900
2025-07-15,552.3807125172377,554.1284051507213,547.9266320166129,549.6343383789062,2449100
2025-07-16,551.6916482589371,554.78759765625,548.7755151818793,554.78759765625,2424200
2025-07-17,552.2509040531864,556.645127255376,549.7841898827578,554.87744140625,2722000
2025-07-18,554.5279441312841,555.6164729193854,550.1537139323973,551.9313354492188,2579600
2025-07-21,552.6704102332073,557.3442327086418,551.3121569601253,553.9187622070312,2194400
2025-07-22,555.0771926514734,559.4714158753877,554.507936850556,558.0233154296875,2010400
2025-07-23,556.275618658459,561.748374034566,553.7689182208865,561.3489379882812,2180400
2025-07-24,561.2590576821761,567.0913850304662,561.1592139043212,562.757080078125,1874700
2025-07-25,563.6159288776373,569.208582368087,563.1065915127454,567.4708251953125,1513300
2025-07-28,566.6219274036903,570.8963135545453,565.4734192773083,567.53076171875,2492400
2025-07-29,569.2784453238025,572.2445001237887,562.2576851129023,562.5772705078125,2393800
2025-07-30,559.5912258693162,564.8642325296975,554.4779814299907,558.372802734375,2833200
2025-07-31,567.8203512316901,578.6760143265051,561.768343742977,565.7230834960938,4568300
2025-08-01,563.1165921611927,564.1252703296101,555.366813194998,559.15185546875,3316700
2025-08-04,563.5459743113621,569.1685561586487,561.7583563300155,569.0587158203125,2984700
2025-08-05,568.8490051683766,571.0761065471579,561.3888830032757,565.293701171875,2883200
2025-08-06,568.2398086249526,569.6079974798868,563.2264077098399,568.379638671875,2245200
2025-08-07,572.2145499523851,573.1433774526861,553.1297597772177,560.4800415039062,2979600
2025-08-08,563.006733692475,575.4003451254042,561.9481336690853,573.5628051757812,2907700
2025-08-11,574.2419154944205,575.8298460460239,568.689248280175,572.8338012695312,2116600
2025-08-12,574.4216551977353,577.5575299407174,569.7079074695487,573.4229736328125,2593800
2025-08-13,576.5688057555608,579.5049317950567,573.2831046192911,577.1380615234375,2352900
2025-08-14,576.7086104302435,583.6295272719893,574.7412370179011,582.9903564453125,2642300
2025-08-15,584.2286812136059,588.7826664443658,580.3437955247884,580.9330444335938,2263800
2025-08-18,581.2526729726462,584.7180687986396,579.9244094033044,583.369873046875,1812000
2025-08-19,583.6394508446854,589.7913632538327,583.4496989142643,584.738037109375,2334500
2025-08-20,585.1374661331635,593.0969895925608,585.1374661331635,591.8985595703125,2884600
2025-08-21,588.2633795578776,591.4292440733246,583.1601312818125,591.1395874023438,2349200
2025-08-22,594.5151403546583,600.9766419603347,592.2980964755803,598.1703491210938,2388900
2025-08-25,597.0318248999013,598.2501871599253,592.078342357333,592.4279174804688,1984300
2025-08-26,592.2980495771651,595.2141825316535,585.5169630839706,590.8299560546875,4774600
2025-08-27,590.4305492097124,593.8360265218156,589.0423672070661,589.8812255859375,1480900
2025-08-28,590.0410556064296,592.7475046190563,588.9424693008381,589.7014770507812,2159800
2025-08-29,591.2194865475861,596.0431355743995,589.4817903770371,594.505126953125,2111200
2025-09-02,594.8347165617148,594.8347165617148,585.2274046585416,591.0896606445312,2284500
2025-09-03,591.0497023362843,593.2168241720934,588.1834912440161,592.497802734375,1959400
2025-09-04,592.2481311544936,595.104345673007,588.5130110671886,594.8546752929688,1653700
2025-09-05,594.684874490866,597.7908204430402,578.2666082930443,583.44970703125,2432100
2025-09-08,581.8518658793352,589.0123958466568,579.9344142846536,585.8265991210938,1948200
2025-09-09,582.7706260343771,590.4005679187926,582.5309522084267,583.2300415039062,2266000
2025-09-10,581.3624629756737,581.3624629756737,570.2471330711351,578.6160888671875,2535200
2025-09-11,580.1141702416052,589.1921518127542,579.2453221296388,587.9537963867188,2407000
2025-09-12,585.6667931808989,588.4331604975245,579.2352817522215,579.6447143554688,2242800
2025-09-15,581.9616680490822,585.7267169199486,580.7333092735721,582.19140625,2222600
2025-09-16,577.2479049359341,587.3345637279689,576.0694680777028,585.6467895507812,2537000
2025-09-17,586.9351734880356,598.1004262409655,586.6655099558614,597.8407592773438,2930800
2025-09-18,595.294087449424,600.8267610330452,585.1075239266236,585.2772827148438,3294600
2025-09-19,587.8439120353149,588.0935824155737,580.743301049879,583.3897705078125,6745300
2025-09-22,580.2039818445973,586.57557491113,579.3751200583281,583.7193603515625,3241700
2025-09-23,584.6781380302148,586.0862522254974,567.5008028152182,569.218505859375,3223000
2025-09-24,570.5268337559287,570.9062766723478,564.205162381674,568.06005859375,2867200
2025-09-25,564.2550466973288,571.6353176009536,563.8256209675014,566.552001953125,2700600
2025-09-26,565.8729133952914,568.9088832477759,563.3162911630197,564.3848876953125,2106500
2025-09-29,565.2537371060093,568.5693670481188,561.7683483737762,567.3909301757812,2615600
2025-09-30,565.0640138985165,569.8776663567539,562.9068885380098,568.06005859375,2379200
2025-10-01,564.934189000415,574.7112597273609,564.2650894089608,573.0135498046875,3685100
2025-10-02,571.9748758631848,579.0755481487469,570.0174989977277,576.56884765625,2483500
2025-10-03,575.6699732229577,582.450998705412,575.6699732229577,579.6846923828125,2331600
2025-10-06,578.466304190569,580.3738201169845,568.5094782319787,578.046875,2573500
2025-10-07,578.2266455968416,585.3073249090517,578.1467340021144,579.0755615234375,2120700
2025-10-08,580.5535634954622,582.3012562005413,575.3204819484321,575.6799926757812,1934700
2025-10-09,577.239990234375,579.4000244140625,562.510009765625,564.5499877929688,2579800
2025-10-10,567.5800170898438,569.4199829101562,556.6900024414062,557.47998046875,3553900
2025-10-13,558.0,565.0,553.010009765625,559.239990234375,2996500
2025-10-14,556.0,569.8099975585938,556.0,567.9199829101562,2627300
2025-10-15,564.2999877929688,568.6900024414062,559.4000244140625,562.8099975585938,2262400
2025-10-16,562.7999877929688,564.6500244140625,547.3900146484375,549.8800048828125,3210600
2025-10-17,552.489990234375,562.7999877929688,552.010009765625,560.969970703125,2756700
2025-10-20,561.7000122070312,567.4199829101562,553.7899780273438,566.3599853515625,2046400
2025-10-21,562.1599731445312,575.97998046875,560.77001953125,572.030029296875,2722400
2025-10-22,571.0499877929688,576.4299926757812,568.5800170898438,571.3599853515625,1820500
2025-10-23,574.3599853515625,576.989990234375,571.6699829101562,573.77001953125,2187500
2025-10-24,577.239990234375,580.8200073242188,573.0800170898438,573.6699829101562,1839600
2025-10-27,575.719970703125,575.719970703125,566.47998046875,572.3599853515625,2981000
2025-10-28,573.0800170898438,573.989990234375,565.4500122070312,565.9299926757812,2916000
2025-10-29,561.6300048828125,566.8099975585938,551.22998046875,554.5800170898438,3763400
2025-10-30,551.5599975585938,562.9199829101562,545.6400146484375,553.6799926757812,4284700
2025-10-31,548.8900146484375,554.4299926757812,543.530029296875,551.989990234375,3567100
2025-11-03,550.0,551.0,540.3599853515625,544.0700073242188,3175500
2025-11-04,544.8300170898438,554.030029296875,542.47998046875,552.75,2653900
2025-11-05,553.0,556.3300170898438,549.3699951171875,553.3099975585938,2198500
2025-11-06,550.1799926757812,555.0,547.8599853515625,553.280029296875,2593600
2025-11-07,553.7999877929688,558.6699829101562,550.6699829101562,551.969970703125,2510400
2025-11-10,552.280029296875,554.7000122070312,548.5800170898438,552.9600219726562,1978300
2025-11-11,553.0,558.530029296875,548.010009765625,558.3499755859375,1832400
2025-11-12,560.0,565.9099731445312,558.4099731445312,561.22998046875,1761500
2025-11-13,559.8800048828125,563.5999755859375,554.8599853515625,555.5700073242188,2031300
2025-11-14,556.0399780273438,557.0,544.0499877929688,545.72998046875,2567800
2025-11-17,546.0,549.3200073242188,536.2100219726562,536.8499755859375,2557900
2025-11-18,533.5599975585938,536.0,524.7000122070312,527.5800170898438,3594700
2025-11-19,528.1500244140625,531.0,524.97998046875,530.3599853515625,2723100
2025-11-20,533.2899780273438,538.4600219726562,527.1799926757812,527.8800048828125,3240300
2025-11-21,532.5399780273438,544.4099731445312,531.6699829101562,540.4000244140625,3807500
2025-11-24,543.4400024414062,544.0399780273438,535.1099853515625,537.8499755859375,5941000
2025-11-25,541.5,550.4000244140625,539.0,546.469970703125,3132600
2025-11-26,548.47998046875,548.6699829101562,544.1699829101562,544.9299926757812,2184700
2025-11-28,549.704345703125,550.57303600376,544.6019633515002,547.3079208398187,1254800
2025-12-01,543.1541137695312,548.9554583223533,542.5750275444187,546.8186533102614,2227000
2025-12-02,545.0911865234375,553.9179546071757,540.2284957000767,546.4591877881571,3076000
2025-12-03,552.8994750976562,554.2374921296729,545.6803384297189,546.4991158756376,2687900
2025-12-04,541.4966430664062,558.1616139049996,538.7507675060507,556.1945977565169,2878800
2025-12-05,544.7018432617188,549.6144471333073,540.4382279475933,540.8975599747884,2126700
2025-12-08,539.6294555664062,546.5091366351369,536.5840421166823,545.9000051902991,2453800
2025-12-09,536.7437744140625,541.0872868833521,535.1162142001627,537.9020687833195,1965300
2025-12-10,538.0517578125,544.1326503333512,536.6938122813801,537.2829541649335,3023400
2025-12-11,562.5250244140625,564.2823944283659,541.8361305669389,541.9559457094039,3659900
2025-12-12,571.0722045898438,572.8495641754901,565.0412854005702,565.1511057946635,3515400
2025-12-15,568.2764282226562,572.4401570255701,566.3093511223261,572.0208040024462,2714000
2025-12-16,565.1710815429688,570.1435928508147,561.6363519634136,569.8440549907541,2748700
2025-12-17,564.6218872070312,570.9024925620047,562.7147786119647,564.6718609726643,3287100
2025-12-18,565.3607788085938,568.2763821150174,562.1954895268263,564.1525717153087,2259000
2025-12-19,571.3717041015625,572.0806611263829,564.3522799494274,565.3707086300578,7262100
2025-12-22,574.8365478515625,578.5809234095539,570.1435849634908,571.3717206445559,2500200
2025-12-23,575.4855346679688,580.8474755755523,574.8864589579196,575.0262636048019,1794700
2025-12-24,578.5809326171875,581.4166389564779,576.1345950249791,576.3842200661512,1058900
2025-12-26,578.7306518554688,580.3282886320785,577.8120487986754,578.8804512526424,972300
2025-12-29,577.0332641601562,581.1170956671565,576.5439478913947,578.7306656693784,1274900
2025-12-30,576.553955078125,576.9134614589539,573.3887265815819,575.2159989695106,1512800
2025-12-31,570.0238037109375,577.1131308114403,569.7641839058368,575.695277580063,1736500
2026-01-02,562.285400390625,570.0237766363273,558.6508451790796,569.8540486732139,3901900
2026-01-05,567.7172241210938,575.395692530051,557.6124077184717,558.7806358020264,2865000
2026-01-06,579.4696044921875,580.4980279571199,567.0881782413669,568.1465859637657,4056100
2026-01-07,579.0501708984375,584.4021778437368,576.7536328176154,578.4011823884283,3653900
2026-01-08,579.2000122070312,588.7855896482976,572.6398586491163,576.643854159786,3390200
2026-01-09,575.5399780273438,581.3099975585938,575.3400268554688,578.1099853515625,2221100
2026-01-12,566.280029296875,567.8800048828125,555.8900146484375,564.030029296875,3486400
2026-01-13,544.989990234375,558.9500122070312,533.7000122070312,558.9500122070312,8721600
2026-01-14,546.8200073242188,548.5900268554688,538.1500244140625,544.5,3943700
2026-01-15,542.6500244140625,549.8800048828125,539.0,548.52001953125,4005600
2026-01-16,539.489990234375,544.030029296875,538.6799926757812,540.239990234375,3496200
2026-01-20,531.739990234375,536.4099731445312,528.510009765625,530.5999755859375,4098700
2026-01-21,527.5700073242188,537.4000244140625,524.77001953125,533.52001953125,4937700
2026-01-22,532.8599853515625,533.1900024414062,523.8099975585938,529.9199829101562,5114900
2026-01-23,524.739990234375,532.1400146484375,520.1599731445312,531.4099731445312,5002900
2026-01-26,527.3599853515625,530.3900146484375,522.6500244140625,526.7100219726562,4839700
2026-01-27,520.4099731445312,529.1099853515625,519.5499877929688,527.6500244140625,3850800
2026-01-28,521.3699951171875,523.8300170898438,518.27001953125,521.9600219726562,5483000
2026-01-29,543.72998046875,544.239990234375,520.1099853515625,531.7899780273438,5488300
2026-01-30,538.7899780273438,543.760009765625,535.22998046875,541.010009765625,4306900
2026-02-02,555.3699951171875,557.1199951171875,540.9500122070312,540.989990234375,4603300
2026-02-03,550.719970703125,560.1099853515625,549.030029296875,554.3300170898438,5706700
2026-02-04,553.52001953125,556.5999755859375,541.010009765625,549.72998046875,4448000
2026-02-05,551.8900146484375,561.9199829101562,549.9500122070312,554.8499755859375,4621600
2026-02-06,548.739990234375,556.7899780273438,539.7999877929688,553.0700073242188,3779700
2026-02-09,535.3300170898438,546.5599975585938,534.2000122070312,543.7100219726562,4110300
2026-02-10,540.3900146484375,547.0,535.0,536.27001953125,2222700
2026-02-11,537.4600219726562,540.7000122070312,533.1099853515625,538.1500244140625,3691000
2026-02-12,527.4600219726562,543.0,527.1500244140625,539.9299926757812,3466200
2026-02-13,518.3599853515625,533.989990234375,516.02001953125,529.0599975585938,4017700
2026-02-17,521.9299926757812,525.8599853515625,515.0,515.0,3178000
2026-02-18,527.97998046875,530.760009765625,519.4000244140625,522.489990234375,3575900
2026-02-19,520.260009765625,526.530029296875,516.0499877929688,524.8099975585938,3009400
2026-02-20,526.4099731445312,527.5,518.5900268554688,520.25,2838500
2026-02-23,496.0299987792969,522.719970703125,490.0,520.469970703125,6312300
2026-02-24,498.0,499.25,491.260009765625,493.739990234375,5292900
2026-02-25,509.3900146484375,510.5400085449219,502.4200134277344,502.82000732421875,4139100
2026-02-26,514.77001953125,519.9000244140625,509.010009765625,510.95001220703125,4843600
2026-02-27,517.2100219726562,518.760009765625,506.75,509.4700012207031,5121100
2026-03-02,521.0,526.1599731445312,507.3399963378906,509.4800109863281,3827000
2026-03-03,524.3200073242188,526.7999877929688,513.0,513.6099853515625,4199700
2026-03-04,522.9199829101562,526.1599731445312,520.280029296875,524.1599731445312,3154700
2026-03-05,524.6599731445312,525.3200073242188,512.75,521.0999755859375,3879300
2026-03-06,522.3400268554688,522.5499877929688,512.2000122070312,519.6400146484375,2872900
2026-03-09,517.719970703125,520.8900146484375,509.1099853515625,516.27001953125,3546600
2026-03-10,514.719970703125,519.3300170898438,511.0,516.9500122070312,2759800
2026-03-11,504.0,515.3099975585938,502.7200012207031,513.0800170898438,2873200
2026-03-12,497.30999755859375,505.6199951171875,496.2900085449219,500.0,2702500
2026-03-13,497.989990234375,501.8599853515625,495.3999938964844,496.55999755859375,2809300
2026-03-16,508.5,508.5799865722656,498.6199951171875,498.6199951171875,3450300
2026-03-17,506.5799865722656,516.9600219726562,506.5,510.54998779296875,2834300
2026-03-18,488.4700012207031,503.75,487.9200134277344,503.75,3458700
2026-03-19,491.1400146484375,497.0799865722656,487.30999755859375,490.5199890136719,3284500
2026-03-20,496.32000732421875,499.2149963378906,491.0050048828125,492.4700012207031,5756518
